timestamp,symbol,order_id,side,price,size,order_type,action,session_id,cbdr_window,metadata,additional_data,data_type
2025-11-14 03:51:45.599000-05:00,MNQZ5.CME@RITHMIC,6868911221102,SELL,24957.0,20,LIMIT,UPDATE,MNQZ5.CME@RITHMIC_20251113_230640_bedbcb11,NONE,,"{'size': 20, 'price': 99828, 'orderId': '6868911221102', 'event_type': 'REPLACE'}",MBO
2025-11-14 03:51:26.255000-05:00,MNQZ5.CME@RITHMIC,6868911221098,BUY,24899.75,20,LIMIT,UPDATE,MNQZ5.CME@RITHMIC_20251113_230640_bedbcb11,NONE,,"{'size': 20, 'price': 99599, 'orderId': '6868911221098', 'event_type': 'REPLACE'}",MBO
2025-11-14 03:51:23.393000-05:00,MNQZ5.CME@RITHMIC,76315019375100,SELL,24936.0,20,DEPTH,DEPTH,MNQZ5.CME@RITHMIC_20251113_230640_bedbcb11,NONE,,"{'size': 20, 'isBid': False, 'price': 99744, 'data_type': 'DEPTH'}",DEPTH
2025-11-14 03:51:23.304000-05:00,MNQZ5.CME@RITHMIC,76314930595800,SELL,24957.0,25,DEPTH,DEPTH,MNQZ5.CME@RITHMIC_20251113_230640_bedbcb11,NONE,,"{'size': 25, 'isBid': False, 'price': 99828, 'data_type': 'DEPTH'}",DEPTH
2025-11-14 03:51:23.280000-05:00,MNQZ5.CME@RITHMIC,76314906555000,SELL,25000.0,26,DEPTH,DEPTH,MNQZ5.CME@RITHMIC_20251113_230640_bedbcb11,NONE,,"{'size': 26, 'isBid': False, 'price': 100000, 'data_type': 'DEPTH'}",DEPTH
2025-11-14 03:51:23.052000-05:00,MNQZ5.CME@RITHMIC,76314678266700,BUY,24900.0,65,DEPTH,DEPTH,MNQZ5.CME@RITHMIC_20251113_230640_bedbcb11,NONE,,"{'size': 65, 'isBid': True, 'price': 99600, 'data_type': 'DEPTH'}",DEPTH
2025-11-14 03:51:23.050000-05:00,MNQZ5.CME@RITHMIC,76314676570700,BUY,24899.75,25,DEPTH,DEPTH,MNQZ5.CME@RITHMIC_20251113_230640_bedbcb11,NONE,,"{'size': 25, 'isBid': True, 'price': 99599, 'data_type': 'DEPTH'}",DEPTH
2025-11-14 03:51:23.024000-05:00,MNQZ5.CME@RITHMIC,76314650349500,BUY,24860.0,24,DEPTH,DEPTH,MNQZ5.CME@RITHMIC_20251113_230640_bedbcb11,NONE,,"{'size': 24, 'isBid': True, 'price': 99440, 'data_type': 'DEPTH'}",DEPTH
2025-11-14 03:51:22.993000-05:00,MNQZ5.CME@RITHMIC,76314619651800,BUY,24850.0,73,DEPTH,DEPTH,MNQZ5.CME@RITHMIC_20251113_230640_bedbcb11,NONE,,"{'size': 73, 'isBid': True, 'price': 99400, 'data_type': 'DEPTH'}",DEPTH
2025-11-14 03:51:22.975000-05:00,MNQZ5.CME@RITHMIC,76314601760100,BUY,24828.0,26,DEPTH,DEPTH,MNQZ5.CME@RITHMIC_20251113_230640_bedbcb11,NONE,,"{'size': 26, 'isBid': True, 'price': 99312, 'data_type': 'DEPTH'}",DEPTH
2025-11-14 03:51:22.974000-05:00,MNQZ5.CME@RITHMIC,76314599992000,BUY,24700.0,109,DEPTH,DEPTH,MNQZ5.CME@RITHMIC_20251113_230640_bedbcb11,NONE,,"{'size': 109, 'isBid': True, 'price': 98800, 'data_type': 'DEPTH'}",DEPTH
2025-11-14 03:51:18.056000-05:00,MNQZ5.CME@RITHMIC,6868911221102,SELL,24956.75,20,LIMIT,UPDATE,MNQZ5.CME@RITHMIC_20251113_230640_bedbcb11,NONE,,"{'size': 20, 'price': 99827, 'orderId': '6868911221102', 'event_type': 'REPLACE'}",MBO
2025-11-14 03:51:05.429000-05:00,MNQZ5.CME@RITHMIC,6868911221098,BUY,24897.5,20,LIMIT,UPDATE,MNQZ5.CME@RITHMIC_20251113_230640_bedbcb11,NONE,,"{'size': 20, 'price': 99590, 'orderId': '6868911221098', 'event_type': 'REPLACE'}",MBO
2025-11-14 03:51:01.785000-05:00,MNQZ5.CME@RITHMIC,76293411289500,SELL,24936.0,21,DEPTH,DEPTH,MNQZ5.CME@RITHMIC_20251113_230640_bedbcb11,NONE,,"{'size': 21, 'isBid': False, 'price': 99744, 'data_type': 'DEPTH'}",DEPTH
2025-11-14 03:51:01.736000-05:00,MNQZ5.CME@RITHMIC,76293362334700,SELL,24950.0,23,DEPTH,DEPTH,MNQZ5.CME@RITHMIC_20251113_230640_bedbcb11,NONE,,"{'size': 23, 'isBid': False, 'price': 99800, 'data_type': 'DEPTH'}",DEPTH
2025-11-14 03:51:01.729000-05:00,MNQZ5.CME@RITHMIC,76293355265300,SELL,24956.75,22,DEPTH,DEPTH,MNQZ5.CME@RITHMIC_20251113_230640_bedbcb11,NONE,,"{'size': 22, 'isBid': False, 'price': 99827, 'data_type': 'DEPTH'}",DEPTH
2025-11-14 03:51:01.713000-05:00,MNQZ5.CME@RITHMIC,76293339455100,SELL,24980.0,28,DEPTH,DEPTH,MNQZ5.CME@RITHMIC_20251113_230640_bedbcb11,NONE,,"{'size': 28, 'isBid': False, 'price': 99920, 'data_type': 'DEPTH'}",DEPTH
2025-11-14 03:51:01.693000-05:00,MNQZ5.CME@RITHMIC,76293319697700,SELL,25000.0,26,DEPTH,DEPTH,MNQZ5.CME@RITHMIC_20251113_230640_bedbcb11,NONE,,"{'size': 26, 'isBid': False, 'price': 100000, 'data_type': 'DEPTH'}",DEPTH
2025-11-14 03:51:01.643000-05:00,MNQZ5.CME@RITHMIC,76293268961300,SELL,25050.0,57,DEPTH,DEPTH,MNQZ5.CME@RITHMIC_20251113_230640_bedbcb11,NONE,,"{'size': 57, 'isBid': False, 'price': 100200, 'data_type': 'DEPTH'}",DEPTH
2025-11-14 03:51:01.632000-05:00,MNQZ5.CME@RITHMIC,76293258393500,SELL,25550.0,40,DEPTH,DEPTH,MNQZ5.CME@RITHMIC_20251113_230640_bedbcb11,NONE,,"{'size': 40, 'isBid': False, 'price': 102200, 'data_type': 'DEPTH'}",DEPTH
2025-11-14 03:51:01.503000-05:00,MNQZ5.CME@RITHMIC,76293128863200,BUY,24910.0,23,DEPTH,DEPTH,MNQZ5.CME@RITHMIC_20251113_230640_bedbcb11,NONE,,"{'size': 23, 'isBid': True, 'price': 99640, 'data_type': 'DEPTH'}",DEPTH
2025-11-14 03:51:01.458000-05:00,MNQZ5.CME@RITHMIC,76293084533800,BUY,24900.0,64,DEPTH,DEPTH,MNQZ5.CME@RITHMIC_20251113_230640_bedbcb11,NONE,,"{'size': 64, 'isBid': True, 'price': 99600, 'data_type': 'DEPTH'}",DEPTH
2025-11-14 03:51:01.446000-05:00,MNQZ5.CME@RITHMIC,76293071622000,BUY,24897.5,26,DEPTH,DEPTH,MNQZ5.CME@RITHMIC_20251113_230640_bedbcb11,NONE,,"{'size': 26, 'isBid': True, 'price': 99590, 'data_type': 'DEPTH'}",DEPTH
2025-11-14 03:51:01.398000-05:00,MNQZ5.CME@RITHMIC,76293024408600,BUY,24850.0,73,DEPTH,DEPTH,MNQZ5.CME@RITHMIC_20251113_230640_bedbcb11,NONE,,"{'size': 73, 'isBid': True, 'price': 99400, 'data_type': 'DEPTH'}",DEPTH
2025-11-14 03:51:01.372000-05:00,MNQZ5.CME@RITHMIC,76292998037100,BUY,24760.0,28,DEPTH,DEPTH,MNQZ5.CME@RITHMIC_20251113_230640_bedbcb11,NONE,,"{'size': 28, 'isBid': True, 'price': 99040, 'data_type': 'DEPTH'}",DEPTH
2025-11-14 03:50:56.776000-05:00,MNQZ5.CME@RITHMIC,6868911221102,SELL,24959.0,20,LIMIT,UPDATE,MNQZ5.CME@RITHMIC_20251113_230640_bedbcb11,NONE,,"{'size': 20, 'price': 99836, 'orderId': '6868911221102', 'event_type': 'REPLACE'}",MBO
2025-11-14 03:50:43.781000-05:00,MNQZ5.CME@RITHMIC,6868911221098,BUY,24902.25,20,LIMIT,UPDATE,MNQZ5.CME@RITHMIC_20251113_230640_bedbcb11,NONE,,"{'size': 20, 'price': 99609, 'orderId': '6868911221098', 'event_type': 'REPLACE'}",MBO
2025-11-14 03:50:38.880000-05:00,MNQZ5.CME@RITHMIC,76270506776500,SELL,24936.0,20,DEPTH,DEPTH,MNQZ5.CME@RITHMIC_20251113_230640_bedbcb11,NONE,,"{'size': 20, 'isBid': False, 'price': 99744, 'data_type': 'DEPTH'}",DEPTH
2025-11-14 03:50:38.805000-05:00,MNQZ5.CME@RITHMIC,76270431490500,SELL,24950.0,21,DEPTH,DEPTH,MNQZ5.CME@RITHMIC_20251113_230640_bedbcb11,NONE,,"{'size': 21, 'isBid': False, 'price': 99800, 'data_type': 'DEPTH'}",DEPTH
2025-11-14 03:50:38.771000-05:00,MNQZ5.CME@RITHMIC,76270397169900,SELL,24959.0,25,DEPTH,DEPTH,MNQZ5.CME@RITHMIC_20251113_230640_bedbcb11,NONE,,"{'size': 25, 'isBid': False, 'price': 99836, 'data_type': 'DEPTH'}",DEPTH
2025-11-14 03:50:38.676000-05:00,MNQZ5.CME@RITHMIC,76270302833400,SELL,25550.0,41,DEPTH,DEPTH,MNQZ5.CME@RITHMIC_20251113_230640_bedbcb11,NONE,,"{'size': 41, 'isBid': False, 'price': 102200, 'data_type': 'DEPTH'}",DEPTH
2025-11-14 03:50:38.468000-05:00,MNQZ5.CME@RITHMIC,76270094408900,BUY,24902.25,23,DEPTH,DEPTH,MNQZ5.CME@RITHMIC_20251113_230640_bedbcb11,NONE,,"{'size': 23, 'isBid': True, 'price': 99609, 'data_type': 'DEPTH'}",DEPTH
2025-11-14 03:50:38.453000-05:00,MNQZ5.CME@RITHMIC,76270078612000,BUY,24900.0,65,DEPTH,DEPTH,MNQZ5.CME@RITHMIC_20251113_230640_bedbcb11,NONE,,"{'size': 65, 'isBid': True, 'price': 99600, 'data_type': 'DEPTH'}",DEPTH
2025-11-14 03:50:38.429000-05:00,MNQZ5.CME@RITHMIC,76270055245500,BUY,24875.0,29,DEPTH,DEPTH,MNQZ5.CME@RITHMIC_20251113_230640_bedbcb11,NONE,,"{'size': 29, 'isBid': True, 'price': 99500, 'data_type': 'DEPTH'}",DEPTH
2025-11-14 03:50:38.426000-05:00,MNQZ5.CME@RITHMIC,76270052345400,BUY,24870.0,44,DEPTH,DEPTH,MNQZ5.CME@RITHMIC_20251113_230640_bedbcb11,NONE,,"{'size': 44, 'isBid': True, 'price': 99480, 'data_type': 'DEPTH'}",DEPTH
2025-11-14 03:50:38.425000-05:00,MNQZ5.CME@RITHMIC,76270050922500,BUY,24860.0,23,DEPTH,DEPTH,MNQZ5.CME@RITHMIC_20251113_230640_bedbcb11,NONE,,"{'size': 23, 'isBid': True, 'price': 99440, 'data_type': 'DEPTH'}",DEPTH
2025-11-14 03:50:38.376000-05:00,MNQZ5.CME@RITHMIC,76270002375800,BUY,24850.0,73,DEPTH,DEPTH,MNQZ5.CME@RITHMIC_20251113_230640_bedbcb11,NONE,,"{'size': 73, 'isBid': True, 'price': 99400, 'data_type': 'DEPTH'}",DEPTH
2025-11-14 03:50:38.373000-05:00,MNQZ5.CME@RITHMIC,76269999385000,BUY,24830.0,38,DEPTH,DEPTH,MNQZ5.CME@RITHMIC_20251113_230640_bedbcb11,NONE,,"{'size': 38, 'isBid': True, 'price': 99320, 'data_type': 'DEPTH'}",DEPTH
2025-11-14 03:50:38.370000-05:00,MNQZ5.CME@RITHMIC,76269996053400,BUY,24802.0,20,DEPTH,DEPTH,MNQZ5.CME@RITHMIC_20251113_230640_bedbcb11,NONE,,"{'size': 20, 'isBid': True, 'price': 99208, 'data_type': 'DEPTH'}",DEPTH
2025-11-14 03:50:38.368000-05:00,MNQZ5.CME@RITHMIC,76269994218100,BUY,24800.0,170,DEPTH,DEPTH,MNQZ5.CME@RITHMIC_20251113_230640_bedbcb11,NONE,,"{'size': 170, 'isBid': True, 'price': 99200, 'data_type': 'DEPTH'}",DEPTH
2025-11-14 03:50:32.901000-05:00,MNQZ5.CME@RITHMIC,6868911221102,SELL,24954.5,20,LIMIT,UPDATE,MNQZ5.CME@RITHMIC_20251113_230640_bedbcb11,NONE,,"{'size': 20, 'price': 99818, 'orderId': '6868911221102', 'event_type': 'REPLACE'}",MBO
2025-11-14 03:50:27.226000-05:00,MNQZ5.CME@RITHMIC,6868911221098,BUY,24895.75,20,LIMIT,UPDATE,MNQZ5.CME@RITHMIC_20251113_230640_bedbcb11,NONE,,"{'size': 20, 'price': 99583, 'orderId': '6868911221098', 'event_type': 'REPLACE'}",MBO
2025-11-14 03:50:19.889000-05:00,MNQZ5.CME@RITHMIC,76251515549100,SELL,24950.0,21,DEPTH,DEPTH,MNQZ5.CME@RITHMIC_20251113_230640_bedbcb11,NONE,,"{'size': 21, 'isBid': False, 'price': 99800, 'data_type': 'DEPTH'}",DEPTH
2025-11-14 03:50:19.881000-05:00,MNQZ5.CME@RITHMIC,76251507370700,SELL,24954.5,23,DEPTH,DEPTH,MNQZ5.CME@RITHMIC_20251113_230640_bedbcb11,NONE,,"{'size': 23, 'isBid': False, 'price': 99818, 'data_type': 'DEPTH'}",DEPTH
2025-11-14 03:50:19.836000-05:00,MNQZ5.CME@RITHMIC,76251462253200,SELL,25000.0,25,DEPTH,DEPTH,MNQZ5.CME@RITHMIC_20251113_230640_bedbcb11,NONE,,"{'size': 25, 'isBid': False, 'price': 100000, 'data_type': 'DEPTH'}",DEPTH
2025-11-14 03:50:19.658000-05:00,MNQZ5.CME@RITHMIC,76251284153500,BUY,24900.0,64,DEPTH,DEPTH,MNQZ5.CME@RITHMIC_20251113_230640_bedbcb11,NONE,,"{'size': 64, 'isBid': True, 'price': 99600, 'data_type': 'DEPTH'}",DEPTH
2025-11-14 03:50:19.629000-05:00,MNQZ5.CME@RITHMIC,76251255713100,BUY,24895.75,29,DEPTH,DEPTH,MNQZ5.CME@RITHMIC_20251113_230640_bedbcb11,NONE,,"{'size': 29, 'isBid': True, 'price': 99583, 'data_type': 'DEPTH'}",DEPTH
2025-11-14 03:50:19.612000-05:00,MNQZ5.CME@RITHMIC,76251239662800,BUY,24850.0,72,DEPTH,DEPTH,MNQZ5.CME@RITHMIC_20251113_230640_bedbcb11,NONE,,"{'size': 72, 'isBid': True, 'price': 99400, 'data_type': 'DEPTH'}",DEPTH
2025-11-14 03:50:19.564000-05:00,MNQZ5.CME@RITHMIC,76251190240800,BUY,24500.0,89,DEPTH,DEPTH,MNQZ5.CME@RITHMIC_20251113_230640_bedbcb11,NONE,,"{'size': 89, 'isBid': True, 'price': 98000, 'data_type': 'DEPTH'}",DEPTH
2025-11-14 03:50:19.561000-05:00,MNQZ5.CME@RITHMIC,76251187617400,BUY,24300.0,44,DEPTH,DEPTH,MNQZ5.CME@RITHMIC_20251113_230640_bedbcb11,NONE,,"{'size': 44, 'isBid': True, 'price': 97200, 'data_type': 'DEPTH'}",DEPTH
2025-11-14 03:50:16.702000-05:00,MNQZ5.CME@RITHMIC,6868911221102,SELL,24949.75,20,LIMIT,UPDATE,MNQZ5.CME@RITHMIC_20251113_230640_bedbcb11,NONE,,"{'size': 20, 'price': 99799, 'orderId': '6868911221102', 'event_type': 'REPLACE'}",MBO
2025-11-14 03:50:04.999000-05:00,MNQZ5.CME@RITHMIC,6868911221098,BUY,24891.25,20,LIMIT,UPDATE,MNQZ5.CME@RITHMIC_20251113_230640_bedbcb11,NONE,,"{'size': 20, 'price': 99565, 'orderId': '6868911221098', 'event_type': 'REPLACE'}",MBO
2025-11-14 03:49:59.233000-05:00,MNQZ5.CME@RITHMIC,76230859783500,SELL,24949.75,25,DEPTH,DEPTH,MNQZ5.CME@RITHMIC_20251113_230640_bedbcb11,NONE,,"{'size': 25, 'isBid': False, 'price': 99799, 'data_type': 'DEPTH'}",DEPTH
2025-11-14 03:49:59.232000-05:00,MNQZ5.CME@RITHMIC,76230858013900,SELL,24950.0,20,DEPTH,DEPTH,MNQZ5.CME@RITHMIC_20251113_230640_bedbcb11,NONE,,"{'size': 20, 'isBid': False, 'price': 99800, 'data_type': 'DEPTH'}",DEPTH
2025-11-14 03:49:59.166000-05:00,MNQZ5.CME@RITHMIC,76230792495200,SELL,25000.0,23,DEPTH,DEPTH,MNQZ5.CME@RITHMIC_20251113_230640_bedbcb11,NONE,,"{'size': 23, 'isBid': False, 'price': 100000, 'data_type': 'DEPTH'}",DEPTH
2025-11-14 03:49:58.996000-05:00,MNQZ5.CME@RITHMIC,76230621652200,BUY,24900.0,61,DEPTH,DEPTH,MNQZ5.CME@RITHMIC_20251113_230640_bedbcb11,NONE,,"{'size': 61, 'isBid': True, 'price': 99600, 'data_type': 'DEPTH'}",DEPTH
2025-11-14 03:49:58.953000-05:00,MNQZ5.CME@RITHMIC,76230579831000,BUY,24891.25,23,DEPTH,DEPTH,MNQZ5.CME@RITHMIC_20251113_230640_bedbcb11,NONE,,"{'size': 23, 'isBid': True, 'price': 99565, 'data_type': 'DEPTH'}",DEPTH
2025-11-14 03:49:58.922000-05:00,MNQZ5.CME@RITHMIC,76230548360800,BUY,24850.0,74,DEPTH,DEPTH,MNQZ5.CME@RITHMIC_20251113_230640_bedbcb11,NONE,,"{'size': 74, 'isBid': True, 'price': 99400, 'data_type': 'DEPTH'}",DEPTH
2025-11-14 03:49:58.876000-05:00,MNQZ5.CME@RITHMIC,76230501852800,BUY,24800.0,169,DEPTH,DEPTH,MNQZ5.CME@RITHMIC_20251113_230640_bedbcb11,NONE,,"{'size': 169, 'isBid': True, 'price': 99200, 'data_type': 'DEPTH'}",DEPTH
2025-11-14 03:49:58.872000-05:00,MNQZ5.CME@RITHMIC,76230498459100,BUY,24750.0,52,DEPTH,DEPTH,MNQZ5.CME@RITHMIC_20251113_230640_bedbcb11,NONE,,"{'size': 52, 'isBid': True, 'price': 99000, 'data_type': 'DEPTH'}",DEPTH
2025-11-14 03:49:58.862000-05:00,MNQZ5.CME@RITHMIC,76230488530400,BUY,24500.0,91,DEPTH,DEPTH,MNQZ5.CME@RITHMIC_20251113_230640_bedbcb11,NONE,,"{'size': 91, 'isBid': True, 'price': 98000, 'data_type': 'DEPTH'}",DEPTH
2025-11-14 03:49:58.331000-05:00,MNQZ5.CME@RITHMIC,76229957725700,BUY,99706.0,25,TRADE,TRADE,MNQZ5.CME@RITHMIC_20251113_230640_bedbcb11,NONE,,"{'size': 25, 'isOtc': False, 'price': 99706.0, 'data_type': 'TRADE', 'isBidAggressor': False, 'isExecutionEnd': True, 'passiveOrderId': None, 'aggressorOrderId': None, 'isExecutionStart': True, 'serialVersionUID': -5266538964320734421}",TRADE
2025-11-14 03:49:58.305000-05:00,MNQZ5.CME@RITHMIC,76229931622900,SELL,99720.0,57,TRADE,TRADE,MNQZ5.CME@RITHMIC_20251113_230640_bedbcb11,NONE,,"{'size': 57, 'isOtc': False, 'price': 99720.0, 'data_type': 'TRADE', 'isBidAggressor': True, 'isExecutionEnd': True, 'passiveOrderId': None, 'aggressorOrderId': None, 'isExecutionStart': True, 'serialVersionUID': -5266538964320734421}",TRADE
2025-11-14 03:49:54.624000-05:00,MNQZ5.CME@RITHMIC,6868911221102,SELL,24952.0,20,LIMIT,UPDATE,MNQZ5.CME@RITHMIC_20251113_230640_bedbcb11,NONE,,"{'size': 20, 'price': 99808, 'orderId': '6868911221102', 'event_type': 'REPLACE'}",MBO
2025-11-14 03:49:42.583000-05:00,MNQZ5.CME@RITHMIC,6868911221098,BUY,24893.5,20,LIMIT,UPDATE,MNQZ5.CME@RITHMIC_20251113_230640_bedbcb11,NONE,,"{'size': 20, 'price': 99574, 'orderId': '6868911221098', 'event_type': 'REPLACE'}",MBO
2025-11-14 03:49:38.609000-05:00,MNQZ5.CME@RITHMIC,76210234757700,SELL,24952.0,26,DEPTH,DEPTH,MNQZ5.CME@RITHMIC_20251113_230640_bedbcb11,NONE,,"{'size': 26, 'isBid': False, 'price': 99808, 'data_type': 'DEPTH'}",DEPTH
2025-11-14 03:49:38.564000-05:00,MNQZ5.CME@RITHMIC,76210190247200,SELL,24980.0,27,DEPTH,DEPTH,MNQZ5.CME@RITHMIC_20251113_230640_bedbcb11,NONE,,"{'size': 27, 'isBid': False, 'price': 99920, 'data_type': 'DEPTH'}",DEPTH
2025-11-14 03:49:38.544000-05:00,MNQZ5.CME@RITHMIC,76210170709200,SELL,25000.0,25,DEPTH,DEPTH,MNQZ5.CME@RITHMIC_20251113_230640_bedbcb11,NONE,,"{'size': 25, 'isBid': False, 'price': 100000, 'data_type': 'DEPTH'}",DEPTH
2025-11-14 03:49:38.489000-05:00,MNQZ5.CME@RITHMIC,76210114881100,SELL,25100.0,40,DEPTH,DEPTH,MNQZ5.CME@RITHMIC_20251113_230640_bedbcb11,NONE,,"{'size': 40, 'isBid': False, 'price': 100400, 'data_type': 'DEPTH'}",DEPTH
2025-11-14 03:49:38.290000-05:00,MNQZ5.CME@RITHMIC,76209916710300,BUY,24900.0,62,DEPTH,DEPTH,MNQZ5.CME@RITHMIC_20251113_230640_bedbcb11,NONE,,"{'size': 62, 'isBid': True, 'price': 99600, 'data_type': 'DEPTH'}",DEPTH
2025-11-14 03:49:38.267000-05:00,MNQZ5.CME@RITHMIC,76209893062000,BUY,24893.5,23,DEPTH,DEPTH,MNQZ5.CME@RITHMIC_20251113_230640_bedbcb11,NONE,,"{'size': 23, 'isBid': True, 'price': 99574, 'data_type': 'DEPTH'}",DEPTH
2025-11-14 03:49:38.212000-05:00,MNQZ5.CME@RITHMIC,76209838318800,BUY,24850.0,74,DEPTH,DEPTH,MNQZ5.CME@RITHMIC_20251113_230640_bedbcb11,NONE,,"{'size': 74, 'isBid': True, 'price': 99400, 'data_type': 'DEPTH'}",DEPTH
2025-11-14 03:49:38.186000-05:00,MNQZ5.CME@RITHMIC,76209812387200,BUY,24840.0,26,DEPTH,DEPTH,MNQZ5.CME@RITHMIC_20251113_230640_bedbcb11,NONE,,"{'size': 26, 'isBid': True, 'price': 99360, 'data_type': 'DEPTH'}",DEPTH
2025-11-14 03:49:38.185000-05:00,MNQZ5.CME@RITHMIC,76209810723700,BUY,24830.0,37,DEPTH,DEPTH,MNQZ5.CME@RITHMIC_20251113_230640_bedbcb11,NONE,,"{'size': 37, 'isBid': True, 'price': 99320, 'data_type': 'DEPTH'}",DEPTH
2025-11-14 03:49:38.181000-05:00,MNQZ5.CME@RITHMIC,76209807099300,BUY,24820.0,35,DEPTH,DEPTH,MNQZ5.CME@RITHMIC_20251113_230640_bedbcb11,NONE,,"{'size': 35, 'isBid': True, 'price': 99280, 'data_type': 'DEPTH'}",DEPTH
2025-11-14 03:49:38.179000-05:00,MNQZ5.CME@RITHMIC,76209805245900,BUY,24800.0,168,DEPTH,DEPTH,MNQZ5.CME@RITHMIC_20251113_230640_bedbcb11,NONE,,"{'size': 168, 'isBid': True, 'price': 99200, 'data_type': 'DEPTH'}",DEPTH
2025-11-14 03:49:32.271000-05:00,MNQZ5.CME@RITHMIC,6868911221102,SELL,24958.75,20,LIMIT,UPDATE,MNQZ5.CME@RITHMIC_20251113_230640_bedbcb11,NONE,,"{'size': 20, 'price': 99835, 'orderId': '6868911221102', 'event_type': 'REPLACE'}",MBO
2025-11-14 03:49:17.822000-05:00,MNQZ5.CME@RITHMIC,6868911221098,BUY,24898.5,20,LIMIT,UPDATE,MNQZ5.CME@RITHMIC_20251113_230640_bedbcb11,NONE,,"{'size': 20, 'price': 99594, 'orderId': '6868911221098', 'event_type': 'REPLACE'}",MBO
2025-11-14 03:49:10.567000-05:00,MNQZ5.CME@RITHMIC,76182192932400,SELL,24958.75,22,DEPTH,DEPTH,MNQZ5.CME@RITHMIC_20251113_230640_bedbcb11,NONE,,"{'size': 22, 'isBid': False, 'price': 99835, 'data_type': 'DEPTH'}",DEPTH
2025-11-14 03:49:10.514000-05:00,MNQZ5.CME@RITHMIC,76182140489200,SELL,25000.0,24,DEPTH,DEPTH,MNQZ5.CME@RITHMIC_20251113_230640_bedbcb11,NONE,,"{'size': 24, 'isBid': False, 'price': 100000, 'data_type': 'DEPTH'}",DEPTH
2025-11-14 03:49:10.452000-05:00,MNQZ5.CME@RITHMIC,76182077929000,SELL,25210.0,42,DEPTH,DEPTH,MNQZ5.CME@RITHMIC_20251113_230640_bedbcb11,NONE,,"{'size': 42, 'isBid': False, 'price': 100840, 'data_type': 'DEPTH'}",DEPTH
2025-11-14 03:49:10.240000-05:00,MNQZ5.CME@RITHMIC,76181866155900,BUY,24900.0,61,DEPTH,DEPTH,MNQZ5.CME@RITHMIC_20251113_230640_bedbcb11,NONE,,"{'size': 61, 'isBid': True, 'price': 99600, 'data_type': 'DEPTH'}",DEPTH
2025-11-14 03:49:10.230000-05:00,MNQZ5.CME@RITHMIC,76181856794000,BUY,24898.5,24,DEPTH,DEPTH,MNQZ5.CME@RITHMIC_20251113_230640_bedbcb11,NONE,,"{'size': 24, 'isBid': True, 'price': 99594, 'data_type': 'DEPTH'}",DEPTH
2025-11-14 03:49:10.166000-05:00,MNQZ5.CME@RITHMIC,76181792229100,BUY,24880.0,50,DEPTH,DEPTH,MNQZ5.CME@RITHMIC_20251113_230640_bedbcb11,NONE,,"{'size': 50, 'isBid': True, 'price': 99520, 'data_type': 'DEPTH'}",DEPTH
2025-11-14 03:49:10.163000-05:00,MNQZ5.CME@RITHMIC,76181789387000,BUY,24870.0,48,DEPTH,DEPTH,MNQZ5.CME@RITHMIC_20251113_230640_bedbcb11,NONE,,"{'size': 48, 'isBid': True, 'price': 99480, 'data_type': 'DEPTH'}",DEPTH
2025-11-14 03:49:10.158000-05:00,MNQZ5.CME@RITHMIC,76181783973400,BUY,24860.0,25,DEPTH,DEPTH,MNQZ5.CME@RITHMIC_20251113_230640_bedbcb11,NONE,,"{'size': 25, 'isBid': True, 'price': 99440, 'data_type': 'DEPTH'}",DEPTH
2025-11-14 03:49:10.131000-05:00,MNQZ5.CME@RITHMIC,76181757578700,BUY,24850.0,66,DEPTH,DEPTH,MNQZ5.CME@RITHMIC_20251113_230640_bedbcb11,NONE,,"{'size': 66, 'isBid': True, 'price': 99400, 'data_type': 'DEPTH'}",DEPTH
2025-11-14 03:49:10.084000-05:00,MNQZ5.CME@RITHMIC,76181710864700,BUY,24830.0,35,DEPTH,DEPTH,MNQZ5.CME@RITHMIC_20251113_230640_bedbcb11,NONE,,"{'size': 35, 'isBid': True, 'price': 99320, 'data_type': 'DEPTH'}",DEPTH
2025-11-14 03:49:10.079000-05:00,MNQZ5.CME@RITHMIC,76181704614500,BUY,24750.0,51,DEPTH,DEPTH,MNQZ5.CME@RITHMIC_20251113_230640_bedbcb11,NONE,,"{'size': 51, 'isBid': True, 'price': 99000, 'data_type': 'DEPTH'}",DEPTH
2025-11-14 03:49:09.452000-05:00,MNQZ5.CME@RITHMIC,76181078418700,BUY,99677.0,23,TRADE,TRADE,MNQZ5.CME@RITHMIC_20251113_230640_bedbcb11,NONE,,"{'size': 23, 'isOtc': False, 'price': 99677.0, 'data_type': 'TRADE', 'isBidAggressor': False, 'isExecutionEnd': True, 'passiveOrderId': None, 'aggressorOrderId': None, 'isExecutionStart': True, 'serialVersionUID': -5266538964320734421}",TRADE
2025-11-14 03:49:03.420000-05:00,MNQZ5.CME@RITHMIC,6868911221102,SELL,24949.75,20,LIMIT,UPDATE,MNQZ5.CME@RITHMIC_20251113_230640_bedbcb11,NONE,,"{'size': 20, 'price': 99799, 'orderId': '6868911221102', 'event_type': 'REPLACE'}",MBO
2025-11-14 03:48:49.101000-05:00,MNQZ5.CME@RITHMIC,6868911221098,BUY,24889.5,20,LIMIT,UPDATE,MNQZ5.CME@RITHMIC_20251113_230640_bedbcb11,NONE,,"{'size': 20, 'price': 99558, 'orderId': '6868911221098', 'event_type': 'REPLACE'}",MBO
2025-11-14 03:48:42.907000-05:00,MNQZ5.CME@RITHMIC,76154532965000,SELL,24949.75,25,DEPTH,DEPTH,MNQZ5.CME@RITHMIC_20251113_230640_bedbcb11,NONE,,"{'size': 25, 'isBid': False, 'price': 99799, 'data_type': 'DEPTH'}",DEPTH
2025-11-14 03:48:42.804000-05:00,MNQZ5.CME@RITHMIC,76154430422300,SELL,25000.0,22,DEPTH,DEPTH,MNQZ5.CME@RITHMIC_20251113_230640_bedbcb11,NONE,,"{'size': 22, 'isBid': False, 'price': 100000, 'data_type': 'DEPTH'}",DEPTH
2025-11-14 03:48:42.766000-05:00,MNQZ5.CME@RITHMIC,76154392015600,SELL,25210.0,42,DEPTH,DEPTH,MNQZ5.CME@RITHMIC_20251113_230640_bedbcb11,NONE,,"{'size': 42, 'isBid': False, 'price': 100840, 'data_type': 'DEPTH'}",DEPTH
2025-11-14 03:48:42.609000-05:00,MNQZ5.CME@RITHMIC,76154235910300,BUY,24902.0,21,DEPTH,DEPTH,MNQZ5.CME@RITHMIC_20251113_230640_bedbcb11,NONE,,"{'size': 21, 'isBid': True, 'price': 99608, 'data_type': 'DEPTH'}",DEPTH
2025-11-14 03:48:42.600000-05:00,MNQZ5.CME@RITHMIC,76154226018300,BUY,24900.0,66,DEPTH,DEPTH,MNQZ5.CME@RITHMIC_20251113_230640_bedbcb11,NONE,,"{'size': 66, 'isBid': True, 'price': 99600, 'data_type': 'DEPTH'}",DEPTH
2025-11-14 03:48:42.536000-05:00,MNQZ5.CME@RITHMIC,76154162258600,BUY,24890.0,20,DEPTH,DEPTH,MNQZ5.CME@RITHMIC_20251113_230640_bedbcb11,NONE,,"{'size': 20, 'isBid': True, 'price': 99560, 'data_type': 'DEPTH'}",DEPTH
2025-11-14 03:48:42.533000-05:00,MNQZ5.CME@RITHMIC,76154159400000,BUY,24889.5,24,DEPTH,DEPTH,MNQZ5.CME@RITHMIC_20251113_230640_bedbcb11,NONE,,"{'size': 24, 'isBid': True, 'price': 99558, 'data_type': 'DEPTH'}",DEPTH
2025-11-14 03:48:42.524000-05:00,MNQZ5.CME@RITHMIC,76154149649400,BUY,24888.0,26,DEPTH,DEPTH,MNQZ5.CME@RITHMIC_20251113_230640_bedbcb11,NONE,,"{'size': 26, 'isBid': True, 'price': 99552, 'data_type': 'DEPTH'}",DEPTH
2025-11-14 03:48:42.510000-05:00,MNQZ5.CME@RITHMIC,76154135995700,BUY,24880.0,45,DEPTH,DEPTH,MNQZ5.CME@RITHMIC_20251113_230640_bedbcb11,NONE,,"{'size': 45, 'isBid': True, 'price': 99520, 'data_type': 'DEPTH'}",DEPTH
2025-11-14 03:48:42.502000-05:00,MNQZ5.CME@RITHMIC,76154128330500,BUY,24870.0,44,DEPTH,DEPTH,MNQZ5.CME@RITHMIC_20251113_230640_bedbcb11,NONE,,"{'size': 44, 'isBid': True, 'price': 99480, 'data_type': 'DEPTH'}",DEPTH
2025-11-14 03:48:42.487000-05:00,MNQZ5.CME@RITHMIC,76154113070900,BUY,24860.0,21,DEPTH,DEPTH,MNQZ5.CME@RITHMIC_20251113_230640_bedbcb11,NONE,,"{'size': 21, 'isBid': True, 'price': 99440, 'data_type': 'DEPTH'}",DEPTH
2025-11-14 03:48:42.483000-05:00,MNQZ5.CME@RITHMIC,76154109953600,BUY,24850.0,70,DEPTH,DEPTH,MNQZ5.CME@RITHMIC_20251113_230640_bedbcb11,NONE,,"{'size': 70, 'isBid': True, 'price': 99400, 'data_type': 'DEPTH'}",DEPTH
2025-11-14 03:48:42.412000-05:00,MNQZ5.CME@RITHMIC,76154038701700,BUY,24840.0,22,DEPTH,DEPTH,MNQZ5.CME@RITHMIC_20251113_230640_bedbcb11,NONE,,"{'size': 22, 'isBid': True, 'price': 99360, 'data_type': 'DEPTH'}",DEPTH
2025-11-14 03:48:42.395000-05:00,MNQZ5.CME@RITHMIC,76154020830600,BUY,24830.0,36,DEPTH,DEPTH,MNQZ5.CME@RITHMIC_20251113_230640_bedbcb11,NONE,,"{'size': 36, 'isBid': True, 'price': 99320, 'data_type': 'DEPTH'}",DEPTH
2025-11-14 03:48:42.362000-05:00,MNQZ5.CME@RITHMIC,76153989062900,BUY,24300.0,42,DEPTH,DEPTH,MNQZ5.CME@RITHMIC_20251113_230640_bedbcb11,NONE,,"{'size': 42, 'isBid': True, 'price': 97200, 'data_type': 'DEPTH'}",DEPTH
2025-11-14 03:48:41.450000-05:00,MNQZ5.CME@RITHMIC,76153076508700,SELL,99692.0,151,TRADE,TRADE,MNQZ5.CME@RITHMIC_20251113_230640_bedbcb11,NONE,,"{'size': 151, 'isOtc': False, 'price': 99692.0, 'data_type': 'TRADE', 'isBidAggressor': True, 'isExecutionEnd': True, 'passiveOrderId': None, 'aggressorOrderId': None, 'isExecutionStart': True, 'serialVersionUID': -5266538964320734421}",TRADE
2025-11-14 03:48:41.123000-05:00,MNQZ5.CME@RITHMIC,6868911221102,SELL,24954.0,20,LIMIT,ADD,MNQZ5.CME@RITHMIC_20251113_230640_bedbcb11,NONE,,"{'size': 20, 'isBid': False, 'price': 99816, 'orderId': '6868911221102', 'event_type': 'SEND'}",MBO
2025-11-14 03:48:40.410000-05:00,MNQZ5.CME@RITHMIC,6868911221098,BUY,24895.0,20,LIMIT,ADD,MNQZ5.CME@RITHMIC_20251113_230640_bedbcb11,NONE,,"{'size': 20, 'isBid': True, 'price': 99580, 'orderId': '6868911221098', 'event_type': 'SEND'}",MBO
2025-11-14 03:48:09.062000-05:00,MNQZ5.CME@RITHMIC,76120688054600,SELL,24950.0,20,DEPTH,DEPTH,MNQZ5.CME@RITHMIC_20251113_230640_bedbcb11,NONE,,"{'size': 20, 'isBid': False, 'price': 99800, 'data_type': 'DEPTH'}",DEPTH
2025-11-14 03:48:09.045000-05:00,MNQZ5.CME@RITHMIC,76120671212500,SELL,24954.0,24,DEPTH,DEPTH,MNQZ5.CME@RITHMIC_20251113_230640_bedbcb11,NONE,,"{'size': 24, 'isBid': False, 'price': 99816, 'data_type': 'DEPTH'}",DEPTH
2025-11-14 03:48:08.944000-05:00,MNQZ5.CME@RITHMIC,76120570607300,SELL,25000.0,24,DEPTH,DEPTH,MNQZ5.CME@RITHMIC_20251113_230640_bedbcb11,NONE,,"{'size': 24, 'isBid': False, 'price': 100000, 'data_type': 'DEPTH'}",DEPTH
2025-11-14 03:48:08.925000-05:00,MNQZ5.CME@RITHMIC,76120551588900,SELL,25020.0,21,DEPTH,DEPTH,MNQZ5.CME@RITHMIC_20251113_230640_bedbcb11,NONE,,"{'size': 21, 'isBid': False, 'price': 100080, 'data_type': 'DEPTH'}",DEPTH
2025-11-14 03:48:08.918000-05:00,MNQZ5.CME@RITHMIC,76120544363200,SELL,25100.0,41,DEPTH,DEPTH,MNQZ5.CME@RITHMIC_20251113_230640_bedbcb11,NONE,,"{'size': 41, 'isBid': False, 'price': 100400, 'data_type': 'DEPTH'}",DEPTH
2025-11-14 03:48:08.907000-05:00,MNQZ5.CME@RITHMIC,76120533046900,SELL,25210.0,42,DEPTH,DEPTH,MNQZ5.CME@RITHMIC_20251113_230640_bedbcb11,NONE,,"{'size': 42, 'isBid': False, 'price': 100840, 'data_type': 'DEPTH'}",DEPTH
2025-11-14 03:48:08.711000-05:00,MNQZ5.CME@RITHMIC,76120337033100,BUY,24900.0,62,DEPTH,DEPTH,MNQZ5.CME@RITHMIC_20251113_230640_bedbcb11,NONE,,"{'size': 62, 'isBid': True, 'price': 99600, 'data_type': 'DEPTH'}",DEPTH
2025-11-14 03:48:08.680000-05:00,MNQZ5.CME@RITHMIC,76120306484300,BUY,24895.0,27,DEPTH,DEPTH,MNQZ5.CME@RITHMIC_20251113_230640_bedbcb11,NONE,,"{'size': 27, 'isBid': True, 'price': 99580, 'data_type': 'DEPTH'}",DEPTH
2025-11-14 03:48:08.647000-05:00,MNQZ5.CME@RITHMIC,76120273491100,BUY,24890.0,20,DEPTH,DEPTH,MNQZ5.CME@RITHMIC_20251113_230640_bedbcb11,NONE,,"{'size': 20, 'isBid': True, 'price': 99560, 'data_type': 'DEPTH'}",DEPTH
2025-11-14 03:48:08.600000-05:00,MNQZ5.CME@RITHMIC,76120227054200,BUY,24880.0,43,DEPTH,DEPTH,MNQZ5.CME@RITHMIC_20251113_230640_bedbcb11,NONE,,"{'size': 43, 'isBid': True, 'price': 99520, 'data_type': 'DEPTH'}",DEPTH
2025-11-14 03:48:08.586000-05:00,MNQZ5.CME@RITHMIC,76120211923400,BUY,24878.0,23,DEPTH,DEPTH,MNQZ5.CME@RITHMIC_20251113_230640_bedbcb11,NONE,,"{'size': 23, 'isBid': True, 'price': 99512, 'data_type': 'DEPTH'}",DEPTH
2025-11-14 03:48:08.564000-05:00,MNQZ5.CME@RITHMIC,76120190548100,BUY,24875.0,28,DEPTH,DEPTH,MNQZ5.CME@RITHMIC_20251113_230640_bedbcb11,NONE,,"{'size': 28, 'isBid': True, 'price': 99500, 'data_type': 'DEPTH'}",DEPTH
2025-11-14 03:48:08.538000-05:00,MNQZ5.CME@RITHMIC,76120163604300,BUY,24870.0,42,DEPTH,DEPTH,MNQZ5.CME@RITHMIC_20251113_230640_bedbcb11,NONE,,"{'size': 42, 'isBid': True, 'price': 99480, 'data_type': 'DEPTH'}",DEPTH
2025-11-14 03:48:08.528000-05:00,MNQZ5.CME@RITHMIC,76120153646800,BUY,24860.0,20,DEPTH,DEPTH,MNQZ5.CME@RITHMIC_20251113_230640_bedbcb11,NONE,,"{'size': 20, 'isBid': True, 'price': 99440, 'data_type': 'DEPTH'}",DEPTH
2025-11-14 03:48:08.457000-05:00,MNQZ5.CME@RITHMIC,76120083182700,BUY,24840.0,22,DEPTH,DEPTH,MNQZ5.CME@RITHMIC_20251113_230640_bedbcb11,NONE,,"{'size': 22, 'isBid': True, 'price': 99360, 'data_type': 'DEPTH'}",DEPTH
2025-11-14 03:48:07.508000-05:00,MNQZ5.CME@RITHMIC,76119133545500,BUY,99651.0,22,TRADE,TRADE,MNQZ5.CME@RITHMIC_20251113_230640_bedbcb11,NONE,,"{'size': 22, 'isOtc': False, 'price': 99651.0, 'data_type': 'TRADE', 'isBidAggressor': False, 'isExecutionEnd': True, 'passiveOrderId': None, 'aggressorOrderId': None, 'isExecutionStart': True, 'serialVersionUID': -5266538964320734421}",TRADE
2025-11-14 03:48:06.171000-05:00,MNQZ5.CME@RITHMIC,6868911203883,SELL,24923.0,150,LIMIT,ADD,MNQZ5.CME@RITHMIC_20251113_230640_bedbcb11,NONE,,"{'size': 150, 'isBid': False, 'price': 99692, 'orderId': '6868911203883', 'event_type': 'SEND'}",MBO
2025-11-14 03:47:37.625000-05:00,MNQZ5.CME@RITHMIC,6868911133518,SELL,24943.0,20,LIMIT,UPDATE,MNQZ5.CME@RITHMIC_20251113_230640_bedbcb11,NONE,,"{'size': 20, 'price': 99772, 'orderId': '6868911133518', 'event_type': 'REPLACE'}",MBO
2025-11-14 03:47:35.524000-05:00,MNQZ5.CME@RITHMIC,6868911133100,BUY,24884.25,20,LIMIT,UPDATE,MNQZ5.CME@RITHMIC_20251113_230640_bedbcb11,NONE,,"{'size': 20, 'price': 99537, 'orderId': '6868911133100', 'event_type': 'REPLACE'}",MBO
2025-11-14 03:47:32.648000-05:00,MNQZ5.CME@RITHMIC,76084273674100,SELL,24923.0,159,DEPTH,DEPTH,MNQZ5.CME@RITHMIC_20251113_230640_bedbcb11,NONE,,"{'size': 159, 'isBid': False, 'price': 99692, 'data_type': 'DEPTH'}",DEPTH
2025-11-14 03:47:32.536000-05:00,MNQZ5.CME@RITHMIC,76084162687700,SELL,24940.0,25,DEPTH,DEPTH,MNQZ5.CME@RITHMIC_20251113_230640_bedbcb11,NONE,,"{'size': 25, 'isBid': False, 'price': 99760, 'data_type': 'DEPTH'}",DEPTH
2025-11-14 03:47:32.517000-05:00,MNQZ5.CME@RITHMIC,76084143296000,SELL,24943.0,27,DEPTH,DEPTH,MNQZ5.CME@RITHMIC_20251113_230640_bedbcb11,NONE,,"{'size': 27, 'isBid': False, 'price': 99772, 'data_type': 'DEPTH'}",DEPTH
2025-11-14 03:47:32.439000-05:00,MNQZ5.CME@RITHMIC,76084065351300,SELL,24970.0,20,DEPTH,DEPTH,MNQZ5.CME@RITHMIC_20251113_230640_bedbcb11,NONE,,"{'size': 20, 'isBid': False, 'price': 99880, 'data_type': 'DEPTH'}",DEPTH
2025-11-14 03:47:32.341000-05:00,MNQZ5.CME@RITHMIC,76083967474700,SELL,25000.0,22,DEPTH,DEPTH,MNQZ5.CME@RITHMIC_20251113_230640_bedbcb11,NONE,,"{'size': 22, 'isBid': False, 'price': 100000, 'data_type': 'DEPTH'}",DEPTH
2025-11-14 03:47:32.143000-05:00,MNQZ5.CME@RITHMIC,76083769498600,BUY,24900.0,59,DEPTH,DEPTH,MNQZ5.CME@RITHMIC_20251113_230640_bedbcb11,NONE,,"{'size': 59, 'isBid': True, 'price': 99600, 'data_type': 'DEPTH'}",DEPTH
2025-11-14 03:47:32.052000-05:00,MNQZ5.CME@RITHMIC,76083678668500,BUY,24884.25,23,DEPTH,DEPTH,MNQZ5.CME@RITHMIC_20251113_230640_bedbcb11,NONE,,"{'size': 23, 'isBid': True, 'price': 99537, 'data_type': 'DEPTH'}",DEPTH
2025-11-14 03:47:32.021000-05:00,MNQZ5.CME@RITHMIC,76083647044300,BUY,24850.0,69,DEPTH,DEPTH,MNQZ5.CME@RITHMIC_20251113_230640_bedbcb11,NONE,,"{'size': 69, 'isBid': True, 'price': 99400, 'data_type': 'DEPTH'}",DEPTH
2025-11-14 03:47:31.950000-05:00,MNQZ5.CME@RITHMIC,76083576049500,BUY,24840.0,22,DEPTH,DEPTH,MNQZ5.CME@RITHMIC_20251113_230640_bedbcb11,NONE,,"{'size': 22, 'isBid': True, 'price': 99360, 'data_type': 'DEPTH'}",DEPTH
2025-11-14 03:47:31.894000-05:00,MNQZ5.CME@RITHMIC,76083520532800,BUY,24800.0,169,DEPTH,DEPTH,MNQZ5.CME@RITHMIC_20251113_230640_bedbcb11,NONE,,"{'size': 169, 'isBid': True, 'price': 99200, 'data_type': 'DEPTH'}",DEPTH
2025-11-14 03:47:31.863000-05:00,MNQZ5.CME@RITHMIC,76083489191900,BUY,24500.0,90,DEPTH,DEPTH,MNQZ5.CME@RITHMIC_20251113_230640_bedbcb11,NONE,,"{'size': 90, 'isBid': True, 'price': 98000, 'data_type': 'DEPTH'}",DEPTH
2025-11-14 03:47:31.859000-05:00,MNQZ5.CME@RITHMIC,76083485772100,BUY,24000.0,46,DEPTH,DEPTH,MNQZ5.CME@RITHMIC_20251113_230640_bedbcb11,NONE,,"{'size': 46, 'isBid': True, 'price': 96000, 'data_type': 'DEPTH'}",DEPTH
2025-11-14 03:47:30.637000-05:00,MNQZ5.CME@RITHMIC,76082263140100,BUY,99644.0,159,TRADE,TRADE,MNQZ5.CME@RITHMIC_20251113_230640_bedbcb11,NONE,,"{'size': 159, 'isOtc': False, 'price': 99644.0, 'data_type': 'TRADE', 'isBidAggressor': False, 'isExecutionEnd': True, 'passiveOrderId': None, 'aggressorOrderId': None, 'isExecutionStart': True, 'serialVersionUID': -5266538964320734421}",TRADE
2025-11-14 03:47:30.570000-05:00,MNQZ5.CME@RITHMIC,76082195609300,BUY,99679.0,20,TRADE,TRADE,MNQZ5.CME@RITHMIC_20251113_230640_bedbcb11,NONE,,"{'size': 20, 'isOtc': False, 'price': 99679.0, 'data_type': 'TRADE', 'isBidAggressor': False, 'isExecutionEnd': True, 'passiveOrderId': None, 'aggressorOrderId': None, 'isExecutionStart': True, 'serialVersionUID': -5266538964320734421}",TRADE
2025-11-14 03:47:12.285000-05:00,MNQZ5.CME@RITHMIC,6868911133518,SELL,24949.5,20,LIMIT,UPDATE,MNQZ5.CME@RITHMIC_20251113_230640_bedbcb11,NONE,,"{'size': 20, 'price': 99798, 'orderId': '6868911133518', 'event_type': 'REPLACE'}",MBO
2025-11-14 03:47:11.300000-05:00,MNQZ5.CME@RITHMIC,6868911133100,BUY,24891.0,20,LIMIT,UPDATE,MNQZ5.CME@RITHMIC_20251113_230640_bedbcb11,NONE,,"{'size': 20, 'price': 99564, 'orderId': '6868911133100', 'event_type': 'REPLACE'}",MBO
2025-11-14 03:46:51.883000-05:00,MNQZ5.CME@RITHMIC,76043508754200,SELL,24937.0,22,DEPTH,DEPTH,MNQZ5.CME@RITHMIC_20251113_230640_bedbcb11,NONE,,"{'size': 22, 'isBid': False, 'price': 99748, 'data_type': 'DEPTH'}",DEPTH
2025-11-14 03:46:51.800000-05:00,MNQZ5.CME@RITHMIC,76043425605500,SELL,24949.5,27,DEPTH,DEPTH,MNQZ5.CME@RITHMIC_20251113_230640_bedbcb11,NONE,,"{'size': 27, 'isBid': False, 'price': 99798, 'data_type': 'DEPTH'}",DEPTH
2025-11-14 03:46:51.757000-05:00,MNQZ5.CME@RITHMIC,76043383802000,SELL,24980.0,28,DEPTH,DEPTH,MNQZ5.CME@RITHMIC_20251113_230640_bedbcb11,NONE,,"{'size': 28, 'isBid': False, 'price': 99920, 'data_type': 'DEPTH'}",DEPTH
2025-11-14 03:46:51.654000-05:00,MNQZ5.CME@RITHMIC,76043280363200,SELL,25000.0,22,DEPTH,DEPTH,MNQZ5.CME@RITHMIC_20251113_230640_bedbcb11,NONE,,"{'size': 22, 'isBid': False, 'price': 100000, 'data_type': 'DEPTH'}",DEPTH
2025-11-14 03:46:51.605000-05:00,MNQZ5.CME@RITHMIC,76043231599700,SELL,25200.0,100,DEPTH,DEPTH,MNQZ5.CME@RITHMIC_20251113_230640_bedbcb11,NONE,,"{'size': 100, 'isBid': False, 'price': 100800, 'data_type': 'DEPTH'}",DEPTH
2025-11-14 03:46:51.470000-05:00,MNQZ5.CME@RITHMIC,76043096323600,BUY,24912.75,24,DEPTH,DEPTH,MNQZ5.CME@RITHMIC_20251113_230640_bedbcb11,NONE,,"{'size': 24, 'isBid': True, 'price': 99651, 'data_type': 'DEPTH'}",DEPTH
2025-11-14 03:46:51.409000-05:00,MNQZ5.CME@RITHMIC,76043035365800,BUY,24903.5,24,DEPTH,DEPTH,MNQZ5.CME@RITHMIC_20251113_230640_bedbcb11,NONE,,"{'size': 24, 'isBid': True, 'price': 99614, 'data_type': 'DEPTH'}",DEPTH
2025-11-14 03:46:51.386000-05:00,MNQZ5.CME@RITHMIC,76043013234300,BUY,24900.0,54,DEPTH,DEPTH,MNQZ5.CME@RITHMIC_20251113_230640_bedbcb11,NONE,,"{'size': 54, 'isBid': True, 'price': 99600, 'data_type': 'DEPTH'}",DEPTH
2025-11-14 03:46:51.329000-05:00,MNQZ5.CME@RITHMIC,76042954808500,BUY,24891.0,28,DEPTH,DEPTH,MNQZ5.CME@RITHMIC_20251113_230640_bedbcb11,NONE,,"{'size': 28, 'isBid': True, 'price': 99564, 'data_type': 'DEPTH'}",DEPTH
2025-11-14 03:46:51.322000-05:00,MNQZ5.CME@RITHMIC,76042948220700,BUY,24890.0,34,DEPTH,DEPTH,MNQZ5.CME@RITHMIC_20251113_230640_bedbcb11,NONE,,"{'size': 34, 'isBid': True, 'price': 99560, 'data_type': 'DEPTH'}",DEPTH
2025-11-14 03:46:51.252000-05:00,MNQZ5.CME@RITHMIC,76042878260300,BUY,24860.0,22,DEPTH,DEPTH,MNQZ5.CME@RITHMIC_20251113_230640_bedbcb11,NONE,,"{'size': 22, 'isBid': True, 'price': 99440, 'data_type': 'DEPTH'}",DEPTH
2025-11-14 03:46:51.235000-05:00,MNQZ5.CME@RITHMIC,76042860956900,BUY,24850.0,67,DEPTH,DEPTH,MNQZ5.CME@RITHMIC_20251113_230640_bedbcb11,NONE,,"{'size': 67, 'isBid': True, 'price': 99400, 'data_type': 'DEPTH'}",DEPTH
2025-11-14 03:46:51.165000-05:00,MNQZ5.CME@RITHMIC,76042791569400,BUY,24840.0,20,DEPTH,DEPTH,MNQZ5.CME@RITHMIC_20251113_230640_bedbcb11,NONE,,"{'size': 20, 'isBid': True, 'price': 99360, 'data_type': 'DEPTH'}",DEPTH
2025-11-14 03:46:51.100000-05:00,MNQZ5.CME@RITHMIC,76042726110500,BUY,24800.0,167,DEPTH,DEPTH,MNQZ5.CME@RITHMIC_20251113_230640_bedbcb11,NONE,,"{'size': 167, 'isBid': True, 'price': 99200, 'data_type': 'DEPTH'}",DEPTH
2025-11-14 03:46:51.092000-05:00,MNQZ5.CME@RITHMIC,76042718252400,BUY,24750.0,52,DEPTH,DEPTH,MNQZ5.CME@RITHMIC_20251113_230640_bedbcb11,NONE,,"{'size': 52, 'isBid': True, 'price': 99000, 'data_type': 'DEPTH'}",DEPTH
2025-11-14 03:46:51.067000-05:00,MNQZ5.CME@RITHMIC,76042692944100,BUY,24000.0,47,DEPTH,DEPTH,MNQZ5.CME@RITHMIC_20251113_230640_bedbcb11,NONE,,"{'size': 47, 'isBid': True, 'price': 96000, 'data_type': 'DEPTH'}",DEPTH
2025-11-14 03:46:50.023000-05:00,MNQZ5.CME@RITHMIC,76041649272600,BUY,99680.0,20,TRADE,TRADE,MNQZ5.CME@RITHMIC_20251113_230640_bedbcb11,NONE,,"{'size': 20, 'isOtc': False, 'price': 99680.0, 'data_type': 'TRADE', 'isBidAggressor': False, 'isExecutionEnd': True, 'passiveOrderId': None, 'aggressorOrderId': None, 'isExecutionStart': True, 'serialVersionUID': -5266538964320734421}",TRADE
2025-11-14 03:46:49.974000-05:00,MNQZ5.CME@RITHMIC,76041600016200,BUY,99651.0,28,TRADE,TRADE,MNQZ5.CME@RITHMIC_20251113_230640_bedbcb11,NONE,,"{'size': 28, 'isOtc': False, 'price': 99651.0, 'data_type': 'TRADE', 'isBidAggressor': False, 'isExecutionEnd': True, 'passiveOrderId': None, 'aggressorOrderId': None, 'isExecutionStart': True, 'serialVersionUID': -5266538964320734421}",TRADE
2025-11-14 03:46:49.948000-05:00,MNQZ5.CME@RITHMIC,76041574535200,BUY,99652.0,56,TRADE,TRADE,MNQZ5.CME@RITHMIC_20251113_230640_bedbcb11,NONE,,"{'size': 56, 'isOtc': False, 'price': 99652.0, 'data_type': 'TRADE', 'isBidAggressor': False, 'isExecutionEnd': True, 'passiveOrderId': None, 'aggressorOrderId': None, 'isExecutionStart': True, 'serialVersionUID': -5266538964320734421}",TRADE
2025-11-14 03:46:49.927000-05:00,MNQZ5.CME@RITHMIC,76041552720500,BUY,99653.0,33,TRADE,TRADE,MNQZ5.CME@RITHMIC_20251113_230640_bedbcb11,NONE,,"{'size': 33, 'isOtc': False, 'price': 99653.0, 'data_type': 'TRADE', 'isBidAggressor': False, 'isExecutionEnd': True, 'passiveOrderId': None, 'aggressorOrderId': None, 'isExecutionStart': True, 'serialVersionUID': -5266538964320734421}",TRADE
2025-11-14 03:46:49.865000-05:00,MNQZ5.CME@RITHMIC,76041491569200,SELL,99672.0,24,TRADE,TRADE,MNQZ5.CME@RITHMIC_20251113_230640_bedbcb11,NONE,,"{'size': 24, 'isOtc': False, 'price': 99672.0, 'data_type': 'TRADE', 'isBidAggressor': True, 'isExecutionEnd': True, 'passiveOrderId': None, 'aggressorOrderId': None, 'isExecutionStart': True, 'serialVersionUID': -5266538964320734421}",TRADE
2025-11-14 03:46:49.841000-05:00,MNQZ5.CME@RITHMIC,76041467284600,SELL,99673.0,23,TRADE,TRADE,MNQZ5.CME@RITHMIC_20251113_230640_bedbcb11,NONE,,"{'size': 23, 'isOtc': False, 'price': 99673.0, 'data_type': 'TRADE', 'isBidAggressor': True, 'isExecutionEnd': True, 'passiveOrderId': None, 'aggressorOrderId': None, 'isExecutionStart': True, 'serialVersionUID': -5266538964320734421}",TRADE
2025-11-14 03:46:49.794000-05:00,MNQZ5.CME@RITHMIC,76041419871300,SELL,99692.0,24,TRADE,TRADE,MNQZ5.CME@RITHMIC_20251113_230640_bedbcb11,NONE,,"{'size': 24, 'isOtc': False, 'price': 99692.0, 'data_type': 'TRADE', 'isBidAggressor': True, 'isExecutionEnd': True, 'passiveOrderId': None, 'aggressorOrderId': None, 'isExecutionStart': True, 'serialVersionUID': -5266538964320734421}",TRADE
2025-11-14 03:46:49.790000-05:00,MNQZ5.CME@RITHMIC,76041415914900,SELL,99668.0,22,TRADE,TRADE,MNQZ5.CME@RITHMIC_20251113_230640_bedbcb11,NONE,,"{'size': 22, 'isOtc': False, 'price': 99668.0, 'data_type': 'TRADE', 'isBidAggressor': True, 'isExecutionEnd': True, 'passiveOrderId': None, 'aggressorOrderId': None, 'isExecutionStart': True, 'serialVersionUID': -5266538964320734421}",TRADE
2025-11-14 03:46:49.766000-05:00,MNQZ5.CME@RITHMIC,76041391971000,SELL,99670.0,20,TRADE,TRADE,MNQZ5.CME@RITHMIC_20251113_230640_bedbcb11,NONE,,"{'size': 20, 'isOtc': False, 'price': 99670.0, 'data_type': 'TRADE', 'isBidAggressor': True, 'isExecutionEnd': True, 'passiveOrderId': None, 'aggressorOrderId': None, 'isExecutionStart': True, 'serialVersionUID': -5266538964320734421}",TRADE
2025-11-14 03:46:49.744000-05:00,MNQZ5.CME@RITHMIC,76041370625600,SELL,99671.0,25,TRADE,TRADE,MNQZ5.CME@RITHMIC_20251113_230640_bedbcb11,NONE,,"{'size': 25, 'isOtc': False, 'price': 99671.0, 'data_type': 'TRADE', 'isBidAggressor': True, 'isExecutionEnd': True, 'passiveOrderId': None, 'aggressorOrderId': None, 'isExecutionStart': True, 'serialVersionUID': -5266538964320734421}",TRADE
2025-11-14 03:46:49.034000-05:00,MNQZ5.CME@RITHMIC,6868911133518,SELL,24951.5,20,LIMIT,ADD,MNQZ5.CME@RITHMIC_20251113_230640_bedbcb11,NONE,,"{'size': 20, 'isBid': False, 'price': 99806, 'orderId': '6868911133518', 'event_type': 'SEND'}",MBO
2025-11-14 03:46:48.990000-05:00,MNQZ5.CME@RITHMIC,6868911133100,BUY,24893.25,20,LIMIT,ADD,MNQZ5.CME@RITHMIC_20251113_230640_bedbcb11,NONE,,"{'size': 20, 'isBid': True, 'price': 99573, 'orderId': '6868911133100', 'event_type': 'SEND'}",MBO
2025-11-14 03:46:48.916000-05:00,MNQZ5.CME@RITHMIC,6868911153895,BUY,24911.0,150,LIMIT,ADD,MNQZ5.CME@RITHMIC_20251113_230640_bedbcb11,NONE,,"{'size': 150, 'isBid': True, 'price': 99644, 'orderId': '6868911153895', 'event_type': 'SEND'}",MBO
2025-11-14 03:46:08.749000-05:00,MNQZ5.CME@RITHMIC,76000375084300,SELL,24951.5,22,DEPTH,DEPTH,MNQZ5.CME@RITHMIC_20251113_230640_bedbcb11,NONE,,"{'size': 22, 'isBid': False, 'price': 99806, 'data_type': 'DEPTH'}",DEPTH
2025-11-14 03:46:08.623000-05:00,MNQZ5.CME@RITHMIC,76000249416600,SELL,25000.0,25,DEPTH,DEPTH,MNQZ5.CME@RITHMIC_20251113_230640_bedbcb11,NONE,,"{'size': 25, 'isBid': False, 'price': 100000, 'data_type': 'DEPTH'}",DEPTH
2025-11-14 03:46:08.561000-05:00,MNQZ5.CME@RITHMIC,76000187598600,SELL,25020.0,20,DEPTH,DEPTH,MNQZ5.CME@RITHMIC_20251113_230640_bedbcb11,NONE,,"{'size': 20, 'isBid': False, 'price': 100080, 'data_type': 'DEPTH'}",DEPTH
2025-11-14 03:46:08.525000-05:00,MNQZ5.CME@RITHMIC,76000151221600,SELL,25550.0,40,DEPTH,DEPTH,MNQZ5.CME@RITHMIC_20251113_230640_bedbcb11,NONE,,"{'size': 40, 'isBid': False, 'price': 102200, 'data_type': 'DEPTH'}",DEPTH
2025-11-14 03:46:08.353000-05:00,MNQZ5.CME@RITHMIC,75999979098600,BUY,24911.0,156,DEPTH,DEPTH,MNQZ5.CME@RITHMIC_20251113_230640_bedbcb11,NONE,,"{'size': 156, 'isBid': True, 'price': 99644, 'data_type': 'DEPTH'}",DEPTH
2025-11-14 03:46:08.262000-05:00,MNQZ5.CME@RITHMIC,75999888341800,BUY,24900.0,53,DEPTH,DEPTH,MNQZ5.CME@RITHMIC_20251113_230640_bedbcb11,NONE,,"{'size': 53, 'isBid': True, 'price': 99600, 'data_type': 'DEPTH'}",DEPTH
2025-11-14 03:46:08.216000-05:00,MNQZ5.CME@RITHMIC,75999842466000,BUY,24893.25,26,DEPTH,DEPTH,MNQZ5.CME@RITHMIC_20251113_230640_bedbcb11,NONE,,"{'size': 26, 'isBid': True, 'price': 99573, 'data_type': 'DEPTH'}",DEPTH
2025-11-14 03:46:08.186000-05:00,MNQZ5.CME@RITHMIC,75999812230400,BUY,24888.0,27,DEPTH,DEPTH,MNQZ5.CME@RITHMIC_20251113_230640_bedbcb11,NONE,,"{'size': 27, 'isBid': True, 'price': 99552, 'data_type': 'DEPTH'}",DEPTH
2025-11-14 03:46:08.165000-05:00,MNQZ5.CME@RITHMIC,75999790854700,BUY,24880.0,43,DEPTH,DEPTH,MNQZ5.CME@RITHMIC_20251113_230640_bedbcb11,NONE,,"{'size': 43, 'isBid': True, 'price': 99520, 'data_type': 'DEPTH'}",DEPTH
2025-11-14 03:46:08.152000-05:00,MNQZ5.CME@RITHMIC,75999777869400,BUY,24875.0,27,DEPTH,DEPTH,MNQZ5.CME@RITHMIC_20251113_230640_bedbcb11,NONE,,"{'size': 27, 'isBid': True, 'price': 99500, 'data_type': 'DEPTH'}",DEPTH
2025-11-14 03:46:08.089000-05:00,MNQZ5.CME@RITHMIC,75999715101500,BUY,24850.0,67,DEPTH,DEPTH,MNQZ5.CME@RITHMIC_20251113_230640_bedbcb11,NONE,,"{'size': 67, 'isBid': True, 'price': 99400, 'data_type': 'DEPTH'}",DEPTH
2025-11-14 03:46:08.016000-05:00,MNQZ5.CME@RITHMIC,75999642443200,BUY,24840.0,20,DEPTH,DEPTH,MNQZ5.CME@RITHMIC_20251113_230640_bedbcb11,NONE,,"{'size': 20, 'isBid': True, 'price': 99360, 'data_type': 'DEPTH'}",DEPTH
2025-11-14 03:46:07.997000-05:00,MNQZ5.CME@RITHMIC,75999623264300,BUY,24810.0,26,DEPTH,DEPTH,MNQZ5.CME@RITHMIC_20251113_230640_bedbcb11,NONE,,"{'size': 26, 'isBid': True, 'price': 99240, 'data_type': 'DEPTH'}",DEPTH
2025-11-14 03:46:07.301000-05:00,MNQZ5.CME@RITHMIC,75998927324600,BUY,99708.0,28,TRADE,TRADE,MNQZ5.CME@RITHMIC_20251113_230640_bedbcb11,NONE,,"{'size': 28, 'isOtc': False, 'price': 99708.0, 'data_type': 'TRADE', 'isBidAggressor': False, 'isExecutionEnd': True, 'passiveOrderId': None, 'aggressorOrderId': None, 'isExecutionStart': True, 'serialVersionUID': -5266538964320734421}",TRADE
2025-11-14 03:46:07.158000-05:00,MNQZ5.CME@RITHMIC,75998784191400,SELL,99714.0,23,TRADE,TRADE,MNQZ5.CME@RITHMIC_20251113_230640_bedbcb11,NONE,,"{'size': 23, 'isOtc': False, 'price': 99714.0, 'data_type': 'TRADE', 'isBidAggressor': True, 'isExecutionEnd': True, 'passiveOrderId': None, 'aggressorOrderId': None, 'isExecutionStart': True, 'serialVersionUID': -5266538964320734421}",TRADE
2025-11-14 03:45:57.323000-05:00,MNQZ5.CME@RITHMIC,6868911030910,SELL,24961.25,20,LIMIT,UPDATE,MNQZ5.CME@RITHMIC_20251113_230640_bedbcb11,NONE,,"{'size': 20, 'price': 99845, 'orderId': '6868911030910', 'event_type': 'REPLACE'}",MBO
2025-11-14 03:45:57.317000-05:00,MNQZ5.CME@RITHMIC,6868911030912,BUY,24901.75,20,LIMIT,UPDATE,MNQZ5.CME@RITHMIC_20251113_230640_bedbcb11,NONE,,"{'size': 20, 'price': 99607, 'orderId': '6868911030912', 'event_type': 'REPLACE'}",MBO
2025-11-14 03:45:40.502000-05:00,MNQZ5.CME@RITHMIC,75972128064400,SELL,24961.25,23,DEPTH,DEPTH,MNQZ5.CME@RITHMIC_20251113_230640_bedbcb11,NONE,,"{'size': 23, 'isBid': False, 'price': 99845, 'data_type': 'DEPTH'}",DEPTH
2025-11-14 03:45:40.476000-05:00,MNQZ5.CME@RITHMIC,75972102676800,SELL,25000.0,25,DEPTH,DEPTH,MNQZ5.CME@RITHMIC_20251113_230640_bedbcb11,NONE,,"{'size': 25, 'isBid': False, 'price': 100000, 'data_type': 'DEPTH'}",DEPTH
2025-11-14 03:45:40.270000-05:00,MNQZ5.CME@RITHMIC,75971896958000,BUY,24920.0,22,DEPTH,DEPTH,MNQZ5.CME@RITHMIC_20251113_230640_bedbcb11,NONE,,"{'size': 22, 'isBid': True, 'price': 99680, 'data_type': 'DEPTH'}",DEPTH
2025-11-14 03:45:40.168000-05:00,MNQZ5.CME@RITHMIC,75971794753200,BUY,24901.75,25,DEPTH,DEPTH,MNQZ5.CME@RITHMIC_20251113_230640_bedbcb11,NONE,,"{'size': 25, 'isBid': True, 'price': 99607, 'data_type': 'DEPTH'}",DEPTH
2025-11-14 03:45:40.152000-05:00,MNQZ5.CME@RITHMIC,75971778512300,BUY,24900.0,58,DEPTH,DEPTH,MNQZ5.CME@RITHMIC_20251113_230640_bedbcb11,NONE,,"{'size': 58, 'isBid': True, 'price': 99600, 'data_type': 'DEPTH'}",DEPTH
2025-11-14 03:45:40.118000-05:00,MNQZ5.CME@RITHMIC,75971744111200,BUY,24888.0,27,DEPTH,DEPTH,MNQZ5.CME@RITHMIC_20251113_230640_bedbcb11,NONE,,"{'size': 27, 'isBid': True, 'price': 99552, 'data_type': 'DEPTH'}",DEPTH
2025-11-14 03:45:40.015000-05:00,MNQZ5.CME@RITHMIC,75971641271500,BUY,24850.0,64,DEPTH,DEPTH,MNQZ5.CME@RITHMIC_20251113_230640_bedbcb11,NONE,,"{'size': 64, 'isBid': True, 'price': 99400, 'data_type': 'DEPTH'}",DEPTH
2025-11-14 03:45:39.987000-05:00,MNQZ5.CME@RITHMIC,75971613660400,BUY,24800.0,166,DEPTH,DEPTH,MNQZ5.CME@RITHMIC_20251113_230640_bedbcb11,NONE,,"{'size': 166, 'isBid': True, 'price': 99200, 'data_type': 'DEPTH'}",DEPTH
2025-11-14 03:45:39.379000-05:00,MNQZ5.CME@RITHMIC,75971005320100,BUY,99740.0,31,TRADE,TRADE,MNQZ5.CME@RITHMIC_20251113_230640_bedbcb11,NONE,,"{'size': 31, 'isOtc': False, 'price': 99740.0, 'data_type': 'TRADE', 'isBidAggressor': False, 'isExecutionEnd': True, 'passiveOrderId': None, 'aggressorOrderId': None, 'isExecutionStart': True, 'serialVersionUID': -5266538964320734421}",TRADE
2025-11-14 03:45:39.310000-05:00,MNQZ5.CME@RITHMIC,75970936471700,BUY,99734.0,22,TRADE,TRADE,MNQZ5.CME@RITHMIC_20251113_230640_bedbcb11,NONE,,"{'size': 22, 'isOtc': False, 'price': 99734.0, 'data_type': 'TRADE', 'isBidAggressor': False, 'isExecutionEnd': True, 'passiveOrderId': None, 'aggressorOrderId': None, 'isExecutionStart': True, 'serialVersionUID': -5266538964320734421}",TRADE
2025-11-14 03:45:39.303000-05:00,MNQZ5.CME@RITHMIC,75970929143700,BUY,99738.0,20,TRADE,TRADE,MNQZ5.CME@RITHMIC_20251113_230640_bedbcb11,NONE,,"{'size': 20, 'isOtc': False, 'price': 99738.0, 'data_type': 'TRADE', 'isBidAggressor': False, 'isExecutionEnd': True, 'passiveOrderId': None, 'aggressorOrderId': None, 'isExecutionStart': True, 'serialVersionUID': -5266538964320734421}",TRADE
2025-11-14 03:45:39.296000-05:00,MNQZ5.CME@RITHMIC,75970922110000,BUY,99715.0,23,TRADE,TRADE,MNQZ5.CME@RITHMIC_20251113_230640_bedbcb11,NONE,,"{'size': 23, 'isOtc': False, 'price': 99715.0, 'data_type': 'TRADE', 'isBidAggressor': False, 'isExecutionEnd': True, 'passiveOrderId': None, 'aggressorOrderId': None, 'isExecutionStart': True, 'serialVersionUID': -5266538964320734421}",TRADE
2025-11-14 03:45:39.280000-05:00,MNQZ5.CME@RITHMIC,75970906160300,BUY,99739.0,27,TRADE,TRADE,MNQZ5.CME@RITHMIC_20251113_230640_bedbcb11,NONE,,"{'size': 27, 'isOtc': False, 'price': 99739.0, 'data_type': 'TRADE', 'isBidAggressor': False, 'isExecutionEnd': True, 'passiveOrderId': None, 'aggressorOrderId': None, 'isExecutionStart': True, 'serialVersionUID': -5266538964320734421}",TRADE
2025-11-14 03:45:39.226000-05:00,MNQZ5.CME@RITHMIC,75970851833700,SELL,99742.0,27,TRADE,TRADE,MNQZ5.CME@RITHMIC_20251113_230640_bedbcb11,NONE,,"{'size': 27, 'isOtc': False, 'price': 99742.0, 'data_type': 'TRADE', 'isBidAggressor': True, 'isExecutionEnd': True, 'passiveOrderId': None, 'aggressorOrderId': None, 'isExecutionStart': True, 'serialVersionUID': -5266538964320734421}",TRADE
2025-11-14 03:45:39.205000-05:00,MNQZ5.CME@RITHMIC,75970830903500,SELL,99735.0,20,TRADE,TRADE,MNQZ5.CME@RITHMIC_20251113_230640_bedbcb11,NONE,,"{'size': 20, 'isOtc': False, 'price': 99735.0, 'data_type': 'TRADE', 'isBidAggressor': True, 'isExecutionEnd': True, 'passiveOrderId': None, 'aggressorOrderId': None, 'isExecutionStart': True, 'serialVersionUID': -5266538964320734421}",TRADE
2025-11-14 03:45:39.202000-05:00,MNQZ5.CME@RITHMIC,75970827659800,SELL,99743.0,28,TRADE,TRADE,MNQZ5.CME@RITHMIC_20251113_230640_bedbcb11,NONE,,"{'size': 28, 'isOtc': False, 'price': 99743.0, 'data_type': 'TRADE', 'isBidAggressor': True, 'isExecutionEnd': True, 'passiveOrderId': None, 'aggressorOrderId': None, 'isExecutionStart': True, 'serialVersionUID': -5266538964320734421}",TRADE
2025-11-14 03:45:39.192000-05:00,MNQZ5.CME@RITHMIC,75970818512400,SELL,99739.0,23,TRADE,TRADE,MNQZ5.CME@RITHMIC_20251113_230640_bedbcb11,NONE,,"{'size': 23, 'isOtc': False, 'price': 99739.0, 'data_type': 'TRADE', 'isBidAggressor': True, 'isExecutionEnd': True, 'passiveOrderId': None, 'aggressorOrderId': None, 'isExecutionStart': True, 'serialVersionUID': -5266538964320734421}",TRADE
2025-11-14 03:45:38.483000-05:00,MNQZ5.CME@RITHMIC,6868911102870,BUY,24789.75,20,LIMIT,ADD,MNQZ5.CME@RITHMIC_20251113_230640_bedbcb11,NONE,,"{'size': 20, 'isBid': True, 'price': 99159, 'orderId': '6868911102870', 'event_type': 'SEND'}",MBO
2025-11-14 03:45:25.489000-05:00,MNQZ5.CME@RITHMIC,6868911030910,SELL,24958.25,20,LIMIT,UPDATE,MNQZ5.CME@RITHMIC_20251113_230640_bedbcb11,NONE,,"{'size': 20, 'price': 99833, 'orderId': '6868911030910', 'event_type': 'REPLACE'}",MBO
2025-11-14 03:45:25.432000-05:00,MNQZ5.CME@RITHMIC,6868911030912,BUY,24899.5,20,LIMIT,UPDATE,MNQZ5.CME@RITHMIC_20251113_230640_bedbcb11,NONE,,"{'size': 20, 'price': 99598, 'orderId': '6868911030912', 'event_type': 'REPLACE'}",MBO
2025-11-14 03:45:11.731000-05:00,MNQZ5.CME@RITHMIC,75943356916300,SELL,24950.0,22,DEPTH,DEPTH,MNQZ5.CME@RITHMIC_20251113_230640_bedbcb11,NONE,,"{'size': 22, 'isBid': False, 'price': 99800, 'data_type': 'DEPTH'}",DEPTH
2025-11-14 03:45:11.693000-05:00,MNQZ5.CME@RITHMIC,75943319194400,SELL,24958.25,23,DEPTH,DEPTH,MNQZ5.CME@RITHMIC_20251113_230640_bedbcb11,NONE,,"{'size': 23, 'isBid': False, 'price': 99833, 'data_type': 'DEPTH'}",DEPTH
2025-11-14 03:45:11.623000-05:00,MNQZ5.CME@RITHMIC,75943249396100,SELL,25000.0,24,DEPTH,DEPTH,MNQZ5.CME@RITHMIC_20251113_230640_bedbcb11,NONE,,"{'size': 24, 'isBid': False, 'price': 100000, 'data_type': 'DEPTH'}",DEPTH
2025-11-14 03:45:11.527000-05:00,MNQZ5.CME@RITHMIC,75943153307000,SELL,25200.0,99,DEPTH,DEPTH,MNQZ5.CME@RITHMIC_20251113_230640_bedbcb11,NONE,,"{'size': 99, 'isBid': False, 'price': 100800, 'data_type': 'DEPTH'}",DEPTH
2025-11-14 03:45:11.522000-05:00,MNQZ5.CME@RITHMIC,75943147961400,SELL,25220.0,86,DEPTH,DEPTH,MNQZ5.CME@RITHMIC_20251113_230640_bedbcb11,NONE,,"{'size': 86, 'isBid': False, 'price': 100880, 'data_type': 'DEPTH'}",DEPTH
2025-11-14 03:45:11.515000-05:00,MNQZ5.CME@RITHMIC,75943141685400,SELL,25245.0,26,DEPTH,DEPTH,MNQZ5.CME@RITHMIC_20251113_230640_bedbcb11,NONE,,"{'size': 26, 'isBid': False, 'price': 100980, 'data_type': 'DEPTH'}",DEPTH
2025-11-14 03:45:11.294000-05:00,MNQZ5.CME@RITHMIC,75942920533000,BUY,24900.0,58,DEPTH,DEPTH,MNQZ5.CME@RITHMIC_20251113_230640_bedbcb11,NONE,,"{'size': 58, 'isBid': True, 'price': 99600, 'data_type': 'DEPTH'}",DEPTH
2025-11-14 03:45:11.291000-05:00,MNQZ5.CME@RITHMIC,75942917406800,BUY,24899.5,22,DEPTH,DEPTH,MNQZ5.CME@RITHMIC_20251113_230640_bedbcb11,NONE,,"{'size': 22, 'isBid': True, 'price': 99598, 'data_type': 'DEPTH'}",DEPTH
2025-11-14 03:45:11.254000-05:00,MNQZ5.CME@RITHMIC,75942880183700,BUY,24860.0,28,DEPTH,DEPTH,MNQZ5.CME@RITHMIC_20251113_230640_bedbcb11,NONE,,"{'size': 28, 'isBid': True, 'price': 99440, 'data_type': 'DEPTH'}",DEPTH
2025-11-14 03:45:11.188000-05:00,MNQZ5.CME@RITHMIC,75942814470000,BUY,24802.0,20,DEPTH,DEPTH,MNQZ5.CME@RITHMIC_20251113_230640_bedbcb11,NONE,,"{'size': 20, 'isBid': True, 'price': 99208, 'data_type': 'DEPTH'}",DEPTH
2025-11-14 03:45:11.183000-05:00,MNQZ5.CME@RITHMIC,75942809865300,BUY,24789.75,20,DEPTH,DEPTH,MNQZ5.CME@RITHMIC_20251113_230640_bedbcb11,NONE,,"{'size': 20, 'isBid': True, 'price': 99159, 'data_type': 'DEPTH'}",DEPTH
2025-11-14 03:45:11.163000-05:00,MNQZ5.CME@RITHMIC,75942789579500,BUY,24500.0,88,DEPTH,DEPTH,MNQZ5.CME@RITHMIC_20251113_230640_bedbcb11,NONE,,"{'size': 88, 'isBid': True, 'price': 98000, 'data_type': 'DEPTH'}",DEPTH
2025-11-14 03:45:10.439000-05:00,MNQZ5.CME@RITHMIC,75942065004400,BUY,99762.0,23,TRADE,TRADE,MNQZ5.CME@RITHMIC_20251113_230640_bedbcb11,NONE,,"{'size': 23, 'isOtc': False, 'price': 99762.0, 'data_type': 'TRADE', 'isBidAggressor': False, 'isExecutionEnd': True, 'passiveOrderId': None, 'aggressorOrderId': None, 'isExecutionStart': True, 'serialVersionUID': -5266538964320734421}",TRADE
2025-11-14 03:45:10.413000-05:00,MNQZ5.CME@RITHMIC,75942039492600,BUY,99756.0,24,TRADE,TRADE,MNQZ5.CME@RITHMIC_20251113_230640_bedbcb11,NONE,,"{'size': 24, 'isOtc': False, 'price': 99756.0, 'data_type': 'TRADE', 'isBidAggressor': False, 'isExecutionEnd': True, 'passiveOrderId': None, 'aggressorOrderId': None, 'isExecutionStart': True, 'serialVersionUID': -5266538964320734421}",TRADE
2025-11-14 03:45:10.407000-05:00,MNQZ5.CME@RITHMIC,75942032917000,BUY,99732.0,21,TRADE,TRADE,MNQZ5.CME@RITHMIC_20251113_230640_bedbcb11,NONE,,"{'size': 21, 'isOtc': False, 'price': 99732.0, 'data_type': 'TRADE', 'isBidAggressor': False, 'isExecutionEnd': True, 'passiveOrderId': None, 'aggressorOrderId': None, 'isExecutionStart': True, 'serialVersionUID': -5266538964320734421}",TRADE
2025-11-14 03:45:10.402000-05:00,MNQZ5.CME@RITHMIC,75942028398200,BUY,99757.0,27,TRADE,TRADE,MNQZ5.CME@RITHMIC_20251113_230640_bedbcb11,NONE,,"{'size': 27, 'isOtc': False, 'price': 99757.0, 'data_type': 'TRADE', 'isBidAggressor': False, 'isExecutionEnd': True, 'passiveOrderId': None, 'aggressorOrderId': None, 'isExecutionStart': True, 'serialVersionUID': -5266538964320734421}",TRADE
2025-11-14 03:45:10.362000-05:00,MNQZ5.CME@RITHMIC,75941987975100,SELL,99760.0,32,TRADE,TRADE,MNQZ5.CME@RITHMIC_20251113_230640_bedbcb11,NONE,,"{'size': 32, 'isOtc': False, 'price': 99760.0, 'data_type': 'TRADE', 'isBidAggressor': True, 'isExecutionEnd': True, 'passiveOrderId': None, 'aggressorOrderId': None, 'isExecutionStart': True, 'serialVersionUID': -5266538964320734421}",TRADE
2025-11-14 03:45:10.360000-05:00,MNQZ5.CME@RITHMIC,75941986056800,SELL,99756.0,27,TRADE,TRADE,MNQZ5.CME@RITHMIC_20251113_230640_bedbcb11,NONE,,"{'size': 27, 'isOtc': False, 'price': 99756.0, 'data_type': 'TRADE', 'isBidAggressor': True, 'isExecutionEnd': True, 'passiveOrderId': None, 'aggressorOrderId': None, 'isExecutionStart': True, 'serialVersionUID': -5266538964320734421}",TRADE
2025-11-14 03:45:10.346000-05:00,MNQZ5.CME@RITHMIC,75941972673200,SELL,99740.0,22,TRADE,TRADE,MNQZ5.CME@RITHMIC_20251113_230640_bedbcb11,NONE,,"{'size': 22, 'isOtc': False, 'price': 99740.0, 'data_type': 'TRADE', 'isBidAggressor': True, 'isExecutionEnd': True, 'passiveOrderId': None, 'aggressorOrderId': None, 'isExecutionStart': True, 'serialVersionUID': -5266538964320734421}",TRADE
2025-11-14 03:45:10.336000-05:00,MNQZ5.CME@RITHMIC,75941962128000,SELL,99765.0,29,TRADE,TRADE,MNQZ5.CME@RITHMIC_20251113_230640_bedbcb11,NONE,,"{'size': 29, 'isOtc': False, 'price': 99765.0, 'data_type': 'TRADE', 'isBidAggressor': True, 'isExecutionEnd': True, 'passiveOrderId': None, 'aggressorOrderId': None, 'isExecutionStart': True, 'serialVersionUID': -5266538964320734421}",TRADE
2025-11-14 03:45:10.332000-05:00,MNQZ5.CME@RITHMIC,75941958050700,SELL,99757.0,27,TRADE,TRADE,MNQZ5.CME@RITHMIC_20251113_230640_bedbcb11,NONE,,"{'size': 27, 'isOtc': False, 'price': 99757.0, 'data_type': 'TRADE', 'isBidAggressor': True, 'isExecutionEnd': True, 'passiveOrderId': None, 'aggressorOrderId': None, 'isExecutionStart': True, 'serialVersionUID': -5266538964320734421}",TRADE
2025-11-14 03:45:10.329000-05:00,MNQZ5.CME@RITHMIC,75941955739600,SELL,99753.0,29,TRADE,TRADE,MNQZ5.CME@RITHMIC_20251113_230640_bedbcb11,NONE,,"{'size': 29, 'isOtc': False, 'price': 99753.0, 'data_type': 'TRADE', 'isBidAggressor': True, 'isExecutionEnd': True, 'passiveOrderId': None, 'aggressorOrderId': None, 'isExecutionStart': True, 'serialVersionUID': -5266538964320734421}",TRADE
2025-11-14 03:45:10.307000-05:00,MNQZ5.CME@RITHMIC,75941933471800,SELL,99754.0,33,TRADE,TRADE,MNQZ5.CME@RITHMIC_20251113_230640_bedbcb11,NONE,,"{'size': 33, 'isOtc': False, 'price': 99754.0, 'data_type': 'TRADE', 'isBidAggressor': True, 'isExecutionEnd': True, 'passiveOrderId': None, 'aggressorOrderId': None, 'isExecutionStart': True, 'serialVersionUID': -5266538964320734421}",TRADE
2025-11-14 03:45:10.303000-05:00,MNQZ5.CME@RITHMIC,75941929015300,SELL,99762.0,22,TRADE,TRADE,MNQZ5.CME@RITHMIC_20251113_230640_bedbcb11,NONE,,"{'size': 22, 'isOtc': False, 'price': 99762.0, 'data_type': 'TRADE', 'isBidAggressor': True, 'isExecutionEnd': True, 'passiveOrderId': None, 'aggressorOrderId': None, 'isExecutionStart': True, 'serialVersionUID': -5266538964320734421}",TRADE
2025-11-14 03:45:10.285000-05:00,MNQZ5.CME@RITHMIC,75941910697300,SELL,99763.0,24,TRADE,TRADE,MNQZ5.CME@RITHMIC_20251113_230640_bedbcb11,NONE,,"{'size': 24, 'isOtc': False, 'price': 99763.0, 'data_type': 'TRADE', 'isBidAggressor': True, 'isExecutionEnd': True, 'passiveOrderId': None, 'aggressorOrderId': None, 'isExecutionStart': True, 'serialVersionUID': -5266538964320734421}",TRADE
2025-11-14 03:45:10.251000-05:00,MNQZ5.CME@RITHMIC,75941877867900,SELL,99755.0,31,TRADE,TRADE,MNQZ5.CME@RITHMIC_20251113_230640_bedbcb11,NONE,,"{'size': 31, 'isOtc': False, 'price': 99755.0, 'data_type': 'TRADE', 'isBidAggressor': True, 'isExecutionEnd': True, 'passiveOrderId': None, 'aggressorOrderId': None, 'isExecutionStart': True, 'serialVersionUID': -5266538964320734421}",TRADE
2025-11-14 03:44:55.690000-05:00,MNQZ5.CME@RITHMIC,6868911030910,SELL,24966.75,20,LIMIT,UPDATE,MNQZ5.CME@RITHMIC_20251113_230640_bedbcb11,NONE,,"{'size': 20, 'price': 99867, 'orderId': '6868911030910', 'event_type': 'REPLACE'}",MBO
2025-11-14 03:44:55.473000-05:00,MNQZ5.CME@RITHMIC,6868911030912,BUY,24906.75,20,LIMIT,UPDATE,MNQZ5.CME@RITHMIC_20251113_230640_bedbcb11,NONE,,"{'size': 20, 'price': 99627, 'orderId': '6868911030912', 'event_type': 'REPLACE'}",MBO
2025-11-14 03:44:36.235000-05:00,MNQZ5.CME@RITHMIC,75907861123700,SELL,24950.0,22,DEPTH,DEPTH,MNQZ5.CME@RITHMIC_20251113_230640_bedbcb11,NONE,,"{'size': 22, 'isBid': False, 'price': 99800, 'data_type': 'DEPTH'}",DEPTH
2025-11-14 03:44:36.152000-05:00,MNQZ5.CME@RITHMIC,75907778047600,SELL,24966.75,25,DEPTH,DEPTH,MNQZ5.CME@RITHMIC_20251113_230640_bedbcb11,NONE,,"{'size': 25, 'isBid': False, 'price': 99867, 'data_type': 'DEPTH'}",DEPTH
2025-11-14 03:44:36.118000-05:00,MNQZ5.CME@RITHMIC,75907743951500,SELL,24980.0,26,DEPTH,DEPTH,MNQZ5.CME@RITHMIC_20251113_230640_bedbcb11,NONE,,"{'size': 26, 'isBid': False, 'price': 99920, 'data_type': 'DEPTH'}",DEPTH
2025-11-14 03:44:36.076000-05:00,MNQZ5.CME@RITHMIC,75907702325600,SELL,25000.0,23,DEPTH,DEPTH,MNQZ5.CME@RITHMIC_20251113_230640_bedbcb11,NONE,,"{'size': 23, 'isBid': False, 'price': 100000, 'data_type': 'DEPTH'}",DEPTH
2025-11-14 03:44:35.984000-05:00,MNQZ5.CME@RITHMIC,75907610263500,SELL,25220.0,87,DEPTH,DEPTH,MNQZ5.CME@RITHMIC_20251113_230640_bedbcb11,NONE,,"{'size': 87, 'isBid': False, 'price': 100880, 'data_type': 'DEPTH'}",DEPTH
2025-11-14 03:44:35.721000-05:00,MNQZ5.CME@RITHMIC,75907347384400,BUY,24906.75,23,DEPTH,DEPTH,MNQZ5.CME@RITHMIC_20251113_230640_bedbcb11,NONE,,"{'size': 23, 'isBid': True, 'price': 99627, 'data_type': 'DEPTH'}",DEPTH
2025-11-14 03:44:35.687000-05:00,MNQZ5.CME@RITHMIC,75907313650400,BUY,24900.0,58,DEPTH,DEPTH,MNQZ5.CME@RITHMIC_20251113_230640_bedbcb11,NONE,,"{'size': 58, 'isBid': True, 'price': 99600, 'data_type': 'DEPTH'}",DEPTH
2025-11-14 03:44:35.623000-05:00,MNQZ5.CME@RITHMIC,75907249553500,BUY,24875.0,28,DEPTH,DEPTH,MNQZ5.CME@RITHMIC_20251113_230640_bedbcb11,NONE,,"{'size': 28, 'isBid': True, 'price': 99500, 'data_type': 'DEPTH'}",DEPTH
2025-11-14 03:44:35.618000-05:00,MNQZ5.CME@RITHMIC,75907244809000,BUY,24870.0,41,DEPTH,DEPTH,MNQZ5.CME@RITHMIC_20251113_230640_bedbcb11,NONE,,"{'size': 41, 'isBid': True, 'price': 99480, 'data_type': 'DEPTH'}",DEPTH
2025-11-14 03:44:35.572000-05:00,MNQZ5.CME@RITHMIC,75907197686600,BUY,24860.0,26,DEPTH,DEPTH,MNQZ5.CME@RITHMIC_20251113_230640_bedbcb11,NONE,,"{'size': 26, 'isBid': True, 'price': 99440, 'data_type': 'DEPTH'}",DEPTH
2025-11-14 03:44:35.503000-05:00,MNQZ5.CME@RITHMIC,75907128990700,BUY,24820.0,30,DEPTH,DEPTH,MNQZ5.CME@RITHMIC_20251113_230640_bedbcb11,NONE,,"{'size': 30, 'isBid': True, 'price': 99280, 'data_type': 'DEPTH'}",DEPTH
2025-11-14 03:44:35.492000-05:00,MNQZ5.CME@RITHMIC,75907118061600,BUY,24700.0,108,DEPTH,DEPTH,MNQZ5.CME@RITHMIC_20251113_230640_bedbcb11,NONE,,"{'size': 108, 'isBid': True, 'price': 98800, 'data_type': 'DEPTH'}",DEPTH
2025-11-14 03:44:34.526000-05:00,MNQZ5.CME@RITHMIC,75906152523200,BUY,99720.0,24,TRADE,TRADE,MNQZ5.CME@RITHMIC_20251113_230640_bedbcb11,NONE,,"{'size': 24, 'isOtc': False, 'price': 99720.0, 'data_type': 'TRADE', 'isBidAggressor': False, 'isExecutionEnd': True, 'passiveOrderId': None, 'aggressorOrderId': None, 'isExecutionStart': True, 'serialVersionUID': -5266538964320734421}",TRADE
2025-11-14 03:44:34.520000-05:00,MNQZ5.CME@RITHMIC,75906146659800,BUY,99688.0,25,TRADE,TRADE,MNQZ5.CME@RITHMIC_20251113_230640_bedbcb11,NONE,,"{'size': 25, 'isOtc': False, 'price': 99688.0, 'data_type': 'TRADE', 'isBidAggressor': False, 'isExecutionEnd': True, 'passiveOrderId': None, 'aggressorOrderId': None, 'isExecutionStart': True, 'serialVersionUID': -5266538964320734421}",TRADE
2025-11-14 03:44:34.441000-05:00,MNQZ5.CME@RITHMIC,75906067742700,BUY,99693.0,24,TRADE,TRADE,MNQZ5.CME@RITHMIC_20251113_230640_bedbcb11,NONE,,"{'size': 24, 'isOtc': False, 'price': 99693.0, 'data_type': 'TRADE', 'isBidAggressor': False, 'isExecutionEnd': True, 'passiveOrderId': None, 'aggressorOrderId': None, 'isExecutionStart': True, 'serialVersionUID': -5266538964320734421}",TRADE
2025-11-14 03:44:34.415000-05:00,MNQZ5.CME@RITHMIC,75906041449100,BUY,99719.0,21,TRADE,TRADE,MNQZ5.CME@RITHMIC_20251113_230640_bedbcb11,NONE,,"{'size': 21, 'isOtc': False, 'price': 99719.0, 'data_type': 'TRADE', 'isBidAggressor': False, 'isExecutionEnd': True, 'passiveOrderId': None, 'aggressorOrderId': None, 'isExecutionStart': True, 'serialVersionUID': -5266538964320734421}",TRADE
2025-11-14 03:44:34.394000-05:00,MNQZ5.CME@RITHMIC,75906019899300,SELL,99728.0,67,TRADE,TRADE,MNQZ5.CME@RITHMIC_20251113_230640_bedbcb11,NONE,,"{'size': 67, 'isOtc': False, 'price': 99728.0, 'data_type': 'TRADE', 'isBidAggressor': True, 'isExecutionEnd': True, 'passiveOrderId': None, 'aggressorOrderId': None, 'isExecutionStart': True, 'serialVersionUID': -5266538964320734421}",TRADE
2025-11-14 03:44:34.367000-05:00,MNQZ5.CME@RITHMIC,75905992936400,SELL,99697.0,21,TRADE,TRADE,MNQZ5.CME@RITHMIC_20251113_230640_bedbcb11,NONE,,"{'size': 21, 'isOtc': False, 'price': 99697.0, 'data_type': 'TRADE', 'isBidAggressor': True, 'isExecutionEnd': True, 'passiveOrderId': None, 'aggressorOrderId': None, 'isExecutionStart': True, 'serialVersionUID': -5266538964320734421}",TRADE
2025-11-14 03:44:34.356000-05:00,MNQZ5.CME@RITHMIC,75905982487700,SELL,99722.0,22,TRADE,TRADE,MNQZ5.CME@RITHMIC_20251113_230640_bedbcb11,NONE,,"{'size': 22, 'isOtc': False, 'price': 99722.0, 'data_type': 'TRADE', 'isBidAggressor': True, 'isExecutionEnd': True, 'passiveOrderId': None, 'aggressorOrderId': None, 'isExecutionStart': True, 'serialVersionUID': -5266538964320734421}",TRADE
2025-11-14 03:44:34.332000-05:00,MNQZ5.CME@RITHMIC,75905957875800,SELL,99691.0,21,TRADE,TRADE,MNQZ5.CME@RITHMIC_20251113_230640_bedbcb11,NONE,,"{'size': 21, 'isOtc': False, 'price': 99691.0, 'data_type': 'TRADE', 'isBidAggressor': True, 'isExecutionEnd': True, 'passiveOrderId': None, 'aggressorOrderId': None, 'isExecutionStart': True, 'serialVersionUID': -5266538964320734421}",TRADE
2025-11-14 03:44:34.294000-05:00,MNQZ5.CME@RITHMIC,75905919883600,SELL,99685.0,22,TRADE,TRADE,MNQZ5.CME@RITHMIC_20251113_230640_bedbcb11,NONE,,"{'size': 22, 'isOtc': False, 'price': 99685.0, 'data_type': 'TRADE', 'isBidAggressor': True, 'isExecutionEnd': True, 'passiveOrderId': None, 'aggressorOrderId': None, 'isExecutionStart': True, 'serialVersionUID': -5266538964320734421}",TRADE
2025-11-14 03:44:34.292000-05:00,MNQZ5.CME@RITHMIC,75905917927400,SELL,99693.0,20,TRADE,TRADE,MNQZ5.CME@RITHMIC_20251113_230640_bedbcb11,NONE,,"{'size': 20, 'isOtc': False, 'price': 99693.0, 'data_type': 'TRADE', 'isBidAggressor': True, 'isExecutionEnd': True, 'passiveOrderId': None, 'aggressorOrderId': None, 'isExecutionStart': True, 'serialVersionUID': -5266538964320734421}",TRADE
2025-11-14 03:44:34.251000-05:00,MNQZ5.CME@RITHMIC,75905877743300,SELL,99695.0,33,TRADE,TRADE,MNQZ5.CME@RITHMIC_20251113_230640_bedbcb11,NONE,,"{'size': 33, 'isOtc': False, 'price': 99695.0, 'data_type': 'TRADE', 'isBidAggressor': True, 'isExecutionEnd': True, 'passiveOrderId': None, 'aggressorOrderId': None, 'isExecutionStart': True, 'serialVersionUID': -5266538964320734421}",TRADE
2025-11-14 03:44:24.529000-05:00,MNQZ5.CME@RITHMIC,6868911030910,SELL,24959.5,20,LIMIT,UPDATE,MNQZ5.CME@RITHMIC_20251113_230640_bedbcb11,NONE,,"{'size': 20, 'price': 99838, 'orderId': '6868911030910', 'event_type': 'REPLACE'}",MBO
2025-11-14 03:44:24.525000-05:00,MNQZ5.CME@RITHMIC,6868911030912,BUY,24900.75,20,LIMIT,UPDATE,MNQZ5.CME@RITHMIC_20251113_230640_bedbcb11,NONE,,"{'size': 20, 'price': 99603, 'orderId': '6868911030912', 'event_type': 'REPLACE'}",MBO
2025-11-14 03:43:54.371000-05:00,MNQZ5.CME@RITHMIC,75865996949600,SELL,24934.0,26,DEPTH,DEPTH,MNQZ5.CME@RITHMIC_20251113_230640_bedbcb11,NONE,,"{'size': 26, 'isBid': False, 'price': 99736, 'data_type': 'DEPTH'}",DEPTH
2025-11-14 03:43:54.211000-05:00,MNQZ5.CME@RITHMIC,75865836939000,SELL,24959.5,24,DEPTH,DEPTH,MNQZ5.CME@RITHMIC_20251113_230640_bedbcb11,NONE,,"{'size': 24, 'isBid': False, 'price': 99838, 'data_type': 'DEPTH'}",DEPTH
2025-11-14 03:43:54.178000-05:00,MNQZ5.CME@RITHMIC,75865804152300,SELL,24980.0,26,DEPTH,DEPTH,MNQZ5.CME@RITHMIC_20251113_230640_bedbcb11,NONE,,"{'size': 26, 'isBid': False, 'price': 99920, 'data_type': 'DEPTH'}",DEPTH
2025-11-14 03:43:54.111000-05:00,MNQZ5.CME@RITHMIC,75865737430400,SELL,25000.0,22,DEPTH,DEPTH,MNQZ5.CME@RITHMIC_20251113_230640_bedbcb11,NONE,,"{'size': 22, 'isBid': False, 'price': 100000, 'data_type': 'DEPTH'}",DEPTH
2025-11-14 03:43:54.016000-05:00,MNQZ5.CME@RITHMIC,75865642336800,SELL,25150.0,49,DEPTH,DEPTH,MNQZ5.CME@RITHMIC_20251113_230640_bedbcb11,NONE,,"{'size': 49, 'isBid': False, 'price': 100600, 'data_type': 'DEPTH'}",DEPTH
2025-11-14 03:43:53.987000-05:00,MNQZ5.CME@RITHMIC,75865613287500,SELL,25220.0,86,DEPTH,DEPTH,MNQZ5.CME@RITHMIC_20251113_230640_bedbcb11,NONE,,"{'size': 86, 'isBid': False, 'price': 100880, 'data_type': 'DEPTH'}",DEPTH
2025-11-14 03:43:53.713000-05:00,MNQZ5.CME@RITHMIC,75865339313300,BUY,24900.75,23,DEPTH,DEPTH,MNQZ5.CME@RITHMIC_20251113_230640_bedbcb11,NONE,,"{'size': 23, 'isBid': True, 'price': 99603, 'data_type': 'DEPTH'}",DEPTH
2025-11-14 03:43:53.708000-05:00,MNQZ5.CME@RITHMIC,75865334594800,BUY,24900.0,61,DEPTH,DEPTH,MNQZ5.CME@RITHMIC_20251113_230640_bedbcb11,NONE,,"{'size': 61, 'isBid': True, 'price': 99600, 'data_type': 'DEPTH'}",DEPTH
2025-11-14 03:43:53.637000-05:00,MNQZ5.CME@RITHMIC,75865263182900,BUY,24890.0,20,DEPTH,DEPTH,MNQZ5.CME@RITHMIC_20251113_230640_bedbcb11,NONE,,"{'size': 20, 'isBid': True, 'price': 99560, 'data_type': 'DEPTH'}",DEPTH
2025-11-14 03:43:53.625000-05:00,MNQZ5.CME@RITHMIC,75865250635300,BUY,24888.0,28,DEPTH,DEPTH,MNQZ5.CME@RITHMIC_20251113_230640_bedbcb11,NONE,,"{'size': 28, 'isBid': True, 'price': 99552, 'data_type': 'DEPTH'}",DEPTH
2025-11-14 03:43:53.600000-05:00,MNQZ5.CME@RITHMIC,75865225841400,BUY,24880.0,42,DEPTH,DEPTH,MNQZ5.CME@RITHMIC_20251113_230640_bedbcb11,NONE,,"{'size': 42, 'isBid': True, 'price': 99520, 'data_type': 'DEPTH'}",DEPTH
2025-11-14 03:43:53.596000-05:00,MNQZ5.CME@RITHMIC,75865222157700,BUY,24875.0,27,DEPTH,DEPTH,MNQZ5.CME@RITHMIC_20251113_230640_bedbcb11,NONE,,"{'size': 27, 'isBid': True, 'price': 99500, 'data_type': 'DEPTH'}",DEPTH
2025-11-14 03:43:53.524000-05:00,MNQZ5.CME@RITHMIC,75865150060800,BUY,24850.0,64,DEPTH,DEPTH,MNQZ5.CME@RITHMIC_20251113_230640_bedbcb11,NONE,,"{'size': 64, 'isBid': True, 'price': 99400, 'data_type': 'DEPTH'}",DEPTH
2025-11-14 03:43:53.451000-05:00,MNQZ5.CME@RITHMIC,75865077096700,BUY,24840.0,20,DEPTH,DEPTH,MNQZ5.CME@RITHMIC_20251113_230640_bedbcb11,NONE,,"{'size': 20, 'isBid': True, 'price': 99360, 'data_type': 'DEPTH'}",DEPTH
2025-11-14 03:43:53.440000-05:00,MNQZ5.CME@RITHMIC,75865066731000,BUY,24820.0,27,DEPTH,DEPTH,MNQZ5.CME@RITHMIC_20251113_230640_bedbcb11,NONE,,"{'size': 27, 'isBid': True, 'price': 99280, 'data_type': 'DEPTH'}",DEPTH
2025-11-14 03:43:53.436000-05:00,MNQZ5.CME@RITHMIC,75865061880500,BUY,24810.0,24,DEPTH,DEPTH,MNQZ5.CME@RITHMIC_20251113_230640_bedbcb11,NONE,,"{'size': 24, 'isBid': True, 'price': 99240, 'data_type': 'DEPTH'}",DEPTH
2025-11-14 03:43:53.429000-05:00,MNQZ5.CME@RITHMIC,75865055097800,BUY,24805.0,22,DEPTH,DEPTH,MNQZ5.CME@RITHMIC_20251113_230640_bedbcb11,NONE,,"{'size': 22, 'isBid': True, 'price': 99220, 'data_type': 'DEPTH'}",DEPTH
2025-11-14 03:43:53.420000-05:00,MNQZ5.CME@RITHMIC,75865046801000,BUY,24800.0,165,DEPTH,DEPTH,MNQZ5.CME@RITHMIC_20251113_230640_bedbcb11,NONE,,"{'size': 165, 'isBid': True, 'price': 99200, 'data_type': 'DEPTH'}",DEPTH
2025-11-14 03:43:53.409000-05:00,MNQZ5.CME@RITHMIC,75865035802900,BUY,24750.0,51,DEPTH,DEPTH,MNQZ5.CME@RITHMIC_20251113_230640_bedbcb11,NONE,,"{'size': 51, 'isBid': True, 'price': 99000, 'data_type': 'DEPTH'}",DEPTH
2025-11-14 03:43:53.374000-05:00,MNQZ5.CME@RITHMIC,75865000834400,BUY,24600.0,38,DEPTH,DEPTH,MNQZ5.CME@RITHMIC_20251113_230640_bedbcb11,NONE,,"{'size': 38, 'isBid': True, 'price': 98400, 'data_type': 'DEPTH'}",DEPTH
2025-11-14 03:43:53.371000-05:00,MNQZ5.CME@RITHMIC,75864997032700,BUY,24500.0,86,DEPTH,DEPTH,MNQZ5.CME@RITHMIC_20251113_230640_bedbcb11,NONE,,"{'size': 86, 'isBid': True, 'price': 98000, 'data_type': 'DEPTH'}",DEPTH
2025-11-14 03:43:52.037000-05:00,MNQZ5.CME@RITHMIC,75863663596700,BUY,99616.0,25,TRADE,TRADE,MNQZ5.CME@RITHMIC_20251113_230640_bedbcb11,NONE,,"{'size': 25, 'isOtc': False, 'price': 99616.0, 'data_type': 'TRADE', 'isBidAggressor': False, 'isExecutionEnd': True, 'passiveOrderId': None, 'aggressorOrderId': None, 'isExecutionStart': True, 'serialVersionUID': -5266538964320734421}",TRADE
2025-11-14 03:43:52.035000-05:00,MNQZ5.CME@RITHMIC,75863661495100,BUY,99600.0,80,TRADE,TRADE,MNQZ5.CME@RITHMIC_20251113_230640_bedbcb11,NONE,,"{'size': 80, 'isOtc': False, 'price': 99600.0, 'data_type': 'TRADE', 'isBidAggressor': False, 'isExecutionEnd': True, 'passiveOrderId': None, 'aggressorOrderId': None, 'isExecutionStart': True, 'serialVersionUID': -5266538964320734421}",TRADE
2025-11-14 03:43:52.033000-05:00,MNQZ5.CME@RITHMIC,75863659057900,BUY,99624.0,25,TRADE,TRADE,MNQZ5.CME@RITHMIC_20251113_230640_bedbcb11,NONE,,"{'size': 25, 'isOtc': False, 'price': 99624.0, 'data_type': 'TRADE', 'isBidAggressor': False, 'isExecutionEnd': True, 'passiveOrderId': None, 'aggressorOrderId': None, 'isExecutionStart': True, 'serialVersionUID': -5266538964320734421}",TRADE
2025-11-14 03:43:52.029000-05:00,MNQZ5.CME@RITHMIC,75863655025400,BUY,99625.0,26,TRADE,TRADE,MNQZ5.CME@RITHMIC_20251113_230640_bedbcb11,NONE,,"{'size': 26, 'isOtc': False, 'price': 99625.0, 'data_type': 'TRADE', 'isBidAggressor': False, 'isExecutionEnd': True, 'passiveOrderId': None, 'aggressorOrderId': None, 'isExecutionStart': True, 'serialVersionUID': -5266538964320734421}",TRADE
2025-11-14 03:43:51.984000-05:00,MNQZ5.CME@RITHMIC,75863610676300,BUY,99626.0,33,TRADE,TRADE,MNQZ5.CME@RITHMIC_20251113_230640_bedbcb11,NONE,,"{'size': 33, 'isOtc': False, 'price': 99626.0, 'data_type': 'TRADE', 'isBidAggressor': False, 'isExecutionEnd': True, 'passiveOrderId': None, 'aggressorOrderId': None, 'isExecutionStart': True, 'serialVersionUID': -5266538964320734421}",TRADE
2025-11-14 03:43:51.957000-05:00,MNQZ5.CME@RITHMIC,75863583587400,BUY,99611.0,33,TRADE,TRADE,MNQZ5.CME@RITHMIC_20251113_230640_bedbcb11,NONE,,"{'size': 33, 'isOtc': False, 'price': 99611.0, 'data_type': 'TRADE', 'isBidAggressor': False, 'isExecutionEnd': True, 'passiveOrderId': None, 'aggressorOrderId': None, 'isExecutionStart': True, 'serialVersionUID': -5266538964320734421}",TRADE
2025-11-14 03:43:51.955000-05:00,MNQZ5.CME@RITHMIC,75863581405700,BUY,99627.0,31,TRADE,TRADE,MNQZ5.CME@RITHMIC_20251113_230640_bedbcb11,NONE,,"{'size': 31, 'isOtc': False, 'price': 99627.0, 'data_type': 'TRADE', 'isBidAggressor': False, 'isExecutionEnd': True, 'passiveOrderId': None, 'aggressorOrderId': None, 'isExecutionStart': True, 'serialVersionUID': -5266538964320734421}",TRADE
2025-11-14 03:43:51.953000-05:00,MNQZ5.CME@RITHMIC,75863579225000,BUY,99619.0,31,TRADE,TRADE,MNQZ5.CME@RITHMIC_20251113_230640_bedbcb11,NONE,,"{'size': 31, 'isOtc': False, 'price': 99619.0, 'data_type': 'TRADE', 'isBidAggressor': False, 'isExecutionEnd': True, 'passiveOrderId': None, 'aggressorOrderId': None, 'isExecutionStart': True, 'serialVersionUID': -5266538964320734421}",TRADE
2025-11-14 03:43:51.938000-05:00,MNQZ5.CME@RITHMIC,75863563982400,BUY,99628.0,37,TRADE,TRADE,MNQZ5.CME@RITHMIC_20251113_230640_bedbcb11,NONE,,"{'size': 37, 'isOtc': False, 'price': 99628.0, 'data_type': 'TRADE', 'isBidAggressor': False, 'isExecutionEnd': True, 'passiveOrderId': None, 'aggressorOrderId': None, 'isExecutionStart': True, 'serialVersionUID': -5266538964320734421}",TRADE
2025-11-14 03:43:51.936000-05:00,MNQZ5.CME@RITHMIC,75863561833200,BUY,99604.0,20,TRADE,TRADE,MNQZ5.CME@RITHMIC_20251113_230640_bedbcb11,NONE,,"{'size': 20, 'isOtc': False, 'price': 99604.0, 'data_type': 'TRADE', 'isBidAggressor': False, 'isExecutionEnd': True, 'passiveOrderId': None, 'aggressorOrderId': None, 'isExecutionStart': True, 'serialVersionUID': -5266538964320734421}",TRADE
2025-11-14 03:43:51.934000-05:00,MNQZ5.CME@RITHMIC,75863559724100,BUY,99612.0,34,TRADE,TRADE,MNQZ5.CME@RITHMIC_20251113_230640_bedbcb11,NONE,,"{'size': 34, 'isOtc': False, 'price': 99612.0, 'data_type': 'TRADE', 'isBidAggressor': False, 'isExecutionEnd': True, 'passiveOrderId': None, 'aggressorOrderId': None, 'isExecutionStart': True, 'serialVersionUID': -5266538964320734421}",TRADE
2025-11-14 03:43:51.931000-05:00,MNQZ5.CME@RITHMIC,75863557427000,BUY,99620.0,27,TRADE,TRADE,MNQZ5.CME@RITHMIC_20251113_230640_bedbcb11,NONE,,"{'size': 27, 'isOtc': False, 'price': 99620.0, 'data_type': 'TRADE', 'isBidAggressor': False, 'isExecutionEnd': True, 'passiveOrderId': None, 'aggressorOrderId': None, 'isExecutionStart': True, 'serialVersionUID': -5266538964320734421}",TRADE
2025-11-14 03:43:51.918000-05:00,MNQZ5.CME@RITHMIC,75863543920100,BUY,99629.0,32,TRADE,TRADE,MNQZ5.CME@RITHMIC_20251113_230640_bedbcb11,NONE,,"{'size': 32, 'isOtc': False, 'price': 99629.0, 'data_type': 'TRADE', 'isBidAggressor': False, 'isExecutionEnd': True, 'passiveOrderId': None, 'aggressorOrderId': None, 'isExecutionStart': True, 'serialVersionUID': -5266538964320734421}",TRADE
2025-11-14 03:43:51.916000-05:00,MNQZ5.CME@RITHMIC,75863541960400,BUY,99605.0,20,TRADE,TRADE,MNQZ5.CME@RITHMIC_20251113_230640_bedbcb11,NONE,,"{'size': 20, 'isOtc': False, 'price': 99605.0, 'data_type': 'TRADE', 'isBidAggressor': False, 'isExecutionEnd': True, 'passiveOrderId': None, 'aggressorOrderId': None, 'isExecutionStart': True, 'serialVersionUID': -5266538964320734421}",TRADE
2025-11-14 03:43:51.911000-05:00,MNQZ5.CME@RITHMIC,75863537977200,BUY,99621.0,49,TRADE,TRADE,MNQZ5.CME@RITHMIC_20251113_230640_bedbcb11,NONE,,"{'size': 49, 'isOtc': False, 'price': 99621.0, 'data_type': 'TRADE', 'isBidAggressor': False, 'isExecutionEnd': True, 'passiveOrderId': None, 'aggressorOrderId': None, 'isExecutionStart': True, 'serialVersionUID': -5266538964320734421}",TRADE
2025-11-14 03:43:51.894000-05:00,MNQZ5.CME@RITHMIC,75863520143500,BUY,99606.0,20,TRADE,TRADE,MNQZ5.CME@RITHMIC_20251113_230640_bedbcb11,NONE,,"{'size': 20, 'isOtc': False, 'price': 99606.0, 'data_type': 'TRADE', 'isBidAggressor': False, 'isExecutionEnd': True, 'passiveOrderId': None, 'aggressorOrderId': None, 'isExecutionStart': True, 'serialVersionUID': -5266538964320734421}",TRADE
2025-11-14 03:43:51.892000-05:00,MNQZ5.CME@RITHMIC,75863518072700,BUY,99614.0,20,TRADE,TRADE,MNQZ5.CME@RITHMIC_20251113_230640_bedbcb11,NONE,,"{'size': 20, 'isOtc': False, 'price': 99614.0, 'data_type': 'TRADE', 'isBidAggressor': False, 'isExecutionEnd': True, 'passiveOrderId': None, 'aggressorOrderId': None, 'isExecutionStart': True, 'serialVersionUID': -5266538964320734421}",TRADE
2025-11-14 03:43:51.890000-05:00,MNQZ5.CME@RITHMIC,75863516181700,BUY,99622.0,46,TRADE,TRADE,MNQZ5.CME@RITHMIC_20251113_230640_bedbcb11,NONE,,"{'size': 46, 'isOtc': False, 'price': 99622.0, 'data_type': 'TRADE', 'isBidAggressor': False, 'isExecutionEnd': True, 'passiveOrderId': None, 'aggressorOrderId': None, 'isExecutionStart': True, 'serialVersionUID': -5266538964320734421}",TRADE
2025-11-14 03:43:51.855000-05:00,MNQZ5.CME@RITHMIC,75863480534500,BUY,99623.0,42,TRADE,TRADE,MNQZ5.CME@RITHMIC_20251113_230640_bedbcb11,NONE,,"{'size': 42, 'isOtc': False, 'price': 99623.0, 'data_type': 'TRADE', 'isBidAggressor': False, 'isExecutionEnd': True, 'passiveOrderId': None, 'aggressorOrderId': None, 'isExecutionStart': True, 'serialVersionUID': -5266538964320734421}",TRADE
2025-11-14 03:43:51.841000-05:00,MNQZ5.CME@RITHMIC,75863467259800,SELL,99664.0,22,TRADE,TRADE,MNQZ5.CME@RITHMIC_20251113_230640_bedbcb11,NONE,,"{'size': 22, 'isOtc': False, 'price': 99664.0, 'data_type': 'TRADE', 'isBidAggressor': True, 'isExecutionEnd': True, 'passiveOrderId': None, 'aggressorOrderId': None, 'isExecutionStart': True, 'serialVersionUID': -5266538964320734421}",TRADE
2025-11-14 03:43:51.832000-05:00,MNQZ5.CME@RITHMIC,75863458713000,SELL,99616.0,22,TRADE,TRADE,MNQZ5.CME@RITHMIC_20251113_230640_bedbcb11,NONE,,"{'size': 22, 'isOtc': False, 'price': 99616.0, 'data_type': 'TRADE', 'isBidAggressor': True, 'isExecutionEnd': True, 'passiveOrderId': None, 'aggressorOrderId': None, 'isExecutionStart': True, 'serialVersionUID': -5266538964320734421}",TRADE
2025-11-14 03:43:51.830000-05:00,MNQZ5.CME@RITHMIC,75863456363800,SELL,99624.0,41,TRADE,TRADE,MNQZ5.CME@RITHMIC_20251113_230640_bedbcb11,NONE,,"{'size': 41, 'isOtc': False, 'price': 99624.0, 'data_type': 'TRADE', 'isBidAggressor': True, 'isExecutionEnd': True, 'passiveOrderId': None, 'aggressorOrderId': None, 'isExecutionStart': True, 'serialVersionUID': -5266538964320734421}",TRADE
2025-11-14 03:43:51.828000-05:00,MNQZ5.CME@RITHMIC,75863454162300,SELL,99632.0,20,TRADE,TRADE,MNQZ5.CME@RITHMIC_20251113_230640_bedbcb11,NONE,,"{'size': 20, 'isOtc': False, 'price': 99632.0, 'data_type': 'TRADE', 'isBidAggressor': True, 'isExecutionEnd': True, 'passiveOrderId': None, 'aggressorOrderId': None, 'isExecutionStart': True, 'serialVersionUID': -5266538964320734421}",TRADE
2025-11-14 03:43:51.808000-05:00,MNQZ5.CME@RITHMIC,75863434368900,SELL,99625.0,29,TRADE,TRADE,MNQZ5.CME@RITHMIC_20251113_230640_bedbcb11,NONE,,"{'size': 29, 'isOtc': False, 'price': 99625.0, 'data_type': 'TRADE', 'isBidAggressor': True, 'isExecutionEnd': True, 'passiveOrderId': None, 'aggressorOrderId': None, 'isExecutionStart': True, 'serialVersionUID': -5266538964320734421}",TRADE
2025-11-14 03:43:51.804000-05:00,MNQZ5.CME@RITHMIC,75863430363300,SELL,99617.0,29,TRADE,TRADE,MNQZ5.CME@RITHMIC_20251113_230640_bedbcb11,NONE,,"{'size': 29, 'isOtc': False, 'price': 99617.0, 'data_type': 'TRADE', 'isBidAggressor': True, 'isExecutionEnd': True, 'passiveOrderId': None, 'aggressorOrderId': None, 'isExecutionStart': True, 'serialVersionUID': -5266538964320734421}",TRADE
2025-11-14 03:43:51.779000-05:00,MNQZ5.CME@RITHMIC,75863404818500,SELL,99626.0,41,TRADE,TRADE,MNQZ5.CME@RITHMIC_20251113_230640_bedbcb11,NONE,,"{'size': 41, 'isOtc': False, 'price': 99626.0, 'data_type': 'TRADE', 'isBidAggressor': True, 'isExecutionEnd': True, 'passiveOrderId': None, 'aggressorOrderId': None, 'isExecutionStart': True, 'serialVersionUID': -5266538964320734421}",TRADE
2025-11-14 03:43:51.752000-05:00,MNQZ5.CME@RITHMIC,75863378655600,SELL,99619.0,27,TRADE,TRADE,MNQZ5.CME@RITHMIC_20251113_230640_bedbcb11,NONE,,"{'size': 27, 'isOtc': False, 'price': 99619.0, 'data_type': 'TRADE', 'isBidAggressor': True, 'isExecutionEnd': True, 'passiveOrderId': None, 'aggressorOrderId': None, 'isExecutionStart': True, 'serialVersionUID': -5266538964320734421}",TRADE
2025-11-14 03:43:51.747000-05:00,MNQZ5.CME@RITHMIC,75863373684200,SELL,99627.0,23,TRADE,TRADE,MNQZ5.CME@RITHMIC_20251113_230640_bedbcb11,NONE,,"{'size': 23, 'isOtc': False, 'price': 99627.0, 'data_type': 'TRADE', 'isBidAggressor': True, 'isExecutionEnd': True, 'passiveOrderId': None, 'aggressorOrderId': None, 'isExecutionStart': True, 'serialVersionUID': -5266538964320734421}",TRADE
2025-11-14 03:43:51.720000-05:00,MNQZ5.CME@RITHMIC,75863346005400,SELL,99612.0,20,TRADE,TRADE,MNQZ5.CME@RITHMIC_20251113_230640_bedbcb11,NONE,,"{'size': 20, 'isOtc': False, 'price': 99612.0, 'data_type': 'TRADE', 'isBidAggressor': True, 'isExecutionEnd': True, 'passiveOrderId': None, 'aggressorOrderId': None, 'isExecutionStart': True, 'serialVersionUID': -5266538964320734421}",TRADE
2025-11-14 03:43:51.717000-05:00,MNQZ5.CME@RITHMIC,75863343322300,SELL,99620.0,27,TRADE,TRADE,MNQZ5.CME@RITHMIC_20251113_230640_bedbcb11,NONE,,"{'size': 27, 'isOtc': False, 'price': 99620.0, 'data_type': 'TRADE', 'isBidAggressor': True, 'isExecutionEnd': True, 'passiveOrderId': None, 'aggressorOrderId': None, 'isExecutionStart': True, 'serialVersionUID': -5266538964320734421}",TRADE
2025-11-14 03:43:51.715000-05:00,MNQZ5.CME@RITHMIC,75863341013700,SELL,99628.0,32,TRADE,TRADE,MNQZ5.CME@RITHMIC_20251113_230640_bedbcb11,NONE,,"{'size': 32, 'isOtc': False, 'price': 99628.0, 'data_type': 'TRADE', 'isBidAggressor': True, 'isExecutionEnd': True, 'passiveOrderId': None, 'aggressorOrderId': None, 'isExecutionStart': True, 'serialVersionUID': -5266538964320734421}",TRADE
2025-11-14 03:43:51.692000-05:00,MNQZ5.CME@RITHMIC,75863317895900,SELL,99629.0,20,TRADE,TRADE,MNQZ5.CME@RITHMIC_20251113_230640_bedbcb11,NONE,,"{'size': 20, 'isOtc': False, 'price': 99629.0, 'data_type': 'TRADE', 'isBidAggressor': True, 'isExecutionEnd': True, 'passiveOrderId': None, 'aggressorOrderId': None, 'isExecutionStart': True, 'serialVersionUID': -5266538964320734421}",TRADE
2025-11-14 03:43:51.688000-05:00,MNQZ5.CME@RITHMIC,75863313565700,SELL,99613.0,25,TRADE,TRADE,MNQZ5.CME@RITHMIC_20251113_230640_bedbcb11,NONE,,"{'size': 25, 'isOtc': False, 'price': 99613.0, 'data_type': 'TRADE', 'isBidAggressor': True, 'isExecutionEnd': True, 'passiveOrderId': None, 'aggressorOrderId': None, 'isExecutionStart': True, 'serialVersionUID': -5266538964320734421}",TRADE
2025-11-14 03:43:51.685000-05:00,MNQZ5.CME@RITHMIC,75863311627200,SELL,99621.0,26,TRADE,TRADE,MNQZ5.CME@RITHMIC_20251113_230640_bedbcb11,NONE,,"{'size': 26, 'isOtc': False, 'price': 99621.0, 'data_type': 'TRADE', 'isBidAggressor': True, 'isExecutionEnd': True, 'passiveOrderId': None, 'aggressorOrderId': None, 'isExecutionStart': True, 'serialVersionUID': -5266538964320734421}",TRADE
2025-11-14 03:43:51.656000-05:00,MNQZ5.CME@RITHMIC,75863282551900,SELL,99630.0,25,TRADE,TRADE,MNQZ5.CME@RITHMIC_20251113_230640_bedbcb11,NONE,,"{'size': 25, 'isOtc': False, 'price': 99630.0, 'data_type': 'TRADE', 'isBidAggressor': True, 'isExecutionEnd': True, 'passiveOrderId': None, 'aggressorOrderId': None, 'isExecutionStart': True, 'serialVersionUID': -5266538964320734421}",TRADE
2025-11-14 03:43:51.651000-05:00,MNQZ5.CME@RITHMIC,75863277543100,SELL,99614.0,33,TRADE,TRADE,MNQZ5.CME@RITHMIC_20251113_230640_bedbcb11,NONE,,"{'size': 33, 'isOtc': False, 'price': 99614.0, 'data_type': 'TRADE', 'isBidAggressor': True, 'isExecutionEnd': True, 'passiveOrderId': None, 'aggressorOrderId': None, 'isExecutionStart': True, 'serialVersionUID': -5266538964320734421}",TRADE
2025-11-14 03:43:51.648000-05:00,MNQZ5.CME@RITHMIC,75863274775900,SELL,99622.0,27,TRADE,TRADE,MNQZ5.CME@RITHMIC_20251113_230640_bedbcb11,NONE,,"{'size': 27, 'isOtc': False, 'price': 99622.0, 'data_type': 'TRADE', 'isBidAggressor': True, 'isExecutionEnd': True, 'passiveOrderId': None, 'aggressorOrderId': None, 'isExecutionStart': True, 'serialVersionUID': -5266538964320734421}",TRADE
2025-11-14 03:43:51.628000-05:00,MNQZ5.CME@RITHMIC,75863253731200,SELL,99631.0,42,TRADE,TRADE,MNQZ5.CME@RITHMIC_20251113_230640_bedbcb11,NONE,,"{'size': 42, 'isOtc': False, 'price': 99631.0, 'data_type': 'TRADE', 'isBidAggressor': True, 'isExecutionEnd': True, 'passiveOrderId': None, 'aggressorOrderId': None, 'isExecutionStart': True, 'serialVersionUID': -5266538964320734421}",TRADE
2025-11-14 03:43:51.622000-05:00,MNQZ5.CME@RITHMIC,75863248240900,SELL,99623.0,51,TRADE,TRADE,MNQZ5.CME@RITHMIC_20251113_230640_bedbcb11,NONE,,"{'size': 51, 'isOtc': False, 'price': 99623.0, 'data_type': 'TRADE', 'isBidAggressor': True, 'isExecutionEnd': True, 'passiveOrderId': None, 'aggressorOrderId': None, 'isExecutionStart': True, 'serialVersionUID': -5266538964320734421}",TRADE
2025-11-14 03:43:51.619000-05:00,MNQZ5.CME@RITHMIC,75863245019400,SELL,99615.0,35,TRADE,TRADE,MNQZ5.CME@RITHMIC_20251113_230640_bedbcb11,NONE,,"{'size': 35, 'isOtc': False, 'price': 99615.0, 'data_type': 'TRADE', 'isBidAggressor': True, 'isExecutionEnd': True, 'passiveOrderId': None, 'aggressorOrderId': None, 'isExecutionStart': True, 'serialVersionUID': -5266538964320734421}",TRADE
2025-11-14 03:43:51.154000-05:00,MNQZ5.CME@RITHMIC,6868911030910,SELL,24950.0,20,LIMIT,ADD,MNQZ5.CME@RITHMIC_20251113_230640_bedbcb11,NONE,,"{'size': 20, 'isBid': False, 'price': 99800, 'orderId': '6868911030910', 'event_type': 'SEND'}",MBO
2025-11-14 03:43:51.150000-05:00,MNQZ5.CME@RITHMIC,6868911030912,BUY,24889.5,20,LIMIT,ADD,MNQZ5.CME@RITHMIC_20251113_230640_bedbcb11,NONE,,"{'size': 20, 'isBid': True, 'price': 99558, 'orderId': '6868911030912', 'event_type': 'SEND'}",MBO
2025-11-14 03:42:58.282000-05:00,MNQZ5.CME@RITHMIC,75809907936100,SELL,24950.0,37,DEPTH,DEPTH,MNQZ5.CME@RITHMIC_20251113_230640_bedbcb11,NONE,,"{'size': 37, 'isBid': False, 'price': 99800, 'data_type': 'DEPTH'}",DEPTH
2025-11-14 03:42:58.208000-05:00,MNQZ5.CME@RITHMIC,75809834279800,SELL,24980.0,28,DEPTH,DEPTH,MNQZ5.CME@RITHMIC_20251113_230640_bedbcb11,NONE,,"{'size': 28, 'isBid': False, 'price': 99920, 'data_type': 'DEPTH'}",DEPTH
2025-11-14 03:42:58.049000-05:00,MNQZ5.CME@RITHMIC,75809675909000,SELL,25050.0,56,DEPTH,DEPTH,MNQZ5.CME@RITHMIC_20251113_230640_bedbcb11,NONE,,"{'size': 56, 'isBid': False, 'price': 100200, 'data_type': 'DEPTH'}",DEPTH
2025-11-14 03:42:58.042000-05:00,MNQZ5.CME@RITHMIC,75809668149900,SELL,25100.0,42,DEPTH,DEPTH,MNQZ5.CME@RITHMIC_20251113_230640_bedbcb11,NONE,,"{'size': 42, 'isBid': False, 'price': 100400, 'data_type': 'DEPTH'}",DEPTH
2025-11-14 03:42:58.037000-05:00,MNQZ5.CME@RITHMIC,75809663665400,SELL,25150.0,46,DEPTH,DEPTH,MNQZ5.CME@RITHMIC_20251113_230640_bedbcb11,NONE,,"{'size': 46, 'isBid': False, 'price': 100600, 'data_type': 'DEPTH'}",DEPTH
2025-11-14 03:42:58.013000-05:00,MNQZ5.CME@RITHMIC,75809639824500,SELL,25200.0,98,DEPTH,DEPTH,MNQZ5.CME@RITHMIC_20251113_230640_bedbcb11,NONE,,"{'size': 98, 'isBid': False, 'price': 100800, 'data_type': 'DEPTH'}",DEPTH
2025-11-14 03:42:58.006000-05:00,MNQZ5.CME@RITHMIC,75809632019400,SELL,25220.0,89,DEPTH,DEPTH,MNQZ5.CME@RITHMIC_20251113_230640_bedbcb11,NONE,,"{'size': 89, 'isBid': False, 'price': 100880, 'data_type': 'DEPTH'}",DEPTH
2025-11-14 03:42:57.998000-05:00,MNQZ5.CME@RITHMIC,75809624389400,SELL,25300.0,92,DEPTH,DEPTH,MNQZ5.CME@RITHMIC_20251113_230640_bedbcb11,NONE,,"{'size': 92, 'isBid': False, 'price': 101200, 'data_type': 'DEPTH'}",DEPTH
2025-11-14 03:42:57.987000-05:00,MNQZ5.CME@RITHMIC,75809613405800,SELL,25900.0,50,DEPTH,DEPTH,MNQZ5.CME@RITHMIC_20251113_230640_bedbcb11,NONE,,"{'size': 50, 'isBid': False, 'price': 103600, 'data_type': 'DEPTH'}",DEPTH
2025-11-14 03:42:57.986000-05:00,MNQZ5.CME@RITHMIC,75809611776100,SELL,26500.0,30,DEPTH,DEPTH,MNQZ5.CME@RITHMIC_20251113_230640_bedbcb11,NONE,,"{'size': 30, 'isBid': False, 'price': 106000, 'data_type': 'DEPTH'}",DEPTH
2025-11-14 03:42:57.794000-05:00,MNQZ5.CME@RITHMIC,75809419705800,BUY,24900.0,62,DEPTH,DEPTH,MNQZ5.CME@RITHMIC_20251113_230640_bedbcb11,NONE,,"{'size': 62, 'isBid': True, 'price': 99600, 'data_type': 'DEPTH'}",DEPTH
2025-11-14 03:42:57.715000-05:00,MNQZ5.CME@RITHMIC,75809341634900,BUY,24890.0,22,DEPTH,DEPTH,MNQZ5.CME@RITHMIC_20251113_230640_bedbcb11,NONE,,"{'size': 22, 'isBid': True, 'price': 99560, 'data_type': 'DEPTH'}",DEPTH
2025-11-14 03:42:57.712000-05:00,MNQZ5.CME@RITHMIC,75809337912900,BUY,24889.5,24,DEPTH,DEPTH,MNQZ5.CME@RITHMIC_20251113_230640_bedbcb11,NONE,,"{'size': 24, 'isBid': True, 'price': 99558, 'data_type': 'DEPTH'}",DEPTH
2025-11-14 03:42:57.701000-05:00,MNQZ5.CME@RITHMIC,75809327944400,BUY,24888.0,28,DEPTH,DEPTH,MNQZ5.CME@RITHMIC_20251113_230640_bedbcb11,NONE,,"{'size': 28, 'isBid': True, 'price': 99552, 'data_type': 'DEPTH'}",DEPTH
2025-11-14 03:42:57.652000-05:00,MNQZ5.CME@RITHMIC,75809278136200,BUY,24880.0,49,DEPTH,DEPTH,MNQZ5.CME@RITHMIC_20251113_230640_bedbcb11,NONE,,"{'size': 49, 'isBid': True, 'price': 99520, 'data_type': 'DEPTH'}",DEPTH
2025-11-14 03:42:57.641000-05:00,MNQZ5.CME@RITHMIC,75809267410800,BUY,24878.0,23,DEPTH,DEPTH,MNQZ5.CME@RITHMIC_20251113_230640_bedbcb11,NONE,,"{'size': 23, 'isBid': True, 'price': 99512, 'data_type': 'DEPTH'}",DEPTH
2025-11-14 03:42:57.624000-05:00,MNQZ5.CME@RITHMIC,75809250720700,BUY,24875.0,26,DEPTH,DEPTH,MNQZ5.CME@RITHMIC_20251113_230640_bedbcb11,NONE,,"{'size': 26, 'isBid': True, 'price': 99500, 'data_type': 'DEPTH'}",DEPTH
2025-11-14 03:42:57.609000-05:00,MNQZ5.CME@RITHMIC,75809235562100,BUY,24870.0,42,DEPTH,DEPTH,MNQZ5.CME@RITHMIC_20251113_230640_bedbcb11,NONE,,"{'size': 42, 'isBid': True, 'price': 99480, 'data_type': 'DEPTH'}",DEPTH
2025-11-14 03:42:57.606000-05:00,MNQZ5.CME@RITHMIC,75809232548800,BUY,24869.0,21,DEPTH,DEPTH,MNQZ5.CME@RITHMIC_20251113_230640_bedbcb11,NONE,,"{'size': 21, 'isBid': True, 'price': 99476, 'data_type': 'DEPTH'}",DEPTH
2025-11-14 03:42:57.577000-05:00,MNQZ5.CME@RITHMIC,75809203569500,BUY,24850.0,67,DEPTH,DEPTH,MNQZ5.CME@RITHMIC_20251113_230640_bedbcb11,NONE,,"{'size': 67, 'isBid': True, 'price': 99400, 'data_type': 'DEPTH'}",DEPTH
2025-11-14 03:42:57.533000-05:00,MNQZ5.CME@RITHMIC,75809159757500,BUY,24840.0,20,DEPTH,DEPTH,MNQZ5.CME@RITHMIC_20251113_230640_bedbcb11,NONE,,"{'size': 20, 'isBid': True, 'price': 99360, 'data_type': 'DEPTH'}",DEPTH
2025-11-14 03:42:57.472000-05:00,MNQZ5.CME@RITHMIC,75809098502300,BUY,24830.0,34,DEPTH,DEPTH,MNQZ5.CME@RITHMIC_20251113_230640_bedbcb11,NONE,,"{'size': 34, 'isBid': True, 'price': 99320, 'data_type': 'DEPTH'}",DEPTH
2025-11-14 03:42:57.432000-05:00,MNQZ5.CME@RITHMIC,75809057930500,BUY,24810.0,25,DEPTH,DEPTH,MNQZ5.CME@RITHMIC_20251113_230640_bedbcb11,NONE,,"{'size': 25, 'isBid': True, 'price': 99240, 'data_type': 'DEPTH'}",DEPTH
2025-11-14 03:42:57.426000-05:00,MNQZ5.CME@RITHMIC,75809052535400,BUY,24805.0,22,DEPTH,DEPTH,MNQZ5.CME@RITHMIC_20251113_230640_bedbcb11,NONE,,"{'size': 22, 'isBid': True, 'price': 99220, 'data_type': 'DEPTH'}",DEPTH
2025-11-14 03:42:57.421000-05:00,MNQZ5.CME@RITHMIC,75809047106800,BUY,24802.0,21,DEPTH,DEPTH,MNQZ5.CME@RITHMIC_20251113_230640_bedbcb11,NONE,,"{'size': 21, 'isBid': True, 'price': 99208, 'data_type': 'DEPTH'}",DEPTH
2025-11-14 03:42:57.409000-05:00,MNQZ5.CME@RITHMIC,75809035180600,BUY,24760.0,27,DEPTH,DEPTH,MNQZ5.CME@RITHMIC_20251113_230640_bedbcb11,NONE,,"{'size': 27, 'isBid': True, 'price': 99040, 'data_type': 'DEPTH'}",DEPTH
2025-11-14 03:42:57.366000-05:00,MNQZ5.CME@RITHMIC,75808992589000,BUY,24400.0,24,DEPTH,DEPTH,MNQZ5.CME@RITHMIC_20251113_230640_bedbcb11,NONE,,"{'size': 24, 'isBid': True, 'price': 97600, 'data_type': 'DEPTH'}",DEPTH
2025-11-14 03:42:56.394000-05:00,MNQZ5.CME@RITHMIC,75808020303900,BUY,99624.0,20,TRADE,TRADE,MNQZ5.CME@RITHMIC_20251113_230640_bedbcb11,NONE,,"{'size': 20, 'isOtc': False, 'price': 99624.0, 'data_type': 'TRADE', 'isBidAggressor': False, 'isExecutionEnd': True, 'passiveOrderId': None, 'aggressorOrderId': None, 'isExecutionStart': True, 'serialVersionUID': -5266538964320734421}",TRADE
2025-11-14 03:42:56.392000-05:00,MNQZ5.CME@RITHMIC,75808018215500,BUY,99640.0,53,TRADE,TRADE,MNQZ5.CME@RITHMIC_20251113_230640_bedbcb11,NONE,,"{'size': 53, 'isOtc': False, 'price': 99640.0, 'data_type': 'TRADE', 'isBidAggressor': False, 'isExecutionEnd': True, 'passiveOrderId': None, 'aggressorOrderId': None, 'isExecutionStart': True, 'serialVersionUID': -5266538964320734421}",TRADE
2025-11-14 03:42:56.390000-05:00,MNQZ5.CME@RITHMIC,75808016315400,BUY,99648.0,27,TRADE,TRADE,MNQZ5.CME@RITHMIC_20251113_230640_bedbcb11,NONE,,"{'size': 27, 'isOtc': False, 'price': 99648.0, 'data_type': 'TRADE', 'isBidAggressor': False, 'isExecutionEnd': True, 'passiveOrderId': None, 'aggressorOrderId': None, 'isExecutionStart': True, 'serialVersionUID': -5266538964320734421}",TRADE
2025-11-14 03:42:56.388000-05:00,MNQZ5.CME@RITHMIC,75808014269400,BUY,99632.0,31,TRADE,TRADE,MNQZ5.CME@RITHMIC_20251113_230640_bedbcb11,NONE,,"{'size': 31, 'isOtc': False, 'price': 99632.0, 'data_type': 'TRADE', 'isBidAggressor': False, 'isExecutionEnd': True, 'passiveOrderId': None, 'aggressorOrderId': None, 'isExecutionStart': True, 'serialVersionUID': -5266538964320734421}",TRADE
2025-11-14 03:42:56.376000-05:00,MNQZ5.CME@RITHMIC,75808002241600,BUY,99625.0,21,TRADE,TRADE,MNQZ5.CME@RITHMIC_20251113_230640_bedbcb11,NONE,,"{'size': 21, 'isOtc': False, 'price': 99625.0, 'data_type': 'TRADE', 'isBidAggressor': False, 'isExecutionEnd': True, 'passiveOrderId': None, 'aggressorOrderId': None, 'isExecutionStart': True, 'serialVersionUID': -5266538964320734421}",TRADE
2025-11-14 03:42:56.374000-05:00,MNQZ5.CME@RITHMIC,75808000101700,BUY,99641.0,27,TRADE,TRADE,MNQZ5.CME@RITHMIC_20251113_230640_bedbcb11,NONE,,"{'size': 27, 'isOtc': False, 'price': 99641.0, 'data_type': 'TRADE', 'isBidAggressor': False, 'isExecutionEnd': True, 'passiveOrderId': None, 'aggressorOrderId': None, 'isExecutionStart': True, 'serialVersionUID': -5266538964320734421}",TRADE
2025-11-14 03:42:56.372000-05:00,MNQZ5.CME@RITHMIC,75807998185800,BUY,99649.0,26,TRADE,TRADE,MNQZ5.CME@RITHMIC_20251113_230640_bedbcb11,NONE,,"{'size': 26, 'isOtc': False, 'price': 99649.0, 'data_type': 'TRADE', 'isBidAggressor': False, 'isExecutionEnd': True, 'passiveOrderId': None, 'aggressorOrderId': None, 'isExecutionStart': True, 'serialVersionUID': -5266538964320734421}",TRADE
2025-11-14 03:42:56.370000-05:00,MNQZ5.CME@RITHMIC,75807996023200,BUY,99633.0,28,TRADE,TRADE,MNQZ5.CME@RITHMIC_20251113_230640_bedbcb11,NONE,,"{'size': 28, 'isOtc': False, 'price': 99633.0, 'data_type': 'TRADE', 'isBidAggressor': False, 'isExecutionEnd': True, 'passiveOrderId': None, 'aggressorOrderId': None, 'isExecutionStart': True, 'serialVersionUID': -5266538964320734421}",TRADE
2025-11-14 03:42:56.356000-05:00,MNQZ5.CME@RITHMIC,75807982184000,BUY,99634.0,24,TRADE,TRADE,MNQZ5.CME@RITHMIC_20251113_230640_bedbcb11,NONE,,"{'size': 24, 'isOtc': False, 'price': 99634.0, 'data_type': 'TRADE', 'isBidAggressor': False, 'isExecutionEnd': True, 'passiveOrderId': None, 'aggressorOrderId': None, 'isExecutionStart': True, 'serialVersionUID': -5266538964320734421}",TRADE
2025-11-14 03:42:56.354000-05:00,MNQZ5.CME@RITHMIC,75807980019600,BUY,99642.0,44,TRADE,TRADE,MNQZ5.CME@RITHMIC_20251113_230640_bedbcb11,NONE,,"{'size': 44, 'isOtc': False, 'price': 99642.0, 'data_type': 'TRADE', 'isBidAggressor': False, 'isExecutionEnd': True, 'passiveOrderId': None, 'aggressorOrderId': None, 'isExecutionStart': True, 'serialVersionUID': -5266538964320734421}",TRADE
2025-11-14 03:42:56.339000-05:00,MNQZ5.CME@RITHMIC,75807965782000,BUY,99635.0,24,TRADE,TRADE,MNQZ5.CME@RITHMIC_20251113_230640_bedbcb11,NONE,,"{'size': 24, 'isOtc': False, 'price': 99635.0, 'data_type': 'TRADE', 'isBidAggressor': False, 'isExecutionEnd': True, 'passiveOrderId': None, 'aggressorOrderId': None, 'isExecutionStart': True, 'serialVersionUID': -5266538964320734421}",TRADE
2025-11-14 03:42:56.334000-05:00,MNQZ5.CME@RITHMIC,75807960473000,BUY,99627.0,50,TRADE,TRADE,MNQZ5.CME@RITHMIC_20251113_230640_bedbcb11,NONE,,"{'size': 50, 'isOtc': False, 'price': 99627.0, 'data_type': 'TRADE', 'isBidAggressor': False, 'isExecutionEnd': True, 'passiveOrderId': None, 'aggressorOrderId': None, 'isExecutionStart': True, 'serialVersionUID': -5266538964320734421}",TRADE
2025-11-14 03:42:56.326000-05:00,MNQZ5.CME@RITHMIC,75807952382600,BUY,99620.0,23,TRADE,TRADE,MNQZ5.CME@RITHMIC_20251113_230640_bedbcb11,NONE,,"{'size': 23, 'isOtc': False, 'price': 99620.0, 'data_type': 'TRADE', 'isBidAggressor': False, 'isExecutionEnd': True, 'passiveOrderId': None, 'aggressorOrderId': None, 'isExecutionStart': True, 'serialVersionUID': -5266538964320734421}",TRADE
2025-11-14 03:42:56.324000-05:00,MNQZ5.CME@RITHMIC,75807950565500,BUY,99628.0,27,TRADE,TRADE,MNQZ5.CME@RITHMIC_20251113_230640_bedbcb11,NONE,,"{'size': 27, 'isOtc': False, 'price': 99628.0, 'data_type': 'TRADE', 'isBidAggressor': False, 'isExecutionEnd': True, 'passiveOrderId': None, 'aggressorOrderId': None, 'isExecutionStart': True, 'serialVersionUID': -5266538964320734421}",TRADE
2025-11-14 03:42:56.318000-05:00,MNQZ5.CME@RITHMIC,75807944077800,BUY,99636.0,39,TRADE,TRADE,MNQZ5.CME@RITHMIC_20251113_230640_bedbcb11,NONE,,"{'size': 39, 'isOtc': False, 'price': 99636.0, 'data_type': 'TRADE', 'isBidAggressor': False, 'isExecutionEnd': True, 'passiveOrderId': None, 'aggressorOrderId': None, 'isExecutionStart': True, 'serialVersionUID': -5266538964320734421}",TRADE
2025-11-14 03:42:56.312000-05:00,MNQZ5.CME@RITHMIC,75807938216000,BUY,99660.0,23,TRADE,TRADE,MNQZ5.CME@RITHMIC_20251113_230640_bedbcb11,NONE,,"{'size': 23, 'isOtc': False, 'price': 99660.0, 'data_type': 'TRADE', 'isBidAggressor': False, 'isExecutionEnd': True, 'passiveOrderId': None, 'aggressorOrderId': None, 'isExecutionStart': True, 'serialVersionUID': -5266538964320734421}",TRADE
2025-11-14 03:42:56.302000-05:00,MNQZ5.CME@RITHMIC,75807928664300,BUY,99637.0,43,TRADE,TRADE,MNQZ5.CME@RITHMIC_20251113_230640_bedbcb11,NONE,,"{'size': 43, 'isOtc': False, 'price': 99637.0, 'data_type': 'TRADE', 'isBidAggressor': False, 'isExecutionEnd': True, 'passiveOrderId': None, 'aggressorOrderId': None, 'isExecutionStart': True, 'serialVersionUID': -5266538964320734421}",TRADE
2025-11-14 03:42:56.293000-05:00,MNQZ5.CME@RITHMIC,75807918951300,BUY,99638.0,51,TRADE,TRADE,MNQZ5.CME@RITHMIC_20251113_230640_bedbcb11,NONE,,"{'size': 51, 'isOtc': False, 'price': 99638.0, 'data_type': 'TRADE', 'isBidAggressor': False, 'isExecutionEnd': True, 'passiveOrderId': None, 'aggressorOrderId': None, 'isExecutionStart': True, 'serialVersionUID': -5266538964320734421}",TRADE
2025-11-14 03:42:56.286000-05:00,MNQZ5.CME@RITHMIC,75807912043500,BUY,99654.0,22,TRADE,TRADE,MNQZ5.CME@RITHMIC_20251113_230640_bedbcb11,NONE,,"{'size': 22, 'isOtc': False, 'price': 99654.0, 'data_type': 'TRADE', 'isBidAggressor': False, 'isExecutionEnd': True, 'passiveOrderId': None, 'aggressorOrderId': None, 'isExecutionStart': True, 'serialVersionUID': -5266538964320734421}",TRADE
2025-11-14 03:42:56.279000-05:00,MNQZ5.CME@RITHMIC,75807905314800,BUY,99639.0,32,TRADE,TRADE,MNQZ5.CME@RITHMIC_20251113_230640_bedbcb11,NONE,,"{'size': 32, 'isOtc': False, 'price': 99639.0, 'data_type': 'TRADE', 'isBidAggressor': False, 'isExecutionEnd': True, 'passiveOrderId': None, 'aggressorOrderId': None, 'isExecutionStart': True, 'serialVersionUID': -5266538964320734421}",TRADE
2025-11-14 03:42:56.277000-05:00,MNQZ5.CME@RITHMIC,75807903157500,BUY,99631.0,42,TRADE,TRADE,MNQZ5.CME@RITHMIC_20251113_230640_bedbcb11,NONE,,"{'size': 42, 'isOtc': False, 'price': 99631.0, 'data_type': 'TRADE', 'isBidAggressor': False, 'isExecutionEnd': True, 'passiveOrderId': None, 'aggressorOrderId': None, 'isExecutionStart': True, 'serialVersionUID': -5266538964320734421}",TRADE
2025-11-14 03:42:56.272000-05:00,MNQZ5.CME@RITHMIC,75807898491700,BUY,99655.0,21,TRADE,TRADE,MNQZ5.CME@RITHMIC_20251113_230640_bedbcb11,NONE,,"{'size': 21, 'isOtc': False, 'price': 99655.0, 'data_type': 'TRADE', 'isBidAggressor': False, 'isExecutionEnd': True, 'passiveOrderId': None, 'aggressorOrderId': None, 'isExecutionStart': True, 'serialVersionUID': -5266538964320734421}",TRADE
2025-11-14 03:42:56.262000-05:00,MNQZ5.CME@RITHMIC,75807888635600,SELL,99640.0,24,TRADE,TRADE,MNQZ5.CME@RITHMIC_20251113_230640_bedbcb11,NONE,,"{'size': 24, 'isOtc': False, 'price': 99640.0, 'data_type': 'TRADE', 'isBidAggressor': True, 'isExecutionEnd': True, 'passiveOrderId': None, 'aggressorOrderId': None, 'isExecutionStart': True, 'serialVersionUID': -5266538964320734421}",TRADE
2025-11-14 03:42:56.234000-05:00,MNQZ5.CME@RITHMIC,75807860851200,SELL,99657.0,21,TRADE,TRADE,MNQZ5.CME@RITHMIC_20251113_230640_bedbcb11,NONE,,"{'size': 21, 'isOtc': False, 'price': 99657.0, 'data_type': 'TRADE', 'isBidAggressor': True, 'isExecutionEnd': True, 'passiveOrderId': None, 'aggressorOrderId': None, 'isExecutionStart': True, 'serialVersionUID': -5266538964320734421}",TRADE
2025-11-14 03:42:56.231000-05:00,MNQZ5.CME@RITHMIC,75807856914800,SELL,99634.0,28,TRADE,TRADE,MNQZ5.CME@RITHMIC_20251113_230640_bedbcb11,NONE,,"{'size': 28, 'isOtc': False, 'price': 99634.0, 'data_type': 'TRADE', 'isBidAggressor': True, 'isExecutionEnd': True, 'passiveOrderId': None, 'aggressorOrderId': None, 'isExecutionStart': True, 'serialVersionUID': -5266538964320734421}",TRADE
2025-11-14 03:42:56.229000-05:00,MNQZ5.CME@RITHMIC,75807854900300,SELL,99626.0,31,TRADE,TRADE,MNQZ5.CME@RITHMIC_20251113_230640_bedbcb11,NONE,,"{'size': 31, 'isOtc': False, 'price': 99626.0, 'data_type': 'TRADE', 'isBidAggressor': True, 'isExecutionEnd': True, 'passiveOrderId': None, 'aggressorOrderId': None, 'isExecutionStart': True, 'serialVersionUID': -5266538964320734421}",TRADE
2025-11-14 03:42:56.225000-05:00,MNQZ5.CME@RITHMIC,75807850899600,SELL,99642.0,32,TRADE,TRADE,MNQZ5.CME@RITHMIC_20251113_230640_bedbcb11,NONE,,"{'size': 32, 'isOtc': False, 'price': 99642.0, 'data_type': 'TRADE', 'isBidAggressor': True, 'isExecutionEnd': True, 'passiveOrderId': None, 'aggressorOrderId': None, 'isExecutionStart': True, 'serialVersionUID': -5266538964320734421}",TRADE
2025-11-14 03:42:56.219000-05:00,MNQZ5.CME@RITHMIC,75807845317100,SELL,99635.0,43,TRADE,TRADE,MNQZ5.CME@RITHMIC_20251113_230640_bedbcb11,NONE,,"{'size': 43, 'isOtc': False, 'price': 99635.0, 'data_type': 'TRADE', 'isBidAggressor': True, 'isExecutionEnd': True, 'passiveOrderId': None, 'aggressorOrderId': None, 'isExecutionStart': True, 'serialVersionUID': -5266538964320734421}",TRADE
2025-11-14 03:42:56.217000-05:00,MNQZ5.CME@RITHMIC,75807843104000,SELL,99643.0,32,TRADE,TRADE,MNQZ5.CME@RITHMIC_20251113_230640_bedbcb11,NONE,,"{'size': 32, 'isOtc': False, 'price': 99643.0, 'data_type': 'TRADE', 'isBidAggressor': True, 'isExecutionEnd': True, 'passiveOrderId': None, 'aggressorOrderId': None, 'isExecutionStart': True, 'serialVersionUID': -5266538964320734421}",TRADE
2025-11-14 03:42:56.197000-05:00,MNQZ5.CME@RITHMIC,75807823510100,SELL,99644.0,24,TRADE,TRADE,MNQZ5.CME@RITHMIC_20251113_230640_bedbcb11,NONE,,"{'size': 24, 'isOtc': False, 'price': 99644.0, 'data_type': 'TRADE', 'isBidAggressor': True, 'isExecutionEnd': True, 'passiveOrderId': None, 'aggressorOrderId': None, 'isExecutionStart': True, 'serialVersionUID': -5266538964320734421}",TRADE
2025-11-14 03:42:56.193000-05:00,MNQZ5.CME@RITHMIC,75807818862600,SELL,99636.0,26,TRADE,TRADE,MNQZ5.CME@RITHMIC_20251113_230640_bedbcb11,NONE,,"{'size': 26, 'isOtc': False, 'price': 99636.0, 'data_type': 'TRADE', 'isBidAggressor': True, 'isExecutionEnd': True, 'passiveOrderId': None, 'aggressorOrderId': None, 'isExecutionStart': True, 'serialVersionUID': -5266538964320734421}",TRADE
2025-11-14 03:42:56.164000-05:00,MNQZ5.CME@RITHMIC,75807790283800,SELL,99638.0,34,TRADE,TRADE,MNQZ5.CME@RITHMIC_20251113_230640_bedbcb11,NONE,,"{'size': 34, 'isOtc': False, 'price': 99638.0, 'data_type': 'TRADE', 'isBidAggressor': True, 'isExecutionEnd': True, 'passiveOrderId': None, 'aggressorOrderId': None, 'isExecutionStart': True, 'serialVersionUID': -5266538964320734421}",TRADE
2025-11-14 03:42:56.147000-05:00,MNQZ5.CME@RITHMIC,75807773628700,SELL,99639.0,36,TRADE,TRADE,MNQZ5.CME@RITHMIC_20251113_230640_bedbcb11,NONE,,"{'size': 36, 'isOtc': False, 'price': 99639.0, 'data_type': 'TRADE', 'isBidAggressor': True, 'isExecutionEnd': True, 'passiveOrderId': None, 'aggressorOrderId': None, 'isExecutionStart': True, 'serialVersionUID': -5266538964320734421}",TRADE
2025-11-14 03:42:55.691000-05:00,MNQZ5.CME@RITHMIC,6868910980251,BUY,24878.0,20,LIMIT,ADD,MNQZ5.CME@RITHMIC_20251113_230640_bedbcb11,NONE,,"{'size': 20, 'isBid': True, 'price': 99512, 'orderId': '6868910980251', 'event_type': 'SEND'}",MBO
2025-11-14 03:42:55.094000-05:00,MNQZ5.CME@RITHMIC,6868910953871,SELL,24939.75,20,LIMIT,ADD,MNQZ5.CME@RITHMIC_20251113_230640_bedbcb11,NONE,,"{'size': 20, 'isBid': False, 'price': 99759, 'orderId': '6868910953871', 'event_type': 'SEND'}",MBO
2025-11-14 03:42:34.165000-05:00,MNQZ5.CME@RITHMIC,6868910757048,BUY,24880.5,20,LIMIT,UPDATE,MNQZ5.CME@RITHMIC_20251113_230640_bedbcb11,NONE,,"{'size': 20, 'price': 99522, 'orderId': '6868910757048', 'event_type': 'REPLACE'}",MBO
2025-11-14 03:42:10.387000-05:00,MNQZ5.CME@RITHMIC,75762013039700,SELL,24916.0,25,DEPTH,DEPTH,MNQZ5.CME@RITHMIC_20251113_230640_bedbcb11,NONE,,"{'size': 25, 'isBid': False, 'price': 99664, 'data_type': 'DEPTH'}",DEPTH
2025-11-14 03:42:10.217000-05:00,MNQZ5.CME@RITHMIC,75761843202700,SELL,24939.75,24,DEPTH,DEPTH,MNQZ5.CME@RITHMIC_20251113_230640_bedbcb11,NONE,,"{'size': 24, 'isBid': False, 'price': 99759, 'data_type': 'DEPTH'}",DEPTH
2025-11-14 03:42:10.071000-05:00,MNQZ5.CME@RITHMIC,75761697066300,SELL,24980.0,27,DEPTH,DEPTH,MNQZ5.CME@RITHMIC_20251113_230640_bedbcb11,NONE,,"{'size': 27, 'isBid': False, 'price': 99920, 'data_type': 'DEPTH'}",DEPTH
2025-11-14 03:42:09.898000-05:00,MNQZ5.CME@RITHMIC,75761524859600,SELL,25200.0,88,DEPTH,DEPTH,MNQZ5.CME@RITHMIC_20251113_230640_bedbcb11,NONE,,"{'size': 88, 'isBid': False, 'price': 100800, 'data_type': 'DEPTH'}",DEPTH
2025-11-14 03:42:09.886000-05:00,MNQZ5.CME@RITHMIC,75761512306400,SELL,25250.0,72,DEPTH,DEPTH,MNQZ5.CME@RITHMIC_20251113_230640_bedbcb11,NONE,,"{'size': 72, 'isBid': False, 'price': 101000, 'data_type': 'DEPTH'}",DEPTH
2025-11-14 03:42:09.876000-05:00,MNQZ5.CME@RITHMIC,75761502343900,SELL,25350.0,80,DEPTH,DEPTH,MNQZ5.CME@RITHMIC_20251113_230640_bedbcb11,NONE,,"{'size': 80, 'isBid': False, 'price': 101400, 'data_type': 'DEPTH'}",DEPTH
2025-11-14 03:42:09.868000-05:00,MNQZ5.CME@RITHMIC,75761494399200,SELL,25500.0,136,DEPTH,DEPTH,MNQZ5.CME@RITHMIC_20251113_230640_bedbcb11,NONE,,"{'size': 136, 'isBid': False, 'price': 102000, 'data_type': 'DEPTH'}",DEPTH
2025-11-14 03:42:09.848000-05:00,MNQZ5.CME@RITHMIC,75761474215300,SELL,26500.0,26,DEPTH,DEPTH,MNQZ5.CME@RITHMIC_20251113_230640_bedbcb11,NONE,,"{'size': 26, 'isBid': False, 'price': 106000, 'data_type': 'DEPTH'}",DEPTH
2025-11-14 03:42:09.745000-05:00,MNQZ5.CME@RITHMIC,75761371655200,BUY,24905.25,26,DEPTH,DEPTH,MNQZ5.CME@RITHMIC_20251113_230640_bedbcb11,NONE,,"{'size': 26, 'isBid': True, 'price': 99621, 'data_type': 'DEPTH'}",DEPTH
2025-11-14 03:42:09.732000-05:00,MNQZ5.CME@RITHMIC,75761357873300,BUY,24903.0,24,DEPTH,DEPTH,MNQZ5.CME@RITHMIC_20251113_230640_bedbcb11,NONE,,"{'size': 24, 'isBid': True, 'price': 99612, 'data_type': 'DEPTH'}",DEPTH
2025-11-14 03:42:09.730000-05:00,MNQZ5.CME@RITHMIC,75761356326700,BUY,24902.75,20,DEPTH,DEPTH,MNQZ5.CME@RITHMIC_20251113_230640_bedbcb11,NONE,,"{'size': 20, 'isBid': True, 'price': 99611, 'data_type': 'DEPTH'}",DEPTH
2025-11-14 03:42:09.712000-05:00,MNQZ5.CME@RITHMIC,75761338314400,BUY,24900.0,132,DEPTH,DEPTH,MNQZ5.CME@RITHMIC_20251113_230640_bedbcb11,NONE,,"{'size': 132, 'isBid': True, 'price': 99600, 'data_type': 'DEPTH'}",DEPTH
2025-11-14 03:42:09.670000-05:00,MNQZ5.CME@RITHMIC,75761295775600,BUY,24893.0,20,DEPTH,DEPTH,MNQZ5.CME@RITHMIC_20251113_230640_bedbcb11,NONE,,"{'size': 20, 'isBid': True, 'price': 99572, 'data_type': 'DEPTH'}",DEPTH
2025-11-14 03:42:09.638000-05:00,MNQZ5.CME@RITHMIC,75761264492200,BUY,24888.0,28,DEPTH,DEPTH,MNQZ5.CME@RITHMIC_20251113_230640_bedbcb11,NONE,,"{'size': 28, 'isBid': True, 'price': 99552, 'data_type': 'DEPTH'}",DEPTH
2025-11-14 03:42:09.592000-05:00,MNQZ5.CME@RITHMIC,75761218594700,BUY,24880.5,26,DEPTH,DEPTH,MNQZ5.CME@RITHMIC_20251113_230640_bedbcb11,NONE,,"{'size': 26, 'isBid': True, 'price': 99522, 'data_type': 'DEPTH'}",DEPTH
2025-11-14 03:42:09.590000-05:00,MNQZ5.CME@RITHMIC,75761215760800,BUY,24880.0,44,DEPTH,DEPTH,MNQZ5.CME@RITHMIC_20251113_230640_bedbcb11,NONE,,"{'size': 44, 'isBid': True, 'price': 99520, 'data_type': 'DEPTH'}",DEPTH
2025-11-14 03:42:09.581000-05:00,MNQZ5.CME@RITHMIC,75761207690800,BUY,24878.0,29,DEPTH,DEPTH,MNQZ5.CME@RITHMIC_20251113_230640_bedbcb11,NONE,,"{'size': 29, 'isBid': True, 'price': 99512, 'data_type': 'DEPTH'}",DEPTH
2025-11-14 03:42:09.577000-05:00,MNQZ5.CME@RITHMIC,75761202794300,BUY,24875.0,25,DEPTH,DEPTH,MNQZ5.CME@RITHMIC_20251113_230640_bedbcb11,NONE,,"{'size': 25, 'isBid': True, 'price': 99500, 'data_type': 'DEPTH'}",DEPTH
2025-11-14 03:42:09.569000-05:00,MNQZ5.CME@RITHMIC,75761195254400,BUY,24870.0,43,DEPTH,DEPTH,MNQZ5.CME@RITHMIC_20251113_230640_bedbcb11,NONE,,"{'size': 43, 'isBid': True, 'price': 99480, 'data_type': 'DEPTH'}",DEPTH
2025-11-14 03:42:09.552000-05:00,MNQZ5.CME@RITHMIC,75761178667300,BUY,24860.0,29,DEPTH,DEPTH,MNQZ5.CME@RITHMIC_20251113_230640_bedbcb11,NONE,,"{'size': 29, 'isBid': True, 'price': 99440, 'data_type': 'DEPTH'}",DEPTH
2025-11-14 03:42:09.534000-05:00,MNQZ5.CME@RITHMIC,75761160635600,BUY,24850.0,66,DEPTH,DEPTH,MNQZ5.CME@RITHMIC_20251113_230640_bedbcb11,NONE,,"{'size': 66, 'isBid': True, 'price': 99400, 'data_type': 'DEPTH'}",DEPTH
2025-11-14 03:42:09.512000-05:00,MNQZ5.CME@RITHMIC,75761137709600,BUY,24840.0,22,DEPTH,DEPTH,MNQZ5.CME@RITHMIC_20251113_230640_bedbcb11,NONE,,"{'size': 22, 'isBid': True, 'price': 99360, 'data_type': 'DEPTH'}",DEPTH
2025-11-14 03:42:09.445000-05:00,MNQZ5.CME@RITHMIC,75761071292300,BUY,24830.0,34,DEPTH,DEPTH,MNQZ5.CME@RITHMIC_20251113_230640_bedbcb11,NONE,,"{'size': 34, 'isBid': True, 'price': 99320, 'data_type': 'DEPTH'}",DEPTH
2025-11-14 03:42:09.409000-05:00,MNQZ5.CME@RITHMIC,75761035106500,BUY,24750.0,50,DEPTH,DEPTH,MNQZ5.CME@RITHMIC_20251113_230640_bedbcb11,NONE,,"{'size': 50, 'isBid': True, 'price': 99000, 'data_type': 'DEPTH'}",DEPTH
2025-11-14 03:42:09.371000-05:00,MNQZ5.CME@RITHMIC,75760997222300,BUY,24500.0,85,DEPTH,DEPTH,MNQZ5.CME@RITHMIC_20251113_230640_bedbcb11,NONE,,"{'size': 85, 'isBid': True, 'price': 98000, 'data_type': 'DEPTH'}",DEPTH
2025-11-14 03:42:09.367000-05:00,MNQZ5.CME@RITHMIC,75760993112700,BUY,24300.0,30,DEPTH,DEPTH,MNQZ5.CME@RITHMIC_20251113_230640_bedbcb11,NONE,,"{'size': 30, 'isBid': True, 'price': 97200, 'data_type': 'DEPTH'}",DEPTH
2025-11-14 03:42:09.361000-05:00,MNQZ5.CME@RITHMIC,75760987404100,BUY,24200.0,35,DEPTH,DEPTH,MNQZ5.CME@RITHMIC_20251113_230640_bedbcb11,NONE,,"{'size': 35, 'isBid': True, 'price': 96800, 'data_type': 'DEPTH'}",DEPTH
2025-11-14 03:42:08.509000-05:00,MNQZ5.CME@RITHMIC,75760134981700,BUY,99680.0,41,TRADE,TRADE,MNQZ5.CME@RITHMIC_20251113_230640_bedbcb11,NONE,,"{'size': 41, 'isOtc': False, 'price': 99680.0, 'data_type': 'TRADE', 'isBidAggressor': False, 'isExecutionEnd': True, 'passiveOrderId': None, 'aggressorOrderId': None, 'isExecutionStart': True, 'serialVersionUID': -5266538964320734421}",TRADE
2025-11-14 03:42:08.507000-05:00,MNQZ5.CME@RITHMIC,75760133087700,BUY,99688.0,32,TRADE,TRADE,MNQZ5.CME@RITHMIC_20251113_230640_bedbcb11,NONE,,"{'size': 32, 'isOtc': False, 'price': 99688.0, 'data_type': 'TRADE', 'isBidAggressor': False, 'isExecutionEnd': True, 'passiveOrderId': None, 'aggressorOrderId': None, 'isExecutionStart': True, 'serialVersionUID': -5266538964320734421}",TRADE
2025-11-14 03:42:08.504000-05:00,MNQZ5.CME@RITHMIC,75760130779800,BUY,99672.0,23,TRADE,TRADE,MNQZ5.CME@RITHMIC_20251113_230640_bedbcb11,NONE,,"{'size': 23, 'isOtc': False, 'price': 99672.0, 'data_type': 'TRADE', 'isBidAggressor': False, 'isExecutionEnd': True, 'passiveOrderId': None, 'aggressorOrderId': None, 'isExecutionStart': True, 'serialVersionUID': -5266538964320734421}",TRADE
2025-11-14 03:42:08.502000-05:00,MNQZ5.CME@RITHMIC,75760128726800,BUY,99696.0,21,TRADE,TRADE,MNQZ5.CME@RITHMIC_20251113_230640_bedbcb11,NONE,,"{'size': 21, 'isOtc': False, 'price': 99696.0, 'data_type': 'TRADE', 'isBidAggressor': False, 'isExecutionEnd': True, 'passiveOrderId': None, 'aggressorOrderId': None, 'isExecutionStart': True, 'serialVersionUID': -5266538964320734421}",TRADE
2025-11-14 03:42:08.496000-05:00,MNQZ5.CME@RITHMIC,75760121942000,BUY,99665.0,21,TRADE,TRADE,MNQZ5.CME@RITHMIC_20251113_230640_bedbcb11,NONE,,"{'size': 21, 'isOtc': False, 'price': 99665.0, 'data_type': 'TRADE', 'isBidAggressor': False, 'isExecutionEnd': True, 'passiveOrderId': None, 'aggressorOrderId': None, 'isExecutionStart': True, 'serialVersionUID': -5266538964320734421}",TRADE
2025-11-14 03:42:08.491000-05:00,MNQZ5.CME@RITHMIC,75760117462800,BUY,99673.0,38,TRADE,TRADE,MNQZ5.CME@RITHMIC_20251113_230640_bedbcb11,NONE,,"{'size': 38, 'isOtc': False, 'price': 99673.0, 'data_type': 'TRADE', 'isBidAggressor': False, 'isExecutionEnd': True, 'passiveOrderId': None, 'aggressorOrderId': None, 'isExecutionStart': True, 'serialVersionUID': -5266538964320734421}",TRADE
2025-11-14 03:42:08.489000-05:00,MNQZ5.CME@RITHMIC,75760115366300,BUY,99697.0,23,TRADE,TRADE,MNQZ5.CME@RITHMIC_20251113_230640_bedbcb11,NONE,,"{'size': 23, 'isOtc': False, 'price': 99697.0, 'data_type': 'TRADE', 'isBidAggressor': False, 'isExecutionEnd': True, 'passiveOrderId': None, 'aggressorOrderId': None, 'isExecutionStart': True, 'serialVersionUID': -5266538964320734421}",TRADE
2025-11-14 03:42:08.487000-05:00,MNQZ5.CME@RITHMIC,75760112949200,BUY,99681.0,41,TRADE,TRADE,MNQZ5.CME@RITHMIC_20251113_230640_bedbcb11,NONE,,"{'size': 41, 'isOtc': False, 'price': 99681.0, 'data_type': 'TRADE', 'isBidAggressor': False, 'isExecutionEnd': True, 'passiveOrderId': None, 'aggressorOrderId': None, 'isExecutionStart': True, 'serialVersionUID': -5266538964320734421}",TRADE
2025-11-14 03:42:08.479000-05:00,MNQZ5.CME@RITHMIC,75760105174300,BUY,99682.0,20,TRADE,TRADE,MNQZ5.CME@RITHMIC_20251113_230640_bedbcb11,NONE,,"{'size': 20, 'isOtc': False, 'price': 99682.0, 'data_type': 'TRADE', 'isBidAggressor': False, 'isExecutionEnd': True, 'passiveOrderId': None, 'aggressorOrderId': None, 'isExecutionStart': True, 'serialVersionUID': -5266538964320734421}",TRADE
2025-11-14 03:42:08.477000-05:00,MNQZ5.CME@RITHMIC,75760103307800,BUY,99690.0,42,TRADE,TRADE,MNQZ5.CME@RITHMIC_20251113_230640_bedbcb11,NONE,,"{'size': 42, 'isOtc': False, 'price': 99690.0, 'data_type': 'TRADE', 'isBidAggressor': False, 'isExecutionEnd': True, 'passiveOrderId': None, 'aggressorOrderId': None, 'isExecutionStart': True, 'serialVersionUID': -5266538964320734421}",TRADE
2025-11-14 03:42:08.475000-05:00,MNQZ5.CME@RITHMIC,75760101291100,BUY,99674.0,25,TRADE,TRADE,MNQZ5.CME@RITHMIC_20251113_230640_bedbcb11,NONE,,"{'size': 25, 'isOtc': False, 'price': 99674.0, 'data_type': 'TRADE', 'isBidAggressor': False, 'isExecutionEnd': True, 'passiveOrderId': None, 'aggressorOrderId': None, 'isExecutionStart': True, 'serialVersionUID': -5266538964320734421}",TRADE
2025-11-14 03:42:08.473000-05:00,MNQZ5.CME@RITHMIC,75760099145900,BUY,99698.0,23,TRADE,TRADE,MNQZ5.CME@RITHMIC_20251113_230640_bedbcb11,NONE,,"{'size': 23, 'isOtc': False, 'price': 99698.0, 'data_type': 'TRADE', 'isBidAggressor': False, 'isExecutionEnd': True, 'passiveOrderId': None, 'aggressorOrderId': None, 'isExecutionStart': True, 'serialVersionUID': -5266538964320734421}",TRADE
2025-11-14 03:42:08.466000-05:00,MNQZ5.CME@RITHMIC,75760092623800,BUY,99667.0,22,TRADE,TRADE,MNQZ5.CME@RITHMIC_20251113_230640_bedbcb11,NONE,,"{'size': 22, 'isOtc': False, 'price': 99667.0, 'data_type': 'TRADE', 'isBidAggressor': False, 'isExecutionEnd': True, 'passiveOrderId': None, 'aggressorOrderId': None, 'isExecutionStart': True, 'serialVersionUID': -5266538964320734421}",TRADE
2025-11-14 03:42:08.464000-05:00,MNQZ5.CME@RITHMIC,75760090713400,BUY,99683.0,32,TRADE,TRADE,MNQZ5.CME@RITHMIC_20251113_230640_bedbcb11,NONE,,"{'size': 32, 'isOtc': False, 'price': 99683.0, 'data_type': 'TRADE', 'isBidAggressor': False, 'isExecutionEnd': True, 'passiveOrderId': None, 'aggressorOrderId': None, 'isExecutionStart': True, 'serialVersionUID': -5266538964320734421}",TRADE
2025-11-14 03:42:08.452000-05:00,MNQZ5.CME@RITHMIC,75760078073200,BUY,99691.0,45,TRADE,TRADE,MNQZ5.CME@RITHMIC_20251113_230640_bedbcb11,NONE,,"{'size': 45, 'isOtc': False, 'price': 99691.0, 'data_type': 'TRADE', 'isBidAggressor': False, 'isExecutionEnd': True, 'passiveOrderId': None, 'aggressorOrderId': None, 'isExecutionStart': True, 'serialVersionUID': -5266538964320734421}",TRADE
2025-11-14 03:42:08.449000-05:00,MNQZ5.CME@RITHMIC,75760075823400,BUY,99668.0,35,TRADE,TRADE,MNQZ5.CME@RITHMIC_20251113_230640_bedbcb11,NONE,,"{'size': 35, 'isOtc': False, 'price': 99668.0, 'data_type': 'TRADE', 'isBidAggressor': False, 'isExecutionEnd': True, 'passiveOrderId': None, 'aggressorOrderId': None, 'isExecutionStart': True, 'serialVersionUID': -5266538964320734421}",TRADE
2025-11-14 03:42:08.447000-05:00,MNQZ5.CME@RITHMIC,75760073442300,BUY,99684.0,22,TRADE,TRADE,MNQZ5.CME@RITHMIC_20251113_230640_bedbcb11,NONE,,"{'size': 22, 'isOtc': False, 'price': 99684.0, 'data_type': 'TRADE', 'isBidAggressor': False, 'isExecutionEnd': True, 'passiveOrderId': None, 'aggressorOrderId': None, 'isExecutionStart': True, 'serialVersionUID': -5266538964320734421}",TRADE
2025-11-14 03:42:08.441000-05:00,MNQZ5.CME@RITHMIC,75760067994400,BUY,99692.0,52,TRADE,TRADE,MNQZ5.CME@RITHMIC_20251113_230640_bedbcb11,NONE,,"{'size': 52, 'isOtc': False, 'price': 99692.0, 'data_type': 'TRADE', 'isBidAggressor': False, 'isExecutionEnd': True, 'passiveOrderId': None, 'aggressorOrderId': None, 'isExecutionStart': True, 'serialVersionUID': -5266538964320734421}",TRADE
2025-11-14 03:42:08.439000-05:00,MNQZ5.CME@RITHMIC,75760065198200,BUY,99700.0,22,TRADE,TRADE,MNQZ5.CME@RITHMIC_20251113_230640_bedbcb11,NONE,,"{'size': 22, 'isOtc': False, 'price': 99700.0, 'data_type': 'TRADE', 'isBidAggressor': False, 'isExecutionEnd': True, 'passiveOrderId': None, 'aggressorOrderId': None, 'isExecutionStart': True, 'serialVersionUID': -5266538964320734421}",TRADE
2025-11-14 03:42:08.431000-05:00,MNQZ5.CME@RITHMIC,75760057259900,BUY,99669.0,35,TRADE,TRADE,MNQZ5.CME@RITHMIC_20251113_230640_bedbcb11,NONE,,"{'size': 35, 'isOtc': False, 'price': 99669.0, 'data_type': 'TRADE', 'isBidAggressor': False, 'isExecutionEnd': True, 'passiveOrderId': None, 'aggressorOrderId': None, 'isExecutionStart': True, 'serialVersionUID': -5266538964320734421}",TRADE
2025-11-14 03:42:08.424000-05:00,MNQZ5.CME@RITHMIC,75760050395000,BUY,99693.0,40,TRADE,TRADE,MNQZ5.CME@RITHMIC_20251113_230640_bedbcb11,NONE,,"{'size': 40, 'isOtc': False, 'price': 99693.0, 'data_type': 'TRADE', 'isBidAggressor': False, 'isExecutionEnd': True, 'passiveOrderId': None, 'aggressorOrderId': None, 'isExecutionStart': True, 'serialVersionUID': -5266538964320734421}",TRADE
2025-11-14 03:42:08.415000-05:00,MNQZ5.CME@RITHMIC,75760041558700,BUY,99686.0,37,TRADE,TRADE,MNQZ5.CME@RITHMIC_20251113_230640_bedbcb11,NONE,,"{'size': 37, 'isOtc': False, 'price': 99686.0, 'data_type': 'TRADE', 'isBidAggressor': False, 'isExecutionEnd': True, 'passiveOrderId': None, 'aggressorOrderId': None, 'isExecutionStart': True, 'serialVersionUID': -5266538964320734421}",TRADE
2025-11-14 03:42:08.412000-05:00,MNQZ5.CME@RITHMIC,75760038891000,BUY,99678.0,20,TRADE,TRADE,MNQZ5.CME@RITHMIC_20251113_230640_bedbcb11,NONE,,"{'size': 20, 'isOtc': False, 'price': 99678.0, 'data_type': 'TRADE', 'isBidAggressor': False, 'isExecutionEnd': True, 'passiveOrderId': None, 'aggressorOrderId': None, 'isExecutionStart': True, 'serialVersionUID': -5266538964320734421}",TRADE
2025-11-14 03:42:08.408000-05:00,MNQZ5.CME@RITHMIC,75760034616400,BUY,99694.0,29,TRADE,TRADE,MNQZ5.CME@RITHMIC_20251113_230640_bedbcb11,NONE,,"{'size': 29, 'isOtc': False, 'price': 99694.0, 'data_type': 'TRADE', 'isBidAggressor': False, 'isExecutionEnd': True, 'passiveOrderId': None, 'aggressorOrderId': None, 'isExecutionStart': True, 'serialVersionUID': -5266538964320734421}",TRADE
2025-11-14 03:42:08.396000-05:00,MNQZ5.CME@RITHMIC,75760021721600,BUY,99687.0,49,TRADE,TRADE,MNQZ5.CME@RITHMIC_20251113_230640_bedbcb11,NONE,,"{'size': 49, 'isOtc': False, 'price': 99687.0, 'data_type': 'TRADE', 'isBidAggressor': False, 'isExecutionEnd': True, 'passiveOrderId': None, 'aggressorOrderId': None, 'isExecutionStart': True, 'serialVersionUID': -5266538964320734421}",TRADE
2025-11-14 03:42:08.389000-05:00,MNQZ5.CME@RITHMIC,75760015186900,BUY,99695.0,30,TRADE,TRADE,MNQZ5.CME@RITHMIC_20251113_230640_bedbcb11,NONE,,"{'size': 30, 'isOtc': False, 'price': 99695.0, 'data_type': 'TRADE', 'isBidAggressor': False, 'isExecutionEnd': True, 'passiveOrderId': None, 'aggressorOrderId': None, 'isExecutionStart': True, 'serialVersionUID': -5266538964320734421}",TRADE
2025-11-14 03:42:08.375000-05:00,MNQZ5.CME@RITHMIC,75760001298600,SELL,99672.0,29,TRADE,TRADE,MNQZ5.CME@RITHMIC_20251113_230640_bedbcb11,NONE,,"{'size': 29, 'isOtc': False, 'price': 99672.0, 'data_type': 'TRADE', 'isBidAggressor': True, 'isExecutionEnd': True, 'passiveOrderId': None, 'aggressorOrderId': None, 'isExecutionStart': True, 'serialVersionUID': -5266538964320734421}",TRADE
2025-11-14 03:42:08.373000-05:00,MNQZ5.CME@RITHMIC,75759999243000,SELL,99696.0,20,TRADE,TRADE,MNQZ5.CME@RITHMIC_20251113_230640_bedbcb11,NONE,,"{'size': 20, 'isOtc': False, 'price': 99696.0, 'data_type': 'TRADE', 'isBidAggressor': True, 'isExecutionEnd': True, 'passiveOrderId': None, 'aggressorOrderId': None, 'isExecutionStart': True, 'serialVersionUID': -5266538964320734421}",TRADE
2025-11-14 03:42:08.351000-05:00,MNQZ5.CME@RITHMIC,75759977324500,SELL,99697.0,24,TRADE,TRADE,MNQZ5.CME@RITHMIC_20251113_230640_bedbcb11,NONE,,"{'size': 24, 'isOtc': False, 'price': 99697.0, 'data_type': 'TRADE', 'isBidAggressor': True, 'isExecutionEnd': True, 'passiveOrderId': None, 'aggressorOrderId': None, 'isExecutionStart': True, 'serialVersionUID': -5266538964320734421}",TRADE
2025-11-14 03:42:08.336000-05:00,MNQZ5.CME@RITHMIC,75759962143800,SELL,99698.0,33,TRADE,TRADE,MNQZ5.CME@RITHMIC_20251113_230640_bedbcb11,NONE,,"{'size': 33, 'isOtc': False, 'price': 99698.0, 'data_type': 'TRADE', 'isBidAggressor': True, 'isExecutionEnd': True, 'passiveOrderId': None, 'aggressorOrderId': None, 'isExecutionStart': True, 'serialVersionUID': -5266538964320734421}",TRADE
2025-11-14 03:42:08.317000-05:00,MNQZ5.CME@RITHMIC,75759943778200,SELL,99699.0,23,TRADE,TRADE,MNQZ5.CME@RITHMIC_20251113_230640_bedbcb11,NONE,,"{'size': 23, 'isOtc': False, 'price': 99699.0, 'data_type': 'TRADE', 'isBidAggressor': True, 'isExecutionEnd': True, 'passiveOrderId': None, 'aggressorOrderId': None, 'isExecutionStart': True, 'serialVersionUID': -5266538964320734421}",TRADE
2025-11-14 03:42:08.307000-05:00,MNQZ5.CME@RITHMIC,75759933362500,SELL,99692.0,28,TRADE,TRADE,MNQZ5.CME@RITHMIC_20251113_230640_bedbcb11,NONE,,"{'size': 28, 'isOtc': False, 'price': 99692.0, 'data_type': 'TRADE', 'isBidAggressor': True, 'isExecutionEnd': True, 'passiveOrderId': None, 'aggressorOrderId': None, 'isExecutionStart': True, 'serialVersionUID': -5266538964320734421}",TRADE
2025-11-14 03:42:08.293000-05:00,MNQZ5.CME@RITHMIC,75759919316500,SELL,99693.0,39,TRADE,TRADE,MNQZ5.CME@RITHMIC_20251113_230640_bedbcb11,NONE,,"{'size': 39, 'isOtc': False, 'price': 99693.0, 'data_type': 'TRADE', 'isBidAggressor': True, 'isExecutionEnd': True, 'passiveOrderId': None, 'aggressorOrderId': None, 'isExecutionStart': True, 'serialVersionUID': -5266538964320734421}",TRADE
2025-11-14 03:42:08.281000-05:00,MNQZ5.CME@RITHMIC,75759906843900,SELL,99670.0,26,TRADE,TRADE,MNQZ5.CME@RITHMIC_20251113_230640_bedbcb11,NONE,,"{'size': 26, 'isOtc': False, 'price': 99670.0, 'data_type': 'TRADE', 'isBidAggressor': True, 'isExecutionEnd': True, 'passiveOrderId': None, 'aggressorOrderId': None, 'isExecutionStart': True, 'serialVersionUID': -5266538964320734421}",TRADE
2025-11-14 03:42:08.278000-05:00,MNQZ5.CME@RITHMIC,75759904448300,SELL,99694.0,41,TRADE,TRADE,MNQZ5.CME@RITHMIC_20251113_230640_bedbcb11,NONE,,"{'size': 41, 'isOtc': False, 'price': 99694.0, 'data_type': 'TRADE', 'isBidAggressor': True, 'isExecutionEnd': True, 'passiveOrderId': None, 'aggressorOrderId': None, 'isExecutionStart': True, 'serialVersionUID': -5266538964320734421}",TRADE
2025-11-14 03:42:08.261000-05:00,MNQZ5.CME@RITHMIC,75759887650700,SELL,99695.0,42,TRADE,TRADE,MNQZ5.CME@RITHMIC_20251113_230640_bedbcb11,NONE,,"{'size': 42, 'isOtc': False, 'price': 99695.0, 'data_type': 'TRADE', 'isBidAggressor': True, 'isExecutionEnd': True, 'passiveOrderId': None, 'aggressorOrderId': None, 'isExecutionStart': True, 'serialVersionUID': -5266538964320734421}",TRADE
2025-11-14 03:42:07.235000-05:00,MNQZ5.CME@RITHMIC,6868910948243,SELL,24932.0,20,LIMIT,ADD,MNQZ5.CME@RITHMIC_20251113_230640_bedbcb11,NONE,,"{'size': 20, 'isBid': False, 'price': 99728, 'orderId': '6868910948243', 'event_type': 'SEND'}",MBO
2025-11-14 03:42:06.836000-05:00,MNQZ5.CME@RITHMIC,6868910944535,SELL,24947.75,20,LIMIT,ADD,MNQZ5.CME@RITHMIC_20251113_230640_bedbcb11,NONE,,"{'size': 20, 'isBid': False, 'price': 99791, 'orderId': '6868910944535', 'event_type': 'SEND'}",MBO
2025-11-14 03:41:48.737000-05:00,MNQZ5.CME@RITHMIC,6868910757048,BUY,24888.75,20,LIMIT,UPDATE,MNQZ5.CME@RITHMIC_20251113_230640_bedbcb11,NONE,,"{'size': 20, 'price': 99555, 'orderId': '6868910757048', 'event_type': 'REPLACE'}",MBO
2025-11-14 03:41:24.905000-05:00,MNQZ5.CME@RITHMIC,75716531180900,SELL,24932.0,25,DEPTH,DEPTH,MNQZ5.CME@RITHMIC_20251113_230640_bedbcb11,NONE,,"{'size': 25, 'isBid': False, 'price': 99728, 'data_type': 'DEPTH'}",DEPTH
2025-11-14 03:41:24.807000-05:00,MNQZ5.CME@RITHMIC,75716433647700,SELL,24947.75,25,DEPTH,DEPTH,MNQZ5.CME@RITHMIC_20251113_230640_bedbcb11,NONE,,"{'size': 25, 'isBid': False, 'price': 99791, 'data_type': 'DEPTH'}",DEPTH
2025-11-14 03:41:24.651000-05:00,MNQZ5.CME@RITHMIC,75716277387900,SELL,24980.0,28,DEPTH,DEPTH,MNQZ5.CME@RITHMIC_20251113_230640_bedbcb11,NONE,,"{'size': 28, 'isBid': False, 'price': 99920, 'data_type': 'DEPTH'}",DEPTH
2025-11-14 03:41:24.499000-05:00,MNQZ5.CME@RITHMIC,75716125352700,SELL,25055.0,28,DEPTH,DEPTH,MNQZ5.CME@RITHMIC_20251113_230640_bedbcb11,NONE,,"{'size': 28, 'isBid': False, 'price': 100220, 'data_type': 'DEPTH'}",DEPTH
2025-11-14 03:41:24.452000-05:00,MNQZ5.CME@RITHMIC,75716078006500,SELL,25450.0,37,DEPTH,DEPTH,MNQZ5.CME@RITHMIC_20251113_230640_bedbcb11,NONE,,"{'size': 37, 'isBid': False, 'price': 101800, 'data_type': 'DEPTH'}",DEPTH
2025-11-14 03:41:24.450000-05:00,MNQZ5.CME@RITHMIC,75716076345200,SELL,25500.0,131,DEPTH,DEPTH,MNQZ5.CME@RITHMIC_20251113_230640_bedbcb11,NONE,,"{'size': 131, 'isBid': False, 'price': 102000, 'data_type': 'DEPTH'}",DEPTH
2025-11-14 03:41:24.333000-05:00,MNQZ5.CME@RITHMIC,75715958768000,BUY,24915.0,27,DEPTH,DEPTH,MNQZ5.CME@RITHMIC_20251113_230640_bedbcb11,NONE,,"{'size': 27, 'isBid': True, 'price': 99660, 'data_type': 'DEPTH'}",DEPTH
2025-11-14 03:41:24.314000-05:00,MNQZ5.CME@RITHMIC,75715939729900,BUY,24912.0,20,DEPTH,DEPTH,MNQZ5.CME@RITHMIC_20251113_230640_bedbcb11,NONE,,"{'size': 20, 'isBid': True, 'price': 99648, 'data_type': 'DEPTH'}",DEPTH
2025-11-14 03:41:24.300000-05:00,MNQZ5.CME@RITHMIC,75715926977700,BUY,24910.0,28,DEPTH,DEPTH,MNQZ5.CME@RITHMIC_20251113_230640_bedbcb11,NONE,,"{'size': 28, 'isBid': True, 'price': 99640, 'data_type': 'DEPTH'}",DEPTH
2025-11-14 03:41:24.275000-05:00,MNQZ5.CME@RITHMIC,75715901642300,BUY,24906.0,20,DEPTH,DEPTH,MNQZ5.CME@RITHMIC_20251113_230640_bedbcb11,NONE,,"{'size': 20, 'isBid': True, 'price': 99624, 'data_type': 'DEPTH'}",DEPTH
2025-11-14 03:41:24.240000-05:00,MNQZ5.CME@RITHMIC,75715866585800,BUY,24900.0,131,DEPTH,DEPTH,MNQZ5.CME@RITHMIC_20251113_230640_bedbcb11,NONE,,"{'size': 131, 'isBid': True, 'price': 99600, 'data_type': 'DEPTH'}",DEPTH
2025-11-14 03:41:24.172000-05:00,MNQZ5.CME@RITHMIC,75715798160900,BUY,24888.75,22,DEPTH,DEPTH,MNQZ5.CME@RITHMIC_20251113_230640_bedbcb11,NONE,,"{'size': 22, 'isBid': True, 'price': 99555, 'data_type': 'DEPTH'}",DEPTH
2025-11-14 03:41:24.141000-05:00,MNQZ5.CME@RITHMIC,75715767452600,BUY,24875.0,23,DEPTH,DEPTH,MNQZ5.CME@RITHMIC_20251113_230640_bedbcb11,NONE,,"{'size': 23, 'isBid': True, 'price': 99500, 'data_type': 'DEPTH'}",DEPTH
2025-11-14 03:41:24.134000-05:00,MNQZ5.CME@RITHMIC,75715760051500,BUY,24872.0,22,DEPTH,DEPTH,MNQZ5.CME@RITHMIC_20251113_230640_bedbcb11,NONE,,"{'size': 22, 'isBid': True, 'price': 99488, 'data_type': 'DEPTH'}",DEPTH
2025-11-14 03:41:24.130000-05:00,MNQZ5.CME@RITHMIC,75715756551000,BUY,24870.0,44,DEPTH,DEPTH,MNQZ5.CME@RITHMIC_20251113_230640_bedbcb11,NONE,,"{'size': 44, 'isBid': True, 'price': 99480, 'data_type': 'DEPTH'}",DEPTH
2025-11-14 03:41:24.077000-05:00,MNQZ5.CME@RITHMIC,75715702904200,BUY,24850.0,67,DEPTH,DEPTH,MNQZ5.CME@RITHMIC_20251113_230640_bedbcb11,NONE,,"{'size': 67, 'isBid': True, 'price': 99400, 'data_type': 'DEPTH'}",DEPTH
2025-11-14 03:41:23.991000-05:00,MNQZ5.CME@RITHMIC,75715616847300,BUY,24800.0,164,DEPTH,DEPTH,MNQZ5.CME@RITHMIC_20251113_230640_bedbcb11,NONE,,"{'size': 164, 'isBid': True, 'price': 99200, 'data_type': 'DEPTH'}",DEPTH
2025-11-14 03:41:23.988000-05:00,MNQZ5.CME@RITHMIC,75715613769300,BUY,24750.0,49,DEPTH,DEPTH,MNQZ5.CME@RITHMIC_20251113_230640_bedbcb11,NONE,,"{'size': 49, 'isBid': True, 'price': 99000, 'data_type': 'DEPTH'}",DEPTH
2025-11-14 03:41:22.767000-05:00,MNQZ5.CME@RITHMIC,75714393753100,BUY,99796.0,21,TRADE,TRADE,MNQZ5.CME@RITHMIC_20251113_230640_bedbcb11,NONE,,"{'size': 21, 'isOtc': False, 'price': 99796.0, 'data_type': 'TRADE', 'isBidAggressor': False, 'isExecutionEnd': True, 'passiveOrderId': None, 'aggressorOrderId': None, 'isExecutionStart': True, 'serialVersionUID': -5266538964320734421}",TRADE
2025-11-14 03:41:22.643000-05:00,MNQZ5.CME@RITHMIC,75714268867300,SELL,99731.0,21,TRADE,TRADE,MNQZ5.CME@RITHMIC_20251113_230640_bedbcb11,NONE,,"{'size': 21, 'isOtc': False, 'price': 99731.0, 'data_type': 'TRADE', 'isBidAggressor': True, 'isExecutionEnd': True, 'passiveOrderId': None, 'aggressorOrderId': None, 'isExecutionStart': True, 'serialVersionUID': -5266538964320734421}",TRADE
2025-11-14 03:41:10.577000-05:00,MNQZ5.CME@RITHMIC,6868910756844,SELL,24959.0,20,LIMIT,UPDATE,MNQZ5.CME@RITHMIC_20251113_230640_bedbcb11,NONE,,"{'size': 20, 'price': 99836, 'orderId': '6868910756844', 'event_type': 'REPLACE'}",MBO
2025-11-14 03:41:01.399000-05:00,MNQZ5.CME@RITHMIC,6868910757048,BUY,24900.25,20,LIMIT,UPDATE,MNQZ5.CME@RITHMIC_20251113_230640_bedbcb11,NONE,,"{'size': 20, 'price': 99601, 'orderId': '6868910757048', 'event_type': 'REPLACE'}",MBO
2025-11-14 03:40:32.408000-05:00,MNQZ5.CME@RITHMIC,75664034467900,SELL,24959.0,24,DEPTH,DEPTH,MNQZ5.CME@RITHMIC_20251113_230640_bedbcb11,NONE,,"{'size': 24, 'isBid': False, 'price': 99836, 'data_type': 'DEPTH'}",DEPTH
2025-11-14 03:40:32.241000-05:00,MNQZ5.CME@RITHMIC,75663867464400,SELL,24980.0,27,DEPTH,DEPTH,MNQZ5.CME@RITHMIC_20251113_230640_bedbcb11,NONE,,"{'size': 27, 'isBid': False, 'price': 99920, 'data_type': 'DEPTH'}",DEPTH
2025-11-14 03:40:32.229000-05:00,MNQZ5.CME@RITHMIC,75663855394800,SELL,24982.0,23,DEPTH,DEPTH,MNQZ5.CME@RITHMIC_20251113_230640_bedbcb11,NONE,,"{'size': 23, 'isBid': False, 'price': 99928, 'data_type': 'DEPTH'}",DEPTH
2025-11-14 03:40:32.009000-05:00,MNQZ5.CME@RITHMIC,75663635626500,SELL,25100.0,45,DEPTH,DEPTH,MNQZ5.CME@RITHMIC_20251113_230640_bedbcb11,NONE,,"{'size': 45, 'isBid': False, 'price': 100400, 'data_type': 'DEPTH'}",DEPTH
2025-11-14 03:40:31.739000-05:00,MNQZ5.CME@RITHMIC,75663365548100,BUY,24920.0,27,DEPTH,DEPTH,MNQZ5.CME@RITHMIC_20251113_230640_bedbcb11,NONE,,"{'size': 27, 'isBid': True, 'price': 99680, 'data_type': 'DEPTH'}",DEPTH
2025-11-14 03:40:31.605000-05:00,MNQZ5.CME@RITHMIC,75663231442300,BUY,24900.25,26,DEPTH,DEPTH,MNQZ5.CME@RITHMIC_20251113_230640_bedbcb11,NONE,,"{'size': 26, 'isBid': True, 'price': 99601, 'data_type': 'DEPTH'}",DEPTH
2025-11-14 03:40:31.588000-05:00,MNQZ5.CME@RITHMIC,75663214222800,BUY,24888.0,31,DEPTH,DEPTH,MNQZ5.CME@RITHMIC_20251113_230640_bedbcb11,NONE,,"{'size': 31, 'isBid': True, 'price': 99552, 'data_type': 'DEPTH'}",DEPTH
2025-11-14 03:40:31.567000-05:00,MNQZ5.CME@RITHMIC,75663193219700,BUY,24875.0,21,DEPTH,DEPTH,MNQZ5.CME@RITHMIC_20251113_230640_bedbcb11,NONE,,"{'size': 21, 'isBid': True, 'price': 99500, 'data_type': 'DEPTH'}",DEPTH
2025-11-14 03:40:31.543000-05:00,MNQZ5.CME@RITHMIC,75663169542900,BUY,24872.0,22,DEPTH,DEPTH,MNQZ5.CME@RITHMIC_20251113_230640_bedbcb11,NONE,,"{'size': 22, 'isBid': True, 'price': 99488, 'data_type': 'DEPTH'}",DEPTH
2025-11-14 03:40:31.530000-05:00,MNQZ5.CME@RITHMIC,75663155591800,BUY,24870.0,41,DEPTH,DEPTH,MNQZ5.CME@RITHMIC_20251113_230640_bedbcb11,NONE,,"{'size': 41, 'isBid': True, 'price': 99480, 'data_type': 'DEPTH'}",DEPTH
2025-11-14 03:40:31.462000-05:00,MNQZ5.CME@RITHMIC,75663088418200,BUY,24860.0,28,DEPTH,DEPTH,MNQZ5.CME@RITHMIC_20251113_230640_bedbcb11,NONE,,"{'size': 28, 'isBid': True, 'price': 99440, 'data_type': 'DEPTH'}",DEPTH
2025-11-14 03:40:31.363000-05:00,MNQZ5.CME@RITHMIC,75662989537700,BUY,24300.0,29,DEPTH,DEPTH,MNQZ5.CME@RITHMIC_20251113_230640_bedbcb11,NONE,,"{'size': 29, 'isBid': True, 'price': 97200, 'data_type': 'DEPTH'}",DEPTH
2025-11-14 03:40:14.316000-05:00,MNQZ5.CME@RITHMIC,6868910756844,SELL,24981.5,20,LIMIT,UPDATE,MNQZ5.CME@RITHMIC_20251113_230640_bedbcb11,NONE,,"{'size': 20, 'price': 99926, 'orderId': '6868910756844', 'event_type': 'REPLACE'}",MBO
2025-11-14 03:40:05.535000-05:00,MNQZ5.CME@RITHMIC,6868910757048,BUY,24923.25,20,LIMIT,UPDATE,MNQZ5.CME@RITHMIC_20251113_230640_bedbcb11,NONE,,"{'size': 20, 'price': 99693, 'orderId': '6868910757048', 'event_type': 'REPLACE'}",MBO
2025-11-14 03:40:02.050000-05:00,MNQZ5.CME@RITHMIC,75633676343400,SELL,24969.0,28,DEPTH,DEPTH,MNQZ5.CME@RITHMIC_20251113_230640_bedbcb11,NONE,,"{'size': 28, 'isBid': False, 'price': 99876, 'data_type': 'DEPTH'}",DEPTH
2025-11-14 03:40:02.044000-05:00,MNQZ5.CME@RITHMIC,75633670139700,SELL,24970.0,25,DEPTH,DEPTH,MNQZ5.CME@RITHMIC_20251113_230640_bedbcb11,NONE,,"{'size': 25, 'isBid': False, 'price': 99880, 'data_type': 'DEPTH'}",DEPTH
2025-11-14 03:40:01.997000-05:00,MNQZ5.CME@RITHMIC,75633623096700,SELL,24981.5,25,DEPTH,DEPTH,MNQZ5.CME@RITHMIC_20251113_230640_bedbcb11,NONE,,"{'size': 25, 'isBid': False, 'price': 99926, 'data_type': 'DEPTH'}",DEPTH
2025-11-14 03:40:01.994000-05:00,MNQZ5.CME@RITHMIC,75633620084200,SELL,24982.0,25,DEPTH,DEPTH,MNQZ5.CME@RITHMIC_20251113_230640_bedbcb11,NONE,,"{'size': 25, 'isBid': False, 'price': 99928, 'data_type': 'DEPTH'}",DEPTH
2025-11-14 03:40:01.966000-05:00,MNQZ5.CME@RITHMIC,75633592925000,SELL,25016.5,28,DEPTH,DEPTH,MNQZ5.CME@RITHMIC_20251113_230640_bedbcb11,NONE,,"{'size': 28, 'isBid': False, 'price': 100066, 'data_type': 'DEPTH'}",DEPTH
2025-11-14 03:40:01.952000-05:00,MNQZ5.CME@RITHMIC,75633578568700,SELL,25028.0,21,DEPTH,DEPTH,MNQZ5.CME@RITHMIC_20251113_230640_bedbcb11,NONE,,"{'size': 21, 'isBid': False, 'price': 100112, 'data_type': 'DEPTH'}",DEPTH
2025-11-14 03:40:01.870000-05:00,MNQZ5.CME@RITHMIC,75633496415600,SELL,25200.0,89,DEPTH,DEPTH,MNQZ5.CME@RITHMIC_20251113_230640_bedbcb11,NONE,,"{'size': 89, 'isBid': False, 'price': 100800, 'data_type': 'DEPTH'}",DEPTH
2025-11-14 03:40:01.867000-05:00,MNQZ5.CME@RITHMIC,75633493150200,SELL,25245.0,27,DEPTH,DEPTH,MNQZ5.CME@RITHMIC_20251113_230640_bedbcb11,NONE,,"{'size': 27, 'isBid': False, 'price': 100980, 'data_type': 'DEPTH'}",DEPTH
2025-11-14 03:40:01.603000-05:00,MNQZ5.CME@RITHMIC,75633229279500,BUY,24923.25,24,DEPTH,DEPTH,MNQZ5.CME@RITHMIC_20251113_230640_bedbcb11,NONE,,"{'size': 24, 'isBid': True, 'price': 99693, 'data_type': 'DEPTH'}",DEPTH
2025-11-14 03:40:01.585000-05:00,MNQZ5.CME@RITHMIC,75633211740200,BUY,24888.0,29,DEPTH,DEPTH,MNQZ5.CME@RITHMIC_20251113_230640_bedbcb11,NONE,,"{'size': 29, 'isBid': True, 'price': 99552, 'data_type': 'DEPTH'}",DEPTH
2025-11-14 03:40:01.521000-05:00,MNQZ5.CME@RITHMIC,75633147410400,BUY,24880.0,41,DEPTH,DEPTH,MNQZ5.CME@RITHMIC_20251113_230640_bedbcb11,NONE,,"{'size': 41, 'isBid': True, 'price': 99520, 'data_type': 'DEPTH'}",DEPTH
2025-11-14 03:39:53.502000-05:00,MNQZ5.CME@RITHMIC,75625127727700,SELL,24992.75,24,DEPTH,DEPTH,MNQZ5.CME@RITHMIC_20251113_230640_bedbcb11,NONE,,"{'size': 24, 'isBid': False, 'price': 99971, 'data_type': 'DEPTH'}",DEPTH
2025-11-14 03:39:53.497000-05:00,MNQZ5.CME@RITHMIC,6868910756844,SELL,24992.75,20,LIMIT,UPDATE,MNQZ5.CME@RITHMIC_20251113_230640_bedbcb11,NONE,,"{'size': 20, 'price': 99971, 'orderId': '6868910756844', 'event_type': 'REPLACE'}",MBO
2025-11-14 03:39:51.915000-05:00,MNQZ5.CME@RITHMIC,75623541029800,SELL,24982.0,26,DEPTH,DEPTH,MNQZ5.CME@RITHMIC_20251113_230640_bedbcb11,NONE,,"{'size': 26, 'isBid': False, 'price': 99928, 'data_type': 'DEPTH'}",DEPTH
2025-11-14 03:39:51.913000-05:00,MNQZ5.CME@RITHMIC,6868910882609,SELL,24982.0,20,LIMIT,ADD,MNQZ5.CME@RITHMIC_20251113_230640_bedbcb11,NONE,,"{'size': 20, 'isBid': False, 'price': 99928, 'orderId': '6868910882609', 'event_type': 'SEND'}",MBO
2025-11-14 03:39:46.110000-05:00,MNQZ5.CME@RITHMIC,75617736515800,SELL,24970.0,28,DEPTH,DEPTH,MNQZ5.CME@RITHMIC_20251113_230640_bedbcb11,NONE,,"{'size': 28, 'isBid': False, 'price': 99880, 'data_type': 'DEPTH'}",DEPTH
2025-11-14 03:39:42.793000-05:00,MNQZ5.CME@RITHMIC,75614419439000,SELL,24970.0,30,DEPTH,DEPTH,MNQZ5.CME@RITHMIC_20251113_230640_bedbcb11,NONE,,"{'size': 30, 'isBid': False, 'price': 99880, 'data_type': 'DEPTH'}",DEPTH
2025-11-14 03:39:36.542000-05:00,MNQZ5.CME@RITHMIC,75608168098700,BUY,24932.25,23,DEPTH,DEPTH,MNQZ5.CME@RITHMIC_20251113_230640_bedbcb11,NONE,,"{'size': 23, 'isBid': True, 'price': 99729, 'data_type': 'DEPTH'}",DEPTH
2025-11-14 03:39:36.539000-05:00,MNQZ5.CME@RITHMIC,6868910757048,BUY,24932.25,20,LIMIT,UPDATE,MNQZ5.CME@RITHMIC_20251113_230640_bedbcb11,NONE,,"{'size': 20, 'price': 99729, 'orderId': '6868910757048', 'event_type': 'REPLACE'}",MBO
2025-11-14 03:39:27.994000-05:00,MNQZ5.CME@RITHMIC,6868910757048,BUY,24930.0,20,LIMIT,UPDATE,MNQZ5.CME@RITHMIC_20251113_230640_bedbcb11,NONE,,"{'size': 20, 'price': 99720, 'orderId': '6868910757048', 'event_type': 'REPLACE'}",MBO
2025-11-14 03:39:26.481000-05:00,MNQZ5.CME@RITHMIC,6868910756844,SELL,24990.5,20,LIMIT,UPDATE,MNQZ5.CME@RITHMIC_20251113_230640_bedbcb11,NONE,,"{'size': 20, 'price': 99962, 'orderId': '6868910756844', 'event_type': 'REPLACE'}",MBO
2025-11-14 03:39:25.968000-05:00,MNQZ5.CME@RITHMIC,75597594550700,SELL,24970.0,28,DEPTH,DEPTH,MNQZ5.CME@RITHMIC_20251113_230640_bedbcb11,NONE,,"{'size': 28, 'isBid': False, 'price': 99880, 'data_type': 'DEPTH'}",DEPTH
2025-11-14 03:39:25.927000-05:00,MNQZ5.CME@RITHMIC,75597553500700,SELL,24990.5,22,DEPTH,DEPTH,MNQZ5.CME@RITHMIC_20251113_230640_bedbcb11,NONE,,"{'size': 22, 'isBid': False, 'price': 99962, 'data_type': 'DEPTH'}",DEPTH
2025-11-14 03:39:25.792000-05:00,MNQZ5.CME@RITHMIC,75597418513000,BUY,24930.0,33,DEPTH,DEPTH,MNQZ5.CME@RITHMIC_20251113_230640_bedbcb11,NONE,,"{'size': 33, 'isBid': True, 'price': 99720, 'data_type': 'DEPTH'}",DEPTH
2025-11-14 03:39:24.635000-05:00,MNQZ5.CME@RITHMIC,6868910872492,SELL,24962.0,20,LIMIT,ADD,MNQZ5.CME@RITHMIC_20251113_230640_bedbcb11,NONE,,"{'size': 20, 'isBid': False, 'price': 99848, 'orderId': '6868910872492', 'event_type': 'SEND'}",MBO
2025-11-14 03:39:19.129000-05:00,MNQZ5.CME@RITHMIC,6868910756844,SELL,24988.0,20,LIMIT,UPDATE,MNQZ5.CME@RITHMIC_20251113_230640_bedbcb11,NONE,,"{'size': 20, 'price': 99952, 'orderId': '6868910756844', 'event_type': 'REPLACE'}",MBO
2025-11-14 03:39:15.422000-05:00,MNQZ5.CME@RITHMIC,6868910757048,BUY,24930.0,20,LIMIT,UPDATE,MNQZ5.CME@RITHMIC_20251113_230640_bedbcb11,NONE,,"{'size': 20, 'price': 99720, 'orderId': '6868910757048', 'event_type': 'REPLACE'}",MBO
2025-11-14 03:39:12.764000-05:00,MNQZ5.CME@RITHMIC,75584390918900,SELL,24962.0,30,DEPTH,DEPTH,MNQZ5.CME@RITHMIC_20251113_230640_bedbcb11,NONE,,"{'size': 30, 'isBid': False, 'price': 99848, 'data_type': 'DEPTH'}",DEPTH
2025-11-14 03:39:12.718000-05:00,MNQZ5.CME@RITHMIC,75584344583400,SELL,24980.0,28,DEPTH,DEPTH,MNQZ5.CME@RITHMIC_20251113_230640_bedbcb11,NONE,,"{'size': 28, 'isBid': False, 'price': 99920, 'data_type': 'DEPTH'}",DEPTH
2025-11-14 03:39:12.711000-05:00,MNQZ5.CME@RITHMIC,75584337683000,SELL,24988.0,32,DEPTH,DEPTH,MNQZ5.CME@RITHMIC_20251113_230640_bedbcb11,NONE,,"{'size': 32, 'isBid': False, 'price': 99952, 'data_type': 'DEPTH'}",DEPTH
2025-11-14 03:39:12.689000-05:00,MNQZ5.CME@RITHMIC,75584315099900,SELL,25028.0,23,DEPTH,DEPTH,MNQZ5.CME@RITHMIC_20251113_230640_bedbcb11,NONE,,"{'size': 23, 'isBid': False, 'price': 100112, 'data_type': 'DEPTH'}",DEPTH
2025-11-14 03:39:12.638000-05:00,MNQZ5.CME@RITHMIC,75584263939300,SELL,25245.0,28,DEPTH,DEPTH,MNQZ5.CME@RITHMIC_20251113_230640_bedbcb11,NONE,,"{'size': 28, 'isBid': False, 'price': 100980, 'data_type': 'DEPTH'}",DEPTH
2025-11-14 03:39:12.490000-05:00,MNQZ5.CME@RITHMIC,75584115857000,BUY,24930.0,33,DEPTH,DEPTH,MNQZ5.CME@RITHMIC_20251113_230640_bedbcb11,NONE,,"{'size': 33, 'isBid': True, 'price': 99720, 'data_type': 'DEPTH'}",DEPTH
2025-11-14 03:39:12.417000-05:00,MNQZ5.CME@RITHMIC,75584044055300,BUY,24880.0,39,DEPTH,DEPTH,MNQZ5.CME@RITHMIC_20251113_230640_bedbcb11,NONE,,"{'size': 39, 'isBid': True, 'price': 99520, 'data_type': 'DEPTH'}",DEPTH
2025-11-14 03:39:12.376000-05:00,MNQZ5.CME@RITHMIC,75584002961400,BUY,24872.0,20,DEPTH,DEPTH,MNQZ5.CME@RITHMIC_20251113_230640_bedbcb11,NONE,,"{'size': 20, 'isBid': True, 'price': 99488, 'data_type': 'DEPTH'}",DEPTH
2025-11-14 03:39:12.369000-05:00,MNQZ5.CME@RITHMIC,75583995564700,BUY,24700.0,107,DEPTH,DEPTH,MNQZ5.CME@RITHMIC_20251113_230640_bedbcb11,NONE,,"{'size': 107, 'isBid': True, 'price': 98800, 'data_type': 'DEPTH'}",DEPTH
2025-11-14 03:39:06.793000-05:00,MNQZ5.CME@RITHMIC,6868910756844,SELL,24978.5,20,LIMIT,UPDATE,MNQZ5.CME@RITHMIC_20251113_230640_bedbcb11,NONE,,"{'size': 20, 'price': 99914, 'orderId': '6868910756844', 'event_type': 'REPLACE'}",MBO
2025-11-14 03:39:01.763000-05:00,MNQZ5.CME@RITHMIC,6868910757048,BUY,24921.0,20,LIMIT,UPDATE,MNQZ5.CME@RITHMIC_20251113_230640_bedbcb11,NONE,,"{'size': 20, 'price': 99684, 'orderId': '6868910757048', 'event_type': 'REPLACE'}",MBO
2025-11-14 03:38:59.098000-05:00,MNQZ5.CME@RITHMIC,75570725031500,SELL,24970.0,26,DEPTH,DEPTH,MNQZ5.CME@RITHMIC_20251113_230640_bedbcb11,NONE,,"{'size': 26, 'isBid': False, 'price': 99880, 'data_type': 'DEPTH'}",DEPTH
2025-11-14 03:38:59.085000-05:00,MNQZ5.CME@RITHMIC,75570711747300,SELL,24978.5,25,DEPTH,DEPTH,MNQZ5.CME@RITHMIC_20251113_230640_bedbcb11,NONE,,"{'size': 25, 'isBid': False, 'price': 99914, 'data_type': 'DEPTH'}",DEPTH
2025-11-14 03:38:59.079000-05:00,MNQZ5.CME@RITHMIC,75570706102800,SELL,24980.0,28,DEPTH,DEPTH,MNQZ5.CME@RITHMIC_20251113_230640_bedbcb11,NONE,,"{'size': 28, 'isBid': False, 'price': 99920, 'data_type': 'DEPTH'}",DEPTH
2025-11-14 03:38:59.022000-05:00,MNQZ5.CME@RITHMIC,75570648968700,SELL,25028.0,21,DEPTH,DEPTH,MNQZ5.CME@RITHMIC_20251113_230640_bedbcb11,NONE,,"{'size': 21, 'isBid': False, 'price': 100112, 'data_type': 'DEPTH'}",DEPTH
2025-11-14 03:38:58.845000-05:00,MNQZ5.CME@RITHMIC,75570471836500,BUY,24921.0,32,DEPTH,DEPTH,MNQZ5.CME@RITHMIC_20251113_230640_bedbcb11,NONE,,"{'size': 32, 'isBid': True, 'price': 99684, 'data_type': 'DEPTH'}",DEPTH
2025-11-14 03:38:58.843000-05:00,MNQZ5.CME@RITHMIC,75570469536600,BUY,24920.0,24,DEPTH,DEPTH,MNQZ5.CME@RITHMIC_20251113_230640_bedbcb11,NONE,,"{'size': 24, 'isBid': True, 'price': 99680, 'data_type': 'DEPTH'}",DEPTH
2025-11-14 03:38:58.813000-05:00,MNQZ5.CME@RITHMIC,75570438960000,BUY,24880.0,41,DEPTH,DEPTH,MNQZ5.CME@RITHMIC_20251113_230640_bedbcb11,NONE,,"{'size': 41, 'isBid': True, 'price': 99520, 'data_type': 'DEPTH'}",DEPTH
2025-11-14 03:38:58.788000-05:00,MNQZ5.CME@RITHMIC,75570414692600,BUY,24875.0,21,DEPTH,DEPTH,MNQZ5.CME@RITHMIC_20251113_230640_bedbcb11,NONE,,"{'size': 21, 'isBid': True, 'price': 99500, 'data_type': 'DEPTH'}",DEPTH
2025-11-14 03:38:58.775000-05:00,MNQZ5.CME@RITHMIC,75570401580000,BUY,24870.0,39,DEPTH,DEPTH,MNQZ5.CME@RITHMIC_20251113_230640_bedbcb11,NONE,,"{'size': 39, 'isBid': True, 'price': 99480, 'data_type': 'DEPTH'}",DEPTH
2025-11-14 03:38:58.774000-05:00,MNQZ5.CME@RITHMIC,75570400290700,BUY,24860.0,25,DEPTH,DEPTH,MNQZ5.CME@RITHMIC_20251113_230640_bedbcb11,NONE,,"{'size': 25, 'isBid': True, 'price': 99440, 'data_type': 'DEPTH'}",DEPTH
2025-11-14 03:38:58.771000-05:00,MNQZ5.CME@RITHMIC,75570397092400,BUY,24800.0,163,DEPTH,DEPTH,MNQZ5.CME@RITHMIC_20251113_230640_bedbcb11,NONE,,"{'size': 163, 'isBid': True, 'price': 99200, 'data_type': 'DEPTH'}",DEPTH
2025-11-14 03:38:58.759000-05:00,MNQZ5.CME@RITHMIC,75570385483600,BUY,24500.0,88,DEPTH,DEPTH,MNQZ5.CME@RITHMIC_20251113_230640_bedbcb11,NONE,,"{'size': 88, 'isBid': True, 'price': 98000, 'data_type': 'DEPTH'}",DEPTH
2025-11-14 03:38:57.730000-05:00,MNQZ5.CME@RITHMIC,75569356449700,SELL,24985.25,23,DEPTH,DEPTH,MNQZ5.CME@RITHMIC_20251113_230640_bedbcb11,NONE,,"{'size': 23, 'isBid': False, 'price': 99941, 'data_type': 'DEPTH'}",DEPTH
2025-11-14 03:38:57.727000-05:00,MNQZ5.CME@RITHMIC,6868910756844,SELL,24985.25,20,LIMIT,UPDATE,MNQZ5.CME@RITHMIC_20251113_230640_bedbcb11,NONE,,"{'size': 20, 'price': 99941, 'orderId': '6868910756844', 'event_type': 'REPLACE'}",MBO
2025-11-14 03:38:57.726000-05:00,MNQZ5.CME@RITHMIC,75569352497500,SELL,24972.75,21,DEPTH,DEPTH,MNQZ5.CME@RITHMIC_20251113_230640_bedbcb11,NONE,,"{'size': 21, 'isBid': False, 'price': 99891, 'data_type': 'DEPTH'}",DEPTH
2025-11-14 03:38:57.725000-05:00,MNQZ5.CME@RITHMIC,75569351149200,SELL,24970.5,20,DEPTH,DEPTH,MNQZ5.CME@RITHMIC_20251113_230640_bedbcb11,NONE,,"{'size': 20, 'isBid': False, 'price': 99882, 'data_type': 'DEPTH'}",DEPTH
2025-11-14 03:38:57.329000-05:00,MNQZ5.CME@RITHMIC,75568955734700,BUY,24880.0,39,DEPTH,DEPTH,MNQZ5.CME@RITHMIC_20251113_230640_bedbcb11,NONE,,"{'size': 39, 'isBid': True, 'price': 99520, 'data_type': 'DEPTH'}",DEPTH
2025-11-14 03:38:55.511000-05:00,MNQZ5.CME@RITHMIC,75567137238900,SELL,24983.0,24,DEPTH,DEPTH,MNQZ5.CME@RITHMIC_20251113_230640_bedbcb11,NONE,,"{'size': 24, 'isBid': False, 'price': 99932, 'data_type': 'DEPTH'}",DEPTH
2025-11-14 03:38:54.321000-05:00,MNQZ5.CME@RITHMIC,75565947732000,SELL,24983.0,25,DEPTH,DEPTH,MNQZ5.CME@RITHMIC_20251113_230640_bedbcb11,NONE,,"{'size': 25, 'isBid': False, 'price': 99932, 'data_type': 'DEPTH'}",DEPTH
2025-11-14 03:38:54.319000-05:00,MNQZ5.CME@RITHMIC,6868910756844,SELL,24983.0,20,LIMIT,UPDATE,MNQZ5.CME@RITHMIC_20251113_230640_bedbcb11,NONE,,"{'size': 20, 'price': 99932, 'orderId': '6868910756844', 'event_type': 'REPLACE'}",MBO
2025-11-14 03:38:54.318000-05:00,MNQZ5.CME@RITHMIC,75565944133300,SELL,24970.5,30,DEPTH,DEPTH,MNQZ5.CME@RITHMIC_20251113_230640_bedbcb11,NONE,,"{'size': 30, 'isBid': False, 'price': 99882, 'data_type': 'DEPTH'}",DEPTH
2025-11-14 03:38:48.256000-05:00,MNQZ5.CME@RITHMIC,75559882485900,SELL,24970.0,28,DEPTH,DEPTH,MNQZ5.CME@RITHMIC_20251113_230640_bedbcb11,NONE,,"{'size': 28, 'isBid': False, 'price': 99880, 'data_type': 'DEPTH'}",DEPTH
2025-11-14 03:38:47.996000-05:00,MNQZ5.CME@RITHMIC,75559622943600,BUY,24880.0,41,DEPTH,DEPTH,MNQZ5.CME@RITHMIC_20251113_230640_bedbcb11,NONE,,"{'size': 41, 'isBid': True, 'price': 99520, 'data_type': 'DEPTH'}",DEPTH
2025-11-14 03:38:47.209000-05:00,MNQZ5.CME@RITHMIC,75558835721500,BUY,24880.0,39,DEPTH,DEPTH,MNQZ5.CME@RITHMIC_20251113_230640_bedbcb11,NONE,,"{'size': 39, 'isBid': True, 'price': 99520, 'data_type': 'DEPTH'}",DEPTH
2025-11-14 03:38:45.842000-05:00,MNQZ5.CME@RITHMIC,75557468971400,BUY,24880.0,41,DEPTH,DEPTH,MNQZ5.CME@RITHMIC_20251113_230640_bedbcb11,NONE,,"{'size': 41, 'isBid': True, 'price': 99520, 'data_type': 'DEPTH'}",DEPTH
2025-11-14 03:38:45.724000-05:00,MNQZ5.CME@RITHMIC,75557350578100,BUY,24880.0,39,DEPTH,DEPTH,MNQZ5.CME@RITHMIC_20251113_230640_bedbcb11,NONE,,"{'size': 39, 'isBid': True, 'price': 99520, 'data_type': 'DEPTH'}",DEPTH
2025-11-14 03:38:38.021000-05:00,MNQZ5.CME@RITHMIC,6868910757048,BUY,24925.75,20,LIMIT,UPDATE,MNQZ5.CME@RITHMIC_20251113_230640_bedbcb11,NONE,,"{'size': 20, 'price': 99703, 'orderId': '6868910757048', 'event_type': 'REPLACE'}",MBO
2025-11-14 03:38:35.650000-05:00,MNQZ5.CME@RITHMIC,6868910756844,SELL,24985.25,20,LIMIT,UPDATE,MNQZ5.CME@RITHMIC_20251113_230640_bedbcb11,NONE,,"{'size': 20, 'price': 99941, 'orderId': '6868910756844', 'event_type': 'REPLACE'}",MBO
2025-11-14 03:38:35.306000-05:00,MNQZ5.CME@RITHMIC,75546932545900,SELL,24970.0,27,DEPTH,DEPTH,MNQZ5.CME@RITHMIC_20251113_230640_bedbcb11,NONE,,"{'size': 27, 'isBid': False, 'price': 99880, 'data_type': 'DEPTH'}",DEPTH
2025-11-14 03:38:35.304000-05:00,MNQZ5.CME@RITHMIC,75546930335900,SELL,24970.5,20,DEPTH,DEPTH,MNQZ5.CME@RITHMIC_20251113_230640_bedbcb11,NONE,,"{'size': 20, 'isBid': False, 'price': 99882, 'data_type': 'DEPTH'}",DEPTH
2025-11-14 03:38:35.303000-05:00,MNQZ5.CME@RITHMIC,75546929170000,SELL,24972.75,21,DEPTH,DEPTH,MNQZ5.CME@RITHMIC_20251113_230640_bedbcb11,NONE,,"{'size': 21, 'isBid': False, 'price': 99891, 'data_type': 'DEPTH'}",DEPTH
2025-11-14 03:38:35.297000-05:00,MNQZ5.CME@RITHMIC,75546924274700,SELL,24980.0,27,DEPTH,DEPTH,MNQZ5.CME@RITHMIC_20251113_230640_bedbcb11,NONE,,"{'size': 27, 'isBid': False, 'price': 99920, 'data_type': 'DEPTH'}",DEPTH
2025-11-14 03:38:35.284000-05:00,MNQZ5.CME@RITHMIC,75546910764500,SELL,24985.25,23,DEPTH,DEPTH,MNQZ5.CME@RITHMIC_20251113_230640_bedbcb11,NONE,,"{'size': 23, 'isBid': False, 'price': 99941, 'data_type': 'DEPTH'}",DEPTH
2025-11-14 03:38:35.114000-05:00,MNQZ5.CME@RITHMIC,75546740626900,BUY,24925.75,23,DEPTH,DEPTH,MNQZ5.CME@RITHMIC_20251113_230640_bedbcb11,NONE,,"{'size': 23, 'isBid': True, 'price': 99703, 'data_type': 'DEPTH'}",DEPTH
2025-11-14 03:38:35.109000-05:00,MNQZ5.CME@RITHMIC,75546735114400,BUY,24910.0,23,DEPTH,DEPTH,MNQZ5.CME@RITHMIC_20251113_230640_bedbcb11,NONE,,"{'size': 23, 'isBid': True, 'price': 99640, 'data_type': 'DEPTH'}",DEPTH
2025-11-14 03:38:35.106000-05:00,MNQZ5.CME@RITHMIC,75546732702300,BUY,24900.0,128,DEPTH,DEPTH,MNQZ5.CME@RITHMIC_20251113_230640_bedbcb11,NONE,,"{'size': 128, 'isBid': True, 'price': 99600, 'data_type': 'DEPTH'}",DEPTH
2025-11-14 03:38:35.082000-05:00,MNQZ5.CME@RITHMIC,75546709182500,BUY,24880.0,42,DEPTH,DEPTH,MNQZ5.CME@RITHMIC_20251113_230640_bedbcb11,NONE,,"{'size': 42, 'isBid': True, 'price': 99520, 'data_type': 'DEPTH'}",DEPTH
2025-11-14 03:38:35.072000-05:00,MNQZ5.CME@RITHMIC,75546698543100,BUY,24830.0,34,DEPTH,DEPTH,MNQZ5.CME@RITHMIC_20251113_230640_bedbcb11,NONE,,"{'size': 34, 'isBid': True, 'price': 99320, 'data_type': 'DEPTH'}",DEPTH
2025-11-14 03:38:35.071000-05:00,MNQZ5.CME@RITHMIC,75546697277100,BUY,24820.0,26,DEPTH,DEPTH,MNQZ5.CME@RITHMIC_20251113_230640_bedbcb11,NONE,,"{'size': 26, 'isBid': True, 'price': 99280, 'data_type': 'DEPTH'}",DEPTH
2025-11-14 03:38:34.665000-05:00,MNQZ5.CME@RITHMIC,75546291951300,SELL,24980.0,28,DEPTH,DEPTH,MNQZ5.CME@RITHMIC_20251113_230640_bedbcb11,NONE,,"{'size': 28, 'isBid': False, 'price': 99920, 'data_type': 'DEPTH'}",DEPTH
2025-11-14 03:38:32.629000-05:00,MNQZ5.CME@RITHMIC,75544255768000,BUY,24880.0,41,DEPTH,DEPTH,MNQZ5.CME@RITHMIC_20251113_230640_bedbcb11,NONE,,"{'size': 41, 'isBid': True, 'price': 99520, 'data_type': 'DEPTH'}",DEPTH
2025-11-14 03:38:31.897000-05:00,MNQZ5.CME@RITHMIC,75543523080000,BUY,24880.0,39,DEPTH,DEPTH,MNQZ5.CME@RITHMIC_20251113_230640_bedbcb11,NONE,,"{'size': 39, 'isBid': True, 'price': 99520, 'data_type': 'DEPTH'}",DEPTH
2025-11-14 03:38:26.531000-05:00,MNQZ5.CME@RITHMIC,75538157808000,BUY,24880.0,41,DEPTH,DEPTH,MNQZ5.CME@RITHMIC_20251113_230640_bedbcb11,NONE,,"{'size': 41, 'isBid': True, 'price': 99520, 'data_type': 'DEPTH'}",DEPTH
2025-11-14 03:38:25.648000-05:00,MNQZ5.CME@RITHMIC,75537274373500,BUY,24880.0,39,DEPTH,DEPTH,MNQZ5.CME@RITHMIC_20251113_230640_bedbcb11,NONE,,"{'size': 39, 'isBid': True, 'price': 99520, 'data_type': 'DEPTH'}",DEPTH
2025-11-14 03:38:25.446000-05:00,MNQZ5.CME@RITHMIC,75537072496300,SELL,24985.25,23,DEPTH,DEPTH,MNQZ5.CME@RITHMIC_20251113_230640_bedbcb11,NONE,,"{'size': 23, 'isBid': False, 'price': 99941, 'data_type': 'DEPTH'}",DEPTH
2025-11-14 03:38:25.443000-05:00,MNQZ5.CME@RITHMIC,6868910756844,SELL,24985.25,20,LIMIT,UPDATE,MNQZ5.CME@RITHMIC_20251113_230640_bedbcb11,NONE,,"{'size': 20, 'price': 99941, 'orderId': '6868910756844', 'event_type': 'REPLACE'}",MBO
2025-11-14 03:38:25.442000-05:00,MNQZ5.CME@RITHMIC,75537068577200,SELL,24972.75,21,DEPTH,DEPTH,MNQZ5.CME@RITHMIC_20251113_230640_bedbcb11,NONE,,"{'size': 21, 'isBid': False, 'price': 99891, 'data_type': 'DEPTH'}",DEPTH
2025-11-14 03:38:22.346000-05:00,MNQZ5.CME@RITHMIC,75533972876300,BUY,99820.0,153,TRADE,TRADE,MNQZ5.CME@RITHMIC_20251113_230640_bedbcb11,NONE,,"{'size': 153, 'isOtc': False, 'price': 99820.0, 'data_type': 'TRADE', 'isBidAggressor': False, 'isExecutionEnd': True, 'passiveOrderId': None, 'aggressorOrderId': None, 'isExecutionStart': True, 'serialVersionUID': -5266538964320734421}",TRADE
2025-11-14 03:38:17.342000-05:00,MNQZ5.CME@RITHMIC,6868910756844,SELL,24983.0,20,LIMIT,UPDATE,MNQZ5.CME@RITHMIC_20251113_230640_bedbcb11,NONE,,"{'size': 20, 'price': 99932, 'orderId': '6868910756844', 'event_type': 'REPLACE'}",MBO
2025-11-14 03:38:14.569000-05:00,MNQZ5.CME@RITHMIC,6868910757048,BUY,24925.5,20,LIMIT,UPDATE,MNQZ5.CME@RITHMIC_20251113_230640_bedbcb11,NONE,,"{'size': 20, 'price': 99702, 'orderId': '6868910757048', 'event_type': 'REPLACE'}",MBO
2025-11-14 03:38:13.535000-05:00,MNQZ5.CME@RITHMIC,6868910840780,SELL,25016.5,25,LIMIT,UPDATE,MNQZ5.CME@RITHMIC_20251113_230640_bedbcb11,NONE,,"{'size': 25, 'price': 100066, 'orderId': '6868910840780', 'event_type': 'REPLACE'}",MBO
2025-11-14 03:38:13.259000-05:00,MNQZ5.CME@RITHMIC,75524884840200,SELL,24970.0,27,DEPTH,DEPTH,MNQZ5.CME@RITHMIC_20251113_230640_bedbcb11,NONE,,"{'size': 27, 'isBid': False, 'price': 99880, 'data_type': 'DEPTH'}",DEPTH
2025-11-14 03:38:13.257000-05:00,MNQZ5.CME@RITHMIC,75524883795800,SELL,24970.5,20,DEPTH,DEPTH,MNQZ5.CME@RITHMIC_20251113_230640_bedbcb11,NONE,,"{'size': 20, 'isBid': False, 'price': 99882, 'data_type': 'DEPTH'}",DEPTH
2025-11-14 03:38:13.249000-05:00,MNQZ5.CME@RITHMIC,75524875633800,SELL,24983.0,25,DEPTH,DEPTH,MNQZ5.CME@RITHMIC_20251113_230640_bedbcb11,NONE,,"{'size': 25, 'isBid': False, 'price': 99932, 'data_type': 'DEPTH'}",DEPTH
2025-11-14 03:38:13.215000-05:00,MNQZ5.CME@RITHMIC,75524841625500,SELL,25016.5,29,DEPTH,DEPTH,MNQZ5.CME@RITHMIC_20251113_230640_bedbcb11,NONE,,"{'size': 29, 'isBid': False, 'price': 100066, 'data_type': 'DEPTH'}",DEPTH
2025-11-14 03:38:13.182000-05:00,MNQZ5.CME@RITHMIC,75524808128300,SELL,25100.0,44,DEPTH,DEPTH,MNQZ5.CME@RITHMIC_20251113_230640_bedbcb11,NONE,,"{'size': 44, 'isBid': False, 'price': 100400, 'data_type': 'DEPTH'}",DEPTH
2025-11-14 03:38:13.043000-05:00,MNQZ5.CME@RITHMIC,75524669085900,BUY,24925.5,24,DEPTH,DEPTH,MNQZ5.CME@RITHMIC_20251113_230640_bedbcb11,NONE,,"{'size': 24, 'isBid': True, 'price': 99702, 'data_type': 'DEPTH'}",DEPTH
2025-11-14 03:38:13.001000-05:00,MNQZ5.CME@RITHMIC,75524626839400,BUY,24880.0,41,DEPTH,DEPTH,MNQZ5.CME@RITHMIC_20251113_230640_bedbcb11,NONE,,"{'size': 41, 'isBid': True, 'price': 99520, 'data_type': 'DEPTH'}",DEPTH
2025-11-14 03:38:12.968000-05:00,MNQZ5.CME@RITHMIC,75524594343800,BUY,24800.0,162,DEPTH,DEPTH,MNQZ5.CME@RITHMIC_20251113_230640_bedbcb11,NONE,,"{'size': 162, 'isBid': True, 'price': 99200, 'data_type': 'DEPTH'}",DEPTH
2025-11-14 03:38:11.679000-05:00,MNQZ5.CME@RITHMIC,75523306159700,BUY,24880.0,39,DEPTH,DEPTH,MNQZ5.CME@RITHMIC_20251113_230640_bedbcb11,NONE,,"{'size': 39, 'isBid': True, 'price': 99520, 'data_type': 'DEPTH'}",DEPTH
2025-11-14 03:38:11.068000-05:00,MNQZ5.CME@RITHMIC,75522694845000,SELL,25016.5,24,DEPTH,DEPTH,MNQZ5.CME@RITHMIC_20251113_230640_bedbcb11,NONE,,"{'size': 24, 'isBid': False, 'price': 100066, 'data_type': 'DEPTH'}",DEPTH
2025-11-14 03:38:11.066000-05:00,MNQZ5.CME@RITHMIC,6868910840780,SELL,25016.5,20,LIMIT,UPDATE,MNQZ5.CME@RITHMIC_20251113_230640_bedbcb11,NONE,,"{'size': 20, 'price': 100066, 'orderId': '6868910840780', 'event_type': 'REPLACE'}",MBO
2025-11-14 03:38:10.436000-05:00,MNQZ5.CME@RITHMIC,75522061855200,BUY,24880.0,41,DEPTH,DEPTH,MNQZ5.CME@RITHMIC_20251113_230640_bedbcb11,NONE,,"{'size': 41, 'isBid': True, 'price': 99520, 'data_type': 'DEPTH'}",DEPTH
2025-11-14 03:38:09.282000-05:00,MNQZ5.CME@RITHMIC,75520907928400,SELL,24970.0,31,DEPTH,DEPTH,MNQZ5.CME@RITHMIC_20251113_230640_bedbcb11,NONE,,"{'size': 31, 'isBid': False, 'price': 99880, 'data_type': 'DEPTH'}",DEPTH
2025-11-14 03:38:06.842000-05:00,MNQZ5.CME@RITHMIC,75518468790800,SELL,24987.5,25,DEPTH,DEPTH,MNQZ5.CME@RITHMIC_20251113_230640_bedbcb11,NONE,,"{'size': 25, 'isBid': False, 'price': 99950, 'data_type': 'DEPTH'}",DEPTH
2025-11-14 03:38:06.508000-05:00,MNQZ5.CME@RITHMIC,75518134503700,BUY,24927.25,25,DEPTH,DEPTH,MNQZ5.CME@RITHMIC_20251113_230640_bedbcb11,NONE,,"{'size': 25, 'isBid': True, 'price': 99709, 'data_type': 'DEPTH'}",DEPTH
2025-11-14 03:38:06.505000-05:00,MNQZ5.CME@RITHMIC,6868910757048,BUY,24927.25,20,LIMIT,UPDATE,MNQZ5.CME@RITHMIC_20251113_230640_bedbcb11,NONE,,"{'size': 20, 'price': 99709, 'orderId': '6868910757048', 'event_type': 'REPLACE'}",MBO
2025-11-14 03:38:02.944000-05:00,MNQZ5.CME@RITHMIC,75514570531900,SELL,24970.0,21,DEPTH,DEPTH,MNQZ5.CME@RITHMIC_20251113_230640_bedbcb11,NONE,,"{'size': 21, 'isBid': False, 'price': 99880, 'data_type': 'DEPTH'}",DEPTH
2025-11-14 03:38:02.747000-05:00,MNQZ5.CME@RITHMIC,75514373126100,SELL,24970.0,22,DEPTH,DEPTH,MNQZ5.CME@RITHMIC_20251113_230640_bedbcb11,NONE,,"{'size': 22, 'isBid': False, 'price': 99880, 'data_type': 'DEPTH'}",DEPTH
2025-11-14 03:38:02.538000-05:00,MNQZ5.CME@RITHMIC,75514164080700,SELL,24970.0,23,DEPTH,DEPTH,MNQZ5.CME@RITHMIC_20251113_230640_bedbcb11,NONE,,"{'size': 23, 'isBid': False, 'price': 99880, 'data_type': 'DEPTH'}",DEPTH
2025-11-14 03:38:00.938000-05:00,MNQZ5.CME@RITHMIC,75512565134200,SELL,24987.5,26,DEPTH,DEPTH,MNQZ5.CME@RITHMIC_20251113_230640_bedbcb11,NONE,,"{'size': 26, 'isBid': False, 'price': 99950, 'data_type': 'DEPTH'}",DEPTH
2025-11-14 03:38:00.936000-05:00,MNQZ5.CME@RITHMIC,6868910756844,SELL,24987.5,20,LIMIT,UPDATE,MNQZ5.CME@RITHMIC_20251113_230640_bedbcb11,NONE,,"{'size': 20, 'price': 99950, 'orderId': '6868910756844', 'event_type': 'REPLACE'}",MBO
2025-11-14 03:38:00.934000-05:00,MNQZ5.CME@RITHMIC,75512560552900,SELL,24975.0,21,DEPTH,DEPTH,MNQZ5.CME@RITHMIC_20251113_230640_bedbcb11,NONE,,"{'size': 21, 'isBid': False, 'price': 99900, 'data_type': 'DEPTH'}",DEPTH
2025-11-14 03:37:56.563000-05:00,MNQZ5.CME@RITHMIC,6868910757048,BUY,24929.75,20,LIMIT,UPDATE,MNQZ5.CME@RITHMIC_20251113_230640_bedbcb11,NONE,,"{'size': 20, 'price': 99719, 'orderId': '6868910757048', 'event_type': 'REPLACE'}",MBO
2025-11-14 03:37:55.224000-05:00,MNQZ5.CME@RITHMIC,6868910756844,SELL,24989.75,20,LIMIT,UPDATE,MNQZ5.CME@RITHMIC_20251113_230640_bedbcb11,NONE,,"{'size': 20, 'price': 99959, 'orderId': '6868910756844', 'event_type': 'REPLACE'}",MBO
2025-11-14 03:37:54.841000-05:00,MNQZ5.CME@RITHMIC,75506467674800,SELL,24970.0,24,DEPTH,DEPTH,MNQZ5.CME@RITHMIC_20251113_230640_bedbcb11,NONE,,"{'size': 24, 'isBid': False, 'price': 99880, 'data_type': 'DEPTH'}",DEPTH
2025-11-14 03:37:54.822000-05:00,MNQZ5.CME@RITHMIC,75506448066000,SELL,24989.75,26,DEPTH,DEPTH,MNQZ5.CME@RITHMIC_20251113_230640_bedbcb11,NONE,,"{'size': 26, 'isBid': False, 'price': 99959, 'data_type': 'DEPTH'}",DEPTH
2025-11-14 03:37:54.793000-05:00,MNQZ5.CME@RITHMIC,75506420225000,SELL,25150.0,47,DEPTH,DEPTH,MNQZ5.CME@RITHMIC_20251113_230640_bedbcb11,NONE,,"{'size': 47, 'isBid': False, 'price': 100600, 'data_type': 'DEPTH'}",DEPTH
2025-11-14 03:37:54.715000-05:00,MNQZ5.CME@RITHMIC,75506341414500,BUY,24929.75,26,DEPTH,DEPTH,MNQZ5.CME@RITHMIC_20251113_230640_bedbcb11,NONE,,"{'size': 26, 'isBid': True, 'price': 99719, 'data_type': 'DEPTH'}",DEPTH
2025-11-14 03:37:54.703000-05:00,MNQZ5.CME@RITHMIC,75506329325200,BUY,24888.0,29,DEPTH,DEPTH,MNQZ5.CME@RITHMIC_20251113_230640_bedbcb11,NONE,,"{'size': 29, 'isBid': True, 'price': 99552, 'data_type': 'DEPTH'}",DEPTH
2025-11-14 03:37:47.975000-05:00,MNQZ5.CME@RITHMIC,6868910757048,BUY,24929.75,20,LIMIT,UPDATE,MNQZ5.CME@RITHMIC_20251113_230640_bedbcb11,NONE,,"{'size': 20, 'price': 99719, 'orderId': '6868910757048', 'event_type': 'REPLACE'}",MBO
2025-11-14 03:37:45.991000-05:00,MNQZ5.CME@RITHMIC,6868910756844,SELL,24989.75,20,LIMIT,UPDATE,MNQZ5.CME@RITHMIC_20251113_230640_bedbcb11,NONE,,"{'size': 20, 'price': 99959, 'orderId': '6868910756844', 'event_type': 'REPLACE'}",MBO
2025-11-14 03:37:45.650000-05:00,MNQZ5.CME@RITHMIC,75497276787000,SELL,24970.0,24,DEPTH,DEPTH,MNQZ5.CME@RITHMIC_20251113_230640_bedbcb11,NONE,,"{'size': 24, 'isBid': False, 'price': 99880, 'data_type': 'DEPTH'}",DEPTH
2025-11-14 03:37:45.622000-05:00,MNQZ5.CME@RITHMIC,75497248968100,SELL,24980.0,27,DEPTH,DEPTH,MNQZ5.CME@RITHMIC_20251113_230640_bedbcb11,NONE,,"{'size': 27, 'isBid': False, 'price': 99920, 'data_type': 'DEPTH'}",DEPTH
2025-11-14 03:37:45.608000-05:00,MNQZ5.CME@RITHMIC,75497234486100,SELL,24989.75,25,DEPTH,DEPTH,MNQZ5.CME@RITHMIC_20251113_230640_bedbcb11,NONE,,"{'size': 25, 'isBid': False, 'price': 99959, 'data_type': 'DEPTH'}",DEPTH
2025-11-14 03:37:45.421000-05:00,MNQZ5.CME@RITHMIC,75497048712500,BUY,24929.75,26,DEPTH,DEPTH,MNQZ5.CME@RITHMIC_20251113_230640_bedbcb11,NONE,,"{'size': 26, 'isBid': True, 'price': 99719, 'data_type': 'DEPTH'}",DEPTH
2025-11-14 03:37:45.415000-05:00,MNQZ5.CME@RITHMIC,75497042355500,BUY,24910.0,24,DEPTH,DEPTH,MNQZ5.CME@RITHMIC_20251113_230640_bedbcb11,NONE,,"{'size': 24, 'isBid': True, 'price': 99640, 'data_type': 'DEPTH'}",DEPTH
2025-11-14 03:37:45.413000-05:00,MNQZ5.CME@RITHMIC,75497040273800,BUY,24900.0,127,DEPTH,DEPTH,MNQZ5.CME@RITHMIC_20251113_230640_bedbcb11,NONE,,"{'size': 127, 'isBid': True, 'price': 99600, 'data_type': 'DEPTH'}",DEPTH
2025-11-14 03:37:45.399000-05:00,MNQZ5.CME@RITHMIC,75497025491500,BUY,24888.0,30,DEPTH,DEPTH,MNQZ5.CME@RITHMIC_20251113_230640_bedbcb11,NONE,,"{'size': 30, 'isBid': True, 'price': 99552, 'data_type': 'DEPTH'}",DEPTH
2025-11-14 03:37:45.367000-05:00,MNQZ5.CME@RITHMIC,75496993677400,BUY,24870.0,40,DEPTH,DEPTH,MNQZ5.CME@RITHMIC_20251113_230640_bedbcb11,NONE,,"{'size': 40, 'isBid': True, 'price': 99480, 'data_type': 'DEPTH'}",DEPTH
2025-11-14 03:37:44.613000-05:00,MNQZ5.CME@RITHMIC,75496239329600,BUY,24700.0,108,DEPTH,DEPTH,MNQZ5.CME@RITHMIC_20251113_230640_bedbcb11,NONE,,"{'size': 108, 'isBid': True, 'price': 98800, 'data_type': 'DEPTH'}",DEPTH
2025-11-14 03:37:40.836000-05:00,MNQZ5.CME@RITHMIC,75492462376400,BUY,24934.0,26,DEPTH,DEPTH,MNQZ5.CME@RITHMIC_20251113_230640_bedbcb11,NONE,,"{'size': 26, 'isBid': True, 'price': 99736, 'data_type': 'DEPTH'}",DEPTH
2025-11-14 03:37:40.832000-05:00,MNQZ5.CME@RITHMIC,6868910757048,BUY,24934.0,20,LIMIT,UPDATE,MNQZ5.CME@RITHMIC_20251113_230640_bedbcb11,NONE,,"{'size': 20, 'price': 99736, 'orderId': '6868910757048', 'event_type': 'REPLACE'}",MBO
2025-11-14 03:37:39.518000-05:00,MNQZ5.CME@RITHMIC,75491145186600,BUY,24888.0,29,DEPTH,DEPTH,MNQZ5.CME@RITHMIC_20251113_230640_bedbcb11,NONE,,"{'size': 29, 'isBid': True, 'price': 99552, 'data_type': 'DEPTH'}",DEPTH
2025-11-14 03:37:37.340000-05:00,MNQZ5.CME@RITHMIC,75488966683100,BUY,24936.5,24,DEPTH,DEPTH,MNQZ5.CME@RITHMIC_20251113_230640_bedbcb11,NONE,,"{'size': 24, 'isBid': True, 'price': 99746, 'data_type': 'DEPTH'}",DEPTH
2025-11-14 03:37:37.337000-05:00,MNQZ5.CME@RITHMIC,6868910757048,BUY,24936.5,20,LIMIT,UPDATE,MNQZ5.CME@RITHMIC_20251113_230640_bedbcb11,NONE,,"{'size': 20, 'price': 99746, 'orderId': '6868910757048', 'event_type': 'REPLACE'}",MBO
2025-11-14 03:37:36.696000-05:00,MNQZ5.CME@RITHMIC,75488322502400,BUY,24888.0,27,DEPTH,DEPTH,MNQZ5.CME@RITHMIC_20251113_230640_bedbcb11,NONE,,"{'size': 27, 'isBid': True, 'price': 99552, 'data_type': 'DEPTH'}",DEPTH
2025-11-14 03:37:32.756000-05:00,MNQZ5.CME@RITHMIC,75484383476900,BUY,24870.0,39,DEPTH,DEPTH,MNQZ5.CME@RITHMIC_20251113_230640_bedbcb11,NONE,,"{'size': 39, 'isBid': True, 'price': 99480, 'data_type': 'DEPTH'}",DEPTH
2025-11-14 03:37:32.570000-05:00,MNQZ5.CME@RITHMIC,75484196042900,SELL,24970.0,24,DEPTH,DEPTH,MNQZ5.CME@RITHMIC_20251113_230640_bedbcb11,NONE,,"{'size': 24, 'isBid': False, 'price': 99880, 'data_type': 'DEPTH'}",DEPTH
2025-11-14 03:37:32.543000-05:00,MNQZ5.CME@RITHMIC,75484169271600,BUY,24910.0,26,DEPTH,DEPTH,MNQZ5.CME@RITHMIC_20251113_230640_bedbcb11,NONE,,"{'size': 26, 'isBid': True, 'price': 99640, 'data_type': 'DEPTH'}",DEPTH
2025-11-14 03:37:32.310000-05:00,MNQZ5.CME@RITHMIC,75483936186200,BUY,24955.0,159,DEPTH,DEPTH,MNQZ5.CME@RITHMIC_20251113_230640_bedbcb11,NONE,,"{'size': 159, 'isBid': True, 'price': 99820, 'data_type': 'DEPTH'}",DEPTH
2025-11-14 03:37:31.012000-05:00,MNQZ5.CME@RITHMIC,75482638311000,BUY,24934.25,25,DEPTH,DEPTH,MNQZ5.CME@RITHMIC_20251113_230640_bedbcb11,NONE,,"{'size': 25, 'isBid': True, 'price': 99737, 'data_type': 'DEPTH'}",DEPTH
2025-11-14 03:37:31.010000-05:00,MNQZ5.CME@RITHMIC,6868910757048,BUY,24934.25,20,LIMIT,UPDATE,MNQZ5.CME@RITHMIC_20251113_230640_bedbcb11,NONE,,"{'size': 20, 'price': 99737, 'orderId': '6868910757048', 'event_type': 'REPLACE'}",MBO
2025-11-14 03:37:30.808000-05:00,MNQZ5.CME@RITHMIC,75482435211500,BUY,24955.0,158,DEPTH,DEPTH,MNQZ5.CME@RITHMIC_20251113_230640_bedbcb11,NONE,,"{'size': 158, 'isBid': True, 'price': 99820, 'data_type': 'DEPTH'}",DEPTH
2025-11-14 03:37:29.886000-05:00,MNQZ5.CME@RITHMIC,75481512310200,SELL,24980.0,28,DEPTH,DEPTH,MNQZ5.CME@RITHMIC_20251113_230640_bedbcb11,NONE,,"{'size': 28, 'isBid': False, 'price': 99920, 'data_type': 'DEPTH'}",DEPTH
2025-11-14 03:37:28.678000-05:00,MNQZ5.CME@RITHMIC,75480304401400,SELL,24994.25,22,DEPTH,DEPTH,MNQZ5.CME@RITHMIC_20251113_230640_bedbcb11,NONE,,"{'size': 22, 'isBid': False, 'price': 99977, 'data_type': 'DEPTH'}",DEPTH
2025-11-14 03:37:28.675000-05:00,MNQZ5.CME@RITHMIC,6868910756844,SELL,24994.25,20,LIMIT,UPDATE,MNQZ5.CME@RITHMIC_20251113_230640_bedbcb11,NONE,,"{'size': 20, 'price': 99977, 'orderId': '6868910756844', 'event_type': 'REPLACE'}",MBO
2025-11-14 03:37:28.328000-05:00,MNQZ5.CME@RITHMIC,75479954144700,BUY,99864.0,20,TRADE,TRADE,MNQZ5.CME@RITHMIC_20251113_230640_bedbcb11,NONE,,"{'size': 20, 'isOtc': False, 'price': 99864.0, 'data_type': 'TRADE', 'isBidAggressor': False, 'isExecutionEnd': True, 'passiveOrderId': None, 'aggressorOrderId': None, 'isExecutionStart': True, 'serialVersionUID': -5266538964320734421}",TRADE
2025-11-14 03:37:28.295000-05:00,MNQZ5.CME@RITHMIC,75479921703700,SELL,99868.0,24,TRADE,TRADE,MNQZ5.CME@RITHMIC_20251113_230640_bedbcb11,NONE,,"{'size': 24, 'isOtc': False, 'price': 99868.0, 'data_type': 'TRADE', 'isBidAggressor': True, 'isExecutionEnd': True, 'passiveOrderId': None, 'aggressorOrderId': None, 'isExecutionStart': True, 'serialVersionUID': -5266538964320734421}",TRADE
2025-11-14 03:37:24.934000-05:00,MNQZ5.CME@RITHMIC,6868910757048,BUY,24936.5,20,LIMIT,UPDATE,MNQZ5.CME@RITHMIC_20251113_230640_bedbcb11,NONE,,"{'size': 20, 'price': 99746, 'orderId': '6868910757048', 'event_type': 'REPLACE'}",MBO
2025-11-14 03:37:23.757000-05:00,MNQZ5.CME@RITHMIC,6868910756844,SELL,24996.5,20,LIMIT,UPDATE,MNQZ5.CME@RITHMIC_20251113_230640_bedbcb11,NONE,,"{'size': 20, 'price': 99986, 'orderId': '6868910756844', 'event_type': 'REPLACE'}",MBO
2025-11-14 03:37:23.453000-05:00,MNQZ5.CME@RITHMIC,75475079749000,SELL,24970.0,25,DEPTH,DEPTH,MNQZ5.CME@RITHMIC_20251113_230640_bedbcb11,NONE,,"{'size': 25, 'isBid': False, 'price': 99880, 'data_type': 'DEPTH'}",DEPTH
2025-11-14 03:37:23.430000-05:00,MNQZ5.CME@RITHMIC,75475056443300,SELL,24980.0,29,DEPTH,DEPTH,MNQZ5.CME@RITHMIC_20251113_230640_bedbcb11,NONE,,"{'size': 29, 'isBid': False, 'price': 99920, 'data_type': 'DEPTH'}",DEPTH
2025-11-14 03:37:23.418000-05:00,MNQZ5.CME@RITHMIC,75475044353900,SELL,24996.5,24,DEPTH,DEPTH,MNQZ5.CME@RITHMIC_20251113_230640_bedbcb11,NONE,,"{'size': 24, 'isBid': False, 'price': 99986, 'data_type': 'DEPTH'}",DEPTH
2025-11-14 03:37:23.343000-05:00,MNQZ5.CME@RITHMIC,75474969720300,BUY,24955.0,157,DEPTH,DEPTH,MNQZ5.CME@RITHMIC_20251113_230640_bedbcb11,NONE,,"{'size': 157, 'isBid': True, 'price': 99820, 'data_type': 'DEPTH'}",DEPTH
2025-11-14 03:37:23.313000-05:00,MNQZ5.CME@RITHMIC,75474940244000,BUY,24936.5,24,DEPTH,DEPTH,MNQZ5.CME@RITHMIC_20251113_230640_bedbcb11,NONE,,"{'size': 24, 'isBid': True, 'price': 99746, 'data_type': 'DEPTH'}",DEPTH
2025-11-14 03:37:23.307000-05:00,MNQZ5.CME@RITHMIC,75474933679700,BUY,24920.0,25,DEPTH,DEPTH,MNQZ5.CME@RITHMIC_20251113_230640_bedbcb11,NONE,,"{'size': 25, 'isBid': True, 'price': 99680, 'data_type': 'DEPTH'}",DEPTH
2025-11-14 03:37:23.303000-05:00,MNQZ5.CME@RITHMIC,75474928827700,BUY,24900.0,126,DEPTH,DEPTH,MNQZ5.CME@RITHMIC_20251113_230640_bedbcb11,NONE,,"{'size': 126, 'isBid': True, 'price': 99600, 'data_type': 'DEPTH'}",DEPTH
2025-11-14 03:37:23.279000-05:00,MNQZ5.CME@RITHMIC,75474905893300,BUY,24888.0,30,DEPTH,DEPTH,MNQZ5.CME@RITHMIC_20251113_230640_bedbcb11,NONE,,"{'size': 30, 'isBid': True, 'price': 99552, 'data_type': 'DEPTH'}",DEPTH
2025-11-14 03:37:23.270000-05:00,MNQZ5.CME@RITHMIC,75474897138700,BUY,24830.0,35,DEPTH,DEPTH,MNQZ5.CME@RITHMIC_20251113_230640_bedbcb11,NONE,,"{'size': 35, 'isBid': True, 'price': 99320, 'data_type': 'DEPTH'}",DEPTH
2025-11-14 03:37:17.230000-05:00,MNQZ5.CME@RITHMIC,75468856176400,BUY,24900.0,125,DEPTH,DEPTH,MNQZ5.CME@RITHMIC_20251113_230640_bedbcb11,NONE,,"{'size': 125, 'isBid': True, 'price': 99600, 'data_type': 'DEPTH'}",DEPTH
2025-11-14 03:37:16.137000-05:00,MNQZ5.CME@RITHMIC,75467763333100,BUY,24936.75,24,DEPTH,DEPTH,MNQZ5.CME@RITHMIC_20251113_230640_bedbcb11,NONE,,"{'size': 24, 'isBid': True, 'price': 99747, 'data_type': 'DEPTH'}",DEPTH
2025-11-14 03:37:16.134000-05:00,MNQZ5.CME@RITHMIC,6868910757048,BUY,24936.75,20,LIMIT,UPDATE,MNQZ5.CME@RITHMIC_20251113_230640_bedbcb11,NONE,,"{'size': 20, 'price': 99747, 'orderId': '6868910757048', 'event_type': 'REPLACE'}",MBO
2025-11-14 03:37:13.711000-05:00,MNQZ5.CME@RITHMIC,75465337659000,BUY,99858.0,30,TRADE,TRADE,MNQZ5.CME@RITHMIC_20251113_230640_bedbcb11,NONE,,"{'size': 30, 'isOtc': False, 'price': 99858.0, 'data_type': 'TRADE', 'isBidAggressor': False, 'isExecutionEnd': True, 'passiveOrderId': None, 'aggressorOrderId': None, 'isExecutionStart': True, 'serialVersionUID': -5266538964320734421}",TRADE
2025-11-14 03:37:08.489000-05:00,MNQZ5.CME@RITHMIC,6868910757048,BUY,24939.0,20,LIMIT,UPDATE,MNQZ5.CME@RITHMIC_20251113_230640_bedbcb11,NONE,,"{'size': 20, 'price': 99756, 'orderId': '6868910757048', 'event_type': 'REPLACE'}",MBO
2025-11-14 03:37:07.074000-05:00,MNQZ5.CME@RITHMIC,6868910756844,SELL,24996.5,20,LIMIT,UPDATE,MNQZ5.CME@RITHMIC_20251113_230640_bedbcb11,NONE,,"{'size': 20, 'price': 99986, 'orderId': '6868910756844', 'event_type': 'REPLACE'}",MBO
2025-11-14 03:37:06.641000-05:00,MNQZ5.CME@RITHMIC,75458267178900,SELL,24996.5,24,DEPTH,DEPTH,MNQZ5.CME@RITHMIC_20251113_230640_bedbcb11,NONE,,"{'size': 24, 'isBid': False, 'price': 99986, 'data_type': 'DEPTH'}",DEPTH
2025-11-14 03:37:06.552000-05:00,MNQZ5.CME@RITHMIC,75458178418700,BUY,24955.0,156,DEPTH,DEPTH,MNQZ5.CME@RITHMIC_20251113_230640_bedbcb11,NONE,,"{'size': 156, 'isBid': True, 'price': 99820, 'data_type': 'DEPTH'}",DEPTH
2025-11-14 03:37:06.519000-05:00,MNQZ5.CME@RITHMIC,75458145774900,BUY,24939.0,26,DEPTH,DEPTH,MNQZ5.CME@RITHMIC_20251113_230640_bedbcb11,NONE,,"{'size': 26, 'isBid': True, 'price': 99756, 'data_type': 'DEPTH'}",DEPTH
2025-11-14 03:37:06.498000-05:00,MNQZ5.CME@RITHMIC,75458123689900,BUY,24912.0,20,DEPTH,DEPTH,MNQZ5.CME@RITHMIC_20251113_230640_bedbcb11,NONE,,"{'size': 20, 'isBid': True, 'price': 99648, 'data_type': 'DEPTH'}",DEPTH
2025-11-14 03:37:06.475000-05:00,MNQZ5.CME@RITHMIC,75458101841700,BUY,24888.0,27,DEPTH,DEPTH,MNQZ5.CME@RITHMIC_20251113_230640_bedbcb11,NONE,,"{'size': 27, 'isBid': True, 'price': 99552, 'data_type': 'DEPTH'}",DEPTH
2025-11-14 03:37:05.999000-05:00,MNQZ5.CME@RITHMIC,6868910815345,BUY,24955.0,150,LIMIT,ADD,MNQZ5.CME@RITHMIC_20251113_230640_bedbcb11,NONE,,"{'size': 150, 'isBid': True, 'price': 99820, 'orderId': '6868910815345', 'event_type': 'SEND'}",MBO
2025-11-14 03:37:02.791000-05:00,MNQZ5.CME@RITHMIC,6868910757048,BUY,24937.0,20,LIMIT,UPDATE,MNQZ5.CME@RITHMIC_20251113_230640_bedbcb11,NONE,,"{'size': 20, 'price': 99748, 'orderId': '6868910757048', 'event_type': 'REPLACE'}",MBO
2025-11-14 03:37:01.666000-05:00,MNQZ5.CME@RITHMIC,6868910756844,SELL,24996.5,20,LIMIT,UPDATE,MNQZ5.CME@RITHMIC_20251113_230640_bedbcb11,NONE,,"{'size': 20, 'price': 99986, 'orderId': '6868910756844', 'event_type': 'REPLACE'}",MBO
2025-11-14 03:37:01.450000-05:00,MNQZ5.CME@RITHMIC,75453076999900,SELL,24970.0,24,DEPTH,DEPTH,MNQZ5.CME@RITHMIC_20251113_230640_bedbcb11,NONE,,"{'size': 24, 'isBid': False, 'price': 99880, 'data_type': 'DEPTH'}",DEPTH
2025-11-14 03:37:01.435000-05:00,MNQZ5.CME@RITHMIC,75453061438900,SELL,24980.0,28,DEPTH,DEPTH,MNQZ5.CME@RITHMIC_20251113_230640_bedbcb11,NONE,,"{'size': 28, 'isBid': False, 'price': 99920, 'data_type': 'DEPTH'}",DEPTH
2025-11-14 03:37:01.417000-05:00,MNQZ5.CME@RITHMIC,75453043394900,SELL,24996.5,24,DEPTH,DEPTH,MNQZ5.CME@RITHMIC_20251113_230640_bedbcb11,NONE,,"{'size': 24, 'isBid': False, 'price': 99986, 'data_type': 'DEPTH'}",DEPTH
2025-11-14 03:37:01.335000-05:00,MNQZ5.CME@RITHMIC,75452961179400,BUY,24955.0,156,DEPTH,DEPTH,MNQZ5.CME@RITHMIC_20251113_230640_bedbcb11,NONE,,"{'size': 156, 'isBid': True, 'price': 99820, 'data_type': 'DEPTH'}",DEPTH
2025-11-14 03:37:01.310000-05:00,MNQZ5.CME@RITHMIC,75452936603000,BUY,24937.0,25,DEPTH,DEPTH,MNQZ5.CME@RITHMIC_20251113_230640_bedbcb11,NONE,,"{'size': 25, 'isBid': True, 'price': 99748, 'data_type': 'DEPTH'}",DEPTH
2025-11-14 03:37:01.272000-05:00,MNQZ5.CME@RITHMIC,75452898842000,BUY,24888.0,27,DEPTH,DEPTH,MNQZ5.CME@RITHMIC_20251113_230640_bedbcb11,NONE,,"{'size': 27, 'isBid': True, 'price': 99552, 'data_type': 'DEPTH'}",DEPTH
2025-11-14 03:36:56.960000-05:00,MNQZ5.CME@RITHMIC,6868910756844,SELL,24996.5,20,LIMIT,UPDATE,MNQZ5.CME@RITHMIC_20251113_230640_bedbcb11,NONE,,"{'size': 20, 'price': 99986, 'orderId': '6868910756844', 'event_type': 'REPLACE'}",MBO
2025-11-14 03:36:51.578000-05:00,MNQZ5.CME@RITHMIC,6868910757048,BUY,24937.0,20,LIMIT,UPDATE,MNQZ5.CME@RITHMIC_20251113_230640_bedbcb11,NONE,,"{'size': 20, 'price': 99748, 'orderId': '6868910757048', 'event_type': 'REPLACE'}",MBO
2025-11-14 03:36:49.919000-05:00,MNQZ5.CME@RITHMIC,75441545667100,SELL,24970.0,25,DEPTH,DEPTH,MNQZ5.CME@RITHMIC_20251113_230640_bedbcb11,NONE,,"{'size': 25, 'isBid': False, 'price': 99880, 'data_type': 'DEPTH'}",DEPTH
2025-11-14 03:36:49.851000-05:00,MNQZ5.CME@RITHMIC,75441477385700,SELL,24996.5,24,DEPTH,DEPTH,MNQZ5.CME@RITHMIC_20251113_230640_bedbcb11,NONE,,"{'size': 24, 'isBid': False, 'price': 99986, 'data_type': 'DEPTH'}",DEPTH
2025-11-14 03:36:49.849000-05:00,MNQZ5.CME@RITHMIC,75441475279300,SELL,25000.0,20,DEPTH,DEPTH,MNQZ5.CME@RITHMIC_20251113_230640_bedbcb11,NONE,,"{'size': 20, 'isBid': False, 'price': 100000, 'data_type': 'DEPTH'}",DEPTH
2025-11-14 03:36:49.790000-05:00,MNQZ5.CME@RITHMIC,75441416599200,SELL,25050.0,55,DEPTH,DEPTH,MNQZ5.CME@RITHMIC_20251113_230640_bedbcb11,NONE,,"{'size': 55, 'isBid': False, 'price': 100200, 'data_type': 'DEPTH'}",DEPTH
2025-11-14 03:36:49.657000-05:00,MNQZ5.CME@RITHMIC,75441284447100,BUY,24937.0,25,DEPTH,DEPTH,MNQZ5.CME@RITHMIC_20251113_230640_bedbcb11,NONE,,"{'size': 25, 'isBid': True, 'price': 99748, 'data_type': 'DEPTH'}",DEPTH
2025-11-14 03:36:49.628000-05:00,MNQZ5.CME@RITHMIC,75441254437700,BUY,24920.0,26,DEPTH,DEPTH,MNQZ5.CME@RITHMIC_20251113_230640_bedbcb11,NONE,,"{'size': 26, 'isBid': True, 'price': 99680, 'data_type': 'DEPTH'}",DEPTH
2025-11-14 03:36:49.604000-05:00,MNQZ5.CME@RITHMIC,75441230464100,BUY,24888.0,27,DEPTH,DEPTH,MNQZ5.CME@RITHMIC_20251113_230640_bedbcb11,NONE,,"{'size': 27, 'isBid': True, 'price': 99552, 'data_type': 'DEPTH'}",DEPTH
2025-11-14 03:36:49.576000-05:00,MNQZ5.CME@RITHMIC,75441202211300,BUY,24880.0,39,DEPTH,DEPTH,MNQZ5.CME@RITHMIC_20251113_230640_bedbcb11,NONE,,"{'size': 39, 'isBid': True, 'price': 99520, 'data_type': 'DEPTH'}",DEPTH
2025-11-14 03:36:49.574000-05:00,MNQZ5.CME@RITHMIC,75441201053800,BUY,24875.0,20,DEPTH,DEPTH,MNQZ5.CME@RITHMIC_20251113_230640_bedbcb11,NONE,,"{'size': 20, 'isBid': True, 'price': 99500, 'data_type': 'DEPTH'}",DEPTH
2025-11-14 03:36:49.573000-05:00,MNQZ5.CME@RITHMIC,75441199632600,BUY,24870.0,38,DEPTH,DEPTH,MNQZ5.CME@RITHMIC_20251113_230640_bedbcb11,NONE,,"{'size': 38, 'isBid': True, 'price': 99480, 'data_type': 'DEPTH'}",DEPTH
2025-11-14 03:36:48.921000-05:00,MNQZ5.CME@RITHMIC,75440547768800,SELL,99864.0,157,TRADE,TRADE,MNQZ5.CME@RITHMIC_20251113_230640_bedbcb11,NONE,,"{'size': 157, 'isOtc': False, 'price': 99864.0, 'data_type': 'TRADE', 'isBidAggressor': True, 'isExecutionEnd': True, 'passiveOrderId': None, 'aggressorOrderId': None, 'isExecutionStart': True, 'serialVersionUID': -5266538964320734421}",TRADE
2025-11-14 03:36:48.912000-05:00,MNQZ5.CME@RITHMIC,75440538536000,SELL,99844.0,27,TRADE,TRADE,MNQZ5.CME@RITHMIC_20251113_230640_bedbcb11,NONE,,"{'size': 27, 'isOtc': False, 'price': 99844.0, 'data_type': 'TRADE', 'isBidAggressor': True, 'isExecutionEnd': True, 'passiveOrderId': None, 'aggressorOrderId': None, 'isExecutionStart': True, 'serialVersionUID': -5266538964320734421}",TRADE
2025-11-14 03:36:40.028000-05:00,MNQZ5.CME@RITHMIC,6868910756844,SELL,24989.75,20,LIMIT,UPDATE,MNQZ5.CME@RITHMIC_20251113_230640_bedbcb11,NONE,,"{'size': 20, 'price': 99959, 'orderId': '6868910756844', 'event_type': 'REPLACE'}",MBO
2025-11-14 03:36:34.328000-05:00,MNQZ5.CME@RITHMIC,6868910757048,BUY,24930.25,20,LIMIT,UPDATE,MNQZ5.CME@RITHMIC_20251113_230640_bedbcb11,NONE,,"{'size': 20, 'price': 99721, 'orderId': '6868910757048', 'event_type': 'REPLACE'}",MBO
2025-11-14 03:36:29.092000-05:00,MNQZ5.CME@RITHMIC,75420718725600,SELL,24970.0,23,DEPTH,DEPTH,MNQZ5.CME@RITHMIC_20251113_230640_bedbcb11,NONE,,"{'size': 23, 'isBid': False, 'price': 99880, 'data_type': 'DEPTH'}",DEPTH
2025-11-14 03:36:28.985000-05:00,MNQZ5.CME@RITHMIC,75420611043400,SELL,24989.75,25,DEPTH,DEPTH,MNQZ5.CME@RITHMIC_20251113_230640_bedbcb11,NONE,,"{'size': 25, 'isBid': False, 'price': 99959, 'data_type': 'DEPTH'}",DEPTH
2025-11-14 03:36:28.862000-05:00,MNQZ5.CME@RITHMIC,75420488177200,SELL,25250.0,77,DEPTH,DEPTH,MNQZ5.CME@RITHMIC_20251113_230640_bedbcb11,NONE,,"{'size': 77, 'isBid': False, 'price': 101000, 'data_type': 'DEPTH'}",DEPTH
2025-11-14 03:36:28.628000-05:00,MNQZ5.CME@RITHMIC,75420254067200,BUY,24930.25,26,DEPTH,DEPTH,MNQZ5.CME@RITHMIC_20251113_230640_bedbcb11,NONE,,"{'size': 26, 'isBid': True, 'price': 99721, 'data_type': 'DEPTH'}",DEPTH
2025-11-14 03:36:28.581000-05:00,MNQZ5.CME@RITHMIC,75420207128800,BUY,24910.0,25,DEPTH,DEPTH,MNQZ5.CME@RITHMIC_20251113_230640_bedbcb11,NONE,,"{'size': 25, 'isBid': True, 'price': 99640, 'data_type': 'DEPTH'}",DEPTH
2025-11-14 03:36:28.578000-05:00,MNQZ5.CME@RITHMIC,75420203955000,BUY,24900.0,126,DEPTH,DEPTH,MNQZ5.CME@RITHMIC_20251113_230640_bedbcb11,NONE,,"{'size': 126, 'isBid': True, 'price': 99600, 'data_type': 'DEPTH'}",DEPTH
2025-11-14 03:36:28.552000-05:00,MNQZ5.CME@RITHMIC,75420178745800,BUY,24888.0,29,DEPTH,DEPTH,MNQZ5.CME@RITHMIC_20251113_230640_bedbcb11,NONE,,"{'size': 29, 'isBid': True, 'price': 99552, 'data_type': 'DEPTH'}",DEPTH
2025-11-14 03:36:28.498000-05:00,MNQZ5.CME@RITHMIC,75420123842200,BUY,24880.0,41,DEPTH,DEPTH,MNQZ5.CME@RITHMIC_20251113_230640_bedbcb11,NONE,,"{'size': 41, 'isBid': True, 'price': 99520, 'data_type': 'DEPTH'}",DEPTH
2025-11-14 03:36:28.487000-05:00,MNQZ5.CME@RITHMIC,75420113711700,BUY,24860.0,24,DEPTH,DEPTH,MNQZ5.CME@RITHMIC_20251113_230640_bedbcb11,NONE,,"{'size': 24, 'isBid': True, 'price': 99440, 'data_type': 'DEPTH'}",DEPTH
2025-11-14 03:36:27.964000-05:00,MNQZ5.CME@RITHMIC,75419590016100,BUY,99828.0,31,TRADE,TRADE,MNQZ5.CME@RITHMIC_20251113_230640_bedbcb11,NONE,,"{'size': 31, 'isOtc': False, 'price': 99828.0, 'data_type': 'TRADE', 'isBidAggressor': False, 'isExecutionEnd': True, 'passiveOrderId': None, 'aggressorOrderId': None, 'isExecutionStart': True, 'serialVersionUID': -5266538964320734421}",TRADE
2025-11-14 03:36:27.941000-05:00,MNQZ5.CME@RITHMIC,75419567369200,BUY,99829.0,28,TRADE,TRADE,MNQZ5.CME@RITHMIC_20251113_230640_bedbcb11,NONE,,"{'size': 28, 'isOtc': False, 'price': 99829.0, 'data_type': 'TRADE', 'isBidAggressor': False, 'isExecutionEnd': True, 'passiveOrderId': None, 'aggressorOrderId': None, 'isExecutionStart': True, 'serialVersionUID': -5266538964320734421}",TRADE
2025-11-14 03:36:27.927000-05:00,MNQZ5.CME@RITHMIC,75419553139400,BUY,99822.0,27,TRADE,TRADE,MNQZ5.CME@RITHMIC_20251113_230640_bedbcb11,NONE,,"{'size': 27, 'isOtc': False, 'price': 99822.0, 'data_type': 'TRADE', 'isBidAggressor': False, 'isExecutionEnd': True, 'passiveOrderId': None, 'aggressorOrderId': None, 'isExecutionStart': True, 'serialVersionUID': -5266538964320734421}",TRADE
2025-11-14 03:36:27.923000-05:00,MNQZ5.CME@RITHMIC,75419549070900,BUY,99830.0,28,TRADE,TRADE,MNQZ5.CME@RITHMIC_20251113_230640_bedbcb11,NONE,,"{'size': 28, 'isOtc': False, 'price': 99830.0, 'data_type': 'TRADE', 'isBidAggressor': False, 'isExecutionEnd': True, 'passiveOrderId': None, 'aggressorOrderId': None, 'isExecutionStart': True, 'serialVersionUID': -5266538964320734421}",TRADE
2025-11-14 03:36:27.906000-05:00,MNQZ5.CME@RITHMIC,75419532198900,BUY,99831.0,25,TRADE,TRADE,MNQZ5.CME@RITHMIC_20251113_230640_bedbcb11,NONE,,"{'size': 25, 'isOtc': False, 'price': 99831.0, 'data_type': 'TRADE', 'isBidAggressor': False, 'isExecutionEnd': True, 'passiveOrderId': None, 'aggressorOrderId': None, 'isExecutionStart': True, 'serialVersionUID': -5266538964320734421}",TRADE
2025-11-14 03:36:27.898000-05:00,MNQZ5.CME@RITHMIC,75419524497200,SELL,99840.0,32,TRADE,TRADE,MNQZ5.CME@RITHMIC_20251113_230640_bedbcb11,NONE,,"{'size': 32, 'isOtc': False, 'price': 99840.0, 'data_type': 'TRADE', 'isBidAggressor': True, 'isExecutionEnd': True, 'passiveOrderId': None, 'aggressorOrderId': None, 'isExecutionStart': True, 'serialVersionUID': -5266538964320734421}",TRADE
2025-11-14 03:36:27.887000-05:00,MNQZ5.CME@RITHMIC,75419513261300,SELL,99832.0,26,TRADE,TRADE,MNQZ5.CME@RITHMIC_20251113_230640_bedbcb11,NONE,,"{'size': 26, 'isOtc': False, 'price': 99832.0, 'data_type': 'TRADE', 'isBidAggressor': True, 'isExecutionEnd': True, 'passiveOrderId': None, 'aggressorOrderId': None, 'isExecutionStart': True, 'serialVersionUID': -5266538964320734421}",TRADE
2025-11-14 03:36:27.879000-05:00,MNQZ5.CME@RITHMIC,75419505513400,SELL,99829.0,23,TRADE,TRADE,MNQZ5.CME@RITHMIC_20251113_230640_bedbcb11,NONE,,"{'size': 23, 'isOtc': False, 'price': 99829.0, 'data_type': 'TRADE', 'isBidAggressor': True, 'isExecutionEnd': True, 'passiveOrderId': None, 'aggressorOrderId': None, 'isExecutionStart': True, 'serialVersionUID': -5266538964320734421}",TRADE
2025-11-14 03:36:17.748000-05:00,MNQZ5.CME@RITHMIC,6868910756844,SELL,24984.75,20,LIMIT,UPDATE,MNQZ5.CME@RITHMIC_20251113_230640_bedbcb11,NONE,,"{'size': 20, 'price': 99939, 'orderId': '6868910756844', 'event_type': 'REPLACE'}",MBO
2025-11-14 03:36:07.663000-05:00,MNQZ5.CME@RITHMIC,6868910757048,BUY,24926.0,20,LIMIT,UPDATE,MNQZ5.CME@RITHMIC_20251113_230640_bedbcb11,NONE,,"{'size': 20, 'price': 99704, 'orderId': '6868910757048', 'event_type': 'REPLACE'}",MBO
2025-11-14 03:36:03.086000-05:00,MNQZ5.CME@RITHMIC,75394712558800,SELL,24966.0,156,DEPTH,DEPTH,MNQZ5.CME@RITHMIC_20251113_230640_bedbcb11,NONE,,"{'size': 156, 'isBid': False, 'price': 99864, 'data_type': 'DEPTH'}",DEPTH
2025-11-14 03:36:03.057000-05:00,MNQZ5.CME@RITHMIC,75394683435100,SELL,24970.0,21,DEPTH,DEPTH,MNQZ5.CME@RITHMIC_20251113_230640_bedbcb11,NONE,,"{'size': 21, 'isBid': False, 'price': 99880, 'data_type': 'DEPTH'}",DEPTH
2025-11-14 03:36:03.020000-05:00,MNQZ5.CME@RITHMIC,75394646033400,SELL,24980.0,26,DEPTH,DEPTH,MNQZ5.CME@RITHMIC_20251113_230640_bedbcb11,NONE,,"{'size': 26, 'isBid': False, 'price': 99920, 'data_type': 'DEPTH'}",DEPTH
2025-11-14 03:36:02.988000-05:00,MNQZ5.CME@RITHMIC,75394614110100,SELL,24984.75,24,DEPTH,DEPTH,MNQZ5.CME@RITHMIC_20251113_230640_bedbcb11,NONE,,"{'size': 24, 'isBid': False, 'price': 99939, 'data_type': 'DEPTH'}",DEPTH
2025-11-14 03:36:02.844000-05:00,MNQZ5.CME@RITHMIC,75394470282300,SELL,25080.0,20,DEPTH,DEPTH,MNQZ5.CME@RITHMIC_20251113_230640_bedbcb11,NONE,,"{'size': 20, 'isBid': False, 'price': 100320, 'data_type': 'DEPTH'}",DEPTH
2025-11-14 03:36:02.823000-05:00,MNQZ5.CME@RITHMIC,75394449579500,SELL,25500.0,128,DEPTH,DEPTH,MNQZ5.CME@RITHMIC_20251113_230640_bedbcb11,NONE,,"{'size': 128, 'isBid': False, 'price': 102000, 'data_type': 'DEPTH'}",DEPTH
2025-11-14 03:36:02.602000-05:00,MNQZ5.CME@RITHMIC,75394228541600,BUY,24926.0,25,DEPTH,DEPTH,MNQZ5.CME@RITHMIC_20251113_230640_bedbcb11,NONE,,"{'size': 25, 'isBid': True, 'price': 99704, 'data_type': 'DEPTH'}",DEPTH
2025-11-14 03:36:02.585000-05:00,MNQZ5.CME@RITHMIC,75394211163600,BUY,24920.0,27,DEPTH,DEPTH,MNQZ5.CME@RITHMIC_20251113_230640_bedbcb11,NONE,,"{'size': 27, 'isBid': True, 'price': 99680, 'data_type': 'DEPTH'}",DEPTH
2025-11-14 03:36:02.579000-05:00,MNQZ5.CME@RITHMIC,75394205280300,BUY,24910.0,26,DEPTH,DEPTH,MNQZ5.CME@RITHMIC_20251113_230640_bedbcb11,NONE,,"{'size': 26, 'isBid': True, 'price': 99640, 'data_type': 'DEPTH'}",DEPTH
2025-11-14 03:36:02.566000-05:00,MNQZ5.CME@RITHMIC,75394192367900,BUY,24900.0,125,DEPTH,DEPTH,MNQZ5.CME@RITHMIC_20251113_230640_bedbcb11,NONE,,"{'size': 125, 'isBid': True, 'price': 99600, 'data_type': 'DEPTH'}",DEPTH
2025-11-14 03:36:02.526000-05:00,MNQZ5.CME@RITHMIC,75394151786400,BUY,24880.0,43,DEPTH,DEPTH,MNQZ5.CME@RITHMIC_20251113_230640_bedbcb11,NONE,,"{'size': 43, 'isBid': True, 'price': 99520, 'data_type': 'DEPTH'}",DEPTH
2025-11-14 03:36:02.495000-05:00,MNQZ5.CME@RITHMIC,75394120994000,BUY,24870.0,39,DEPTH,DEPTH,MNQZ5.CME@RITHMIC_20251113_230640_bedbcb11,NONE,,"{'size': 39, 'isBid': True, 'price': 99480, 'data_type': 'DEPTH'}",DEPTH
2025-11-14 03:36:02.484000-05:00,MNQZ5.CME@RITHMIC,75394110633500,BUY,24800.0,161,DEPTH,DEPTH,MNQZ5.CME@RITHMIC_20251113_230640_bedbcb11,NONE,,"{'size': 161, 'isBid': True, 'price': 99200, 'data_type': 'DEPTH'}",DEPTH
2025-11-14 03:36:01.394000-05:00,MNQZ5.CME@RITHMIC,75393020334000,BUY,99784.0,26,TRADE,TRADE,MNQZ5.CME@RITHMIC_20251113_230640_bedbcb11,NONE,,"{'size': 26, 'isOtc': False, 'price': 99784.0, 'data_type': 'TRADE', 'isBidAggressor': False, 'isExecutionEnd': True, 'passiveOrderId': None, 'aggressorOrderId': None, 'isExecutionStart': True, 'serialVersionUID': -5266538964320734421}",TRADE
2025-11-14 03:36:01.170000-05:00,MNQZ5.CME@RITHMIC,75392795804400,SELL,99797.0,28,TRADE,TRADE,MNQZ5.CME@RITHMIC_20251113_230640_bedbcb11,NONE,,"{'size': 28, 'isOtc': False, 'price': 99797.0, 'data_type': 'TRADE', 'isBidAggressor': True, 'isExecutionEnd': True, 'passiveOrderId': None, 'aggressorOrderId': None, 'isExecutionStart': True, 'serialVersionUID': -5266538964320734421}",TRADE
2025-11-14 03:36:00.584000-05:00,MNQZ5.CME@RITHMIC,6868910756844,SELL,24988.5,20,LIMIT,ADD,MNQZ5.CME@RITHMIC_20251113_230640_bedbcb11,NONE,,"{'size': 20, 'isBid': False, 'price': 99954, 'orderId': '6868910756844', 'event_type': 'SEND'}",MBO
2025-11-14 03:35:59.939000-05:00,MNQZ5.CME@RITHMIC,6868910757048,BUY,24929.25,20,LIMIT,ADD,MNQZ5.CME@RITHMIC_20251113_230640_bedbcb11,NONE,,"{'size': 20, 'isBid': True, 'price': 99717, 'orderId': '6868910757048', 'event_type': 'SEND'}",MBO
2025-11-14 03:35:17.771000-05:00,MNQZ5.CME@RITHMIC,75349397481200,SELL,24960.0,25,DEPTH,DEPTH,MNQZ5.CME@RITHMIC_20251113_230640_bedbcb11,NONE,,"{'size': 25, 'isBid': False, 'price': 99840, 'data_type': 'DEPTH'}",DEPTH
2025-11-14 03:35:17.720000-05:00,MNQZ5.CME@RITHMIC,75349346891700,SELL,24966.0,156,DEPTH,DEPTH,MNQZ5.CME@RITHMIC_20251113_230640_bedbcb11,NONE,,"{'size': 156, 'isBid': False, 'price': 99864, 'data_type': 'DEPTH'}",DEPTH
2025-11-14 03:35:17.690000-05:00,MNQZ5.CME@RITHMIC,75349316572900,SELL,24970.0,22,DEPTH,DEPTH,MNQZ5.CME@RITHMIC_20251113_230640_bedbcb11,NONE,,"{'size': 22, 'isBid': False, 'price': 99880, 'data_type': 'DEPTH'}",DEPTH
2025-11-14 03:35:17.627000-05:00,MNQZ5.CME@RITHMIC,75349253092000,SELL,24980.0,26,DEPTH,DEPTH,MNQZ5.CME@RITHMIC_20251113_230640_bedbcb11,NONE,,"{'size': 26, 'isBid': False, 'price': 99920, 'data_type': 'DEPTH'}",DEPTH
2025-11-14 03:35:17.593000-05:00,MNQZ5.CME@RITHMIC,75349219243600,SELL,24988.5,28,DEPTH,DEPTH,MNQZ5.CME@RITHMIC_20251113_230640_bedbcb11,NONE,,"{'size': 28, 'isBid': False, 'price': 99954, 'data_type': 'DEPTH'}",DEPTH
2025-11-14 03:35:17.478000-05:00,MNQZ5.CME@RITHMIC,75349104355400,SELL,25028.0,23,DEPTH,DEPTH,MNQZ5.CME@RITHMIC_20251113_230640_bedbcb11,NONE,,"{'size': 23, 'isBid': False, 'price': 100112, 'data_type': 'DEPTH'}",DEPTH
2025-11-14 03:35:17.428000-05:00,MNQZ5.CME@RITHMIC,75349054324600,SELL,25050.0,54,DEPTH,DEPTH,MNQZ5.CME@RITHMIC_20251113_230640_bedbcb11,NONE,,"{'size': 54, 'isBid': False, 'price': 100200, 'data_type': 'DEPTH'}",DEPTH
2025-11-14 03:35:17.190000-05:00,MNQZ5.CME@RITHMIC,75348815864900,BUY,24929.25,24,DEPTH,DEPTH,MNQZ5.CME@RITHMIC_20251113_230640_bedbcb11,NONE,,"{'size': 24, 'isBid': True, 'price': 99717, 'data_type': 'DEPTH'}",DEPTH
2025-11-14 03:35:17.124000-05:00,MNQZ5.CME@RITHMIC,75348749916100,BUY,24920.0,28,DEPTH,DEPTH,MNQZ5.CME@RITHMIC_20251113_230640_bedbcb11,NONE,,"{'size': 28, 'isBid': True, 'price': 99680, 'data_type': 'DEPTH'}",DEPTH
2025-11-14 03:35:17.064000-05:00,MNQZ5.CME@RITHMIC,75348689985100,BUY,24910.0,27,DEPTH,DEPTH,MNQZ5.CME@RITHMIC_20251113_230640_bedbcb11,NONE,,"{'size': 27, 'isBid': True, 'price': 99640, 'data_type': 'DEPTH'}",DEPTH
2025-11-14 03:35:17.045000-05:00,MNQZ5.CME@RITHMIC,75348671541200,BUY,24900.0,128,DEPTH,DEPTH,MNQZ5.CME@RITHMIC_20251113_230640_bedbcb11,NONE,,"{'size': 128, 'isBid': True, 'price': 99600, 'data_type': 'DEPTH'}",DEPTH
2025-11-14 03:35:17.009000-05:00,MNQZ5.CME@RITHMIC,75348635298800,BUY,24880.0,41,DEPTH,DEPTH,MNQZ5.CME@RITHMIC_20251113_230640_bedbcb11,NONE,,"{'size': 41, 'isBid': True, 'price': 99520, 'data_type': 'DEPTH'}",DEPTH
2025-11-14 03:35:16.976000-05:00,MNQZ5.CME@RITHMIC,75348601974300,BUY,24875.0,21,DEPTH,DEPTH,MNQZ5.CME@RITHMIC_20251113_230640_bedbcb11,NONE,,"{'size': 21, 'isBid': True, 'price': 99500, 'data_type': 'DEPTH'}",DEPTH
2025-11-14 03:35:16.952000-05:00,MNQZ5.CME@RITHMIC,75348578084800,BUY,24872.0,20,DEPTH,DEPTH,MNQZ5.CME@RITHMIC_20251113_230640_bedbcb11,NONE,,"{'size': 20, 'isBid': True, 'price': 99488, 'data_type': 'DEPTH'}",DEPTH
2025-11-14 03:35:16.938000-05:00,MNQZ5.CME@RITHMIC,75348564363300,BUY,24870.0,42,DEPTH,DEPTH,MNQZ5.CME@RITHMIC_20251113_230640_bedbcb11,NONE,,"{'size': 42, 'isBid': True, 'price': 99480, 'data_type': 'DEPTH'}",DEPTH
2025-11-14 03:35:16.885000-05:00,MNQZ5.CME@RITHMIC,75348511067600,BUY,24700.0,107,DEPTH,DEPTH,MNQZ5.CME@RITHMIC_20251113_230640_bedbcb11,NONE,,"{'size': 107, 'isBid': True, 'price': 98800, 'data_type': 'DEPTH'}",DEPTH
2025-11-14 03:35:16.861000-05:00,MNQZ5.CME@RITHMIC,75348487675300,BUY,24000.0,46,DEPTH,DEPTH,MNQZ5.CME@RITHMIC_20251113_230640_bedbcb11,NONE,,"{'size': 46, 'isBid': True, 'price': 96000, 'data_type': 'DEPTH'}",DEPTH
2025-11-14 03:35:15.925000-05:00,MNQZ5.CME@RITHMIC,75347551225900,SELL,99790.0,20,TRADE,TRADE,MNQZ5.CME@RITHMIC_20251113_230640_bedbcb11,NONE,,"{'size': 20, 'isOtc': False, 'price': 99790.0, 'data_type': 'TRADE', 'isBidAggressor': True, 'isExecutionEnd': True, 'passiveOrderId': None, 'aggressorOrderId': None, 'isExecutionStart': True, 'serialVersionUID': -5266538964320734421}",TRADE
2025-11-14 03:35:15.729000-05:00,MNQZ5.CME@RITHMIC,6868910737964,SELL,24962.0,20,LIMIT,ADD,MNQZ5.CME@RITHMIC_20251113_230640_bedbcb11,NONE,,"{'size': 20, 'isBid': False, 'price': 99848, 'orderId': '6868910737964', 'event_type': 'SEND'}",MBO
2025-11-14 03:35:05.327000-05:00,MNQZ5.CME@RITHMIC,6868910623176,SELL,24977.0,20,LIMIT,UPDATE,MNQZ5.CME@RITHMIC_20251113_230640_bedbcb11,NONE,,"{'size': 20, 'price': 99908, 'orderId': '6868910623176', 'event_type': 'REPLACE'}",MBO
2025-11-14 03:34:52.978000-05:00,MNQZ5.CME@RITHMIC,6868910677981,BUY,24919.0,20,LIMIT,UPDATE,MNQZ5.CME@RITHMIC_20251113_230640_bedbcb11,NONE,,"{'size': 20, 'price': 99676, 'orderId': '6868910677981', 'event_type': 'REPLACE'}",MBO
2025-11-14 03:34:38.232000-05:00,MNQZ5.CME@RITHMIC,75309858392400,SELL,24958.5,22,DEPTH,DEPTH,MNQZ5.CME@RITHMIC_20251113_230640_bedbcb11,NONE,,"{'size': 22, 'isBid': False, 'price': 99834, 'data_type': 'DEPTH'}",DEPTH
2025-11-14 03:34:38.220000-05:00,MNQZ5.CME@RITHMIC,75309846414700,SELL,24960.0,21,DEPTH,DEPTH,MNQZ5.CME@RITHMIC_20251113_230640_bedbcb11,NONE,,"{'size': 21, 'isBid': False, 'price': 99840, 'data_type': 'DEPTH'}",DEPTH
2025-11-14 03:34:38.205000-05:00,MNQZ5.CME@RITHMIC,75309831153800,SELL,24962.0,30,DEPTH,DEPTH,MNQZ5.CME@RITHMIC_20251113_230640_bedbcb11,NONE,,"{'size': 30, 'isBid': False, 'price': 99848, 'data_type': 'DEPTH'}",DEPTH
2025-11-14 03:34:38.148000-05:00,MNQZ5.CME@RITHMIC,75309774592400,SELL,24970.0,21,DEPTH,DEPTH,MNQZ5.CME@RITHMIC_20251113_230640_bedbcb11,NONE,,"{'size': 21, 'isBid': False, 'price': 99880, 'data_type': 'DEPTH'}",DEPTH
2025-11-14 03:34:38.116000-05:00,MNQZ5.CME@RITHMIC,75309742811800,SELL,24977.0,25,DEPTH,DEPTH,MNQZ5.CME@RITHMIC_20251113_230640_bedbcb11,NONE,,"{'size': 25, 'isBid': False, 'price': 99908, 'data_type': 'DEPTH'}",DEPTH
2025-11-14 03:34:37.946000-05:00,MNQZ5.CME@RITHMIC,75309572672300,SELL,25150.0,46,DEPTH,DEPTH,MNQZ5.CME@RITHMIC_20251113_230640_bedbcb11,NONE,,"{'size': 46, 'isBid': False, 'price': 100600, 'data_type': 'DEPTH'}",DEPTH
2025-11-14 03:34:37.925000-05:00,MNQZ5.CME@RITHMIC,75309551293600,SELL,25900.0,51,DEPTH,DEPTH,MNQZ5.CME@RITHMIC_20251113_230640_bedbcb11,NONE,,"{'size': 51, 'isBid': False, 'price': 103600, 'data_type': 'DEPTH'}",DEPTH
2025-11-14 03:34:37.923000-05:00,MNQZ5.CME@RITHMIC,75309549556000,SELL,26000.0,110,DEPTH,DEPTH,MNQZ5.CME@RITHMIC_20251113_230640_bedbcb11,NONE,,"{'size': 110, 'isBid': False, 'price': 104000, 'data_type': 'DEPTH'}",DEPTH
2025-11-14 03:34:37.680000-05:00,MNQZ5.CME@RITHMIC,75309306159000,BUY,24920.0,32,DEPTH,DEPTH,MNQZ5.CME@RITHMIC_20251113_230640_bedbcb11,NONE,,"{'size': 32, 'isBid': True, 'price': 99680, 'data_type': 'DEPTH'}",DEPTH
2025-11-14 03:34:37.673000-05:00,MNQZ5.CME@RITHMIC,75309299403400,BUY,24919.0,25,DEPTH,DEPTH,MNQZ5.CME@RITHMIC_20251113_230640_bedbcb11,NONE,,"{'size': 25, 'isBid': True, 'price': 99676, 'data_type': 'DEPTH'}",DEPTH
2025-11-14 03:34:37.623000-05:00,MNQZ5.CME@RITHMIC,75309249265200,BUY,24912.0,20,DEPTH,DEPTH,MNQZ5.CME@RITHMIC_20251113_230640_bedbcb11,NONE,,"{'size': 20, 'isBid': True, 'price': 99648, 'data_type': 'DEPTH'}",DEPTH
2025-11-14 03:34:37.609000-05:00,MNQZ5.CME@RITHMIC,75309235768700,BUY,24910.0,29,DEPTH,DEPTH,MNQZ5.CME@RITHMIC_20251113_230640_bedbcb11,NONE,,"{'size': 29, 'isBid': True, 'price': 99640, 'data_type': 'DEPTH'}",DEPTH
2025-11-14 03:34:37.555000-05:00,MNQZ5.CME@RITHMIC,75309181661500,BUY,24900.0,134,DEPTH,DEPTH,MNQZ5.CME@RITHMIC_20251113_230640_bedbcb11,NONE,,"{'size': 134, 'isBid': True, 'price': 99600, 'data_type': 'DEPTH'}",DEPTH
2025-11-14 03:34:37.544000-05:00,MNQZ5.CME@RITHMIC,75309169943600,BUY,24888.0,29,DEPTH,DEPTH,MNQZ5.CME@RITHMIC_20251113_230640_bedbcb11,NONE,,"{'size': 29, 'isBid': True, 'price': 99552, 'data_type': 'DEPTH'}",DEPTH
2025-11-14 03:34:37.534000-05:00,MNQZ5.CME@RITHMIC,75309159873400,BUY,24880.0,43,DEPTH,DEPTH,MNQZ5.CME@RITHMIC_20251113_230640_bedbcb11,NONE,,"{'size': 43, 'isBid': True, 'price': 99520, 'data_type': 'DEPTH'}",DEPTH
2025-11-14 03:34:37.530000-05:00,MNQZ5.CME@RITHMIC,75309156555500,BUY,24875.0,23,DEPTH,DEPTH,MNQZ5.CME@RITHMIC_20251113_230640_bedbcb11,NONE,,"{'size': 23, 'isBid': True, 'price': 99500, 'data_type': 'DEPTH'}",DEPTH
2025-11-14 03:34:37.524000-05:00,MNQZ5.CME@RITHMIC,75309150545200,BUY,24872.0,20,DEPTH,DEPTH,MNQZ5.CME@RITHMIC_20251113_230640_bedbcb11,NONE,,"{'size': 20, 'isBid': True, 'price': 99488, 'data_type': 'DEPTH'}",DEPTH
2025-11-14 03:34:37.511000-05:00,MNQZ5.CME@RITHMIC,75309137074000,BUY,24870.0,42,DEPTH,DEPTH,MNQZ5.CME@RITHMIC_20251113_230640_bedbcb11,NONE,,"{'size': 42, 'isBid': True, 'price': 99480, 'data_type': 'DEPTH'}",DEPTH
2025-11-14 03:34:37.438000-05:00,MNQZ5.CME@RITHMIC,75309064732100,BUY,24860.0,26,DEPTH,DEPTH,MNQZ5.CME@RITHMIC_20251113_230640_bedbcb11,NONE,,"{'size': 26, 'isBid': True, 'price': 99440, 'data_type': 'DEPTH'}",DEPTH
2025-11-14 03:34:37.377000-05:00,MNQZ5.CME@RITHMIC,75309002960300,BUY,24652.0,25,DEPTH,DEPTH,MNQZ5.CME@RITHMIC_20251113_230640_bedbcb11,NONE,,"{'size': 25, 'isBid': True, 'price': 98608, 'data_type': 'DEPTH'}",DEPTH
2025-11-14 03:34:37.361000-05:00,MNQZ5.CME@RITHMIC,75308987457100,BUY,24000.0,47,DEPTH,DEPTH,MNQZ5.CME@RITHMIC_20251113_230640_bedbcb11,NONE,,"{'size': 47, 'isBid': True, 'price': 96000, 'data_type': 'DEPTH'}",DEPTH
2025-11-14 03:34:35.564000-05:00,MNQZ5.CME@RITHMIC,6868910727664,SELL,24942.0,20,LIMIT,ADD,MNQZ5.CME@RITHMIC_20251113_230640_bedbcb11,NONE,,"{'size': 20, 'isBid': False, 'price': 99768, 'orderId': '6868910727664', 'event_type': 'SEND'}",MBO
2025-11-14 03:34:31.368000-05:00,MNQZ5.CME@RITHMIC,6868910677981,BUY,24905.5,20,LIMIT,UPDATE,MNQZ5.CME@RITHMIC_20251113_230640_bedbcb11,NONE,,"{'size': 20, 'price': 99622, 'orderId': '6868910677981', 'event_type': 'REPLACE'}",MBO
2025-11-14 03:34:20.173000-05:00,MNQZ5.CME@RITHMIC,6868910623176,SELL,24965.25,20,LIMIT,UPDATE,MNQZ5.CME@RITHMIC_20251113_230640_bedbcb11,NONE,,"{'size': 20, 'price': 99861, 'orderId': '6868910623176', 'event_type': 'REPLACE'}",MBO
2025-11-14 03:34:07.290000-05:00,MNQZ5.CME@RITHMIC,75278916056600,SELL,24942.0,27,DEPTH,DEPTH,MNQZ5.CME@RITHMIC_20251113_230640_bedbcb11,NONE,,"{'size': 27, 'isBid': False, 'price': 99768, 'data_type': 'DEPTH'}",DEPTH
2025-11-14 03:34:07.163000-05:00,MNQZ5.CME@RITHMIC,75278788653600,SELL,24965.0,22,DEPTH,DEPTH,MNQZ5.CME@RITHMIC_20251113_230640_bedbcb11,NONE,,"{'size': 22, 'isBid': False, 'price': 99860, 'data_type': 'DEPTH'}",DEPTH
2025-11-14 03:34:07.157000-05:00,MNQZ5.CME@RITHMIC,75278782983800,SELL,24965.25,24,DEPTH,DEPTH,MNQZ5.CME@RITHMIC_20251113_230640_bedbcb11,NONE,,"{'size': 24, 'isBid': False, 'price': 99861, 'data_type': 'DEPTH'}",DEPTH
2025-11-14 03:34:07.147000-05:00,MNQZ5.CME@RITHMIC,75278773547200,SELL,24970.0,22,DEPTH,DEPTH,MNQZ5.CME@RITHMIC_20251113_230640_bedbcb11,NONE,,"{'size': 22, 'isBid': False, 'price': 99880, 'data_type': 'DEPTH'}",DEPTH
2025-11-14 03:34:07.139000-05:00,MNQZ5.CME@RITHMIC,75278765819400,SELL,25000.0,20,DEPTH,DEPTH,MNQZ5.CME@RITHMIC_20251113_230640_bedbcb11,NONE,,"{'size': 20, 'isBid': False, 'price': 100000, 'data_type': 'DEPTH'}",DEPTH
2025-11-14 03:34:06.872000-05:00,MNQZ5.CME@RITHMIC,75278498155500,BUY,24920.0,33,DEPTH,DEPTH,MNQZ5.CME@RITHMIC_20251113_230640_bedbcb11,NONE,,"{'size': 33, 'isBid': True, 'price': 99680, 'data_type': 'DEPTH'}",DEPTH
2025-11-14 03:34:06.805000-05:00,MNQZ5.CME@RITHMIC,75278431734800,BUY,24906.25,33,DEPTH,DEPTH,MNQZ5.CME@RITHMIC_20251113_230640_bedbcb11,NONE,,"{'size': 33, 'isBid': True, 'price': 99625, 'data_type': 'DEPTH'}",DEPTH
2025-11-14 03:34:06.802000-05:00,MNQZ5.CME@RITHMIC,75278428639800,BUY,24905.5,25,DEPTH,DEPTH,MNQZ5.CME@RITHMIC_20251113_230640_bedbcb11,NONE,,"{'size': 25, 'isBid': True, 'price': 99622, 'data_type': 'DEPTH'}",DEPTH
2025-11-14 03:34:06.773000-05:00,MNQZ5.CME@RITHMIC,75278400072000,BUY,24880.0,40,DEPTH,DEPTH,MNQZ5.CME@RITHMIC_20251113_230640_bedbcb11,NONE,,"{'size': 40, 'isBid': True, 'price': 99520, 'data_type': 'DEPTH'}",DEPTH
2025-11-14 03:34:06.772000-05:00,MNQZ5.CME@RITHMIC,75278398382500,BUY,24872.0,24,DEPTH,DEPTH,MNQZ5.CME@RITHMIC_20251113_230640_bedbcb11,NONE,,"{'size': 24, 'isBid': True, 'price': 99488, 'data_type': 'DEPTH'}",DEPTH
2025-11-14 03:34:06.768000-05:00,MNQZ5.CME@RITHMIC,75278394439800,BUY,24870.0,44,DEPTH,DEPTH,MNQZ5.CME@RITHMIC_20251113_230640_bedbcb11,NONE,,"{'size': 44, 'isBid': True, 'price': 99480, 'data_type': 'DEPTH'}",DEPTH
2025-11-14 03:34:06.737000-05:00,MNQZ5.CME@RITHMIC,75278363346600,BUY,24860.0,29,DEPTH,DEPTH,MNQZ5.CME@RITHMIC_20251113_230640_bedbcb11,NONE,,"{'size': 29, 'isBid': True, 'price': 99440, 'data_type': 'DEPTH'}",DEPTH
2025-11-14 03:34:06.684000-05:00,MNQZ5.CME@RITHMIC,75278310301100,BUY,24805.0,21,DEPTH,DEPTH,MNQZ5.CME@RITHMIC_20251113_230640_bedbcb11,NONE,,"{'size': 21, 'isBid': True, 'price': 99220, 'data_type': 'DEPTH'}",DEPTH
2025-11-14 03:34:06.667000-05:00,MNQZ5.CME@RITHMIC,75278293050000,BUY,24600.0,37,DEPTH,DEPTH,MNQZ5.CME@RITHMIC_20251113_230640_bedbcb11,NONE,,"{'size': 37, 'isBid': True, 'price': 98400, 'data_type': 'DEPTH'}",DEPTH
2025-11-14 03:34:06.662000-05:00,MNQZ5.CME@RITHMIC,75278288273800,BUY,24200.0,34,DEPTH,DEPTH,MNQZ5.CME@RITHMIC_20251113_230640_bedbcb11,NONE,,"{'size': 34, 'isBid': True, 'price': 96800, 'data_type': 'DEPTH'}",DEPTH
2025-11-14 03:34:06.195000-05:00,MNQZ5.CME@RITHMIC,75277821852600,BUY,99730.0,25,TRADE,TRADE,MNQZ5.CME@RITHMIC_20251113_230640_bedbcb11,NONE,,"{'size': 25, 'isOtc': False, 'price': 99730.0, 'data_type': 'TRADE', 'isBidAggressor': False, 'isExecutionEnd': True, 'passiveOrderId': None, 'aggressorOrderId': None, 'isExecutionStart': True, 'serialVersionUID': -5266538964320734421}",TRADE
2025-11-14 03:34:03.276000-05:00,MNQZ5.CME@RITHMIC,6868910677981,BUY,24908.75,20,LIMIT,UPDATE,MNQZ5.CME@RITHMIC_20251113_230640_bedbcb11,NONE,,"{'size': 20, 'price': 99635, 'orderId': '6868910677981', 'event_type': 'REPLACE'}",MBO
2025-11-14 03:33:55.465000-05:00,MNQZ5.CME@RITHMIC,6868910623176,SELL,24967.5,20,LIMIT,UPDATE,MNQZ5.CME@RITHMIC_20251113_230640_bedbcb11,NONE,,"{'size': 20, 'price': 99870, 'orderId': '6868910623176', 'event_type': 'REPLACE'}",MBO
2025-11-14 03:33:43.926000-05:00,MNQZ5.CME@RITHMIC,75255552432600,SELL,24967.5,22,DEPTH,DEPTH,MNQZ5.CME@RITHMIC_20251113_230640_bedbcb11,NONE,,"{'size': 22, 'isBid': False, 'price': 99870, 'data_type': 'DEPTH'}",DEPTH
2025-11-14 03:33:43.663000-05:00,MNQZ5.CME@RITHMIC,75255289502100,BUY,24908.75,26,DEPTH,DEPTH,MNQZ5.CME@RITHMIC_20251113_230640_bedbcb11,NONE,,"{'size': 26, 'isBid': True, 'price': 99635, 'data_type': 'DEPTH'}",DEPTH
2025-11-14 03:33:43.631000-05:00,MNQZ5.CME@RITHMIC,75255257644400,BUY,24888.0,26,DEPTH,DEPTH,MNQZ5.CME@RITHMIC_20251113_230640_bedbcb11,NONE,,"{'size': 26, 'isBid': True, 'price': 99552, 'data_type': 'DEPTH'}",DEPTH
2025-11-14 03:33:43.620000-05:00,MNQZ5.CME@RITHMIC,75255245978300,BUY,24872.0,21,DEPTH,DEPTH,MNQZ5.CME@RITHMIC_20251113_230640_bedbcb11,NONE,,"{'size': 21, 'isBid': True, 'price': 99488, 'data_type': 'DEPTH'}",DEPTH
2025-11-14 03:33:43.602000-05:00,MNQZ5.CME@RITHMIC,75255228810100,BUY,24860.0,24,DEPTH,DEPTH,MNQZ5.CME@RITHMIC_20251113_230640_bedbcb11,NONE,,"{'size': 24, 'isBid': True, 'price': 99440, 'data_type': 'DEPTH'}",DEPTH
2025-11-14 03:33:39.601000-05:00,MNQZ5.CME@RITHMIC,6868910677981,BUY,24906.5,20,LIMIT,UPDATE,MNQZ5.CME@RITHMIC_20251113_230640_bedbcb11,NONE,,"{'size': 20, 'price': 99626, 'orderId': '6868910677981', 'event_type': 'REPLACE'}",MBO
2025-11-14 03:33:28.795000-05:00,MNQZ5.CME@RITHMIC,6868910623176,SELL,24965.25,20,LIMIT,UPDATE,MNQZ5.CME@RITHMIC_20251113_230640_bedbcb11,NONE,,"{'size': 20, 'price': 99861, 'orderId': '6868910623176', 'event_type': 'REPLACE'}",MBO
2025-11-14 03:33:26.864000-05:00,MNQZ5.CME@RITHMIC,75238490125200,SELL,24965.25,24,DEPTH,DEPTH,MNQZ5.CME@RITHMIC_20251113_230640_bedbcb11,NONE,,"{'size': 24, 'isBid': False, 'price': 99861, 'data_type': 'DEPTH'}",DEPTH
2025-11-14 03:33:26.808000-05:00,MNQZ5.CME@RITHMIC,75238434087400,SELL,25280.0,32,DEPTH,DEPTH,MNQZ5.CME@RITHMIC_20251113_230640_bedbcb11,NONE,,"{'size': 32, 'isBid': False, 'price': 101120, 'data_type': 'DEPTH'}",DEPTH
2025-11-14 03:33:26.681000-05:00,MNQZ5.CME@RITHMIC,75238306828100,BUY,24920.0,33,DEPTH,DEPTH,MNQZ5.CME@RITHMIC_20251113_230640_bedbcb11,NONE,,"{'size': 33, 'isBid': True, 'price': 99680, 'data_type': 'DEPTH'}",DEPTH
2025-11-14 03:33:26.658000-05:00,MNQZ5.CME@RITHMIC,75238284057200,BUY,24910.0,29,DEPTH,DEPTH,MNQZ5.CME@RITHMIC_20251113_230640_bedbcb11,NONE,,"{'size': 29, 'isBid': True, 'price': 99640, 'data_type': 'DEPTH'}",DEPTH
2025-11-14 03:33:26.636000-05:00,MNQZ5.CME@RITHMIC,75238262309900,BUY,24906.5,23,DEPTH,DEPTH,MNQZ5.CME@RITHMIC_20251113_230640_bedbcb11,NONE,,"{'size': 23, 'isBid': True, 'price': 99626, 'data_type': 'DEPTH'}",DEPTH
2025-11-14 03:33:26.628000-05:00,MNQZ5.CME@RITHMIC,75238254055600,BUY,24900.0,132,DEPTH,DEPTH,MNQZ5.CME@RITHMIC_20251113_230640_bedbcb11,NONE,,"{'size': 132, 'isBid': True, 'price': 99600, 'data_type': 'DEPTH'}",DEPTH
2025-11-14 03:33:26.612000-05:00,MNQZ5.CME@RITHMIC,75238238019200,BUY,24860.0,24,DEPTH,DEPTH,MNQZ5.CME@RITHMIC_20251113_230640_bedbcb11,NONE,,"{'size': 24, 'isBid': True, 'price': 99440, 'data_type': 'DEPTH'}",DEPTH
2025-11-14 03:33:26.145000-05:00,MNQZ5.CME@RITHMIC,75237771431100,SELL,99725.0,23,TRADE,TRADE,MNQZ5.CME@RITHMIC_20251113_230640_bedbcb11,NONE,,"{'size': 23, 'isOtc': False, 'price': 99725.0, 'data_type': 'TRADE', 'isBidAggressor': True, 'isExecutionEnd': True, 'passiveOrderId': None, 'aggressorOrderId': None, 'isExecutionStart': True, 'serialVersionUID': -5266538964320734421}",TRADE
2025-11-14 03:33:22.965000-05:00,MNQZ5.CME@RITHMIC,6868910677981,BUY,24904.25,20,LIMIT,UPDATE,MNQZ5.CME@RITHMIC_20251113_230640_bedbcb11,NONE,,"{'size': 20, 'price': 99617, 'orderId': '6868910677981', 'event_type': 'REPLACE'}",MBO
2025-11-14 03:33:13.838000-05:00,MNQZ5.CME@RITHMIC,6868910623176,SELL,24963.0,20,LIMIT,UPDATE,MNQZ5.CME@RITHMIC_20251113_230640_bedbcb11,NONE,,"{'size': 20, 'price': 99852, 'orderId': '6868910623176', 'event_type': 'REPLACE'}",MBO
2025-11-14 03:33:11.518000-05:00,MNQZ5.CME@RITHMIC,75223144902700,SELL,24963.0,30,DEPTH,DEPTH,MNQZ5.CME@RITHMIC_20251113_230640_bedbcb11,NONE,,"{'size': 30, 'isBid': False, 'price': 99852, 'data_type': 'DEPTH'}",DEPTH
2025-11-14 03:33:11.460000-05:00,MNQZ5.CME@RITHMIC,75223086268700,SELL,25180.0,23,DEPTH,DEPTH,MNQZ5.CME@RITHMIC_20251113_230640_bedbcb11,NONE,,"{'size': 23, 'isBid': False, 'price': 100720, 'data_type': 'DEPTH'}",DEPTH
2025-11-14 03:33:11.374000-05:00,MNQZ5.CME@RITHMIC,75223000486500,BUY,24920.0,33,DEPTH,DEPTH,MNQZ5.CME@RITHMIC_20251113_230640_bedbcb11,NONE,,"{'size': 33, 'isBid': True, 'price': 99680, 'data_type': 'DEPTH'}",DEPTH
2025-11-14 03:33:11.357000-05:00,MNQZ5.CME@RITHMIC,75222983413100,BUY,24912.0,22,DEPTH,DEPTH,MNQZ5.CME@RITHMIC_20251113_230640_bedbcb11,NONE,,"{'size': 22, 'isBid': True, 'price': 99648, 'data_type': 'DEPTH'}",DEPTH
2025-11-14 03:33:11.350000-05:00,MNQZ5.CME@RITHMIC,75222976543300,BUY,24910.0,31,DEPTH,DEPTH,MNQZ5.CME@RITHMIC_20251113_230640_bedbcb11,NONE,,"{'size': 31, 'isBid': True, 'price': 99640, 'data_type': 'DEPTH'}",DEPTH
2025-11-14 03:33:11.339000-05:00,MNQZ5.CME@RITHMIC,75222965180700,BUY,24904.25,22,DEPTH,DEPTH,MNQZ5.CME@RITHMIC_20251113_230640_bedbcb11,NONE,,"{'size': 22, 'isBid': True, 'price': 99617, 'data_type': 'DEPTH'}",DEPTH
2025-11-14 03:33:11.315000-05:00,MNQZ5.CME@RITHMIC,75222941061700,BUY,24872.0,22,DEPTH,DEPTH,MNQZ5.CME@RITHMIC_20251113_230640_bedbcb11,NONE,,"{'size': 22, 'isBid': True, 'price': 99488, 'data_type': 'DEPTH'}",DEPTH
2025-11-14 03:33:11.308000-05:00,MNQZ5.CME@RITHMIC,75222934831800,BUY,24860.0,27,DEPTH,DEPTH,MNQZ5.CME@RITHMIC_20251113_230640_bedbcb11,NONE,,"{'size': 27, 'isBid': True, 'price': 99440, 'data_type': 'DEPTH'}",DEPTH
2025-11-14 03:33:11.270000-05:00,MNQZ5.CME@RITHMIC,75222896147300,BUY,24800.0,160,DEPTH,DEPTH,MNQZ5.CME@RITHMIC_20251113_230640_bedbcb11,NONE,,"{'size': 160, 'isBid': True, 'price': 99200, 'data_type': 'DEPTH'}",DEPTH
2025-11-14 03:33:10.756000-05:00,MNQZ5.CME@RITHMIC,75222381753200,SELL,99738.0,20,TRADE,TRADE,MNQZ5.CME@RITHMIC_20251113_230640_bedbcb11,NONE,,"{'size': 20, 'isOtc': False, 'price': 99738.0, 'data_type': 'TRADE', 'isBidAggressor': True, 'isExecutionEnd': True, 'passiveOrderId': None, 'aggressorOrderId': None, 'isExecutionStart': True, 'serialVersionUID': -5266538964320734421}",TRADE
2025-11-14 03:33:10.742000-05:00,MNQZ5.CME@RITHMIC,75222368598200,SELL,99739.0,25,TRADE,TRADE,MNQZ5.CME@RITHMIC_20251113_230640_bedbcb11,NONE,,"{'size': 25, 'isOtc': False, 'price': 99739.0, 'data_type': 'TRADE', 'isBidAggressor': True, 'isExecutionEnd': True, 'passiveOrderId': None, 'aggressorOrderId': None, 'isExecutionStart': True, 'serialVersionUID': -5266538964320734421}",TRADE
2025-11-14 03:33:08.418000-05:00,MNQZ5.CME@RITHMIC,6868910677981,BUY,24902.0,20,LIMIT,UPDATE,MNQZ5.CME@RITHMIC_20251113_230640_bedbcb11,NONE,,"{'size': 20, 'price': 99608, 'orderId': '6868910677981', 'event_type': 'REPLACE'}",MBO
2025-11-14 03:33:05.035000-05:00,MNQZ5.CME@RITHMIC,6868910677657,BUY,24906.25,30,LIMIT,UPDATE,MNQZ5.CME@RITHMIC_20251113_230640_bedbcb11,NONE,,"{'size': 30, 'price': 99625, 'orderId': '6868910677657', 'event_type': 'REPLACE'}",MBO
2025-11-14 03:33:02.795000-05:00,MNQZ5.CME@RITHMIC,6868910623176,SELL,24960.75,20,LIMIT,UPDATE,MNQZ5.CME@RITHMIC_20251113_230640_bedbcb11,NONE,,"{'size': 20, 'price': 99843, 'orderId': '6868910623176', 'event_type': 'REPLACE'}",MBO
2025-11-14 03:32:52.616000-05:00,MNQZ5.CME@RITHMIC,75204242019000,SELL,24960.75,25,DEPTH,DEPTH,MNQZ5.CME@RITHMIC_20251113_230640_bedbcb11,NONE,,"{'size': 25, 'isBid': False, 'price': 99843, 'data_type': 'DEPTH'}",DEPTH
2025-11-14 03:32:52.600000-05:00,MNQZ5.CME@RITHMIC,75204226378400,SELL,24965.0,21,DEPTH,DEPTH,MNQZ5.CME@RITHMIC_20251113_230640_bedbcb11,NONE,,"{'size': 21, 'isBid': False, 'price': 99860, 'data_type': 'DEPTH'}",DEPTH
2025-11-14 03:32:52.598000-05:00,MNQZ5.CME@RITHMIC,75204224644500,SELL,24966.0,154,DEPTH,DEPTH,MNQZ5.CME@RITHMIC_20251113_230640_bedbcb11,NONE,,"{'size': 154, 'isBid': False, 'price': 99864, 'data_type': 'DEPTH'}",DEPTH
2025-11-14 03:32:52.590000-05:00,MNQZ5.CME@RITHMIC,75204216036400,SELL,24980.0,25,DEPTH,DEPTH,MNQZ5.CME@RITHMIC_20251113_230640_bedbcb11,NONE,,"{'size': 25, 'isBid': False, 'price': 99920, 'data_type': 'DEPTH'}",DEPTH
2025-11-14 03:32:52.375000-05:00,MNQZ5.CME@RITHMIC,75204001726100,BUY,24912.0,22,DEPTH,DEPTH,MNQZ5.CME@RITHMIC_20251113_230640_bedbcb11,NONE,,"{'size': 22, 'isBid': True, 'price': 99648, 'data_type': 'DEPTH'}",DEPTH
2025-11-14 03:32:52.349000-05:00,MNQZ5.CME@RITHMIC,75203975036200,BUY,24906.25,32,DEPTH,DEPTH,MNQZ5.CME@RITHMIC_20251113_230640_bedbcb11,NONE,,"{'size': 32, 'isBid': True, 'price': 99625, 'data_type': 'DEPTH'}",DEPTH
2025-11-14 03:32:52.340000-05:00,MNQZ5.CME@RITHMIC,75203966321400,BUY,24902.0,29,DEPTH,DEPTH,MNQZ5.CME@RITHMIC_20251113_230640_bedbcb11,NONE,,"{'size': 29, 'isBid': True, 'price': 99608, 'data_type': 'DEPTH'}",DEPTH
2025-11-14 03:32:52.338000-05:00,MNQZ5.CME@RITHMIC,75203964511500,BUY,24900.0,133,DEPTH,DEPTH,MNQZ5.CME@RITHMIC_20251113_230640_bedbcb11,NONE,,"{'size': 133, 'isBid': True, 'price': 99600, 'data_type': 'DEPTH'}",DEPTH
2025-11-14 03:32:52.323000-05:00,MNQZ5.CME@RITHMIC,75203949467200,BUY,24860.0,25,DEPTH,DEPTH,MNQZ5.CME@RITHMIC_20251113_230640_bedbcb11,NONE,,"{'size': 25, 'isBid': True, 'price': 99440, 'data_type': 'DEPTH'}",DEPTH
2025-11-14 03:32:52.279000-05:00,MNQZ5.CME@RITHMIC,75203905346400,BUY,24840.0,20,DEPTH,DEPTH,MNQZ5.CME@RITHMIC_20251113_230640_bedbcb11,NONE,,"{'size': 20, 'isBid': True, 'price': 99360, 'data_type': 'DEPTH'}",DEPTH
2025-11-14 03:32:52.262000-05:00,MNQZ5.CME@RITHMIC,75203888492800,BUY,24200.0,31,DEPTH,DEPTH,MNQZ5.CME@RITHMIC_20251113_230640_bedbcb11,NONE,,"{'size': 31, 'isBid': True, 'price': 96800, 'data_type': 'DEPTH'}",DEPTH
2025-11-14 03:32:51.758000-05:00,MNQZ5.CME@RITHMIC,75203384053500,BUY,99722.0,20,TRADE,TRADE,MNQZ5.CME@RITHMIC_20251113_230640_bedbcb11,NONE,,"{'size': 20, 'isOtc': False, 'price': 99722.0, 'data_type': 'TRADE', 'isBidAggressor': False, 'isExecutionEnd': True, 'passiveOrderId': None, 'aggressorOrderId': None, 'isExecutionStart': True, 'serialVersionUID': -5266538964320734421}",TRADE
2025-11-14 03:32:51.747000-05:00,MNQZ5.CME@RITHMIC,75203373387900,BUY,99734.0,24,TRADE,TRADE,MNQZ5.CME@RITHMIC_20251113_230640_bedbcb11,NONE,,"{'size': 24, 'isOtc': False, 'price': 99734.0, 'data_type': 'TRADE', 'isBidAggressor': False, 'isExecutionEnd': True, 'passiveOrderId': None, 'aggressorOrderId': None, 'isExecutionStart': True, 'serialVersionUID': -5266538964320734421}",TRADE
2025-11-14 03:32:51.590000-05:00,MNQZ5.CME@RITHMIC,6868910677981,BUY,24902.0,20,LIMIT,ADD,MNQZ5.CME@RITHMIC_20251113_230640_bedbcb11,NONE,,"{'size': 20, 'isBid': True, 'price': 99608, 'orderId': '6868910677981', 'event_type': 'SEND'}",MBO
2025-11-14 03:32:51.441000-05:00,MNQZ5.CME@RITHMIC,6868910677657,BUY,24922.25,30,LIMIT,ADD,MNQZ5.CME@RITHMIC_20251113_230640_bedbcb11,NONE,,"{'size': 30, 'isBid': True, 'price': 99689, 'orderId': '6868910677657', 'event_type': 'SEND'}",MBO
2025-11-14 03:32:42.552000-05:00,MNQZ5.CME@RITHMIC,6868910623176,SELL,24959.25,20,LIMIT,UPDATE,MNQZ5.CME@RITHMIC_20251113_230640_bedbcb11,NONE,,"{'size': 20, 'price': 99837, 'orderId': '6868910623176', 'event_type': 'REPLACE'}",MBO
2025-11-14 03:32:32.096000-05:00,MNQZ5.CME@RITHMIC,75183722057900,SELL,24959.25,23,DEPTH,DEPTH,MNQZ5.CME@RITHMIC_20251113_230640_bedbcb11,NONE,,"{'size': 23, 'isBid': False, 'price': 99837, 'data_type': 'DEPTH'}",DEPTH
2025-11-14 03:32:32.070000-05:00,MNQZ5.CME@RITHMIC,75183696911800,SELL,24965.0,21,DEPTH,DEPTH,MNQZ5.CME@RITHMIC_20251113_230640_bedbcb11,NONE,,"{'size': 21, 'isBid': False, 'price': 99860, 'data_type': 'DEPTH'}",DEPTH
2025-11-14 03:32:32.069000-05:00,MNQZ5.CME@RITHMIC,75183695292600,SELL,24966.0,154,DEPTH,DEPTH,MNQZ5.CME@RITHMIC_20251113_230640_bedbcb11,NONE,,"{'size': 154, 'isBid': False, 'price': 99864, 'data_type': 'DEPTH'}",DEPTH
2025-11-14 03:32:31.979000-05:00,MNQZ5.CME@RITHMIC,75183605925300,SELL,25050.0,55,DEPTH,DEPTH,MNQZ5.CME@RITHMIC_20251113_230640_bedbcb11,NONE,,"{'size': 55, 'isBid': False, 'price': 100200, 'data_type': 'DEPTH'}",DEPTH
2025-11-14 03:32:31.976000-05:00,MNQZ5.CME@RITHMIC,75183602809900,SELL,25100.0,43,DEPTH,DEPTH,MNQZ5.CME@RITHMIC_20251113_230640_bedbcb11,NONE,,"{'size': 43, 'isBid': False, 'price': 100400, 'data_type': 'DEPTH'}",DEPTH
2025-11-14 03:32:31.881000-05:00,MNQZ5.CME@RITHMIC,75183507014900,BUY,24922.25,36,DEPTH,DEPTH,MNQZ5.CME@RITHMIC_20251113_230640_bedbcb11,NONE,,"{'size': 36, 'isBid': True, 'price': 99689, 'data_type': 'DEPTH'}",DEPTH
2025-11-14 03:32:31.867000-05:00,MNQZ5.CME@RITHMIC,75183493397900,BUY,24920.0,31,DEPTH,DEPTH,MNQZ5.CME@RITHMIC_20251113_230640_bedbcb11,NONE,,"{'size': 31, 'isBid': True, 'price': 99680, 'data_type': 'DEPTH'}",DEPTH
2025-11-14 03:32:31.827000-05:00,MNQZ5.CME@RITHMIC,75183453241600,BUY,24910.0,30,DEPTH,DEPTH,MNQZ5.CME@RITHMIC_20251113_230640_bedbcb11,NONE,,"{'size': 30, 'isBid': True, 'price': 99640, 'data_type': 'DEPTH'}",DEPTH
2025-11-14 03:32:31.792000-05:00,MNQZ5.CME@RITHMIC,75183418328400,BUY,24902.0,29,DEPTH,DEPTH,MNQZ5.CME@RITHMIC_20251113_230640_bedbcb11,NONE,,"{'size': 29, 'isBid': True, 'price': 99608, 'data_type': 'DEPTH'}",DEPTH
2025-11-14 03:32:31.776000-05:00,MNQZ5.CME@RITHMIC,75183402544900,BUY,24880.0,37,DEPTH,DEPTH,MNQZ5.CME@RITHMIC_20251113_230640_bedbcb11,NONE,,"{'size': 37, 'isBid': True, 'price': 99520, 'data_type': 'DEPTH'}",DEPTH
2025-11-14 03:32:31.770000-05:00,MNQZ5.CME@RITHMIC,75183396469000,BUY,24872.0,27,DEPTH,DEPTH,MNQZ5.CME@RITHMIC_20251113_230640_bedbcb11,NONE,,"{'size': 27, 'isBid': True, 'price': 99488, 'data_type': 'DEPTH'}",DEPTH
2025-11-14 03:32:31.768000-05:00,MNQZ5.CME@RITHMIC,75183394024900,BUY,24870.0,41,DEPTH,DEPTH,MNQZ5.CME@RITHMIC_20251113_230640_bedbcb11,NONE,,"{'size': 41, 'isBid': True, 'price': 99480, 'data_type': 'DEPTH'}",DEPTH
2025-11-14 03:32:31.749000-05:00,MNQZ5.CME@RITHMIC,75183375021900,BUY,24860.0,26,DEPTH,DEPTH,MNQZ5.CME@RITHMIC_20251113_230640_bedbcb11,NONE,,"{'size': 26, 'isBid': True, 'price': 99440, 'data_type': 'DEPTH'}",DEPTH
2025-11-14 03:32:31.695000-05:00,MNQZ5.CME@RITHMIC,75183322042400,BUY,24830.0,34,DEPTH,DEPTH,MNQZ5.CME@RITHMIC_20251113_230640_bedbcb11,NONE,,"{'size': 34, 'isBid': True, 'price': 99320, 'data_type': 'DEPTH'}",DEPTH
2025-11-14 03:32:31.689000-05:00,MNQZ5.CME@RITHMIC,75183315162000,BUY,24802.0,20,DEPTH,DEPTH,MNQZ5.CME@RITHMIC_20251113_230640_bedbcb11,NONE,,"{'size': 20, 'isBid': True, 'price': 99208, 'data_type': 'DEPTH'}",DEPTH
2025-11-14 03:32:31.687000-05:00,MNQZ5.CME@RITHMIC,75183313615100,BUY,24800.0,161,DEPTH,DEPTH,MNQZ5.CME@RITHMIC_20251113_230640_bedbcb11,NONE,,"{'size': 161, 'isBid': True, 'price': 99200, 'data_type': 'DEPTH'}",DEPTH
2025-11-14 03:32:31.686000-05:00,MNQZ5.CME@RITHMIC,75183311886400,BUY,24760.0,25,DEPTH,DEPTH,MNQZ5.CME@RITHMIC_20251113_230640_bedbcb11,NONE,,"{'size': 25, 'isBid': True, 'price': 99040, 'data_type': 'DEPTH'}",DEPTH
2025-11-14 03:32:31.201000-05:00,MNQZ5.CME@RITHMIC,75182827018200,BUY,99728.0,23,TRADE,TRADE,MNQZ5.CME@RITHMIC_20251113_230640_bedbcb11,NONE,,"{'size': 23, 'isOtc': False, 'price': 99728.0, 'data_type': 'TRADE', 'isBidAggressor': False, 'isExecutionEnd': True, 'passiveOrderId': None, 'aggressorOrderId': None, 'isExecutionStart': True, 'serialVersionUID': -5266538964320734421}",TRADE
2025-11-14 03:32:31.153000-05:00,MNQZ5.CME@RITHMIC,75182779104800,BUY,99730.0,20,TRADE,TRADE,MNQZ5.CME@RITHMIC_20251113_230640_bedbcb11,NONE,,"{'size': 20, 'isOtc': False, 'price': 99730.0, 'data_type': 'TRADE', 'isBidAggressor': False, 'isExecutionEnd': True, 'passiveOrderId': None, 'aggressorOrderId': None, 'isExecutionStart': True, 'serialVersionUID': -5266538964320734421}",TRADE
2025-11-14 03:32:31.095000-05:00,MNQZ5.CME@RITHMIC,75182720931800,SELL,99730.0,25,TRADE,TRADE,MNQZ5.CME@RITHMIC_20251113_230640_bedbcb11,NONE,,"{'size': 25, 'isOtc': False, 'price': 99730.0, 'data_type': 'TRADE', 'isBidAggressor': True, 'isExecutionEnd': True, 'passiveOrderId': None, 'aggressorOrderId': None, 'isExecutionStart': True, 'serialVersionUID': -5266538964320734421}",TRADE
2025-11-14 03:32:20.701000-05:00,MNQZ5.CME@RITHMIC,6868910623176,SELL,24961.5,20,LIMIT,UPDATE,MNQZ5.CME@RITHMIC_20251113_230640_bedbcb11,NONE,,"{'size': 20, 'price': 99846, 'orderId': '6868910623176', 'event_type': 'REPLACE'}",MBO
2025-11-14 03:32:10.958000-05:00,MNQZ5.CME@RITHMIC,6868910625601,BUY,24903.0,20,LIMIT,UPDATE,MNQZ5.CME@RITHMIC_20251113_230640_bedbcb11,NONE,,"{'size': 20, 'price': 99612, 'orderId': '6868910625601', 'event_type': 'REPLACE'}",MBO
2025-11-14 03:32:06.418000-05:00,MNQZ5.CME@RITHMIC,75158044278400,SELL,24961.5,26,DEPTH,DEPTH,MNQZ5.CME@RITHMIC_20251113_230640_bedbcb11,NONE,,"{'size': 26, 'isBid': False, 'price': 99846, 'data_type': 'DEPTH'}",DEPTH
2025-11-14 03:32:06.395000-05:00,MNQZ5.CME@RITHMIC,75158021860800,SELL,24966.0,154,DEPTH,DEPTH,MNQZ5.CME@RITHMIC_20251113_230640_bedbcb11,NONE,,"{'size': 154, 'isBid': False, 'price': 99864, 'data_type': 'DEPTH'}",DEPTH
2025-11-14 03:32:06.355000-05:00,MNQZ5.CME@RITHMIC,75157980558700,SELL,24980.0,30,DEPTH,DEPTH,MNQZ5.CME@RITHMIC_20251113_230640_bedbcb11,NONE,,"{'size': 30, 'isBid': False, 'price': 99920, 'data_type': 'DEPTH'}",DEPTH
2025-11-14 03:32:06.267000-05:00,MNQZ5.CME@RITHMIC,75157893317400,SELL,25220.0,99,DEPTH,DEPTH,MNQZ5.CME@RITHMIC_20251113_230640_bedbcb11,NONE,,"{'size': 99, 'isBid': False, 'price': 100880, 'data_type': 'DEPTH'}",DEPTH
2025-11-14 03:32:06.256000-05:00,MNQZ5.CME@RITHMIC,75157882936100,SELL,25226.5,22,DEPTH,DEPTH,MNQZ5.CME@RITHMIC_20251113_230640_bedbcb11,NONE,,"{'size': 22, 'isBid': False, 'price': 100906, 'data_type': 'DEPTH'}",DEPTH
2025-11-14 03:32:06.187000-05:00,MNQZ5.CME@RITHMIC,75157812908600,BUY,24930.0,20,DEPTH,DEPTH,MNQZ5.CME@RITHMIC_20251113_230640_bedbcb11,NONE,,"{'size': 20, 'isBid': True, 'price': 99720, 'data_type': 'DEPTH'}",DEPTH
2025-11-14 03:32:06.121000-05:00,MNQZ5.CME@RITHMIC,75157746886100,BUY,24920.0,32,DEPTH,DEPTH,MNQZ5.CME@RITHMIC_20251113_230640_bedbcb11,NONE,,"{'size': 32, 'isBid': True, 'price': 99680, 'data_type': 'DEPTH'}",DEPTH
2025-11-14 03:32:06.075000-05:00,MNQZ5.CME@RITHMIC,75157701763000,BUY,24903.0,36,DEPTH,DEPTH,MNQZ5.CME@RITHMIC_20251113_230640_bedbcb11,NONE,,"{'size': 36, 'isBid': True, 'price': 99612, 'data_type': 'DEPTH'}",DEPTH
2025-11-14 03:32:06.070000-05:00,MNQZ5.CME@RITHMIC,75157696374100,BUY,24900.0,134,DEPTH,DEPTH,MNQZ5.CME@RITHMIC_20251113_230640_bedbcb11,NONE,,"{'size': 134, 'isBid': True, 'price': 99600, 'data_type': 'DEPTH'}",DEPTH
2025-11-14 03:32:06.056000-05:00,MNQZ5.CME@RITHMIC,75157681739500,BUY,24880.0,31,DEPTH,DEPTH,MNQZ5.CME@RITHMIC_20251113_230640_bedbcb11,NONE,,"{'size': 31, 'isBid': True, 'price': 99520, 'data_type': 'DEPTH'}",DEPTH
2025-11-14 03:32:06.050000-05:00,MNQZ5.CME@RITHMIC,75157676405300,BUY,24870.0,40,DEPTH,DEPTH,MNQZ5.CME@RITHMIC_20251113_230640_bedbcb11,NONE,,"{'size': 40, 'isBid': True, 'price': 99480, 'data_type': 'DEPTH'}",DEPTH
2025-11-14 03:32:06.006000-05:00,MNQZ5.CME@RITHMIC,75157632777700,BUY,24860.0,26,DEPTH,DEPTH,MNQZ5.CME@RITHMIC_20251113_230640_bedbcb11,NONE,,"{'size': 26, 'isBid': True, 'price': 99440, 'data_type': 'DEPTH'}",DEPTH
2025-11-14 03:32:05.977000-05:00,MNQZ5.CME@RITHMIC,75157603371800,BUY,24800.0,161,DEPTH,DEPTH,MNQZ5.CME@RITHMIC_20251113_230640_bedbcb11,NONE,,"{'size': 161, 'isBid': True, 'price': 99200, 'data_type': 'DEPTH'}",DEPTH
2025-11-14 03:32:05.419000-05:00,MNQZ5.CME@RITHMIC,75157045371300,BUY,99753.0,27,TRADE,TRADE,MNQZ5.CME@RITHMIC_20251113_230640_bedbcb11,NONE,,"{'size': 27, 'isOtc': False, 'price': 99753.0, 'data_type': 'TRADE', 'isBidAggressor': False, 'isExecutionEnd': True, 'passiveOrderId': None, 'aggressorOrderId': None, 'isExecutionStart': True, 'serialVersionUID': -5266538964320734421}",TRADE
2025-11-14 03:32:05.400000-05:00,MNQZ5.CME@RITHMIC,75157026118000,BUY,99754.0,20,TRADE,TRADE,MNQZ5.CME@RITHMIC_20251113_230640_bedbcb11,NONE,,"{'size': 20, 'isOtc': False, 'price': 99754.0, 'data_type': 'TRADE', 'isBidAggressor': False, 'isExecutionEnd': True, 'passiveOrderId': None, 'aggressorOrderId': None, 'isExecutionStart': True, 'serialVersionUID': -5266538964320734421}",TRADE
2025-11-14 03:31:56.609000-05:00,MNQZ5.CME@RITHMIC,6868910623176,SELL,24968.25,20,LIMIT,UPDATE,MNQZ5.CME@RITHMIC_20251113_230640_bedbcb11,NONE,,"{'size': 20, 'price': 99873, 'orderId': '6868910623176', 'event_type': 'REPLACE'}",MBO
2025-11-14 03:31:52.093000-05:00,MNQZ5.CME@RITHMIC,6868910625601,BUY,24909.75,20,LIMIT,UPDATE,MNQZ5.CME@RITHMIC_20251113_230640_bedbcb11,NONE,,"{'size': 20, 'price': 99639, 'orderId': '6868910625601', 'event_type': 'REPLACE'}",MBO
2025-11-14 03:31:46.410000-05:00,MNQZ5.CME@RITHMIC,75138036154000,SELL,24966.0,154,DEPTH,DEPTH,MNQZ5.CME@RITHMIC_20251113_230640_bedbcb11,NONE,,"{'size': 154, 'isBid': False, 'price': 99864, 'data_type': 'DEPTH'}",DEPTH
2025-11-14 03:31:46.395000-05:00,MNQZ5.CME@RITHMIC,75138021217800,SELL,24968.25,24,DEPTH,DEPTH,MNQZ5.CME@RITHMIC_20251113_230640_bedbcb11,NONE,,"{'size': 24, 'isBid': False, 'price': 99873, 'data_type': 'DEPTH'}",DEPTH
2025-11-14 03:31:46.365000-05:00,MNQZ5.CME@RITHMIC,75137991232600,SELL,24980.0,31,DEPTH,DEPTH,MNQZ5.CME@RITHMIC_20251113_230640_bedbcb11,NONE,,"{'size': 31, 'isBid': False, 'price': 99920, 'data_type': 'DEPTH'}",DEPTH
2025-11-14 03:31:46.285000-05:00,MNQZ5.CME@RITHMIC,75137911165300,SELL,25080.0,22,DEPTH,DEPTH,MNQZ5.CME@RITHMIC_20251113_230640_bedbcb11,NONE,,"{'size': 22, 'isBid': False, 'price': 100320, 'data_type': 'DEPTH'}",DEPTH
2025-11-14 03:31:46.279000-05:00,MNQZ5.CME@RITHMIC,75137905602500,SELL,25226.5,22,DEPTH,DEPTH,MNQZ5.CME@RITHMIC_20251113_230640_bedbcb11,NONE,,"{'size': 22, 'isBid': False, 'price': 100906, 'data_type': 'DEPTH'}",DEPTH
2025-11-14 03:31:46.204000-05:00,MNQZ5.CME@RITHMIC,75137830613100,BUY,24935.0,23,DEPTH,DEPTH,MNQZ5.CME@RITHMIC_20251113_230640_bedbcb11,NONE,,"{'size': 23, 'isBid': True, 'price': 99740, 'data_type': 'DEPTH'}",DEPTH
2025-11-14 03:31:46.135000-05:00,MNQZ5.CME@RITHMIC,75137761342700,BUY,24920.0,31,DEPTH,DEPTH,MNQZ5.CME@RITHMIC_20251113_230640_bedbcb11,NONE,,"{'size': 31, 'isBid': True, 'price': 99680, 'data_type': 'DEPTH'}",DEPTH
2025-11-14 03:31:46.110000-05:00,MNQZ5.CME@RITHMIC,75137736452300,BUY,24912.0,20,DEPTH,DEPTH,MNQZ5.CME@RITHMIC_20251113_230640_bedbcb11,NONE,,"{'size': 20, 'isBid': True, 'price': 99648, 'data_type': 'DEPTH'}",DEPTH
2025-11-14 03:31:46.108000-05:00,MNQZ5.CME@RITHMIC,75137734870000,BUY,24910.0,28,DEPTH,DEPTH,MNQZ5.CME@RITHMIC_20251113_230640_bedbcb11,NONE,,"{'size': 28, 'isBid': True, 'price': 99640, 'data_type': 'DEPTH'}",DEPTH
2025-11-14 03:31:46.107000-05:00,MNQZ5.CME@RITHMIC,75137733246200,BUY,24909.75,23,DEPTH,DEPTH,MNQZ5.CME@RITHMIC_20251113_230640_bedbcb11,NONE,,"{'size': 23, 'isBid': True, 'price': 99639, 'data_type': 'DEPTH'}",DEPTH
2025-11-14 03:31:46.093000-05:00,MNQZ5.CME@RITHMIC,75137719463000,BUY,24900.0,132,DEPTH,DEPTH,MNQZ5.CME@RITHMIC_20251113_230640_bedbcb11,NONE,,"{'size': 132, 'isBid': True, 'price': 99600, 'data_type': 'DEPTH'}",DEPTH
2025-11-14 03:31:46.078000-05:00,MNQZ5.CME@RITHMIC,75137704028000,BUY,24870.0,39,DEPTH,DEPTH,MNQZ5.CME@RITHMIC_20251113_230640_bedbcb11,NONE,,"{'size': 39, 'isBid': True, 'price': 99480, 'data_type': 'DEPTH'}",DEPTH
2025-11-14 03:31:46-05:00,MNQZ5.CME@RITHMIC,75137626434200,BUY,24860.0,24,DEPTH,DEPTH,MNQZ5.CME@RITHMIC_20251113_230640_bedbcb11,NONE,,"{'size': 24, 'isBid': True, 'price': 99440, 'data_type': 'DEPTH'}",DEPTH
2025-11-14 03:31:45.985000-05:00,MNQZ5.CME@RITHMIC,75137610723800,BUY,24760.0,24,DEPTH,DEPTH,MNQZ5.CME@RITHMIC_20251113_230640_bedbcb11,NONE,,"{'size': 24, 'isBid': True, 'price': 99040, 'data_type': 'DEPTH'}",DEPTH
2025-11-14 03:31:45.972000-05:00,MNQZ5.CME@RITHMIC,75137598268000,BUY,24652.0,26,DEPTH,DEPTH,MNQZ5.CME@RITHMIC_20251113_230640_bedbcb11,NONE,,"{'size': 26, 'isBid': True, 'price': 98608, 'data_type': 'DEPTH'}",DEPTH
2025-11-14 03:31:45.203000-05:00,MNQZ5.CME@RITHMIC,75136829237800,BUY,99800.0,29,TRADE,TRADE,MNQZ5.CME@RITHMIC_20251113_230640_bedbcb11,NONE,,"{'size': 29, 'isOtc': False, 'price': 99800.0, 'data_type': 'TRADE', 'isBidAggressor': False, 'isExecutionEnd': True, 'passiveOrderId': None, 'aggressorOrderId': None, 'isExecutionStart': True, 'serialVersionUID': -5266538964320734421}",TRADE
2025-11-14 03:31:45.182000-05:00,MNQZ5.CME@RITHMIC,75136807584000,BUY,99793.0,24,TRADE,TRADE,MNQZ5.CME@RITHMIC_20251113_230640_bedbcb11,NONE,,"{'size': 24, 'isOtc': False, 'price': 99793.0, 'data_type': 'TRADE', 'isBidAggressor': False, 'isExecutionEnd': True, 'passiveOrderId': None, 'aggressorOrderId': None, 'isExecutionStart': True, 'serialVersionUID': -5266538964320734421}",TRADE
2025-11-14 03:31:32.784000-05:00,MNQZ5.CME@RITHMIC,6868910623176,SELL,24968.25,20,LIMIT,UPDATE,MNQZ5.CME@RITHMIC_20251113_230640_bedbcb11,NONE,,"{'size': 20, 'price': 99873, 'orderId': '6868910623176', 'event_type': 'REPLACE'}",MBO
2025-11-14 03:31:23.237000-05:00,MNQZ5.CME@RITHMIC,6868910625601,BUY,24907.5,20,LIMIT,UPDATE,MNQZ5.CME@RITHMIC_20251113_230640_bedbcb11,NONE,,"{'size': 20, 'price': 99630, 'orderId': '6868910625601', 'event_type': 'REPLACE'}",MBO
2025-11-14 03:31:16.335000-05:00,MNQZ5.CME@RITHMIC,75107961171400,SELL,24965.0,20,DEPTH,DEPTH,MNQZ5.CME@RITHMIC_20251113_230640_bedbcb11,NONE,,"{'size': 20, 'isBid': False, 'price': 99860, 'data_type': 'DEPTH'}",DEPTH
2025-11-14 03:31:16.329000-05:00,MNQZ5.CME@RITHMIC,75107955174300,SELL,24966.0,157,DEPTH,DEPTH,MNQZ5.CME@RITHMIC_20251113_230640_bedbcb11,NONE,,"{'size': 157, 'isBid': False, 'price': 99864, 'data_type': 'DEPTH'}",DEPTH
2025-11-14 03:31:16.315000-05:00,MNQZ5.CME@RITHMIC,75107940778600,SELL,24968.25,24,DEPTH,DEPTH,MNQZ5.CME@RITHMIC_20251113_230640_bedbcb11,NONE,,"{'size': 24, 'isBid': False, 'price': 99873, 'data_type': 'DEPTH'}",DEPTH
2025-11-14 03:31:16.238000-05:00,MNQZ5.CME@RITHMIC,75107864721700,SELL,24980.0,22,DEPTH,DEPTH,MNQZ5.CME@RITHMIC_20251113_230640_bedbcb11,NONE,,"{'size': 22, 'isBid': False, 'price': 99920, 'data_type': 'DEPTH'}",DEPTH
2025-11-14 03:31:16.076000-05:00,MNQZ5.CME@RITHMIC,75107702089400,SELL,25028.0,21,DEPTH,DEPTH,MNQZ5.CME@RITHMIC_20251113_230640_bedbcb11,NONE,,"{'size': 21, 'isBid': False, 'price': 100112, 'data_type': 'DEPTH'}",DEPTH
2025-11-14 03:31:16.061000-05:00,MNQZ5.CME@RITHMIC,75107687321600,SELL,25080.0,24,DEPTH,DEPTH,MNQZ5.CME@RITHMIC_20251113_230640_bedbcb11,NONE,,"{'size': 24, 'isBid': False, 'price': 100320, 'data_type': 'DEPTH'}",DEPTH
2025-11-14 03:31:16.050000-05:00,MNQZ5.CME@RITHMIC,75107676882300,SELL,25220.0,100,DEPTH,DEPTH,MNQZ5.CME@RITHMIC_20251113_230640_bedbcb11,NONE,,"{'size': 100, 'isBid': False, 'price': 100880, 'data_type': 'DEPTH'}",DEPTH
2025-11-14 03:31:16.035000-05:00,MNQZ5.CME@RITHMIC,75107661087700,SELL,25800.0,99,DEPTH,DEPTH,MNQZ5.CME@RITHMIC_20251113_230640_bedbcb11,NONE,,"{'size': 99, 'isBid': False, 'price': 103200, 'data_type': 'DEPTH'}",DEPTH
2025-11-14 03:31:15.856000-05:00,MNQZ5.CME@RITHMIC,75107482431600,BUY,24920.0,48,DEPTH,DEPTH,MNQZ5.CME@RITHMIC_20251113_230640_bedbcb11,NONE,,"{'size': 48, 'isBid': True, 'price': 99680, 'data_type': 'DEPTH'}",DEPTH
2025-11-14 03:31:15.828000-05:00,MNQZ5.CME@RITHMIC,75107453717500,BUY,24912.0,20,DEPTH,DEPTH,MNQZ5.CME@RITHMIC_20251113_230640_bedbcb11,NONE,,"{'size': 20, 'isBid': True, 'price': 99648, 'data_type': 'DEPTH'}",DEPTH
2025-11-14 03:31:15.824000-05:00,MNQZ5.CME@RITHMIC,75107450331200,BUY,24910.0,29,DEPTH,DEPTH,MNQZ5.CME@RITHMIC_20251113_230640_bedbcb11,NONE,,"{'size': 29, 'isBid': True, 'price': 99640, 'data_type': 'DEPTH'}",DEPTH
2025-11-14 03:31:15.820000-05:00,MNQZ5.CME@RITHMIC,75107445852300,BUY,24907.5,24,DEPTH,DEPTH,MNQZ5.CME@RITHMIC_20251113_230640_bedbcb11,NONE,,"{'size': 24, 'isBid': True, 'price': 99630, 'data_type': 'DEPTH'}",DEPTH
2025-11-14 03:31:15.815000-05:00,MNQZ5.CME@RITHMIC,75107441276200,BUY,24900.0,127,DEPTH,DEPTH,MNQZ5.CME@RITHMIC_20251113_230640_bedbcb11,NONE,,"{'size': 127, 'isBid': True, 'price': 99600, 'data_type': 'DEPTH'}",DEPTH
2025-11-14 03:31:15.804000-05:00,MNQZ5.CME@RITHMIC,75107429845100,BUY,24880.0,35,DEPTH,DEPTH,MNQZ5.CME@RITHMIC_20251113_230640_bedbcb11,NONE,,"{'size': 35, 'isBid': True, 'price': 99520, 'data_type': 'DEPTH'}",DEPTH
2025-11-14 03:31:15.791000-05:00,MNQZ5.CME@RITHMIC,75107417207500,BUY,24875.0,22,DEPTH,DEPTH,MNQZ5.CME@RITHMIC_20251113_230640_bedbcb11,NONE,,"{'size': 22, 'isBid': True, 'price': 99500, 'data_type': 'DEPTH'}",DEPTH
2025-11-14 03:31:15.772000-05:00,MNQZ5.CME@RITHMIC,75107398092600,BUY,24872.0,28,DEPTH,DEPTH,MNQZ5.CME@RITHMIC_20251113_230640_bedbcb11,NONE,,"{'size': 28, 'isBid': True, 'price': 99488, 'data_type': 'DEPTH'}",DEPTH
2025-11-14 03:31:15.755000-05:00,MNQZ5.CME@RITHMIC,75107381722300,BUY,24870.0,36,DEPTH,DEPTH,MNQZ5.CME@RITHMIC_20251113_230640_bedbcb11,NONE,,"{'size': 36, 'isBid': True, 'price': 99480, 'data_type': 'DEPTH'}",DEPTH
2025-11-14 03:31:15.691000-05:00,MNQZ5.CME@RITHMIC,75107317620000,BUY,24850.0,64,DEPTH,DEPTH,MNQZ5.CME@RITHMIC_20251113_230640_bedbcb11,NONE,,"{'size': 64, 'isBid': True, 'price': 99400, 'data_type': 'DEPTH'}",DEPTH
2025-11-14 03:31:14.756000-05:00,MNQZ5.CME@RITHMIC,75106382227300,SELL,99819.0,20,TRADE,TRADE,MNQZ5.CME@RITHMIC_20251113_230640_bedbcb11,NONE,,"{'size': 20, 'isOtc': False, 'price': 99819.0, 'data_type': 'TRADE', 'isBidAggressor': True, 'isExecutionEnd': True, 'passiveOrderId': None, 'aggressorOrderId': None, 'isExecutionStart': True, 'serialVersionUID': -5266538964320734421}",TRADE
2025-11-14 03:31:14.343000-05:00,MNQZ5.CME@RITHMIC,6868910623176,SELL,24979.0,20,LIMIT,ADD,MNQZ5.CME@RITHMIC_20251113_230640_bedbcb11,NONE,,"{'size': 20, 'isBid': False, 'price': 99916, 'orderId': '6868910623176', 'event_type': 'SEND'}",MBO
2025-11-14 03:31:13.979000-05:00,MNQZ5.CME@RITHMIC,6868910625601,BUY,24919.5,20,LIMIT,ADD,MNQZ5.CME@RITHMIC_20251113_230640_bedbcb11,NONE,,"{'size': 20, 'isBid': True, 'price': 99678, 'orderId': '6868910625601', 'event_type': 'SEND'}",MBO
2025-11-14 03:30:39.695000-05:00,MNQZ5.CME@RITHMIC,75071321313100,SELL,24966.0,159,DEPTH,DEPTH,MNQZ5.CME@RITHMIC_20251113_230640_bedbcb11,NONE,,"{'size': 159, 'isBid': False, 'price': 99864, 'data_type': 'DEPTH'}",DEPTH
2025-11-14 03:30:39.605000-05:00,MNQZ5.CME@RITHMIC,75071230697400,SELL,24979.0,25,DEPTH,DEPTH,MNQZ5.CME@RITHMIC_20251113_230640_bedbcb11,NONE,,"{'size': 25, 'isBid': False, 'price': 99916, 'data_type': 'DEPTH'}",DEPTH
2025-11-14 03:30:39.503000-05:00,MNQZ5.CME@RITHMIC,75071129615400,SELL,25028.0,21,DEPTH,DEPTH,MNQZ5.CME@RITHMIC_20251113_230640_bedbcb11,NONE,,"{'size': 21, 'isBid': False, 'price': 100112, 'data_type': 'DEPTH'}",DEPTH
2025-11-14 03:30:39.457000-05:00,MNQZ5.CME@RITHMIC,75071083066100,SELL,25100.0,44,DEPTH,DEPTH,MNQZ5.CME@RITHMIC_20251113_230640_bedbcb11,NONE,,"{'size': 44, 'isBid': False, 'price': 100400, 'data_type': 'DEPTH'}",DEPTH
2025-11-14 03:30:39.261000-05:00,MNQZ5.CME@RITHMIC,75070887902500,BUY,24932.0,26,DEPTH,DEPTH,MNQZ5.CME@RITHMIC_20251113_230640_bedbcb11,NONE,,"{'size': 26, 'isBid': True, 'price': 99728, 'data_type': 'DEPTH'}",DEPTH
2025-11-14 03:30:39.189000-05:00,MNQZ5.CME@RITHMIC,75070815293300,BUY,24920.0,38,DEPTH,DEPTH,MNQZ5.CME@RITHMIC_20251113_230640_bedbcb11,NONE,,"{'size': 38, 'isBid': True, 'price': 99680, 'data_type': 'DEPTH'}",DEPTH
2025-11-14 03:30:39.185000-05:00,MNQZ5.CME@RITHMIC,75070811550300,BUY,24919.5,24,DEPTH,DEPTH,MNQZ5.CME@RITHMIC_20251113_230640_bedbcb11,NONE,,"{'size': 24, 'isBid': True, 'price': 99678, 'data_type': 'DEPTH'}",DEPTH
2025-11-14 03:30:39.174000-05:00,MNQZ5.CME@RITHMIC,75070800484600,BUY,24900.0,132,DEPTH,DEPTH,MNQZ5.CME@RITHMIC_20251113_230640_bedbcb11,NONE,,"{'size': 132, 'isBid': True, 'price': 99600, 'data_type': 'DEPTH'}",DEPTH
2025-11-14 03:30:39.171000-05:00,MNQZ5.CME@RITHMIC,75070797226800,BUY,24888.0,27,DEPTH,DEPTH,MNQZ5.CME@RITHMIC_20251113_230640_bedbcb11,NONE,,"{'size': 27, 'isBid': True, 'price': 99552, 'data_type': 'DEPTH'}",DEPTH
2025-11-14 03:30:39.155000-05:00,MNQZ5.CME@RITHMIC,75070780678000,BUY,24880.0,31,DEPTH,DEPTH,MNQZ5.CME@RITHMIC_20251113_230640_bedbcb11,NONE,,"{'size': 31, 'isBid': True, 'price': 99520, 'data_type': 'DEPTH'}",DEPTH
2025-11-14 03:30:39.120000-05:00,MNQZ5.CME@RITHMIC,75070746859800,BUY,24875.0,22,DEPTH,DEPTH,MNQZ5.CME@RITHMIC_20251113_230640_bedbcb11,NONE,,"{'size': 22, 'isBid': True, 'price': 99500, 'data_type': 'DEPTH'}",DEPTH
2025-11-14 03:30:39.100000-05:00,MNQZ5.CME@RITHMIC,75070726057900,BUY,24872.0,25,DEPTH,DEPTH,MNQZ5.CME@RITHMIC_20251113_230640_bedbcb11,NONE,,"{'size': 25, 'isBid': True, 'price': 99488, 'data_type': 'DEPTH'}",DEPTH
2025-11-14 03:30:39.084000-05:00,MNQZ5.CME@RITHMIC,75070709706100,BUY,24870.0,33,DEPTH,DEPTH,MNQZ5.CME@RITHMIC_20251113_230640_bedbcb11,NONE,,"{'size': 33, 'isBid': True, 'price': 99480, 'data_type': 'DEPTH'}",DEPTH
2025-11-14 03:30:38.353000-05:00,MNQZ5.CME@RITHMIC,75069979055800,SELL,99807.0,24,TRADE,TRADE,MNQZ5.CME@RITHMIC_20251113_230640_bedbcb11,NONE,,"{'size': 24, 'isOtc': False, 'price': 99807.0, 'data_type': 'TRADE', 'isBidAggressor': True, 'isExecutionEnd': True, 'passiveOrderId': None, 'aggressorOrderId': None, 'isExecutionStart': True, 'serialVersionUID': -5266538964320734421}",TRADE
2025-11-14 03:30:30.035000-05:00,MNQZ5.CME@RITHMIC,6868910225253,BUY,24922.25,20,LIMIT,UPDATE,MNQZ5.CME@RITHMIC_20251113_230640_bedbcb11,NONE,,"{'size': 20, 'price': 99689, 'orderId': '6868910225253', 'event_type': 'REPLACE'}",MBO
2025-11-14 03:30:28.246000-05:00,MNQZ5.CME@RITHMIC,6868910556497,SELL,25005.5,70,LIMIT,UPDATE,MNQZ5.CME@RITHMIC_20251113_230640_bedbcb11,NONE,,"{'size': 70, 'price': 100022, 'orderId': '6868910556497', 'event_type': 'REPLACE'}",MBO
2025-11-14 03:30:26.028000-05:00,MNQZ5.CME@RITHMIC,6868910542241,SELL,24979.25,20,LIMIT,UPDATE,MNQZ5.CME@RITHMIC_20251113_230640_bedbcb11,NONE,,"{'size': 20, 'price': 99917, 'orderId': '6868910542241', 'event_type': 'REPLACE'}",MBO
2025-11-14 03:30:14.832000-05:00,MNQZ5.CME@RITHMIC,75046457967900,SELL,24965.0,20,DEPTH,DEPTH,MNQZ5.CME@RITHMIC_20251113_230640_bedbcb11,NONE,,"{'size': 20, 'isBid': False, 'price': 99860, 'data_type': 'DEPTH'}",DEPTH
2025-11-14 03:30:14.826000-05:00,MNQZ5.CME@RITHMIC,75046451646000,SELL,24966.0,170,DEPTH,DEPTH,MNQZ5.CME@RITHMIC_20251113_230640_bedbcb11,NONE,,"{'size': 170, 'isBid': False, 'price': 99864, 'data_type': 'DEPTH'}",DEPTH
2025-11-14 03:30:14.761000-05:00,MNQZ5.CME@RITHMIC,75046387395900,SELL,24979.25,23,DEPTH,DEPTH,MNQZ5.CME@RITHMIC_20251113_230640_bedbcb11,NONE,,"{'size': 23, 'isBid': False, 'price': 99917, 'data_type': 'DEPTH'}",DEPTH
2025-11-14 03:30:14.734000-05:00,MNQZ5.CME@RITHMIC,75046360113600,SELL,25000.0,20,DEPTH,DEPTH,MNQZ5.CME@RITHMIC_20251113_230640_bedbcb11,NONE,,"{'size': 20, 'isBid': False, 'price': 100000, 'data_type': 'DEPTH'}",DEPTH
2025-11-14 03:30:14.727000-05:00,MNQZ5.CME@RITHMIC,75046353403700,SELL,25005.5,74,DEPTH,DEPTH,MNQZ5.CME@RITHMIC_20251113_230640_bedbcb11,NONE,,"{'size': 74, 'isBid': False, 'price': 100022, 'data_type': 'DEPTH'}",DEPTH
2025-11-14 03:30:14.673000-05:00,MNQZ5.CME@RITHMIC,75046299042900,SELL,25028.0,24,DEPTH,DEPTH,MNQZ5.CME@RITHMIC_20251113_230640_bedbcb11,NONE,,"{'size': 24, 'isBid': False, 'price': 100112, 'data_type': 'DEPTH'}",DEPTH
2025-11-14 03:30:14.640000-05:00,MNQZ5.CME@RITHMIC,75046266254600,SELL,25050.0,54,DEPTH,DEPTH,MNQZ5.CME@RITHMIC_20251113_230640_bedbcb11,NONE,,"{'size': 54, 'isBid': False, 'price': 100200, 'data_type': 'DEPTH'}",DEPTH
2025-11-14 03:30:14.406000-05:00,MNQZ5.CME@RITHMIC,75046032014700,BUY,24922.25,23,DEPTH,DEPTH,MNQZ5.CME@RITHMIC_20251113_230640_bedbcb11,NONE,,"{'size': 23, 'isBid': True, 'price': 99689, 'data_type': 'DEPTH'}",DEPTH
2025-11-14 03:30:14.392000-05:00,MNQZ5.CME@RITHMIC,75046018593200,BUY,24920.0,38,DEPTH,DEPTH,MNQZ5.CME@RITHMIC_20251113_230640_bedbcb11,NONE,,"{'size': 38, 'isBid': True, 'price': 99680, 'data_type': 'DEPTH'}",DEPTH
2025-11-14 03:30:14.376000-05:00,MNQZ5.CME@RITHMIC,75046002226800,BUY,24910.0,27,DEPTH,DEPTH,MNQZ5.CME@RITHMIC_20251113_230640_bedbcb11,NONE,,"{'size': 27, 'isBid': True, 'price': 99640, 'data_type': 'DEPTH'}",DEPTH
2025-11-14 03:30:14.333000-05:00,MNQZ5.CME@RITHMIC,75045958572600,BUY,24875.0,20,DEPTH,DEPTH,MNQZ5.CME@RITHMIC_20251113_230640_bedbcb11,NONE,,"{'size': 20, 'isBid': True, 'price': 99500, 'data_type': 'DEPTH'}",DEPTH
2025-11-14 03:30:14.313000-05:00,MNQZ5.CME@RITHMIC,75045939068100,BUY,24872.0,25,DEPTH,DEPTH,MNQZ5.CME@RITHMIC_20251113_230640_bedbcb11,NONE,,"{'size': 25, 'isBid': True, 'price': 99488, 'data_type': 'DEPTH'}",DEPTH
2025-11-14 03:30:14.300000-05:00,MNQZ5.CME@RITHMIC,75045926694600,BUY,24870.0,33,DEPTH,DEPTH,MNQZ5.CME@RITHMIC_20251113_230640_bedbcb11,NONE,,"{'size': 33, 'isBid': True, 'price': 99480, 'data_type': 'DEPTH'}",DEPTH
2025-11-14 03:30:14.292000-05:00,MNQZ5.CME@RITHMIC,75045918883200,BUY,24810.0,25,DEPTH,DEPTH,MNQZ5.CME@RITHMIC_20251113_230640_bedbcb11,NONE,,"{'size': 25, 'isBid': True, 'price': 99240, 'data_type': 'DEPTH'}",DEPTH
2025-11-14 03:30:14.265000-05:00,MNQZ5.CME@RITHMIC,75045891922900,BUY,24200.0,30,DEPTH,DEPTH,MNQZ5.CME@RITHMIC_20251113_230640_bedbcb11,NONE,,"{'size': 30, 'isBid': True, 'price': 96800, 'data_type': 'DEPTH'}",DEPTH
2025-11-14 03:30:08.672000-05:00,MNQZ5.CME@RITHMIC,75040297995800,BUY,24915.75,24,DEPTH,DEPTH,MNQZ5.CME@RITHMIC_20251113_230640_bedbcb11,NONE,,"{'size': 24, 'isBid': True, 'price': 99663, 'data_type': 'DEPTH'}",DEPTH
2025-11-14 03:30:08.668000-05:00,MNQZ5.CME@RITHMIC,6868910225253,BUY,24915.75,20,LIMIT,UPDATE,MNQZ5.CME@RITHMIC_20251113_230640_bedbcb11,NONE,,"{'size': 20, 'price': 99663, 'orderId': '6868910225253', 'event_type': 'REPLACE'}",MBO
2025-11-14 03:30:05.720000-05:00,MNQZ5.CME@RITHMIC,75037346152600,BUY,24870.0,35,DEPTH,DEPTH,MNQZ5.CME@RITHMIC_20251113_230640_bedbcb11,NONE,,"{'size': 35, 'isBid': True, 'price': 99480, 'data_type': 'DEPTH'}",DEPTH
2025-11-14 03:30:04.047000-05:00,MNQZ5.CME@RITHMIC,75035673680400,SELL,24965.0,23,DEPTH,DEPTH,MNQZ5.CME@RITHMIC_20251113_230640_bedbcb11,NONE,,"{'size': 23, 'isBid': False, 'price': 99860, 'data_type': 'DEPTH'}",DEPTH
2025-11-14 03:30:00.288000-05:00,MNQZ5.CME@RITHMIC,75031914007100,BUY,24872.0,28,DEPTH,DEPTH,MNQZ5.CME@RITHMIC_20251113_230640_bedbcb11,NONE,,"{'size': 28, 'isBid': True, 'price': 99488, 'data_type': 'DEPTH'}",DEPTH
2025-11-14 03:29:53.475000-05:00,MNQZ5.CME@RITHMIC,75025101626100,BUY,24918.0,27,DEPTH,DEPTH,MNQZ5.CME@RITHMIC_20251113_230640_bedbcb11,NONE,,"{'size': 27, 'isBid': True, 'price': 99672, 'data_type': 'DEPTH'}",DEPTH
2025-11-14 03:29:53.472000-05:00,MNQZ5.CME@RITHMIC,6868910225253,BUY,24918.0,20,LIMIT,UPDATE,MNQZ5.CME@RITHMIC_20251113_230640_bedbcb11,NONE,,"{'size': 20, 'price': 99672, 'orderId': '6868910225253', 'event_type': 'REPLACE'}",MBO
2025-11-14 03:29:52.293000-05:00,MNQZ5.CME@RITHMIC,75023919158300,BUY,24872.0,25,DEPTH,DEPTH,MNQZ5.CME@RITHMIC_20251113_230640_bedbcb11,NONE,,"{'size': 25, 'isBid': True, 'price': 99488, 'data_type': 'DEPTH'}",DEPTH
2025-11-14 03:29:51.354000-05:00,MNQZ5.CME@RITHMIC,75022981194400,SELL,24976.5,23,DEPTH,DEPTH,MNQZ5.CME@RITHMIC_20251113_230640_bedbcb11,NONE,,"{'size': 23, 'isBid': False, 'price': 99906, 'data_type': 'DEPTH'}",DEPTH
2025-11-14 03:29:51.351000-05:00,MNQZ5.CME@RITHMIC,6868910542241,SELL,24976.5,20,LIMIT,UPDATE,MNQZ5.CME@RITHMIC_20251113_230640_bedbcb11,NONE,,"{'size': 20, 'price': 99906, 'orderId': '6868910542241', 'event_type': 'REPLACE'}",MBO
2025-11-14 03:29:49.372000-05:00,MNQZ5.CME@RITHMIC,75020998161000,BUY,24870.0,33,DEPTH,DEPTH,MNQZ5.CME@RITHMIC_20251113_230640_bedbcb11,NONE,,"{'size': 33, 'isBid': True, 'price': 99480, 'data_type': 'DEPTH'}",DEPTH
2025-11-14 03:29:47.078000-05:00,MNQZ5.CME@RITHMIC,75018704012100,BUY,24900.0,126,DEPTH,DEPTH,MNQZ5.CME@RITHMIC_20251113_230640_bedbcb11,NONE,,"{'size': 126, 'isBid': True, 'price': 99600, 'data_type': 'DEPTH'}",DEPTH
2025-11-14 03:29:44.946000-05:00,MNQZ5.CME@RITHMIC,6868910542241,SELL,24974.25,20,LIMIT,UPDATE,MNQZ5.CME@RITHMIC_20251113_230640_bedbcb11,NONE,,"{'size': 20, 'price': 99897, 'orderId': '6868910542241', 'event_type': 'REPLACE'}",MBO
2025-11-14 03:29:41.157000-05:00,MNQZ5.CME@RITHMIC,6868910225253,BUY,24915.75,20,LIMIT,UPDATE,MNQZ5.CME@RITHMIC_20251113_230640_bedbcb11,NONE,,"{'size': 20, 'price': 99663, 'orderId': '6868910225253', 'event_type': 'REPLACE'}",MBO
2025-11-14 03:29:38.564000-05:00,MNQZ5.CME@RITHMIC,75010190191400,SELL,24974.25,24,DEPTH,DEPTH,MNQZ5.CME@RITHMIC_20251113_230640_bedbcb11,NONE,,"{'size': 24, 'isBid': False, 'price': 99897, 'data_type': 'DEPTH'}",DEPTH
2025-11-14 03:29:38.437000-05:00,MNQZ5.CME@RITHMIC,75010064091000,BUY,24932.0,25,DEPTH,DEPTH,MNQZ5.CME@RITHMIC_20251113_230640_bedbcb11,NONE,,"{'size': 25, 'isBid': True, 'price': 99728, 'data_type': 'DEPTH'}",DEPTH
2025-11-14 03:29:38.414000-05:00,MNQZ5.CME@RITHMIC,75010041171000,BUY,24920.0,32,DEPTH,DEPTH,MNQZ5.CME@RITHMIC_20251113_230640_bedbcb11,NONE,,"{'size': 32, 'isBid': True, 'price': 99680, 'data_type': 'DEPTH'}",DEPTH
2025-11-14 03:29:38.407000-05:00,MNQZ5.CME@RITHMIC,75010033446600,BUY,24915.75,24,DEPTH,DEPTH,MNQZ5.CME@RITHMIC_20251113_230640_bedbcb11,NONE,,"{'size': 24, 'isBid': True, 'price': 99663, 'data_type': 'DEPTH'}",DEPTH
2025-11-14 03:29:38.402000-05:00,MNQZ5.CME@RITHMIC,75010028769200,BUY,24900.0,127,DEPTH,DEPTH,MNQZ5.CME@RITHMIC_20251113_230640_bedbcb11,NONE,,"{'size': 127, 'isBid': True, 'price': 99600, 'data_type': 'DEPTH'}",DEPTH
2025-11-14 03:29:38.390000-05:00,MNQZ5.CME@RITHMIC,75010016335800,BUY,24872.0,28,DEPTH,DEPTH,MNQZ5.CME@RITHMIC_20251113_230640_bedbcb11,NONE,,"{'size': 28, 'isBid': True, 'price': 99488, 'data_type': 'DEPTH'}",DEPTH
2025-11-14 03:29:38.380000-05:00,MNQZ5.CME@RITHMIC,75010006547000,BUY,24870.0,35,DEPTH,DEPTH,MNQZ5.CME@RITHMIC_20251113_230640_bedbcb11,NONE,,"{'size': 35, 'isBid': True, 'price': 99480, 'data_type': 'DEPTH'}",DEPTH
2025-11-14 03:29:38.072000-05:00,MNQZ5.CME@RITHMIC,75009698901200,BUY,99796.0,22,TRADE,TRADE,MNQZ5.CME@RITHMIC_20251113_230640_bedbcb11,NONE,,"{'size': 22, 'isOtc': False, 'price': 99796.0, 'data_type': 'TRADE', 'isBidAggressor': False, 'isExecutionEnd': True, 'passiveOrderId': None, 'aggressorOrderId': None, 'isExecutionStart': True, 'serialVersionUID': -5266538964320734421}",TRADE
2025-11-14 03:29:38.041000-05:00,MNQZ5.CME@RITHMIC,75009667426500,BUY,99795.0,20,TRADE,TRADE,MNQZ5.CME@RITHMIC_20251113_230640_bedbcb11,NONE,,"{'size': 20, 'isOtc': False, 'price': 99795.0, 'data_type': 'TRADE', 'isBidAggressor': False, 'isExecutionEnd': True, 'passiveOrderId': None, 'aggressorOrderId': None, 'isExecutionStart': True, 'serialVersionUID': -5266538964320734421}",TRADE
2025-11-14 03:29:36.690000-05:00,MNQZ5.CME@RITHMIC,6868910542241,SELL,24978.75,20,LIMIT,UPDATE,MNQZ5.CME@RITHMIC_20251113_230640_bedbcb11,NONE,,"{'size': 20, 'price': 99915, 'orderId': '6868910542241', 'event_type': 'REPLACE'}",MBO
2025-11-14 03:29:33.328000-05:00,MNQZ5.CME@RITHMIC,6868910225253,BUY,24918.25,20,LIMIT,UPDATE,MNQZ5.CME@RITHMIC_20251113_230640_bedbcb11,NONE,,"{'size': 20, 'price': 99673, 'orderId': '6868910225253', 'event_type': 'REPLACE'}",MBO
2025-11-14 03:29:30.746000-05:00,MNQZ5.CME@RITHMIC,75002372095100,SELL,24978.75,24,DEPTH,DEPTH,MNQZ5.CME@RITHMIC_20251113_230640_bedbcb11,NONE,,"{'size': 24, 'isBid': False, 'price': 99915, 'data_type': 'DEPTH'}",DEPTH
2025-11-14 03:29:30.706000-05:00,MNQZ5.CME@RITHMIC,75002331909100,SELL,25028.0,21,DEPTH,DEPTH,MNQZ5.CME@RITHMIC_20251113_230640_bedbcb11,NONE,,"{'size': 21, 'isBid': False, 'price': 100112, 'data_type': 'DEPTH'}",DEPTH
2025-11-14 03:29:30.601000-05:00,MNQZ5.CME@RITHMIC,75002227111800,BUY,24918.25,23,DEPTH,DEPTH,MNQZ5.CME@RITHMIC_20251113_230640_bedbcb11,NONE,,"{'size': 23, 'isBid': True, 'price': 99673, 'data_type': 'DEPTH'}",DEPTH
2025-11-14 03:29:30.586000-05:00,MNQZ5.CME@RITHMIC,75002212491700,BUY,24875.0,22,DEPTH,DEPTH,MNQZ5.CME@RITHMIC_20251113_230640_bedbcb11,NONE,,"{'size': 22, 'isBid': True, 'price': 99500, 'data_type': 'DEPTH'}",DEPTH
2025-11-14 03:29:30.572000-05:00,MNQZ5.CME@RITHMIC,75002198683700,BUY,24872.0,25,DEPTH,DEPTH,MNQZ5.CME@RITHMIC_20251113_230640_bedbcb11,NONE,,"{'size': 25, 'isBid': True, 'price': 99488, 'data_type': 'DEPTH'}",DEPTH
2025-11-14 03:29:30.567000-05:00,MNQZ5.CME@RITHMIC,75002193685100,BUY,24870.0,33,DEPTH,DEPTH,MNQZ5.CME@RITHMIC_20251113_230640_bedbcb11,NONE,,"{'size': 33, 'isBid': True, 'price': 99480, 'data_type': 'DEPTH'}",DEPTH
2025-11-14 03:29:30.565000-05:00,MNQZ5.CME@RITHMIC,75002192182900,BUY,24820.0,25,DEPTH,DEPTH,MNQZ5.CME@RITHMIC_20251113_230640_bedbcb11,NONE,,"{'size': 25, 'isBid': True, 'price': 99280, 'data_type': 'DEPTH'}",DEPTH
2025-11-14 03:29:30.564000-05:00,MNQZ5.CME@RITHMIC,75002189718200,BUY,24700.0,106,DEPTH,DEPTH,MNQZ5.CME@RITHMIC_20251113_230640_bedbcb11,NONE,,"{'size': 106, 'isBid': True, 'price': 98800, 'data_type': 'DEPTH'}",DEPTH
2025-11-14 03:29:26.098000-05:00,MNQZ5.CME@RITHMIC,6868910225253,BUY,24920.75,20,LIMIT,UPDATE,MNQZ5.CME@RITHMIC_20251113_230640_bedbcb11,NONE,,"{'size': 20, 'price': 99683, 'orderId': '6868910225253', 'event_type': 'REPLACE'}",MBO
2025-11-14 03:29:25.094000-05:00,MNQZ5.CME@RITHMIC,6868910556497,SELL,25009.0,70,LIMIT,UPDATE,MNQZ5.CME@RITHMIC_20251113_230640_bedbcb11,NONE,,"{'size': 70, 'price': 100036, 'orderId': '6868910556497', 'event_type': 'REPLACE'}",MBO
2025-11-14 03:29:24.192000-05:00,MNQZ5.CME@RITHMIC,6868910542241,SELL,24981.0,20,LIMIT,UPDATE,MNQZ5.CME@RITHMIC_20251113_230640_bedbcb11,NONE,,"{'size': 20, 'price': 99924, 'orderId': '6868910542241', 'event_type': 'REPLACE'}",MBO
2025-11-14 03:29:20.211000-05:00,MNQZ5.CME@RITHMIC,74991838173200,SELL,24965.0,22,DEPTH,DEPTH,MNQZ5.CME@RITHMIC_20251113_230640_bedbcb11,NONE,,"{'size': 22, 'isBid': False, 'price': 99860, 'data_type': 'DEPTH'}",DEPTH
2025-11-14 03:29:20.208000-05:00,MNQZ5.CME@RITHMIC,74991833868900,SELL,24966.0,159,DEPTH,DEPTH,MNQZ5.CME@RITHMIC_20251113_230640_bedbcb11,NONE,,"{'size': 159, 'isBid': False, 'price': 99864, 'data_type': 'DEPTH'}",DEPTH
2025-11-14 03:29:20.196000-05:00,MNQZ5.CME@RITHMIC,74991822310000,SELL,24970.0,22,DEPTH,DEPTH,MNQZ5.CME@RITHMIC_20251113_230640_bedbcb11,NONE,,"{'size': 22, 'isBid': False, 'price': 99880, 'data_type': 'DEPTH'}",DEPTH
2025-11-14 03:29:20.162000-05:00,MNQZ5.CME@RITHMIC,74991788752200,SELL,24981.0,29,DEPTH,DEPTH,MNQZ5.CME@RITHMIC_20251113_230640_bedbcb11,NONE,,"{'size': 29, 'isBid': False, 'price': 99924, 'data_type': 'DEPTH'}",DEPTH
2025-11-14 03:29:20.139000-05:00,MNQZ5.CME@RITHMIC,74991765081600,SELL,25009.0,74,DEPTH,DEPTH,MNQZ5.CME@RITHMIC_20251113_230640_bedbcb11,NONE,,"{'size': 74, 'isBid': False, 'price': 100036, 'data_type': 'DEPTH'}",DEPTH
2025-11-14 03:29:20.117000-05:00,MNQZ5.CME@RITHMIC,74991742978400,SELL,25028.0,21,DEPTH,DEPTH,MNQZ5.CME@RITHMIC_20251113_230640_bedbcb11,NONE,,"{'size': 21, 'isBid': False, 'price': 100112, 'data_type': 'DEPTH'}",DEPTH
2025-11-14 03:29:19.934000-05:00,MNQZ5.CME@RITHMIC,74991560489400,BUY,24920.75,24,DEPTH,DEPTH,MNQZ5.CME@RITHMIC_20251113_230640_bedbcb11,NONE,,"{'size': 24, 'isBid': True, 'price': 99683, 'data_type': 'DEPTH'}",DEPTH
2025-11-14 03:29:19.932000-05:00,MNQZ5.CME@RITHMIC,74991558391600,BUY,24920.0,31,DEPTH,DEPTH,MNQZ5.CME@RITHMIC_20251113_230640_bedbcb11,NONE,,"{'size': 31, 'isBid': True, 'price': 99680, 'data_type': 'DEPTH'}",DEPTH
2025-11-14 03:29:19.930000-05:00,MNQZ5.CME@RITHMIC,74991556212300,BUY,24910.0,28,DEPTH,DEPTH,MNQZ5.CME@RITHMIC_20251113_230640_bedbcb11,NONE,,"{'size': 28, 'isBid': True, 'price': 99640, 'data_type': 'DEPTH'}",DEPTH
2025-11-14 03:29:19.906000-05:00,MNQZ5.CME@RITHMIC,74991532922700,BUY,24880.0,31,DEPTH,DEPTH,MNQZ5.CME@RITHMIC_20251113_230640_bedbcb11,NONE,,"{'size': 31, 'isBid': True, 'price': 99520, 'data_type': 'DEPTH'}",DEPTH
2025-11-14 03:29:19.883000-05:00,MNQZ5.CME@RITHMIC,74991509743600,BUY,24875.0,22,DEPTH,DEPTH,MNQZ5.CME@RITHMIC_20251113_230640_bedbcb11,NONE,,"{'size': 22, 'isBid': True, 'price': 99500, 'data_type': 'DEPTH'}",DEPTH
2025-11-14 03:29:19.879000-05:00,MNQZ5.CME@RITHMIC,74991505417500,BUY,24860.0,24,DEPTH,DEPTH,MNQZ5.CME@RITHMIC_20251113_230640_bedbcb11,NONE,,"{'size': 24, 'isBid': True, 'price': 99440, 'data_type': 'DEPTH'}",DEPTH
2025-11-14 03:29:19.861000-05:00,MNQZ5.CME@RITHMIC,74991487497300,BUY,24000.0,46,DEPTH,DEPTH,MNQZ5.CME@RITHMIC_20251113_230640_bedbcb11,NONE,,"{'size': 46, 'isBid': True, 'price': 96000, 'data_type': 'DEPTH'}",DEPTH
2025-11-14 03:29:18.592000-05:00,MNQZ5.CME@RITHMIC,6868910579910,SELL,24966.0,150,LIMIT,ADD,MNQZ5.CME@RITHMIC_20251113_230640_bedbcb11,NONE,,"{'size': 150, 'isBid': False, 'price': 99864, 'orderId': '6868910579910', 'event_type': 'SEND'}",MBO
2025-11-14 03:29:09.179000-05:00,MNQZ5.CME@RITHMIC,6868910225253,BUY,24925.75,20,LIMIT,UPDATE,MNQZ5.CME@RITHMIC_20251113_230640_bedbcb11,NONE,,"{'size': 20, 'price': 99703, 'orderId': '6868910225253', 'event_type': 'REPLACE'}",MBO
2025-11-14 03:29:03.410000-05:00,MNQZ5.CME@RITHMIC,6868910542241,SELL,24985.5,20,LIMIT,UPDATE,MNQZ5.CME@RITHMIC_20251113_230640_bedbcb11,NONE,,"{'size': 20, 'price': 99942, 'orderId': '6868910542241', 'event_type': 'REPLACE'}",MBO
2025-11-14 03:28:54.615000-05:00,MNQZ5.CME@RITHMIC,74966241894600,SELL,24966.0,159,DEPTH,DEPTH,MNQZ5.CME@RITHMIC_20251113_230640_bedbcb11,NONE,,"{'size': 159, 'isBid': False, 'price': 99864, 'data_type': 'DEPTH'}",DEPTH
2025-11-14 03:28:54.592000-05:00,MNQZ5.CME@RITHMIC,74966218464200,SELL,24970.0,24,DEPTH,DEPTH,MNQZ5.CME@RITHMIC_20251113_230640_bedbcb11,NONE,,"{'size': 24, 'isBid': False, 'price': 99880, 'data_type': 'DEPTH'}",DEPTH
2025-11-14 03:28:54.574000-05:00,MNQZ5.CME@RITHMIC,74966199979400,SELL,24973.0,27,DEPTH,DEPTH,MNQZ5.CME@RITHMIC_20251113_230640_bedbcb11,NONE,,"{'size': 27, 'isBid': False, 'price': 99892, 'data_type': 'DEPTH'}",DEPTH
2025-11-14 03:28:54.518000-05:00,MNQZ5.CME@RITHMIC,74966144386700,SELL,24985.5,22,DEPTH,DEPTH,MNQZ5.CME@RITHMIC_20251113_230640_bedbcb11,NONE,,"{'size': 22, 'isBid': False, 'price': 99942, 'data_type': 'DEPTH'}",DEPTH
2025-11-14 03:28:54.471000-05:00,MNQZ5.CME@RITHMIC,74966097628300,SELL,25020.25,77,DEPTH,DEPTH,MNQZ5.CME@RITHMIC_20251113_230640_bedbcb11,NONE,,"{'size': 77, 'isBid': False, 'price': 100081, 'data_type': 'DEPTH'}",DEPTH
2025-11-14 03:28:54.168000-05:00,MNQZ5.CME@RITHMIC,74965794287600,BUY,24925.75,23,DEPTH,DEPTH,MNQZ5.CME@RITHMIC_20251113_230640_bedbcb11,NONE,,"{'size': 23, 'isBid': True, 'price': 99703, 'data_type': 'DEPTH'}",DEPTH
2025-11-14 03:28:54.150000-05:00,MNQZ5.CME@RITHMIC,74965775859400,BUY,24888.0,26,DEPTH,DEPTH,MNQZ5.CME@RITHMIC_20251113_230640_bedbcb11,NONE,,"{'size': 26, 'isBid': True, 'price': 99552, 'data_type': 'DEPTH'}",DEPTH
2025-11-14 03:28:54.099000-05:00,MNQZ5.CME@RITHMIC,74965725670100,BUY,24880.0,29,DEPTH,DEPTH,MNQZ5.CME@RITHMIC_20251113_230640_bedbcb11,NONE,,"{'size': 29, 'isBid': True, 'price': 99520, 'data_type': 'DEPTH'}",DEPTH
2025-11-14 03:28:54.082000-05:00,MNQZ5.CME@RITHMIC,74965708273600,BUY,24875.0,20,DEPTH,DEPTH,MNQZ5.CME@RITHMIC_20251113_230640_bedbcb11,NONE,,"{'size': 20, 'isBid': True, 'price': 99500, 'data_type': 'DEPTH'}",DEPTH
2025-11-14 03:28:54.080000-05:00,MNQZ5.CME@RITHMIC,74965706742800,BUY,24870.0,37,DEPTH,DEPTH,MNQZ5.CME@RITHMIC_20251113_230640_bedbcb11,NONE,,"{'size': 37, 'isBid': True, 'price': 99480, 'data_type': 'DEPTH'}",DEPTH
2025-11-14 03:28:54.079000-05:00,MNQZ5.CME@RITHMIC,74965705076100,BUY,24850.0,57,DEPTH,DEPTH,MNQZ5.CME@RITHMIC_20251113_230640_bedbcb11,NONE,,"{'size': 57, 'isBid': True, 'price': 99400, 'data_type': 'DEPTH'}",DEPTH
2025-11-14 03:28:53.287000-05:00,MNQZ5.CME@RITHMIC,74964913768600,BUY,99836.0,34,TRADE,TRADE,MNQZ5.CME@RITHMIC_20251113_230640_bedbcb11,NONE,,"{'size': 34, 'isOtc': False, 'price': 99836.0, 'data_type': 'TRADE', 'isBidAggressor': False, 'isExecutionEnd': True, 'passiveOrderId': None, 'aggressorOrderId': None, 'isExecutionStart': True, 'serialVersionUID': -5266538964320734421}",TRADE
2025-11-14 03:28:53.278000-05:00,MNQZ5.CME@RITHMIC,74964904448700,BUY,99840.0,21,TRADE,TRADE,MNQZ5.CME@RITHMIC_20251113_230640_bedbcb11,NONE,,"{'size': 21, 'isOtc': False, 'price': 99840.0, 'data_type': 'TRADE', 'isBidAggressor': False, 'isExecutionEnd': True, 'passiveOrderId': None, 'aggressorOrderId': None, 'isExecutionStart': True, 'serialVersionUID': -5266538964320734421}",TRADE
2025-11-14 03:28:53.274000-05:00,MNQZ5.CME@RITHMIC,74964900723000,BUY,99824.0,28,TRADE,TRADE,MNQZ5.CME@RITHMIC_20251113_230640_bedbcb11,NONE,,"{'size': 28, 'isOtc': False, 'price': 99824.0, 'data_type': 'TRADE', 'isBidAggressor': False, 'isExecutionEnd': True, 'passiveOrderId': None, 'aggressorOrderId': None, 'isExecutionStart': True, 'serialVersionUID': -5266538964320734421}",TRADE
2025-11-14 03:28:53.254000-05:00,MNQZ5.CME@RITHMIC,74964880615700,BUY,99837.0,30,TRADE,TRADE,MNQZ5.CME@RITHMIC_20251113_230640_bedbcb11,NONE,,"{'size': 30, 'isOtc': False, 'price': 99837.0, 'data_type': 'TRADE', 'isBidAggressor': False, 'isExecutionEnd': True, 'passiveOrderId': None, 'aggressorOrderId': None, 'isExecutionStart': True, 'serialVersionUID': -5266538964320734421}",TRADE
2025-11-14 03:28:53.249000-05:00,MNQZ5.CME@RITHMIC,74964875505400,BUY,99825.0,24,TRADE,TRADE,MNQZ5.CME@RITHMIC_20251113_230640_bedbcb11,NONE,,"{'size': 24, 'isOtc': False, 'price': 99825.0, 'data_type': 'TRADE', 'isBidAggressor': False, 'isExecutionEnd': True, 'passiveOrderId': None, 'aggressorOrderId': None, 'isExecutionStart': True, 'serialVersionUID': -5266538964320734421}",TRADE
2025-11-14 03:28:53.242000-05:00,MNQZ5.CME@RITHMIC,74964868398400,BUY,99829.0,20,TRADE,TRADE,MNQZ5.CME@RITHMIC_20251113_230640_bedbcb11,NONE,,"{'size': 20, 'isOtc': False, 'price': 99829.0, 'data_type': 'TRADE', 'isBidAggressor': False, 'isExecutionEnd': True, 'passiveOrderId': None, 'aggressorOrderId': None, 'isExecutionStart': True, 'serialVersionUID': -5266538964320734421}",TRADE
2025-11-14 03:28:53.222000-05:00,MNQZ5.CME@RITHMIC,74964848615200,BUY,99838.0,34,TRADE,TRADE,MNQZ5.CME@RITHMIC_20251113_230640_bedbcb11,NONE,,"{'size': 34, 'isOtc': False, 'price': 99838.0, 'data_type': 'TRADE', 'isBidAggressor': False, 'isExecutionEnd': True, 'passiveOrderId': None, 'aggressorOrderId': None, 'isExecutionStart': True, 'serialVersionUID': -5266538964320734421}",TRADE
2025-11-14 03:28:53.193000-05:00,MNQZ5.CME@RITHMIC,74964819187400,BUY,99831.0,28,TRADE,TRADE,MNQZ5.CME@RITHMIC_20251113_230640_bedbcb11,NONE,,"{'size': 28, 'isOtc': False, 'price': 99831.0, 'data_type': 'TRADE', 'isBidAggressor': False, 'isExecutionEnd': True, 'passiveOrderId': None, 'aggressorOrderId': None, 'isExecutionStart': True, 'serialVersionUID': -5266538964320734421}",TRADE
2025-11-14 03:28:53.182000-05:00,MNQZ5.CME@RITHMIC,74964808595400,SELL,99840.0,22,TRADE,TRADE,MNQZ5.CME@RITHMIC_20251113_230640_bedbcb11,NONE,,"{'size': 22, 'isOtc': False, 'price': 99840.0, 'data_type': 'TRADE', 'isBidAggressor': True, 'isExecutionEnd': True, 'passiveOrderId': None, 'aggressorOrderId': None, 'isExecutionStart': True, 'serialVersionUID': -5266538964320734421}",TRADE
2025-11-14 03:28:53.171000-05:00,MNQZ5.CME@RITHMIC,74964797462400,SELL,99828.0,20,TRADE,TRADE,MNQZ5.CME@RITHMIC_20251113_230640_bedbcb11,NONE,,"{'size': 20, 'isOtc': False, 'price': 99828.0, 'data_type': 'TRADE', 'isBidAggressor': True, 'isExecutionEnd': True, 'passiveOrderId': None, 'aggressorOrderId': None, 'isExecutionStart': True, 'serialVersionUID': -5266538964320734421}",TRADE
2025-11-14 03:28:53.158000-05:00,MNQZ5.CME@RITHMIC,74964784618600,SELL,99845.0,23,TRADE,TRADE,MNQZ5.CME@RITHMIC_20251113_230640_bedbcb11,NONE,,"{'size': 23, 'isOtc': False, 'price': 99845.0, 'data_type': 'TRADE', 'isBidAggressor': True, 'isExecutionEnd': True, 'passiveOrderId': None, 'aggressorOrderId': None, 'isExecutionStart': True, 'serialVersionUID': -5266538964320734421}",TRADE
2025-11-14 03:28:53.153000-05:00,MNQZ5.CME@RITHMIC,74964779494000,SELL,99833.0,21,TRADE,TRADE,MNQZ5.CME@RITHMIC_20251113_230640_bedbcb11,NONE,,"{'size': 21, 'isOtc': False, 'price': 99833.0, 'data_type': 'TRADE', 'isBidAggressor': True, 'isExecutionEnd': True, 'passiveOrderId': None, 'aggressorOrderId': None, 'isExecutionStart': True, 'serialVersionUID': -5266538964320734421}",TRADE
2025-11-14 03:28:53.127000-05:00,MNQZ5.CME@RITHMIC,74964753478300,SELL,99838.0,22,TRADE,TRADE,MNQZ5.CME@RITHMIC_20251113_230640_bedbcb11,NONE,,"{'size': 22, 'isOtc': False, 'price': 99838.0, 'data_type': 'TRADE', 'isBidAggressor': True, 'isExecutionEnd': True, 'passiveOrderId': None, 'aggressorOrderId': None, 'isExecutionStart': True, 'serialVersionUID': -5266538964320734421}",TRADE
2025-11-14 03:28:53.111000-05:00,MNQZ5.CME@RITHMIC,74964736971000,SELL,99847.0,23,TRADE,TRADE,MNQZ5.CME@RITHMIC_20251113_230640_bedbcb11,NONE,,"{'size': 23, 'isOtc': False, 'price': 99847.0, 'data_type': 'TRADE', 'isBidAggressor': True, 'isExecutionEnd': True, 'passiveOrderId': None, 'aggressorOrderId': None, 'isExecutionStart': True, 'serialVersionUID': -5266538964320734421}",TRADE
2025-11-14 03:28:53.095000-05:00,MNQZ5.CME@RITHMIC,74964721749500,SELL,99835.0,22,TRADE,TRADE,MNQZ5.CME@RITHMIC_20251113_230640_bedbcb11,NONE,,"{'size': 22, 'isOtc': False, 'price': 99835.0, 'data_type': 'TRADE', 'isBidAggressor': True, 'isExecutionEnd': True, 'passiveOrderId': None, 'aggressorOrderId': None, 'isExecutionStart': True, 'serialVersionUID': -5266538964320734421}",TRADE
2025-11-14 03:28:53.093000-05:00,MNQZ5.CME@RITHMIC,74964718945800,SELL,99827.0,20,TRADE,TRADE,MNQZ5.CME@RITHMIC_20251113_230640_bedbcb11,NONE,,"{'size': 20, 'isOtc': False, 'price': 99827.0, 'data_type': 'TRADE', 'isBidAggressor': True, 'isExecutionEnd': True, 'passiveOrderId': None, 'aggressorOrderId': None, 'isExecutionStart': True, 'serialVersionUID': -5266538964320734421}",TRADE
2025-11-14 03:28:52.399000-05:00,MNQZ5.CME@RITHMIC,6868910556497,SELL,25020.25,70,LIMIT,ADD,MNQZ5.CME@RITHMIC_20251113_230640_bedbcb11,NONE,,"{'size': 70, 'isBid': False, 'price': 100081, 'orderId': '6868910556497', 'event_type': 'SEND'}",MBO
2025-11-14 03:28:42.300000-05:00,MNQZ5.CME@RITHMIC,6868910225253,BUY,24928.5,20,LIMIT,UPDATE,MNQZ5.CME@RITHMIC_20251113_230640_bedbcb11,NONE,,"{'size': 20, 'price': 99714, 'orderId': '6868910225253', 'event_type': 'REPLACE'}",MBO
2025-11-14 03:28:35.995000-05:00,MNQZ5.CME@RITHMIC,6868910542241,SELL,24987.5,20,LIMIT,UPDATE,MNQZ5.CME@RITHMIC_20251113_230640_bedbcb11,NONE,,"{'size': 20, 'price': 99950, 'orderId': '6868910542241', 'event_type': 'REPLACE'}",MBO
2025-11-14 03:28:20.818000-05:00,MNQZ5.CME@RITHMIC,74932444910600,SELL,24967.0,20,DEPTH,DEPTH,MNQZ5.CME@RITHMIC_20251113_230640_bedbcb11,NONE,,"{'size': 20, 'isBid': False, 'price': 99868, 'data_type': 'DEPTH'}",DEPTH
2025-11-14 03:28:20.767000-05:00,MNQZ5.CME@RITHMIC,74932393195900,SELL,24975.0,21,DEPTH,DEPTH,MNQZ5.CME@RITHMIC_20251113_230640_bedbcb11,NONE,,"{'size': 21, 'isBid': False, 'price': 99900, 'data_type': 'DEPTH'}",DEPTH
2025-11-14 03:28:20.707000-05:00,MNQZ5.CME@RITHMIC,74932333637500,SELL,24987.5,24,DEPTH,DEPTH,MNQZ5.CME@RITHMIC_20251113_230640_bedbcb11,NONE,,"{'size': 24, 'isBid': False, 'price': 99950, 'data_type': 'DEPTH'}",DEPTH
2025-11-14 03:28:20.676000-05:00,MNQZ5.CME@RITHMIC,74932302130900,SELL,25000.0,21,DEPTH,DEPTH,MNQZ5.CME@RITHMIC_20251113_230640_bedbcb11,NONE,,"{'size': 21, 'isBid': False, 'price': 100000, 'data_type': 'DEPTH'}",DEPTH
2025-11-14 03:28:20.660000-05:00,MNQZ5.CME@RITHMIC,74932286673400,SELL,25020.25,74,DEPTH,DEPTH,MNQZ5.CME@RITHMIC_20251113_230640_bedbcb11,NONE,,"{'size': 74, 'isBid': False, 'price': 100081, 'data_type': 'DEPTH'}",DEPTH
2025-11-14 03:28:20.576000-05:00,MNQZ5.CME@RITHMIC,74932201881000,SELL,25055.0,27,DEPTH,DEPTH,MNQZ5.CME@RITHMIC_20251113_230640_bedbcb11,NONE,,"{'size': 27, 'isBid': False, 'price': 100220, 'data_type': 'DEPTH'}",DEPTH
2025-11-14 03:28:20.565000-05:00,MNQZ5.CME@RITHMIC,74932191330700,SELL,25150.0,40,DEPTH,DEPTH,MNQZ5.CME@RITHMIC_20251113_230640_bedbcb11,NONE,,"{'size': 40, 'isBid': False, 'price': 100600, 'data_type': 'DEPTH'}",DEPTH
2025-11-14 03:28:20.292000-05:00,MNQZ5.CME@RITHMIC,74931918060500,BUY,24928.5,23,DEPTH,DEPTH,MNQZ5.CME@RITHMIC_20251113_230640_bedbcb11,NONE,,"{'size': 23, 'isBid': True, 'price': 99714, 'data_type': 'DEPTH'}",DEPTH
2025-11-14 03:28:20.240000-05:00,MNQZ5.CME@RITHMIC,74931866515400,BUY,24920.0,28,DEPTH,DEPTH,MNQZ5.CME@RITHMIC_20251113_230640_bedbcb11,NONE,,"{'size': 28, 'isBid': True, 'price': 99680, 'data_type': 'DEPTH'}",DEPTH
2025-11-14 03:28:20.213000-05:00,MNQZ5.CME@RITHMIC,74931839139400,BUY,24912.0,20,DEPTH,DEPTH,MNQZ5.CME@RITHMIC_20251113_230640_bedbcb11,NONE,,"{'size': 20, 'isBid': True, 'price': 99648, 'data_type': 'DEPTH'}",DEPTH
2025-11-14 03:28:20.208000-05:00,MNQZ5.CME@RITHMIC,74931834420500,BUY,24910.0,29,DEPTH,DEPTH,MNQZ5.CME@RITHMIC_20251113_230640_bedbcb11,NONE,,"{'size': 29, 'isBid': True, 'price': 99640, 'data_type': 'DEPTH'}",DEPTH
2025-11-14 03:28:20.191000-05:00,MNQZ5.CME@RITHMIC,74931816988300,BUY,24900.0,126,DEPTH,DEPTH,MNQZ5.CME@RITHMIC_20251113_230640_bedbcb11,NONE,,"{'size': 126, 'isBid': True, 'price': 99600, 'data_type': 'DEPTH'}",DEPTH
2025-11-14 03:28:20.181000-05:00,MNQZ5.CME@RITHMIC,74931806809100,BUY,24888.0,28,DEPTH,DEPTH,MNQZ5.CME@RITHMIC_20251113_230640_bedbcb11,NONE,,"{'size': 28, 'isBid': True, 'price': 99552, 'data_type': 'DEPTH'}",DEPTH
2025-11-14 03:28:20.127000-05:00,MNQZ5.CME@RITHMIC,74931752894100,BUY,24880.0,29,DEPTH,DEPTH,MNQZ5.CME@RITHMIC_20251113_230640_bedbcb11,NONE,,"{'size': 29, 'isBid': True, 'price': 99520, 'data_type': 'DEPTH'}",DEPTH
2025-11-14 03:28:20.110000-05:00,MNQZ5.CME@RITHMIC,74931736398100,BUY,24850.0,56,DEPTH,DEPTH,MNQZ5.CME@RITHMIC_20251113_230640_bedbcb11,NONE,,"{'size': 56, 'isBid': True, 'price': 99400, 'data_type': 'DEPTH'}",DEPTH
2025-11-14 03:28:20.106000-05:00,MNQZ5.CME@RITHMIC,74931731758500,BUY,24830.0,33,DEPTH,DEPTH,MNQZ5.CME@RITHMIC_20251113_230640_bedbcb11,NONE,,"{'size': 33, 'isBid': True, 'price': 99320, 'data_type': 'DEPTH'}",DEPTH
2025-11-14 03:28:20.104000-05:00,MNQZ5.CME@RITHMIC,74931730124700,BUY,24820.0,24,DEPTH,DEPTH,MNQZ5.CME@RITHMIC_20251113_230640_bedbcb11,NONE,,"{'size': 24, 'isBid': True, 'price': 99280, 'data_type': 'DEPTH'}",DEPTH
2025-11-14 03:28:20.101000-05:00,MNQZ5.CME@RITHMIC,74931727064700,BUY,24800.0,162,DEPTH,DEPTH,MNQZ5.CME@RITHMIC_20251113_230640_bedbcb11,NONE,,"{'size': 162, 'isBid': True, 'price': 99200, 'data_type': 'DEPTH'}",DEPTH
2025-11-14 03:28:20.070000-05:00,MNQZ5.CME@RITHMIC,74931696287700,BUY,24500.0,84,DEPTH,DEPTH,MNQZ5.CME@RITHMIC_20251113_230640_bedbcb11,NONE,,"{'size': 84, 'isBid': True, 'price': 98000, 'data_type': 'DEPTH'}",DEPTH
2025-11-14 03:28:19.117000-05:00,MNQZ5.CME@RITHMIC,74930743066600,BUY,99800.0,20,TRADE,TRADE,MNQZ5.CME@RITHMIC_20251113_230640_bedbcb11,NONE,,"{'size': 20, 'isOtc': False, 'price': 99800.0, 'data_type': 'TRADE', 'isBidAggressor': False, 'isExecutionEnd': True, 'passiveOrderId': None, 'aggressorOrderId': None, 'isExecutionStart': True, 'serialVersionUID': -5266538964320734421}",TRADE
2025-11-14 03:28:19.104000-05:00,MNQZ5.CME@RITHMIC,74930730473200,BUY,99801.0,22,TRADE,TRADE,MNQZ5.CME@RITHMIC_20251113_230640_bedbcb11,NONE,,"{'size': 22, 'isOtc': False, 'price': 99801.0, 'data_type': 'TRADE', 'isBidAggressor': False, 'isExecutionEnd': True, 'passiveOrderId': None, 'aggressorOrderId': None, 'isExecutionStart': True, 'serialVersionUID': -5266538964320734421}",TRADE
2025-11-14 03:28:19.094000-05:00,MNQZ5.CME@RITHMIC,74930719945200,BUY,99802.0,21,TRADE,TRADE,MNQZ5.CME@RITHMIC_20251113_230640_bedbcb11,NONE,,"{'size': 21, 'isOtc': False, 'price': 99802.0, 'data_type': 'TRADE', 'isBidAggressor': False, 'isExecutionEnd': True, 'passiveOrderId': None, 'aggressorOrderId': None, 'isExecutionStart': True, 'serialVersionUID': -5266538964320734421}",TRADE
2025-11-14 03:28:19.015000-05:00,MNQZ5.CME@RITHMIC,74930641900500,BUY,99799.0,23,TRADE,TRADE,MNQZ5.CME@RITHMIC_20251113_230640_bedbcb11,NONE,,"{'size': 23, 'isOtc': False, 'price': 99799.0, 'data_type': 'TRADE', 'isBidAggressor': False, 'isExecutionEnd': True, 'passiveOrderId': None, 'aggressorOrderId': None, 'isExecutionStart': True, 'serialVersionUID': -5266538964320734421}",TRADE
2025-11-14 03:28:19.003000-05:00,MNQZ5.CME@RITHMIC,74930629269000,SELL,99816.0,27,TRADE,TRADE,MNQZ5.CME@RITHMIC_20251113_230640_bedbcb11,NONE,,"{'size': 27, 'isOtc': False, 'price': 99816.0, 'data_type': 'TRADE', 'isBidAggressor': True, 'isExecutionEnd': True, 'passiveOrderId': None, 'aggressorOrderId': None, 'isExecutionStart': True, 'serialVersionUID': -5266538964320734421}",TRADE
2025-11-14 03:28:18.994000-05:00,MNQZ5.CME@RITHMIC,74930621153300,SELL,99800.0,26,TRADE,TRADE,MNQZ5.CME@RITHMIC_20251113_230640_bedbcb11,NONE,,"{'size': 26, 'isOtc': False, 'price': 99800.0, 'data_type': 'TRADE', 'isBidAggressor': True, 'isExecutionEnd': True, 'passiveOrderId': None, 'aggressorOrderId': None, 'isExecutionStart': True, 'serialVersionUID': -5266538964320734421}",TRADE
2025-11-14 03:28:18.991000-05:00,MNQZ5.CME@RITHMIC,74930617019400,SELL,99760.0,21,TRADE,TRADE,MNQZ5.CME@RITHMIC_20251113_230640_bedbcb11,NONE,,"{'size': 21, 'isOtc': False, 'price': 99760.0, 'data_type': 'TRADE', 'isBidAggressor': True, 'isExecutionEnd': True, 'passiveOrderId': None, 'aggressorOrderId': None, 'isExecutionStart': True, 'serialVersionUID': -5266538964320734421}",TRADE
2025-11-14 03:28:18.920000-05:00,MNQZ5.CME@RITHMIC,74930546763900,SELL,99820.0,56,TRADE,TRADE,MNQZ5.CME@RITHMIC_20251113_230640_bedbcb11,NONE,,"{'size': 56, 'isOtc': False, 'price': 99820.0, 'data_type': 'TRADE', 'isBidAggressor': True, 'isExecutionEnd': True, 'passiveOrderId': None, 'aggressorOrderId': None, 'isExecutionStart': True, 'serialVersionUID': -5266538964320734421}",TRADE
2025-11-14 03:28:18.914000-05:00,MNQZ5.CME@RITHMIC,74930539646700,SELL,99804.0,20,TRADE,TRADE,MNQZ5.CME@RITHMIC_20251113_230640_bedbcb11,NONE,,"{'size': 20, 'isOtc': False, 'price': 99804.0, 'data_type': 'TRADE', 'isBidAggressor': True, 'isExecutionEnd': True, 'passiveOrderId': None, 'aggressorOrderId': None, 'isExecutionStart': True, 'serialVersionUID': -5266538964320734421}",TRADE
2025-11-14 03:28:18.906000-05:00,MNQZ5.CME@RITHMIC,74930531788200,SELL,99772.0,22,TRADE,TRADE,MNQZ5.CME@RITHMIC_20251113_230640_bedbcb11,NONE,,"{'size': 22, 'isOtc': False, 'price': 99772.0, 'data_type': 'TRADE', 'isBidAggressor': True, 'isExecutionEnd': True, 'passiveOrderId': None, 'aggressorOrderId': None, 'isExecutionStart': True, 'serialVersionUID': -5266538964320734421}",TRADE
2025-11-14 03:28:18.876000-05:00,MNQZ5.CME@RITHMIC,74930502496100,SELL,99774.0,33,TRADE,TRADE,MNQZ5.CME@RITHMIC_20251113_230640_bedbcb11,NONE,,"{'size': 33, 'isOtc': False, 'price': 99774.0, 'data_type': 'TRADE', 'isBidAggressor': True, 'isExecutionEnd': True, 'passiveOrderId': None, 'aggressorOrderId': None, 'isExecutionStart': True, 'serialVersionUID': -5266538964320734421}",TRADE
2025-11-14 03:28:18.860000-05:00,MNQZ5.CME@RITHMIC,74930486421100,SELL,99799.0,34,TRADE,TRADE,MNQZ5.CME@RITHMIC_20251113_230640_bedbcb11,NONE,,"{'size': 34, 'isOtc': False, 'price': 99799.0, 'data_type': 'TRADE', 'isBidAggressor': True, 'isExecutionEnd': True, 'passiveOrderId': None, 'aggressorOrderId': None, 'isExecutionStart': True, 'serialVersionUID': -5266538964320734421}",TRADE
2025-11-14 03:28:18.129000-05:00,MNQZ5.CME@RITHMIC,6868910542241,SELL,24984.75,20,LIMIT,ADD,MNQZ5.CME@RITHMIC_20251113_230640_bedbcb11,NONE,,"{'size': 20, 'isBid': False, 'price': 99939, 'orderId': '6868910542241', 'event_type': 'SEND'}",MBO
2025-11-14 03:28:10.744000-05:00,MNQZ5.CME@RITHMIC,6868910225253,BUY,24924.75,20,LIMIT,UPDATE,MNQZ5.CME@RITHMIC_20251113_230640_bedbcb11,NONE,,"{'size': 20, 'price': 99699, 'orderId': '6868910225253', 'event_type': 'REPLACE'}",MBO
2025-11-14 03:27:34.956000-05:00,MNQZ5.CME@RITHMIC,74886581838300,SELL,24984.75,22,DEPTH,DEPTH,MNQZ5.CME@RITHMIC_20251113_230640_bedbcb11,NONE,,"{'size': 22, 'isBid': False, 'price': 99939, 'data_type': 'DEPTH'}",DEPTH
2025-11-14 03:27:34.938000-05:00,MNQZ5.CME@RITHMIC,74886564390700,SELL,25000.0,20,DEPTH,DEPTH,MNQZ5.CME@RITHMIC_20251113_230640_bedbcb11,NONE,,"{'size': 20, 'isBid': False, 'price': 100000, 'data_type': 'DEPTH'}",DEPTH
2025-11-14 03:27:34.816000-05:00,MNQZ5.CME@RITHMIC,74886442514000,SELL,25028.0,23,DEPTH,DEPTH,MNQZ5.CME@RITHMIC_20251113_230640_bedbcb11,NONE,,"{'size': 23, 'isBid': False, 'price': 100112, 'data_type': 'DEPTH'}",DEPTH
2025-11-14 03:27:34.778000-05:00,MNQZ5.CME@RITHMIC,74886404272800,SELL,25150.0,36,DEPTH,DEPTH,MNQZ5.CME@RITHMIC_20251113_230640_bedbcb11,NONE,,"{'size': 36, 'isBid': False, 'price': 100600, 'data_type': 'DEPTH'}",DEPTH
2025-11-14 03:27:34.512000-05:00,MNQZ5.CME@RITHMIC,74886138362200,BUY,24924.75,25,DEPTH,DEPTH,MNQZ5.CME@RITHMIC_20251113_230640_bedbcb11,NONE,,"{'size': 25, 'isBid': True, 'price': 99699, 'data_type': 'DEPTH'}",DEPTH
2025-11-14 03:27:34.481000-05:00,MNQZ5.CME@RITHMIC,74886107437100,BUY,24920.0,27,DEPTH,DEPTH,MNQZ5.CME@RITHMIC_20251113_230640_bedbcb11,NONE,,"{'size': 27, 'isBid': True, 'price': 99680, 'data_type': 'DEPTH'}",DEPTH
2025-11-14 03:27:34.427000-05:00,MNQZ5.CME@RITHMIC,74886053231100,BUY,24912.0,21,DEPTH,DEPTH,MNQZ5.CME@RITHMIC_20251113_230640_bedbcb11,NONE,,"{'size': 21, 'isBid': True, 'price': 99648, 'data_type': 'DEPTH'}",DEPTH
2025-11-14 03:27:34.415000-05:00,MNQZ5.CME@RITHMIC,74886041465600,BUY,24910.0,31,DEPTH,DEPTH,MNQZ5.CME@RITHMIC_20251113_230640_bedbcb11,NONE,,"{'size': 31, 'isBid': True, 'price': 99640, 'data_type': 'DEPTH'}",DEPTH
2025-11-14 03:27:34.367000-05:00,MNQZ5.CME@RITHMIC,74885992989000,BUY,24900.0,127,DEPTH,DEPTH,MNQZ5.CME@RITHMIC_20251113_230640_bedbcb11,NONE,,"{'size': 127, 'isBid': True, 'price': 99600, 'data_type': 'DEPTH'}",DEPTH
2025-11-14 03:27:34.309000-05:00,MNQZ5.CME@RITHMIC,74885934784200,BUY,24875.0,21,DEPTH,DEPTH,MNQZ5.CME@RITHMIC_20251113_230640_bedbcb11,NONE,,"{'size': 21, 'isBid': True, 'price': 99500, 'data_type': 'DEPTH'}",DEPTH
2025-11-14 03:27:34.289000-05:00,MNQZ5.CME@RITHMIC,74885914953500,BUY,24872.0,25,DEPTH,DEPTH,MNQZ5.CME@RITHMIC_20251113_230640_bedbcb11,NONE,,"{'size': 25, 'isBid': True, 'price': 99488, 'data_type': 'DEPTH'}",DEPTH
2025-11-14 03:27:34.275000-05:00,MNQZ5.CME@RITHMIC,74885901127500,BUY,24870.0,37,DEPTH,DEPTH,MNQZ5.CME@RITHMIC_20251113_230640_bedbcb11,NONE,,"{'size': 37, 'isBid': True, 'price': 99480, 'data_type': 'DEPTH'}",DEPTH
2025-11-14 03:27:34.194000-05:00,MNQZ5.CME@RITHMIC,74885820253600,BUY,24800.0,163,DEPTH,DEPTH,MNQZ5.CME@RITHMIC_20251113_230640_bedbcb11,NONE,,"{'size': 163, 'isBid': True, 'price': 99200, 'data_type': 'DEPTH'}",DEPTH
2025-11-14 03:27:34.176000-05:00,MNQZ5.CME@RITHMIC,74885802168200,BUY,24652.0,25,DEPTH,DEPTH,MNQZ5.CME@RITHMIC_20251113_230640_bedbcb11,NONE,,"{'size': 25, 'isBid': True, 'price': 98608, 'data_type': 'DEPTH'}",DEPTH
2025-11-14 03:27:33.296000-05:00,MNQZ5.CME@RITHMIC,74884921796000,SELL,99753.0,25,TRADE,TRADE,MNQZ5.CME@RITHMIC_20251113_230640_bedbcb11,NONE,,"{'size': 25, 'isOtc': False, 'price': 99753.0, 'data_type': 'TRADE', 'isBidAggressor': True, 'isExecutionEnd': True, 'passiveOrderId': None, 'aggressorOrderId': None, 'isExecutionStart': True, 'serialVersionUID': -5266538964320734421}",TRADE
2025-11-14 03:27:33.274000-05:00,MNQZ5.CME@RITHMIC,74884900215000,SELL,99754.0,38,TRADE,TRADE,MNQZ5.CME@RITHMIC_20251113_230640_bedbcb11,NONE,,"{'size': 38, 'isOtc': False, 'price': 99754.0, 'data_type': 'TRADE', 'isBidAggressor': True, 'isExecutionEnd': True, 'passiveOrderId': None, 'aggressorOrderId': None, 'isExecutionStart': True, 'serialVersionUID': -5266538964320734421}",TRADE
2025-11-14 03:27:33.253000-05:00,MNQZ5.CME@RITHMIC,74884879236600,SELL,99755.0,30,TRADE,TRADE,MNQZ5.CME@RITHMIC_20251113_230640_bedbcb11,NONE,,"{'size': 30, 'isOtc': False, 'price': 99755.0, 'data_type': 'TRADE', 'isBidAggressor': True, 'isExecutionEnd': True, 'passiveOrderId': None, 'aggressorOrderId': None, 'isExecutionStart': True, 'serialVersionUID': -5266538964320734421}",TRADE
2025-11-14 03:27:22.702000-05:00,MNQZ5.CME@RITHMIC,6868910225253,BUY,24911.25,20,LIMIT,UPDATE,MNQZ5.CME@RITHMIC_20251113_230640_bedbcb11,NONE,,"{'size': 20, 'price': 99645, 'orderId': '6868910225253', 'event_type': 'REPLACE'}",MBO
2025-11-14 03:27:16.609000-05:00,MNQZ5.CME@RITHMIC,6868910225086,SELL,24968.25,20,LIMIT,UPDATE,MNQZ5.CME@RITHMIC_20251113_230640_bedbcb11,NONE,,"{'size': 20, 'price': 99873, 'orderId': '6868910225086', 'event_type': 'REPLACE'}",MBO
2025-11-14 03:27:00.499000-05:00,MNQZ5.CME@RITHMIC,74852124707400,SELL,24942.0,29,DEPTH,DEPTH,MNQZ5.CME@RITHMIC_20251113_230640_bedbcb11,NONE,,"{'size': 29, 'isBid': False, 'price': 99768, 'data_type': 'DEPTH'}",DEPTH
2025-11-14 03:27:00.493000-05:00,MNQZ5.CME@RITHMIC,74852118798700,SELL,24943.0,31,DEPTH,DEPTH,MNQZ5.CME@RITHMIC_20251113_230640_bedbcb11,NONE,,"{'size': 31, 'isBid': False, 'price': 99772, 'data_type': 'DEPTH'}",DEPTH
2025-11-14 03:27:00.442000-05:00,MNQZ5.CME@RITHMIC,74852068453200,SELL,24950.75,20,DEPTH,DEPTH,MNQZ5.CME@RITHMIC_20251113_230640_bedbcb11,NONE,,"{'size': 20, 'isBid': False, 'price': 99803, 'data_type': 'DEPTH'}",DEPTH
2025-11-14 03:27:00.418000-05:00,MNQZ5.CME@RITHMIC,74852043949400,SELL,24955.0,46,DEPTH,DEPTH,MNQZ5.CME@RITHMIC_20251113_230640_bedbcb11,NONE,,"{'size': 46, 'isBid': False, 'price': 99820, 'data_type': 'DEPTH'}",DEPTH
2025-11-14 03:27:00.337000-05:00,MNQZ5.CME@RITHMIC,74851963319100,SELL,24968.25,23,DEPTH,DEPTH,MNQZ5.CME@RITHMIC_20251113_230640_bedbcb11,NONE,,"{'size': 23, 'isBid': False, 'price': 99873, 'data_type': 'DEPTH'}",DEPTH
2025-11-14 03:27:00.214000-05:00,MNQZ5.CME@RITHMIC,74851839986500,SELL,25100.0,45,DEPTH,DEPTH,MNQZ5.CME@RITHMIC_20251113_230640_bedbcb11,NONE,,"{'size': 45, 'isBid': False, 'price': 100400, 'data_type': 'DEPTH'}",DEPTH
2025-11-14 03:27:00.207000-05:00,MNQZ5.CME@RITHMIC,74851833641300,SELL,25200.0,90,DEPTH,DEPTH,MNQZ5.CME@RITHMIC_20251113_230640_bedbcb11,NONE,,"{'size': 90, 'isBid': False, 'price': 100800, 'data_type': 'DEPTH'}",DEPTH
2025-11-14 03:27:00.203000-05:00,MNQZ5.CME@RITHMIC,74851829370900,SELL,25220.0,105,DEPTH,DEPTH,MNQZ5.CME@RITHMIC_20251113_230640_bedbcb11,NONE,,"{'size': 105, 'isBid': False, 'price': 100880, 'data_type': 'DEPTH'}",DEPTH
2025-11-14 03:27:00.041000-05:00,MNQZ5.CME@RITHMIC,74851666687900,BUY,24920.0,28,DEPTH,DEPTH,MNQZ5.CME@RITHMIC_20251113_230640_bedbcb11,NONE,,"{'size': 28, 'isBid': True, 'price': 99680, 'data_type': 'DEPTH'}",DEPTH
2025-11-14 03:26:59.989000-05:00,MNQZ5.CME@RITHMIC,74851615588400,BUY,24911.25,25,DEPTH,DEPTH,MNQZ5.CME@RITHMIC_20251113_230640_bedbcb11,NONE,,"{'size': 25, 'isBid': True, 'price': 99645, 'data_type': 'DEPTH'}",DEPTH
2025-11-14 03:26:59.982000-05:00,MNQZ5.CME@RITHMIC,74851608170000,BUY,24910.0,30,DEPTH,DEPTH,MNQZ5.CME@RITHMIC_20251113_230640_bedbcb11,NONE,,"{'size': 30, 'isBid': True, 'price': 99640, 'data_type': 'DEPTH'}",DEPTH
2025-11-14 03:26:59.956000-05:00,MNQZ5.CME@RITHMIC,74851582803300,BUY,24906.0,22,DEPTH,DEPTH,MNQZ5.CME@RITHMIC_20251113_230640_bedbcb11,NONE,,"{'size': 22, 'isBid': True, 'price': 99624, 'data_type': 'DEPTH'}",DEPTH
2025-11-14 03:26:59.929000-05:00,MNQZ5.CME@RITHMIC,74851555606000,BUY,24900.0,130,DEPTH,DEPTH,MNQZ5.CME@RITHMIC_20251113_230640_bedbcb11,NONE,,"{'size': 130, 'isBid': True, 'price': 99600, 'data_type': 'DEPTH'}",DEPTH
2025-11-14 03:26:59.916000-05:00,MNQZ5.CME@RITHMIC,74851542308900,BUY,24888.0,27,DEPTH,DEPTH,MNQZ5.CME@RITHMIC_20251113_230640_bedbcb11,NONE,,"{'size': 27, 'isBid': True, 'price': 99552, 'data_type': 'DEPTH'}",DEPTH
2025-11-14 03:26:59.860000-05:00,MNQZ5.CME@RITHMIC,74851486152600,BUY,24860.0,23,DEPTH,DEPTH,MNQZ5.CME@RITHMIC_20251113_230640_bedbcb11,NONE,,"{'size': 23, 'isBid': True, 'price': 99440, 'data_type': 'DEPTH'}",DEPTH
2025-11-14 03:26:59.799000-05:00,MNQZ5.CME@RITHMIC,74851425901500,BUY,24850.0,55,DEPTH,DEPTH,MNQZ5.CME@RITHMIC_20251113_230640_bedbcb11,NONE,,"{'size': 55, 'isBid': True, 'price': 99400, 'data_type': 'DEPTH'}",DEPTH
2025-11-14 03:26:59.795000-05:00,MNQZ5.CME@RITHMIC,74851421024200,BUY,24800.0,162,DEPTH,DEPTH,MNQZ5.CME@RITHMIC_20251113_230640_bedbcb11,NONE,,"{'size': 162, 'isBid': True, 'price': 99200, 'data_type': 'DEPTH'}",DEPTH
2025-11-14 03:26:59.758000-05:00,MNQZ5.CME@RITHMIC,74851385192200,BUY,24400.0,23,DEPTH,DEPTH,MNQZ5.CME@RITHMIC_20251113_230640_bedbcb11,NONE,,"{'size': 23, 'isBid': True, 'price': 97600, 'data_type': 'DEPTH'}",DEPTH
2025-11-14 03:26:49.050000-05:00,MNQZ5.CME@RITHMIC,6868910225253,BUY,24900.25,20,LIMIT,UPDATE,MNQZ5.CME@RITHMIC_20251113_230640_bedbcb11,NONE,,"{'size': 20, 'price': 99601, 'orderId': '6868910225253', 'event_type': 'REPLACE'}",MBO
2025-11-14 03:26:41.267000-05:00,MNQZ5.CME@RITHMIC,6868910225086,SELL,24959.25,20,LIMIT,UPDATE,MNQZ5.CME@RITHMIC_20251113_230640_bedbcb11,NONE,,"{'size': 20, 'price': 99837, 'orderId': '6868910225086', 'event_type': 'REPLACE'}",MBO
2025-11-14 03:26:26.870000-05:00,MNQZ5.CME@RITHMIC,74818495952700,SELL,24942.0,39,DEPTH,DEPTH,MNQZ5.CME@RITHMIC_20251113_230640_bedbcb11,NONE,,"{'size': 39, 'isBid': False, 'price': 99768, 'data_type': 'DEPTH'}",DEPTH
2025-11-14 03:26:26.862000-05:00,MNQZ5.CME@RITHMIC,74818488279300,SELL,24943.0,25,DEPTH,DEPTH,MNQZ5.CME@RITHMIC_20251113_230640_bedbcb11,NONE,,"{'size': 25, 'isBid': False, 'price': 99772, 'data_type': 'DEPTH'}",DEPTH
2025-11-14 03:26:26.758000-05:00,MNQZ5.CME@RITHMIC,74818384192400,SELL,24959.25,24,DEPTH,DEPTH,MNQZ5.CME@RITHMIC_20251113_230640_bedbcb11,NONE,,"{'size': 24, 'isBid': False, 'price': 99837, 'data_type': 'DEPTH'}",DEPTH
2025-11-14 03:26:26.420000-05:00,MNQZ5.CME@RITHMIC,74818045875200,BUY,24920.0,30,DEPTH,DEPTH,MNQZ5.CME@RITHMIC_20251113_230640_bedbcb11,NONE,,"{'size': 30, 'isBid': True, 'price': 99680, 'data_type': 'DEPTH'}",DEPTH
2025-11-14 03:26:26.365000-05:00,MNQZ5.CME@RITHMIC,74817991429100,BUY,24912.0,22,DEPTH,DEPTH,MNQZ5.CME@RITHMIC_20251113_230640_bedbcb11,NONE,,"{'size': 22, 'isBid': True, 'price': 99648, 'data_type': 'DEPTH'}",DEPTH
2025-11-14 03:26:26.337000-05:00,MNQZ5.CME@RITHMIC,74817962763000,BUY,24906.0,20,DEPTH,DEPTH,MNQZ5.CME@RITHMIC_20251113_230640_bedbcb11,NONE,,"{'size': 20, 'isBid': True, 'price': 99624, 'data_type': 'DEPTH'}",DEPTH
2025-11-14 03:26:26.331000-05:00,MNQZ5.CME@RITHMIC,74817956653000,BUY,24905.0,21,DEPTH,DEPTH,MNQZ5.CME@RITHMIC_20251113_230640_bedbcb11,NONE,,"{'size': 21, 'isBid': True, 'price': 99620, 'data_type': 'DEPTH'}",DEPTH
2025-11-14 03:26:26.322000-05:00,MNQZ5.CME@RITHMIC,74817948056400,BUY,24900.25,26,DEPTH,DEPTH,MNQZ5.CME@RITHMIC_20251113_230640_bedbcb11,NONE,,"{'size': 26, 'isBid': True, 'price': 99601, 'data_type': 'DEPTH'}",DEPTH
2025-11-14 03:26:26.320000-05:00,MNQZ5.CME@RITHMIC,74817945914200,BUY,24900.0,130,DEPTH,DEPTH,MNQZ5.CME@RITHMIC_20251113_230640_bedbcb11,NONE,,"{'size': 130, 'isBid': True, 'price': 99600, 'data_type': 'DEPTH'}",DEPTH
2025-11-14 03:26:26.307000-05:00,MNQZ5.CME@RITHMIC,74817932733600,BUY,24888.0,22,DEPTH,DEPTH,MNQZ5.CME@RITHMIC_20251113_230640_bedbcb11,NONE,,"{'size': 22, 'isBid': True, 'price': 99552, 'data_type': 'DEPTH'}",DEPTH
2025-11-14 03:26:26.294000-05:00,MNQZ5.CME@RITHMIC,74817920768200,BUY,24880.0,31,DEPTH,DEPTH,MNQZ5.CME@RITHMIC_20251113_230640_bedbcb11,NONE,,"{'size': 31, 'isBid': True, 'price': 99520, 'data_type': 'DEPTH'}",DEPTH
2025-11-14 03:26:26.281000-05:00,MNQZ5.CME@RITHMIC,74817907796600,BUY,24870.0,40,DEPTH,DEPTH,MNQZ5.CME@RITHMIC_20251113_230640_bedbcb11,NONE,,"{'size': 40, 'isBid': True, 'price': 99480, 'data_type': 'DEPTH'}",DEPTH
2025-11-14 03:26:26.271000-05:00,MNQZ5.CME@RITHMIC,74817897606500,BUY,24860.0,27,DEPTH,DEPTH,MNQZ5.CME@RITHMIC_20251113_230640_bedbcb11,NONE,,"{'size': 27, 'isBid': True, 'price': 99440, 'data_type': 'DEPTH'}",DEPTH
2025-11-14 03:26:26.205000-05:00,MNQZ5.CME@RITHMIC,74817831421500,BUY,24850.0,55,DEPTH,DEPTH,MNQZ5.CME@RITHMIC_20251113_230640_bedbcb11,NONE,,"{'size': 55, 'isBid': True, 'price': 99400, 'data_type': 'DEPTH'}",DEPTH
2025-11-14 03:26:25.541000-05:00,MNQZ5.CME@RITHMIC,74817167033800,BUY,99708.0,23,TRADE,TRADE,MNQZ5.CME@RITHMIC_20251113_230640_bedbcb11,NONE,,"{'size': 23, 'isOtc': False, 'price': 99708.0, 'data_type': 'TRADE', 'isBidAggressor': False, 'isExecutionEnd': True, 'passiveOrderId': None, 'aggressorOrderId': None, 'isExecutionStart': True, 'serialVersionUID': -5266538964320734421}",TRADE
2025-11-14 03:26:25.421000-05:00,MNQZ5.CME@RITHMIC,74817046948600,SELL,99709.0,20,TRADE,TRADE,MNQZ5.CME@RITHMIC_20251113_230640_bedbcb11,NONE,,"{'size': 20, 'isOtc': False, 'price': 99709.0, 'data_type': 'TRADE', 'isBidAggressor': True, 'isExecutionEnd': True, 'passiveOrderId': None, 'aggressorOrderId': None, 'isExecutionStart': True, 'serialVersionUID': -5266538964320734421}",TRADE
2025-11-14 03:26:25.348000-05:00,MNQZ5.CME@RITHMIC,74816974573500,SELL,99711.0,20,TRADE,TRADE,MNQZ5.CME@RITHMIC_20251113_230640_bedbcb11,NONE,,"{'size': 20, 'isOtc': False, 'price': 99711.0, 'data_type': 'TRADE', 'isBidAggressor': True, 'isExecutionEnd': True, 'passiveOrderId': None, 'aggressorOrderId': None, 'isExecutionStart': True, 'serialVersionUID': -5266538964320734421}",TRADE
2025-11-14 03:26:25.346000-05:00,MNQZ5.CME@RITHMIC,74816972438100,SELL,99715.0,25,TRADE,TRADE,MNQZ5.CME@RITHMIC_20251113_230640_bedbcb11,NONE,,"{'size': 25, 'isOtc': False, 'price': 99715.0, 'data_type': 'TRADE', 'isBidAggressor': True, 'isExecutionEnd': True, 'passiveOrderId': None, 'aggressorOrderId': None, 'isExecutionStart': True, 'serialVersionUID': -5266538964320734421}",TRADE
2025-11-14 03:26:25.208000-05:00,MNQZ5.CME@RITHMIC,6868910477667,SELL,24942.0,20,LIMIT,ADD,MNQZ5.CME@RITHMIC_20251113_230640_bedbcb11,NONE,,"{'size': 20, 'isBid': False, 'price': 99768, 'orderId': '6868910477667', 'event_type': 'SEND'}",MBO
2025-11-14 03:26:15.222000-05:00,MNQZ5.CME@RITHMIC,6868910225253,BUY,24905.0,20,LIMIT,UPDATE,MNQZ5.CME@RITHMIC_20251113_230640_bedbcb11,NONE,,"{'size': 20, 'price': 99620, 'orderId': '6868910225253', 'event_type': 'REPLACE'}",MBO
2025-11-14 03:26:08.090000-05:00,MNQZ5.CME@RITHMIC,6868910225086,SELL,24963.75,20,LIMIT,UPDATE,MNQZ5.CME@RITHMIC_20251113_230640_bedbcb11,NONE,,"{'size': 20, 'price': 99855, 'orderId': '6868910225086', 'event_type': 'REPLACE'}",MBO
2025-11-14 03:25:55.245000-05:00,MNQZ5.CME@RITHMIC,74786871764800,SELL,24942.0,30,DEPTH,DEPTH,MNQZ5.CME@RITHMIC_20251113_230640_bedbcb11,NONE,,"{'size': 30, 'isBid': False, 'price': 99768, 'data_type': 'DEPTH'}",DEPTH
2025-11-14 03:25:55.238000-05:00,MNQZ5.CME@RITHMIC,74786864066100,SELL,24943.0,27,DEPTH,DEPTH,MNQZ5.CME@RITHMIC_20251113_230640_bedbcb11,NONE,,"{'size': 27, 'isBid': False, 'price': 99772, 'data_type': 'DEPTH'}",DEPTH
2025-11-14 03:25:55.180000-05:00,MNQZ5.CME@RITHMIC,74786806393900,SELL,24955.0,46,DEPTH,DEPTH,MNQZ5.CME@RITHMIC_20251113_230640_bedbcb11,NONE,,"{'size': 46, 'isBid': False, 'price': 99820, 'data_type': 'DEPTH'}",DEPTH
2025-11-14 03:25:55.123000-05:00,MNQZ5.CME@RITHMIC,74786748523800,SELL,24963.75,23,DEPTH,DEPTH,MNQZ5.CME@RITHMIC_20251113_230640_bedbcb11,NONE,,"{'size': 23, 'isBid': False, 'price': 99855, 'data_type': 'DEPTH'}",DEPTH
2025-11-14 03:25:54.967000-05:00,MNQZ5.CME@RITHMIC,74786592902000,SELL,25350.0,81,DEPTH,DEPTH,MNQZ5.CME@RITHMIC_20251113_230640_bedbcb11,NONE,,"{'size': 81, 'isBid': False, 'price': 101400, 'data_type': 'DEPTH'}",DEPTH
2025-11-14 03:25:54.837000-05:00,MNQZ5.CME@RITHMIC,74786463474000,BUY,24920.0,27,DEPTH,DEPTH,MNQZ5.CME@RITHMIC_20251113_230640_bedbcb11,NONE,,"{'size': 27, 'isBid': True, 'price': 99680, 'data_type': 'DEPTH'}",DEPTH
2025-11-14 03:25:54.795000-05:00,MNQZ5.CME@RITHMIC,74786421042100,BUY,24912.0,21,DEPTH,DEPTH,MNQZ5.CME@RITHMIC_20251113_230640_bedbcb11,NONE,,"{'size': 21, 'isBid': True, 'price': 99648, 'data_type': 'DEPTH'}",DEPTH
2025-11-14 03:25:54.785000-05:00,MNQZ5.CME@RITHMIC,74786411293700,BUY,24910.0,29,DEPTH,DEPTH,MNQZ5.CME@RITHMIC_20251113_230640_bedbcb11,NONE,,"{'size': 29, 'isBid': True, 'price': 99640, 'data_type': 'DEPTH'}",DEPTH
2025-11-14 03:25:54.758000-05:00,MNQZ5.CME@RITHMIC,74786384406700,BUY,24905.0,32,DEPTH,DEPTH,MNQZ5.CME@RITHMIC_20251113_230640_bedbcb11,NONE,,"{'size': 32, 'isBid': True, 'price': 99620, 'data_type': 'DEPTH'}",DEPTH
2025-11-14 03:25:54.733000-05:00,MNQZ5.CME@RITHMIC,74786358782800,BUY,24900.0,129,DEPTH,DEPTH,MNQZ5.CME@RITHMIC_20251113_230640_bedbcb11,NONE,,"{'size': 129, 'isBid': True, 'price': 99600, 'data_type': 'DEPTH'}",DEPTH
2025-11-14 03:25:54.693000-05:00,MNQZ5.CME@RITHMIC,74786318626900,BUY,24870.0,39,DEPTH,DEPTH,MNQZ5.CME@RITHMIC_20251113_230640_bedbcb11,NONE,,"{'size': 39, 'isBid': True, 'price': 99480, 'data_type': 'DEPTH'}",DEPTH
2025-11-14 03:25:54.678000-05:00,MNQZ5.CME@RITHMIC,74786304118100,BUY,24860.0,27,DEPTH,DEPTH,MNQZ5.CME@RITHMIC_20251113_230640_bedbcb11,NONE,,"{'size': 27, 'isBid': True, 'price': 99440, 'data_type': 'DEPTH'}",DEPTH
2025-11-14 03:25:54.606000-05:00,MNQZ5.CME@RITHMIC,74786232745100,BUY,24850.0,55,DEPTH,DEPTH,MNQZ5.CME@RITHMIC_20251113_230640_bedbcb11,NONE,,"{'size': 55, 'isBid': True, 'price': 99400, 'data_type': 'DEPTH'}",DEPTH
2025-11-14 03:25:54.581000-05:00,MNQZ5.CME@RITHMIC,74786207247400,BUY,24700.0,98,DEPTH,DEPTH,MNQZ5.CME@RITHMIC_20251113_230640_bedbcb11,NONE,,"{'size': 98, 'isBid': True, 'price': 98800, 'data_type': 'DEPTH'}",DEPTH
2025-11-14 03:25:54.566000-05:00,MNQZ5.CME@RITHMIC,74786192662000,BUY,24500.0,83,DEPTH,DEPTH,MNQZ5.CME@RITHMIC_20251113_230640_bedbcb11,NONE,,"{'size': 83, 'isBid': True, 'price': 98000, 'data_type': 'DEPTH'}",DEPTH
2025-11-14 03:25:53.978000-05:00,MNQZ5.CME@RITHMIC,74785604679400,BUY,99720.0,20,TRADE,TRADE,MNQZ5.CME@RITHMIC_20251113_230640_bedbcb11,NONE,,"{'size': 20, 'isOtc': False, 'price': 99720.0, 'data_type': 'TRADE', 'isBidAggressor': False, 'isExecutionEnd': True, 'passiveOrderId': None, 'aggressorOrderId': None, 'isExecutionStart': True, 'serialVersionUID': -5266538964320734421}",TRADE
2025-11-14 03:25:53.965000-05:00,MNQZ5.CME@RITHMIC,74785590885300,BUY,99717.0,27,TRADE,TRADE,MNQZ5.CME@RITHMIC_20251113_230640_bedbcb11,NONE,,"{'size': 27, 'isOtc': False, 'price': 99717.0, 'data_type': 'TRADE', 'isBidAggressor': False, 'isExecutionEnd': True, 'passiveOrderId': None, 'aggressorOrderId': None, 'isExecutionStart': True, 'serialVersionUID': -5266538964320734421}",TRADE
2025-11-14 03:25:53.949000-05:00,MNQZ5.CME@RITHMIC,74785575511600,BUY,99710.0,28,TRADE,TRADE,MNQZ5.CME@RITHMIC_20251113_230640_bedbcb11,NONE,,"{'size': 28, 'isOtc': False, 'price': 99710.0, 'data_type': 'TRADE', 'isBidAggressor': False, 'isExecutionEnd': True, 'passiveOrderId': None, 'aggressorOrderId': None, 'isExecutionStart': True, 'serialVersionUID': -5266538964320734421}",TRADE
2025-11-14 03:25:53.941000-05:00,MNQZ5.CME@RITHMIC,74785567004700,BUY,99722.0,20,TRADE,TRADE,MNQZ5.CME@RITHMIC_20251113_230640_bedbcb11,NONE,,"{'size': 20, 'isOtc': False, 'price': 99722.0, 'data_type': 'TRADE', 'isBidAggressor': False, 'isExecutionEnd': True, 'passiveOrderId': None, 'aggressorOrderId': None, 'isExecutionStart': True, 'serialVersionUID': -5266538964320734421}",TRADE
2025-11-14 03:25:53.906000-05:00,MNQZ5.CME@RITHMIC,74785531685900,SELL,99720.0,25,TRADE,TRADE,MNQZ5.CME@RITHMIC_20251113_230640_bedbcb11,NONE,,"{'size': 25, 'isOtc': False, 'price': 99720.0, 'data_type': 'TRADE', 'isBidAggressor': True, 'isExecutionEnd': True, 'passiveOrderId': None, 'aggressorOrderId': None, 'isExecutionStart': True, 'serialVersionUID': -5266538964320734421}",TRADE
2025-11-14 03:25:53.890000-05:00,MNQZ5.CME@RITHMIC,74785516525800,SELL,99721.0,32,TRADE,TRADE,MNQZ5.CME@RITHMIC_20251113_230640_bedbcb11,NONE,,"{'size': 32, 'isOtc': False, 'price': 99721.0, 'data_type': 'TRADE', 'isBidAggressor': True, 'isExecutionEnd': True, 'passiveOrderId': None, 'aggressorOrderId': None, 'isExecutionStart': True, 'serialVersionUID': -5266538964320734421}",TRADE
2025-11-14 03:25:46.612000-05:00,MNQZ5.CME@RITHMIC,6868910225253,BUY,24900.5,20,LIMIT,UPDATE,MNQZ5.CME@RITHMIC_20251113_230640_bedbcb11,NONE,,"{'size': 20, 'price': 99602, 'orderId': '6868910225253', 'event_type': 'REPLACE'}",MBO
2025-11-14 03:25:41.531000-05:00,MNQZ5.CME@RITHMIC,6868910225086,SELL,24958.5,20,LIMIT,UPDATE,MNQZ5.CME@RITHMIC_20251113_230640_bedbcb11,NONE,,"{'size': 20, 'price': 99834, 'orderId': '6868910225086', 'event_type': 'REPLACE'}",MBO
2025-11-14 03:25:26.712000-05:00,MNQZ5.CME@RITHMIC,74758338474600,SELL,24943.0,25,DEPTH,DEPTH,MNQZ5.CME@RITHMIC_20251113_230640_bedbcb11,NONE,,"{'size': 25, 'isBid': False, 'price': 99772, 'data_type': 'DEPTH'}",DEPTH
2025-11-14 03:25:26.648000-05:00,MNQZ5.CME@RITHMIC,74758273736800,SELL,24955.5,21,DEPTH,DEPTH,MNQZ5.CME@RITHMIC_20251113_230640_bedbcb11,NONE,,"{'size': 21, 'isBid': False, 'price': 99822, 'data_type': 'DEPTH'}",DEPTH
2025-11-14 03:25:26.626000-05:00,MNQZ5.CME@RITHMIC,74758252683300,SELL,24958.5,23,DEPTH,DEPTH,MNQZ5.CME@RITHMIC_20251113_230640_bedbcb11,NONE,,"{'size': 23, 'isBid': False, 'price': 99834, 'data_type': 'DEPTH'}",DEPTH
2025-11-14 03:25:26.357000-05:00,MNQZ5.CME@RITHMIC,74757983525600,BUY,24925.0,22,DEPTH,DEPTH,MNQZ5.CME@RITHMIC_20251113_230640_bedbcb11,NONE,,"{'size': 22, 'isBid': True, 'price': 99700, 'data_type': 'DEPTH'}",DEPTH
2025-11-14 03:25:26.321000-05:00,MNQZ5.CME@RITHMIC,74757947379700,BUY,24920.0,28,DEPTH,DEPTH,MNQZ5.CME@RITHMIC_20251113_230640_bedbcb11,NONE,,"{'size': 28, 'isBid': True, 'price': 99680, 'data_type': 'DEPTH'}",DEPTH
2025-11-14 03:25:26.273000-05:00,MNQZ5.CME@RITHMIC,74757899087000,BUY,24910.0,28,DEPTH,DEPTH,MNQZ5.CME@RITHMIC_20251113_230640_bedbcb11,NONE,,"{'size': 28, 'isBid': True, 'price': 99640, 'data_type': 'DEPTH'}",DEPTH
2025-11-14 03:25:26.219000-05:00,MNQZ5.CME@RITHMIC,74757845043900,BUY,24900.5,28,DEPTH,DEPTH,MNQZ5.CME@RITHMIC_20251113_230640_bedbcb11,NONE,,"{'size': 28, 'isBid': True, 'price': 99602, 'data_type': 'DEPTH'}",DEPTH
2025-11-14 03:25:26.217000-05:00,MNQZ5.CME@RITHMIC,74757843396800,BUY,24900.0,131,DEPTH,DEPTH,MNQZ5.CME@RITHMIC_20251113_230640_bedbcb11,NONE,,"{'size': 131, 'isBid': True, 'price': 99600, 'data_type': 'DEPTH'}",DEPTH
2025-11-14 03:25:26.192000-05:00,MNQZ5.CME@RITHMIC,74757818203700,BUY,24888.0,20,DEPTH,DEPTH,MNQZ5.CME@RITHMIC_20251113_230640_bedbcb11,NONE,,"{'size': 20, 'isBid': True, 'price': 99552, 'data_type': 'DEPTH'}",DEPTH
2025-11-14 03:25:26.097000-05:00,MNQZ5.CME@RITHMIC,74757723471900,BUY,24850.0,55,DEPTH,DEPTH,MNQZ5.CME@RITHMIC_20251113_230640_bedbcb11,NONE,,"{'size': 55, 'isBid': True, 'price': 99400, 'data_type': 'DEPTH'}",DEPTH
2025-11-14 03:25:26.074000-05:00,MNQZ5.CME@RITHMIC,74757700797100,BUY,24700.0,93,DEPTH,DEPTH,MNQZ5.CME@RITHMIC_20251113_230640_bedbcb11,NONE,,"{'size': 93, 'isBid': True, 'price': 98800, 'data_type': 'DEPTH'}",DEPTH
2025-11-14 03:25:26.064000-05:00,MNQZ5.CME@RITHMIC,74757690147200,BUY,24500.0,84,DEPTH,DEPTH,MNQZ5.CME@RITHMIC_20251113_230640_bedbcb11,NONE,,"{'size': 84, 'isBid': True, 'price': 98000, 'data_type': 'DEPTH'}",DEPTH
2025-11-14 03:25:25.335000-05:00,MNQZ5.CME@RITHMIC,74756961522000,SELL,99768.0,24,TRADE,TRADE,MNQZ5.CME@RITHMIC_20251113_230640_bedbcb11,NONE,,"{'size': 24, 'isOtc': False, 'price': 99768.0, 'data_type': 'TRADE', 'isBidAggressor': True, 'isExecutionEnd': True, 'passiveOrderId': None, 'aggressorOrderId': None, 'isExecutionStart': True, 'serialVersionUID': -5266538964320734421}",TRADE
2025-11-14 03:25:25.290000-05:00,MNQZ5.CME@RITHMIC,74756916253800,SELL,99747.0,20,TRADE,TRADE,MNQZ5.CME@RITHMIC_20251113_230640_bedbcb11,NONE,,"{'size': 20, 'isOtc': False, 'price': 99747.0, 'data_type': 'TRADE', 'isBidAggressor': True, 'isExecutionEnd': True, 'passiveOrderId': None, 'aggressorOrderId': None, 'isExecutionStart': True, 'serialVersionUID': -5266538964320734421}",TRADE
2025-11-14 03:25:15.471000-05:00,MNQZ5.CME@RITHMIC,6868910225253,BUY,24903.5,20,LIMIT,UPDATE,MNQZ5.CME@RITHMIC_20251113_230640_bedbcb11,NONE,,"{'size': 20, 'price': 99614, 'orderId': '6868910225253', 'event_type': 'REPLACE'}",MBO
2025-11-14 03:25:09.505000-05:00,MNQZ5.CME@RITHMIC,6868910225086,SELL,24963.0,20,LIMIT,UPDATE,MNQZ5.CME@RITHMIC_20251113_230640_bedbcb11,NONE,,"{'size': 20, 'price': 99852, 'orderId': '6868910225086', 'event_type': 'REPLACE'}",MBO
2025-11-14 03:25:02.822000-05:00,MNQZ5.CME@RITHMIC,74734448208000,SELL,24943.0,31,DEPTH,DEPTH,MNQZ5.CME@RITHMIC_20251113_230640_bedbcb11,NONE,,"{'size': 31, 'isBid': False, 'price': 99772, 'data_type': 'DEPTH'}",DEPTH
2025-11-14 03:25:02.773000-05:00,MNQZ5.CME@RITHMIC,74734399389700,SELL,24951.0,20,DEPTH,DEPTH,MNQZ5.CME@RITHMIC_20251113_230640_bedbcb11,NONE,,"{'size': 20, 'isBid': False, 'price': 99804, 'data_type': 'DEPTH'}",DEPTH
2025-11-14 03:25:02.767000-05:00,MNQZ5.CME@RITHMIC,74734393200100,SELL,24955.0,45,DEPTH,DEPTH,MNQZ5.CME@RITHMIC_20251113_230640_bedbcb11,NONE,,"{'size': 45, 'isBid': False, 'price': 99820, 'data_type': 'DEPTH'}",DEPTH
2025-11-14 03:25:02.726000-05:00,MNQZ5.CME@RITHMIC,74734352314800,SELL,24963.0,24,DEPTH,DEPTH,MNQZ5.CME@RITHMIC_20251113_230640_bedbcb11,NONE,,"{'size': 24, 'isBid': False, 'price': 99852, 'data_type': 'DEPTH'}",DEPTH
2025-11-14 03:25:02.503000-05:00,MNQZ5.CME@RITHMIC,74734128911000,BUY,24933.25,21,DEPTH,DEPTH,MNQZ5.CME@RITHMIC_20251113_230640_bedbcb11,NONE,,"{'size': 21, 'isBid': True, 'price': 99733, 'data_type': 'DEPTH'}",DEPTH
2025-11-14 03:25:02.485000-05:00,MNQZ5.CME@RITHMIC,74734111566600,BUY,24930.0,22,DEPTH,DEPTH,MNQZ5.CME@RITHMIC_20251113_230640_bedbcb11,NONE,,"{'size': 22, 'isBid': True, 'price': 99720, 'data_type': 'DEPTH'}",DEPTH
2025-11-14 03:25:02.449000-05:00,MNQZ5.CME@RITHMIC,74734074745600,BUY,24925.0,22,DEPTH,DEPTH,MNQZ5.CME@RITHMIC_20251113_230640_bedbcb11,NONE,,"{'size': 22, 'isBid': True, 'price': 99700, 'data_type': 'DEPTH'}",DEPTH
2025-11-14 03:25:02.422000-05:00,MNQZ5.CME@RITHMIC,74734048612100,BUY,24916.0,27,DEPTH,DEPTH,MNQZ5.CME@RITHMIC_20251113_230640_bedbcb11,NONE,,"{'size': 27, 'isBid': True, 'price': 99664, 'data_type': 'DEPTH'}",DEPTH
2025-11-14 03:25:02.421000-05:00,MNQZ5.CME@RITHMIC,74734046791100,BUY,24915.75,31,DEPTH,DEPTH,MNQZ5.CME@RITHMIC_20251113_230640_bedbcb11,NONE,,"{'size': 31, 'isBid': True, 'price': 99663, 'data_type': 'DEPTH'}",DEPTH
2025-11-14 03:25:02.395000-05:00,MNQZ5.CME@RITHMIC,74734021346400,BUY,24912.0,22,DEPTH,DEPTH,MNQZ5.CME@RITHMIC_20251113_230640_bedbcb11,NONE,,"{'size': 22, 'isBid': True, 'price': 99648, 'data_type': 'DEPTH'}",DEPTH
2025-11-14 03:25:02.381000-05:00,MNQZ5.CME@RITHMIC,74734007432500,BUY,24910.0,27,DEPTH,DEPTH,MNQZ5.CME@RITHMIC_20251113_230640_bedbcb11,NONE,,"{'size': 27, 'isBid': True, 'price': 99640, 'data_type': 'DEPTH'}",DEPTH
2025-11-14 03:25:02.369000-05:00,MNQZ5.CME@RITHMIC,74733995427700,BUY,24903.5,23,DEPTH,DEPTH,MNQZ5.CME@RITHMIC_20251113_230640_bedbcb11,NONE,,"{'size': 23, 'isBid': True, 'price': 99614, 'data_type': 'DEPTH'}",DEPTH
2025-11-14 03:25:02.354000-05:00,MNQZ5.CME@RITHMIC,74733979928900,BUY,24888.0,20,DEPTH,DEPTH,MNQZ5.CME@RITHMIC_20251113_230640_bedbcb11,NONE,,"{'size': 20, 'isBid': True, 'price': 99552, 'data_type': 'DEPTH'}",DEPTH
2025-11-14 03:25:02.350000-05:00,MNQZ5.CME@RITHMIC,74733976322500,BUY,24872.0,26,DEPTH,DEPTH,MNQZ5.CME@RITHMIC_20251113_230640_bedbcb11,NONE,,"{'size': 26, 'isBid': True, 'price': 99488, 'data_type': 'DEPTH'}",DEPTH
2025-11-14 03:25:02.282000-05:00,MNQZ5.CME@RITHMIC,74733908440100,BUY,24850.0,54,DEPTH,DEPTH,MNQZ5.CME@RITHMIC_20251113_230640_bedbcb11,NONE,,"{'size': 54, 'isBid': True, 'price': 99400, 'data_type': 'DEPTH'}",DEPTH
2025-11-14 03:25:01.633000-05:00,MNQZ5.CME@RITHMIC,74733259725800,SELL,99736.0,25,TRADE,TRADE,MNQZ5.CME@RITHMIC_20251113_230640_bedbcb11,NONE,,"{'size': 25, 'isOtc': False, 'price': 99736.0, 'data_type': 'TRADE', 'isBidAggressor': True, 'isExecutionEnd': True, 'passiveOrderId': None, 'aggressorOrderId': None, 'isExecutionStart': True, 'serialVersionUID': -5266538964320734421}",TRADE
2025-11-14 03:25:01.582000-05:00,MNQZ5.CME@RITHMIC,74733207922400,SELL,99734.0,27,TRADE,TRADE,MNQZ5.CME@RITHMIC_20251113_230640_bedbcb11,NONE,,"{'size': 27, 'isOtc': False, 'price': 99734.0, 'data_type': 'TRADE', 'isBidAggressor': True, 'isExecutionEnd': True, 'passiveOrderId': None, 'aggressorOrderId': None, 'isExecutionStart': True, 'serialVersionUID': -5266538964320734421}",TRADE
2025-11-14 03:25:00.865000-05:00,MNQZ5.CME@RITHMIC,6868910441767,SELL,24942.0,20,LIMIT,ADD,MNQZ5.CME@RITHMIC_20251113_230640_bedbcb11,NONE,,"{'size': 20, 'isBid': False, 'price': 99768, 'orderId': '6868910441767', 'event_type': 'SEND'}",MBO
2025-11-14 03:24:54.510000-05:00,MNQZ5.CME@RITHMIC,6868910225253,BUY,24910.75,20,LIMIT,UPDATE,MNQZ5.CME@RITHMIC_20251113_230640_bedbcb11,NONE,,"{'size': 20, 'price': 99643, 'orderId': '6868910225253', 'event_type': 'REPLACE'}",MBO
2025-11-14 03:24:49.087000-05:00,MNQZ5.CME@RITHMIC,6868910225086,SELL,24969.5,20,LIMIT,UPDATE,MNQZ5.CME@RITHMIC_20251113_230640_bedbcb11,NONE,,"{'size': 20, 'price': 99878, 'orderId': '6868910225086', 'event_type': 'REPLACE'}",MBO
2025-11-14 03:24:39.306000-05:00,MNQZ5.CME@RITHMIC,74710932691000,SELL,24942.0,31,DEPTH,DEPTH,MNQZ5.CME@RITHMIC_20251113_230640_bedbcb11,NONE,,"{'size': 31, 'isBid': False, 'price': 99768, 'data_type': 'DEPTH'}",DEPTH
2025-11-14 03:24:39.300000-05:00,MNQZ5.CME@RITHMIC,74710926051700,SELL,24943.0,26,DEPTH,DEPTH,MNQZ5.CME@RITHMIC_20251113_230640_bedbcb11,NONE,,"{'size': 26, 'isBid': False, 'price': 99772, 'data_type': 'DEPTH'}",DEPTH
2025-11-14 03:24:39.240000-05:00,MNQZ5.CME@RITHMIC,74710865874200,SELL,24955.0,44,DEPTH,DEPTH,MNQZ5.CME@RITHMIC_20251113_230640_bedbcb11,NONE,,"{'size': 44, 'isBid': False, 'price': 99820, 'data_type': 'DEPTH'}",DEPTH
2025-11-14 03:24:39.238000-05:00,MNQZ5.CME@RITHMIC,74710864168100,SELL,24955.5,21,DEPTH,DEPTH,MNQZ5.CME@RITHMIC_20251113_230640_bedbcb11,NONE,,"{'size': 21, 'isBid': False, 'price': 99822, 'data_type': 'DEPTH'}",DEPTH
2025-11-14 03:24:39.167000-05:00,MNQZ5.CME@RITHMIC,74710793379600,SELL,24969.5,25,DEPTH,DEPTH,MNQZ5.CME@RITHMIC_20251113_230640_bedbcb11,NONE,,"{'size': 25, 'isBid': False, 'price': 99878, 'data_type': 'DEPTH'}",DEPTH
2025-11-14 03:24:39.076000-05:00,MNQZ5.CME@RITHMIC,74710702997200,SELL,25225.0,20,DEPTH,DEPTH,MNQZ5.CME@RITHMIC_20251113_230640_bedbcb11,NONE,,"{'size': 20, 'isBid': False, 'price': 100900, 'data_type': 'DEPTH'}",DEPTH
2025-11-14 03:24:39.016000-05:00,MNQZ5.CME@RITHMIC,74710642086800,BUY,24933.25,26,DEPTH,DEPTH,MNQZ5.CME@RITHMIC_20251113_230640_bedbcb11,NONE,,"{'size': 26, 'isBid': True, 'price': 99733, 'data_type': 'DEPTH'}",DEPTH
2025-11-14 03:24:38.992000-05:00,MNQZ5.CME@RITHMIC,74710618434600,BUY,24930.0,20,DEPTH,DEPTH,MNQZ5.CME@RITHMIC_20251113_230640_bedbcb11,NONE,,"{'size': 20, 'isBid': True, 'price': 99720, 'data_type': 'DEPTH'}",DEPTH
2025-11-14 03:24:38.956000-05:00,MNQZ5.CME@RITHMIC,74710582143400,BUY,24925.0,20,DEPTH,DEPTH,MNQZ5.CME@RITHMIC_20251113_230640_bedbcb11,NONE,,"{'size': 20, 'isBid': True, 'price': 99700, 'data_type': 'DEPTH'}",DEPTH
2025-11-14 03:24:38.933000-05:00,MNQZ5.CME@RITHMIC,74710559975700,BUY,24920.0,26,DEPTH,DEPTH,MNQZ5.CME@RITHMIC_20251113_230640_bedbcb11,NONE,,"{'size': 26, 'isBid': True, 'price': 99680, 'data_type': 'DEPTH'}",DEPTH
2025-11-14 03:24:38.901000-05:00,MNQZ5.CME@RITHMIC,74710527260300,BUY,24912.0,25,DEPTH,DEPTH,MNQZ5.CME@RITHMIC_20251113_230640_bedbcb11,NONE,,"{'size': 25, 'isBid': True, 'price': 99648, 'data_type': 'DEPTH'}",DEPTH
2025-11-14 03:24:38.892000-05:00,MNQZ5.CME@RITHMIC,74710517974400,BUY,24910.75,25,DEPTH,DEPTH,MNQZ5.CME@RITHMIC_20251113_230640_bedbcb11,NONE,,"{'size': 25, 'isBid': True, 'price': 99643, 'data_type': 'DEPTH'}",DEPTH
2025-11-14 03:24:38.887000-05:00,MNQZ5.CME@RITHMIC,74710513348600,BUY,24910.0,25,DEPTH,DEPTH,MNQZ5.CME@RITHMIC_20251113_230640_bedbcb11,NONE,,"{'size': 25, 'isBid': True, 'price': 99640, 'data_type': 'DEPTH'}",DEPTH
2025-11-14 03:24:38.851000-05:00,MNQZ5.CME@RITHMIC,74710477131900,BUY,24900.0,130,DEPTH,DEPTH,MNQZ5.CME@RITHMIC_20251113_230640_bedbcb11,NONE,,"{'size': 130, 'isBid': True, 'price': 99600, 'data_type': 'DEPTH'}",DEPTH
2025-11-14 03:24:38.145000-05:00,MNQZ5.CME@RITHMIC,74709771251100,BUY,99740.0,28,TRADE,TRADE,MNQZ5.CME@RITHMIC_20251113_230640_bedbcb11,NONE,,"{'size': 28, 'isOtc': False, 'price': 99740.0, 'data_type': 'TRADE', 'isBidAggressor': False, 'isExecutionEnd': True, 'passiveOrderId': None, 'aggressorOrderId': None, 'isExecutionStart': True, 'serialVersionUID': -5266538964320734421}",TRADE
2025-11-14 03:24:38.143000-05:00,MNQZ5.CME@RITHMIC,74709768954000,BUY,99744.0,21,TRADE,TRADE,MNQZ5.CME@RITHMIC_20251113_230640_bedbcb11,NONE,,"{'size': 21, 'isOtc': False, 'price': 99744.0, 'data_type': 'TRADE', 'isBidAggressor': False, 'isExecutionEnd': True, 'passiveOrderId': None, 'aggressorOrderId': None, 'isExecutionStart': True, 'serialVersionUID': -5266538964320734421}",TRADE
2025-11-14 03:24:38.121000-05:00,MNQZ5.CME@RITHMIC,74709747443400,BUY,99745.0,33,TRADE,TRADE,MNQZ5.CME@RITHMIC_20251113_230640_bedbcb11,NONE,,"{'size': 33, 'isOtc': False, 'price': 99745.0, 'data_type': 'TRADE', 'isBidAggressor': False, 'isExecutionEnd': True, 'passiveOrderId': None, 'aggressorOrderId': None, 'isExecutionStart': True, 'serialVersionUID': -5266538964320734421}",TRADE
2025-11-14 03:24:38.093000-05:00,MNQZ5.CME@RITHMIC,74709718708000,BUY,99762.0,21,TRADE,TRADE,MNQZ5.CME@RITHMIC_20251113_230640_bedbcb11,NONE,,"{'size': 21, 'isOtc': False, 'price': 99762.0, 'data_type': 'TRADE', 'isBidAggressor': False, 'isExecutionEnd': True, 'passiveOrderId': None, 'aggressorOrderId': None, 'isExecutionStart': True, 'serialVersionUID': -5266538964320734421}",TRADE
2025-11-14 03:24:38.034000-05:00,MNQZ5.CME@RITHMIC,74709661252500,SELL,99768.0,30,TRADE,TRADE,MNQZ5.CME@RITHMIC_20251113_230640_bedbcb11,NONE,,"{'size': 30, 'isOtc': False, 'price': 99768.0, 'data_type': 'TRADE', 'isBidAggressor': True, 'isExecutionEnd': True, 'passiveOrderId': None, 'aggressorOrderId': None, 'isExecutionStart': True, 'serialVersionUID': -5266538964320734421}",TRADE
2025-11-14 03:24:28.833000-05:00,MNQZ5.CME@RITHMIC,6868910225253,BUY,24911.0,20,LIMIT,UPDATE,MNQZ5.CME@RITHMIC_20251113_230640_bedbcb11,NONE,,"{'size': 20, 'price': 99644, 'orderId': '6868910225253', 'event_type': 'REPLACE'}",MBO
2025-11-14 03:24:23.339000-05:00,MNQZ5.CME@RITHMIC,6868910225086,SELL,24969.0,20,LIMIT,UPDATE,MNQZ5.CME@RITHMIC_20251113_230640_bedbcb11,NONE,,"{'size': 20, 'price': 99876, 'orderId': '6868910225086', 'event_type': 'REPLACE'}",MBO
2025-11-14 03:24:11.664000-05:00,MNQZ5.CME@RITHMIC,74683290165500,SELL,24943.0,26,DEPTH,DEPTH,MNQZ5.CME@RITHMIC_20251113_230640_bedbcb11,NONE,,"{'size': 26, 'isBid': False, 'price': 99772, 'data_type': 'DEPTH'}",DEPTH
2025-11-14 03:24:11.577000-05:00,MNQZ5.CME@RITHMIC,74683203331100,SELL,24955.0,54,DEPTH,DEPTH,MNQZ5.CME@RITHMIC_20251113_230640_bedbcb11,NONE,,"{'size': 54, 'isBid': False, 'price': 99820, 'data_type': 'DEPTH'}",DEPTH
2025-11-14 03:24:11.496000-05:00,MNQZ5.CME@RITHMIC,74683121990000,SELL,24969.0,23,DEPTH,DEPTH,MNQZ5.CME@RITHMIC_20251113_230640_bedbcb11,NONE,,"{'size': 23, 'isBid': False, 'price': 99876, 'data_type': 'DEPTH'}",DEPTH
2025-11-14 03:24:11.389000-05:00,MNQZ5.CME@RITHMIC,74683015097500,SELL,25020.0,20,DEPTH,DEPTH,MNQZ5.CME@RITHMIC_20251113_230640_bedbcb11,NONE,,"{'size': 20, 'isBid': False, 'price': 100080, 'data_type': 'DEPTH'}",DEPTH
2025-11-14 03:24:11.369000-05:00,MNQZ5.CME@RITHMIC,74682995210800,SELL,25050.0,53,DEPTH,DEPTH,MNQZ5.CME@RITHMIC_20251113_230640_bedbcb11,NONE,,"{'size': 53, 'isBid': False, 'price': 100200, 'data_type': 'DEPTH'}",DEPTH
2025-11-14 03:24:11.356000-05:00,MNQZ5.CME@RITHMIC,74682982160700,SELL,25220.0,105,DEPTH,DEPTH,MNQZ5.CME@RITHMIC_20251113_230640_bedbcb11,NONE,,"{'size': 105, 'isBid': False, 'price': 100880, 'data_type': 'DEPTH'}",DEPTH
2025-11-14 03:24:11.353000-05:00,MNQZ5.CME@RITHMIC,74682978555800,SELL,25225.0,21,DEPTH,DEPTH,MNQZ5.CME@RITHMIC_20251113_230640_bedbcb11,NONE,,"{'size': 21, 'isBid': False, 'price': 100900, 'data_type': 'DEPTH'}",DEPTH
2025-11-14 03:24:11.349000-05:00,MNQZ5.CME@RITHMIC,74682975503500,SELL,25226.5,22,DEPTH,DEPTH,MNQZ5.CME@RITHMIC_20251113_230640_bedbcb11,NONE,,"{'size': 22, 'isBid': False, 'price': 100906, 'data_type': 'DEPTH'}",DEPTH
2025-11-14 03:24:11.244000-05:00,MNQZ5.CME@RITHMIC,74682870032300,BUY,24932.75,21,DEPTH,DEPTH,MNQZ5.CME@RITHMIC_20251113_230640_bedbcb11,NONE,,"{'size': 21, 'isBid': True, 'price': 99731, 'data_type': 'DEPTH'}",DEPTH
2025-11-14 03:24:11.193000-05:00,MNQZ5.CME@RITHMIC,74682819413300,BUY,24925.0,20,DEPTH,DEPTH,MNQZ5.CME@RITHMIC_20251113_230640_bedbcb11,NONE,,"{'size': 20, 'isBid': True, 'price': 99700, 'data_type': 'DEPTH'}",DEPTH
2025-11-14 03:24:11.174000-05:00,MNQZ5.CME@RITHMIC,74682800493800,BUY,24920.0,24,DEPTH,DEPTH,MNQZ5.CME@RITHMIC_20251113_230640_bedbcb11,NONE,,"{'size': 24, 'isBid': True, 'price': 99680, 'data_type': 'DEPTH'}",DEPTH
2025-11-14 03:24:11.155000-05:00,MNQZ5.CME@RITHMIC,74682781255200,BUY,24915.75,29,DEPTH,DEPTH,MNQZ5.CME@RITHMIC_20251113_230640_bedbcb11,NONE,,"{'size': 29, 'isBid': True, 'price': 99663, 'data_type': 'DEPTH'}",DEPTH
2025-11-14 03:24:11.132000-05:00,MNQZ5.CME@RITHMIC,74682758002000,BUY,24912.0,20,DEPTH,DEPTH,MNQZ5.CME@RITHMIC_20251113_230640_bedbcb11,NONE,,"{'size': 20, 'isBid': True, 'price': 99648, 'data_type': 'DEPTH'}",DEPTH
2025-11-14 03:24:11.124000-05:00,MNQZ5.CME@RITHMIC,74682750400500,BUY,24911.0,24,DEPTH,DEPTH,MNQZ5.CME@RITHMIC_20251113_230640_bedbcb11,NONE,,"{'size': 24, 'isBid': True, 'price': 99644, 'data_type': 'DEPTH'}",DEPTH
2025-11-14 03:24:11.100000-05:00,MNQZ5.CME@RITHMIC,74682726373000,BUY,24900.0,130,DEPTH,DEPTH,MNQZ5.CME@RITHMIC_20251113_230640_bedbcb11,NONE,,"{'size': 130, 'isBid': True, 'price': 99600, 'data_type': 'DEPTH'}",DEPTH
2025-11-14 03:24:11.075000-05:00,MNQZ5.CME@RITHMIC,74682701395100,BUY,24880.0,30,DEPTH,DEPTH,MNQZ5.CME@RITHMIC_20251113_230640_bedbcb11,NONE,,"{'size': 30, 'isBid': True, 'price': 99520, 'data_type': 'DEPTH'}",DEPTH
2025-11-14 03:24:10.985000-05:00,MNQZ5.CME@RITHMIC,74682610884500,BUY,24810.0,24,DEPTH,DEPTH,MNQZ5.CME@RITHMIC_20251113_230640_bedbcb11,NONE,,"{'size': 24, 'isBid': True, 'price': 99240, 'data_type': 'DEPTH'}",DEPTH
2025-11-14 03:24:10.974000-05:00,MNQZ5.CME@RITHMIC,74682600227300,BUY,24652.0,26,DEPTH,DEPTH,MNQZ5.CME@RITHMIC_20251113_230640_bedbcb11,NONE,,"{'size': 26, 'isBid': True, 'price': 98608, 'data_type': 'DEPTH'}",DEPTH
2025-11-14 03:24:10.164000-05:00,MNQZ5.CME@RITHMIC,74681790531400,BUY,99761.0,23,TRADE,TRADE,MNQZ5.CME@RITHMIC_20251113_230640_bedbcb11,NONE,,"{'size': 23, 'isOtc': False, 'price': 99761.0, 'data_type': 'TRADE', 'isBidAggressor': False, 'isExecutionEnd': True, 'passiveOrderId': None, 'aggressorOrderId': None, 'isExecutionStart': True, 'serialVersionUID': -5266538964320734421}",TRADE
2025-11-14 03:24:10.030000-05:00,MNQZ5.CME@RITHMIC,74681656295500,SELL,99761.0,20,TRADE,TRADE,MNQZ5.CME@RITHMIC_20251113_230640_bedbcb11,NONE,,"{'size': 20, 'isOtc': False, 'price': 99761.0, 'data_type': 'TRADE', 'isBidAggressor': True, 'isExecutionEnd': True, 'passiveOrderId': None, 'aggressorOrderId': None, 'isExecutionStart': True, 'serialVersionUID': -5266538964320734421}",TRADE
2025-11-14 03:24:10.028000-05:00,MNQZ5.CME@RITHMIC,74681654343500,SELL,99745.0,25,TRADE,TRADE,MNQZ5.CME@RITHMIC_20251113_230640_bedbcb11,NONE,,"{'size': 25, 'isOtc': False, 'price': 99745.0, 'data_type': 'TRADE', 'isBidAggressor': True, 'isExecutionEnd': True, 'passiveOrderId': None, 'aggressorOrderId': None, 'isExecutionStart': True, 'serialVersionUID': -5266538964320734421}",TRADE
2025-11-14 03:24:10.013000-05:00,MNQZ5.CME@RITHMIC,74681638958600,SELL,99762.0,27,TRADE,TRADE,MNQZ5.CME@RITHMIC_20251113_230640_bedbcb11,NONE,,"{'size': 27, 'isOtc': False, 'price': 99762.0, 'data_type': 'TRADE', 'isBidAggressor': True, 'isExecutionEnd': True, 'passiveOrderId': None, 'aggressorOrderId': None, 'isExecutionStart': True, 'serialVersionUID': -5266538964320734421}",TRADE
2025-11-14 03:24:10.010000-05:00,MNQZ5.CME@RITHMIC,74681636559100,SELL,99746.0,25,TRADE,TRADE,MNQZ5.CME@RITHMIC_20251113_230640_bedbcb11,NONE,,"{'size': 25, 'isOtc': False, 'price': 99746.0, 'data_type': 'TRADE', 'isBidAggressor': True, 'isExecutionEnd': True, 'passiveOrderId': None, 'aggressorOrderId': None, 'isExecutionStart': True, 'serialVersionUID': -5266538964320734421}",TRADE
2025-11-14 03:24:09.993000-05:00,MNQZ5.CME@RITHMIC,74681619687200,SELL,99747.0,24,TRADE,TRADE,MNQZ5.CME@RITHMIC_20251113_230640_bedbcb11,NONE,,"{'size': 24, 'isOtc': False, 'price': 99747.0, 'data_type': 'TRADE', 'isBidAggressor': True, 'isExecutionEnd': True, 'passiveOrderId': None, 'aggressorOrderId': None, 'isExecutionStart': True, 'serialVersionUID': -5266538964320734421}",TRADE
2025-11-14 03:24:09.974000-05:00,MNQZ5.CME@RITHMIC,74681600392100,SELL,99748.0,44,TRADE,TRADE,MNQZ5.CME@RITHMIC_20251113_230640_bedbcb11,NONE,,"{'size': 44, 'isOtc': False, 'price': 99748.0, 'data_type': 'TRADE', 'isBidAggressor': True, 'isExecutionEnd': True, 'passiveOrderId': None, 'aggressorOrderId': None, 'isExecutionStart': True, 'serialVersionUID': -5266538964320734421}",TRADE
2025-11-14 03:24:09.957000-05:00,MNQZ5.CME@RITHMIC,74681583335400,SELL,99749.0,28,TRADE,TRADE,MNQZ5.CME@RITHMIC_20251113_230640_bedbcb11,NONE,,"{'size': 28, 'isOtc': False, 'price': 99749.0, 'data_type': 'TRADE', 'isBidAggressor': True, 'isExecutionEnd': True, 'passiveOrderId': None, 'aggressorOrderId': None, 'isExecutionStart': True, 'serialVersionUID': -5266538964320734421}",TRADE
2025-11-14 03:23:56.780000-05:00,MNQZ5.CME@RITHMIC,6868910225253,BUY,24914.0,20,LIMIT,UPDATE,MNQZ5.CME@RITHMIC_20251113_230640_bedbcb11,NONE,,"{'size': 20, 'price': 99656, 'orderId': '6868910225253', 'event_type': 'REPLACE'}",MBO
2025-11-14 03:23:48.765000-05:00,MNQZ5.CME@RITHMIC,6868910225086,SELL,24973.5,20,LIMIT,UPDATE,MNQZ5.CME@RITHMIC_20251113_230640_bedbcb11,NONE,,"{'size': 20, 'price': 99894, 'orderId': '6868910225086', 'event_type': 'REPLACE'}",MBO
2025-11-14 03:23:34.289000-05:00,MNQZ5.CME@RITHMIC,74645915003000,SELL,24955.0,53,DEPTH,DEPTH,MNQZ5.CME@RITHMIC_20251113_230640_bedbcb11,NONE,,"{'size': 53, 'isBid': False, 'price': 99820, 'data_type': 'DEPTH'}",DEPTH
2025-11-14 03:23:34.188000-05:00,MNQZ5.CME@RITHMIC,74645813952900,SELL,24973.5,22,DEPTH,DEPTH,MNQZ5.CME@RITHMIC_20251113_230640_bedbcb11,NONE,,"{'size': 22, 'isBid': False, 'price': 99894, 'data_type': 'DEPTH'}",DEPTH
2025-11-14 03:23:34.075000-05:00,MNQZ5.CME@RITHMIC,74645701087500,SELL,25020.0,23,DEPTH,DEPTH,MNQZ5.CME@RITHMIC_20251113_230640_bedbcb11,NONE,,"{'size': 23, 'isBid': False, 'price': 100080, 'data_type': 'DEPTH'}",DEPTH
2025-11-14 03:23:34.056000-05:00,MNQZ5.CME@RITHMIC,74645683001000,SELL,25050.0,54,DEPTH,DEPTH,MNQZ5.CME@RITHMIC_20251113_230640_bedbcb11,NONE,,"{'size': 54, 'isBid': False, 'price': 100200, 'data_type': 'DEPTH'}",DEPTH
2025-11-14 03:23:34.043000-05:00,MNQZ5.CME@RITHMIC,74645669765600,SELL,25226.5,23,DEPTH,DEPTH,MNQZ5.CME@RITHMIC_20251113_230640_bedbcb11,NONE,,"{'size': 23, 'isBid': False, 'price': 100906, 'data_type': 'DEPTH'}",DEPTH
2025-11-14 03:23:34.036000-05:00,MNQZ5.CME@RITHMIC,74645661813700,SELL,25245.0,27,DEPTH,DEPTH,MNQZ5.CME@RITHMIC_20251113_230640_bedbcb11,NONE,,"{'size': 27, 'isBid': False, 'price': 100980, 'data_type': 'DEPTH'}",DEPTH
2025-11-14 03:23:34.032000-05:00,MNQZ5.CME@RITHMIC,74645658329800,SELL,25900.0,52,DEPTH,DEPTH,MNQZ5.CME@RITHMIC_20251113_230640_bedbcb11,NONE,,"{'size': 52, 'isBid': False, 'price': 103600, 'data_type': 'DEPTH'}",DEPTH
2025-11-14 03:23:33.915000-05:00,MNQZ5.CME@RITHMIC,74645541770300,BUY,24932.75,21,DEPTH,DEPTH,MNQZ5.CME@RITHMIC_20251113_230640_bedbcb11,NONE,,"{'size': 21, 'isBid': True, 'price': 99731, 'data_type': 'DEPTH'}",DEPTH
2025-11-14 03:23:33.828000-05:00,MNQZ5.CME@RITHMIC,74645453851100,BUY,24920.0,27,DEPTH,DEPTH,MNQZ5.CME@RITHMIC_20251113_230640_bedbcb11,NONE,,"{'size': 27, 'isBid': True, 'price': 99680, 'data_type': 'DEPTH'}",DEPTH
2025-11-14 03:23:33.823000-05:00,MNQZ5.CME@RITHMIC,74645449470500,BUY,24919.0,33,DEPTH,DEPTH,MNQZ5.CME@RITHMIC_20251113_230640_bedbcb11,NONE,,"{'size': 33, 'isBid': True, 'price': 99676, 'data_type': 'DEPTH'}",DEPTH
2025-11-14 03:23:33.795000-05:00,MNQZ5.CME@RITHMIC,74645420843700,BUY,24914.0,26,DEPTH,DEPTH,MNQZ5.CME@RITHMIC_20251113_230640_bedbcb11,NONE,,"{'size': 26, 'isBid': True, 'price': 99656, 'data_type': 'DEPTH'}",DEPTH
2025-11-14 03:23:33.769000-05:00,MNQZ5.CME@RITHMIC,74645395315300,BUY,24910.0,23,DEPTH,DEPTH,MNQZ5.CME@RITHMIC_20251113_230640_bedbcb11,NONE,,"{'size': 23, 'isBid': True, 'price': 99640, 'data_type': 'DEPTH'}",DEPTH
2025-11-14 03:23:33.727000-05:00,MNQZ5.CME@RITHMIC,74645353627800,BUY,24900.0,133,DEPTH,DEPTH,MNQZ5.CME@RITHMIC_20251113_230640_bedbcb11,NONE,,"{'size': 133, 'isBid': True, 'price': 99600, 'data_type': 'DEPTH'}",DEPTH
2025-11-14 03:23:33.703000-05:00,MNQZ5.CME@RITHMIC,74645328934400,BUY,24872.0,25,DEPTH,DEPTH,MNQZ5.CME@RITHMIC_20251113_230640_bedbcb11,NONE,,"{'size': 25, 'isBid': True, 'price': 99488, 'data_type': 'DEPTH'}",DEPTH
2025-11-14 03:23:32.873000-05:00,MNQZ5.CME@RITHMIC,74644499465700,BUY,99716.0,29,TRADE,TRADE,MNQZ5.CME@RITHMIC_20251113_230640_bedbcb11,NONE,,"{'size': 29, 'isOtc': False, 'price': 99716.0, 'data_type': 'TRADE', 'isBidAggressor': False, 'isExecutionEnd': True, 'passiveOrderId': None, 'aggressorOrderId': None, 'isExecutionStart': True, 'serialVersionUID': -5266538964320734421}",TRADE
2025-11-14 03:23:32.863000-05:00,MNQZ5.CME@RITHMIC,74644489208200,BUY,99736.0,24,TRADE,TRADE,MNQZ5.CME@RITHMIC_20251113_230640_bedbcb11,NONE,,"{'size': 24, 'isOtc': False, 'price': 99736.0, 'data_type': 'TRADE', 'isBidAggressor': False, 'isExecutionEnd': True, 'passiveOrderId': None, 'aggressorOrderId': None, 'isExecutionStart': True, 'serialVersionUID': -5266538964320734421}",TRADE
2025-11-14 03:23:32.850000-05:00,MNQZ5.CME@RITHMIC,74644476823700,BUY,99729.0,22,TRADE,TRADE,MNQZ5.CME@RITHMIC_20251113_230640_bedbcb11,NONE,,"{'size': 22, 'isOtc': False, 'price': 99729.0, 'data_type': 'TRADE', 'isBidAggressor': False, 'isExecutionEnd': True, 'passiveOrderId': None, 'aggressorOrderId': None, 'isExecutionStart': True, 'serialVersionUID': -5266538964320734421}",TRADE
2025-11-14 03:23:32.766000-05:00,MNQZ5.CME@RITHMIC,74644392479000,SELL,99733.0,20,TRADE,TRADE,MNQZ5.CME@RITHMIC_20251113_230640_bedbcb11,NONE,,"{'size': 20, 'isOtc': False, 'price': 99733.0, 'data_type': 'TRADE', 'isBidAggressor': True, 'isExecutionEnd': True, 'passiveOrderId': None, 'aggressorOrderId': None, 'isExecutionStart': True, 'serialVersionUID': -5266538964320734421}",TRADE
2025-11-14 03:23:22.151000-05:00,MNQZ5.CME@RITHMIC,6868910225253,BUY,24900.75,20,LIMIT,UPDATE,MNQZ5.CME@RITHMIC_20251113_230640_bedbcb11,NONE,,"{'size': 20, 'price': 99603, 'orderId': '6868910225253', 'event_type': 'REPLACE'}",MBO
2025-11-14 03:23:15.213000-05:00,MNQZ5.CME@RITHMIC,6868910225086,SELL,24959.25,20,LIMIT,UPDATE,MNQZ5.CME@RITHMIC_20251113_230640_bedbcb11,NONE,,"{'size': 20, 'price': 99837, 'orderId': '6868910225086', 'event_type': 'REPLACE'}",MBO
2025-11-14 03:22:58.753000-05:00,MNQZ5.CME@RITHMIC,74610379219700,SELL,24955.0,43,DEPTH,DEPTH,MNQZ5.CME@RITHMIC_20251113_230640_bedbcb11,NONE,,"{'size': 43, 'isBid': False, 'price': 99820, 'data_type': 'DEPTH'}",DEPTH
2025-11-14 03:22:58.725000-05:00,MNQZ5.CME@RITHMIC,74610350986600,SELL,24959.25,23,DEPTH,DEPTH,MNQZ5.CME@RITHMIC_20251113_230640_bedbcb11,NONE,,"{'size': 23, 'isBid': False, 'price': 99837, 'data_type': 'DEPTH'}",DEPTH
2025-11-14 03:22:58.643000-05:00,MNQZ5.CME@RITHMIC,74610268894200,SELL,24973.0,20,DEPTH,DEPTH,MNQZ5.CME@RITHMIC_20251113_230640_bedbcb11,NONE,,"{'size': 20, 'isBid': False, 'price': 99892, 'data_type': 'DEPTH'}",DEPTH
2025-11-14 03:22:58.494000-05:00,MNQZ5.CME@RITHMIC,74610120364100,SELL,25150.0,38,DEPTH,DEPTH,MNQZ5.CME@RITHMIC_20251113_230640_bedbcb11,NONE,,"{'size': 38, 'isBid': False, 'price': 100600, 'data_type': 'DEPTH'}",DEPTH
2025-11-14 03:22:58.481000-05:00,MNQZ5.CME@RITHMIC,74610107425200,SELL,25225.0,20,DEPTH,DEPTH,MNQZ5.CME@RITHMIC_20251113_230640_bedbcb11,NONE,,"{'size': 20, 'isBid': False, 'price': 100900, 'data_type': 'DEPTH'}",DEPTH
2025-11-14 03:22:58.479000-05:00,MNQZ5.CME@RITHMIC,74610105581700,SELL,25226.5,22,DEPTH,DEPTH,MNQZ5.CME@RITHMIC_20251113_230640_bedbcb11,NONE,,"{'size': 22, 'isBid': False, 'price': 100906, 'data_type': 'DEPTH'}",DEPTH
2025-11-14 03:22:58.474000-05:00,MNQZ5.CME@RITHMIC,74610100127200,SELL,25280.0,23,DEPTH,DEPTH,MNQZ5.CME@RITHMIC_20251113_230640_bedbcb11,NONE,,"{'size': 23, 'isBid': False, 'price': 101120, 'data_type': 'DEPTH'}",DEPTH
2025-11-14 03:22:58.472000-05:00,MNQZ5.CME@RITHMIC,74610098114500,SELL,25300.0,90,DEPTH,DEPTH,MNQZ5.CME@RITHMIC_20251113_230640_bedbcb11,NONE,,"{'size': 90, 'isBid': False, 'price': 101200, 'data_type': 'DEPTH'}",DEPTH
2025-11-14 03:22:58.358000-05:00,MNQZ5.CME@RITHMIC,74609984413800,BUY,24925.0,21,DEPTH,DEPTH,MNQZ5.CME@RITHMIC_20251113_230640_bedbcb11,NONE,,"{'size': 21, 'isBid': True, 'price': 99700, 'data_type': 'DEPTH'}",DEPTH
2025-11-14 03:22:58.347000-05:00,MNQZ5.CME@RITHMIC,74609973643800,BUY,24923.25,33,DEPTH,DEPTH,MNQZ5.CME@RITHMIC_20251113_230640_bedbcb11,NONE,,"{'size': 33, 'isBid': True, 'price': 99693, 'data_type': 'DEPTH'}",DEPTH
2025-11-14 03:22:58.327000-05:00,MNQZ5.CME@RITHMIC,74609953653000,BUY,24920.0,26,DEPTH,DEPTH,MNQZ5.CME@RITHMIC_20251113_230640_bedbcb11,NONE,,"{'size': 26, 'isBid': True, 'price': 99680, 'data_type': 'DEPTH'}",DEPTH
2025-11-14 03:22:58.296000-05:00,MNQZ5.CME@RITHMIC,74609922719000,BUY,24910.0,24,DEPTH,DEPTH,MNQZ5.CME@RITHMIC_20251113_230640_bedbcb11,NONE,,"{'size': 24, 'isBid': True, 'price': 99640, 'data_type': 'DEPTH'}",DEPTH
2025-11-14 03:22:58.263000-05:00,MNQZ5.CME@RITHMIC,74609888986300,BUY,24900.75,23,DEPTH,DEPTH,MNQZ5.CME@RITHMIC_20251113_230640_bedbcb11,NONE,,"{'size': 23, 'isBid': True, 'price': 99603, 'data_type': 'DEPTH'}",DEPTH
2025-11-14 03:22:58.261000-05:00,MNQZ5.CME@RITHMIC,74609887342400,BUY,24900.0,134,DEPTH,DEPTH,MNQZ5.CME@RITHMIC_20251113_230640_bedbcb11,NONE,,"{'size': 134, 'isBid': True, 'price': 99600, 'data_type': 'DEPTH'}",DEPTH
2025-11-14 03:22:58.229000-05:00,MNQZ5.CME@RITHMIC,74609855272600,BUY,24860.0,20,DEPTH,DEPTH,MNQZ5.CME@RITHMIC_20251113_230640_bedbcb11,NONE,,"{'size': 20, 'isBid': True, 'price': 99440, 'data_type': 'DEPTH'}",DEPTH
2025-11-14 03:22:58.181000-05:00,MNQZ5.CME@RITHMIC,74609807076100,BUY,24830.0,32,DEPTH,DEPTH,MNQZ5.CME@RITHMIC_20251113_230640_bedbcb11,NONE,,"{'size': 32, 'isBid': True, 'price': 99320, 'data_type': 'DEPTH'}",DEPTH
2025-11-14 03:22:58.179000-05:00,MNQZ5.CME@RITHMIC,74609805592100,BUY,24800.0,163,DEPTH,DEPTH,MNQZ5.CME@RITHMIC_20251113_230640_bedbcb11,NONE,,"{'size': 163, 'isBid': True, 'price': 99200, 'data_type': 'DEPTH'}",DEPTH
2025-11-14 03:22:58.174000-05:00,MNQZ5.CME@RITHMIC,74609800193000,BUY,24700.0,92,DEPTH,DEPTH,MNQZ5.CME@RITHMIC_20251113_230640_bedbcb11,NONE,,"{'size': 92, 'isBid': True, 'price': 98800, 'data_type': 'DEPTH'}",DEPTH
2025-11-14 03:22:55.574000-05:00,MNQZ5.CME@RITHMIC,74607200698300,BUY,24920.0,23,DEPTH,DEPTH,MNQZ5.CME@RITHMIC_20251113_230640_bedbcb11,NONE,,"{'size': 23, 'isBid': True, 'price': 99680, 'data_type': 'DEPTH'}",DEPTH
2025-11-14 03:22:55.291000-05:00,MNQZ5.CME@RITHMIC,74606917172400,BUY,24923.25,31,DEPTH,DEPTH,MNQZ5.CME@RITHMIC_20251113_230640_bedbcb11,NONE,,"{'size': 31, 'isBid': True, 'price': 99693, 'data_type': 'DEPTH'}",DEPTH
2025-11-14 03:22:55.286000-05:00,MNQZ5.CME@RITHMIC,74606913193200,BUY,24923.25,23,DEPTH,DEPTH,MNQZ5.CME@RITHMIC_20251113_230640_bedbcb11,NONE,,"{'size': 23, 'isBid': True, 'price': 99693, 'data_type': 'DEPTH'}",DEPTH
2025-11-14 03:22:55.277000-05:00,MNQZ5.CME@RITHMIC,74606903865800,BUY,24931.0,22,DEPTH,DEPTH,MNQZ5.CME@RITHMIC_20251113_230640_bedbcb11,NONE,,"{'size': 22, 'isBid': True, 'price': 99724, 'data_type': 'DEPTH'}",DEPTH
2025-11-14 03:22:55.204000-05:00,MNQZ5.CME@RITHMIC,74606830063900,BUY,24920.0,24,DEPTH,DEPTH,MNQZ5.CME@RITHMIC_20251113_230640_bedbcb11,NONE,,"{'size': 24, 'isBid': True, 'price': 99680, 'data_type': 'DEPTH'}",DEPTH
2025-11-14 03:22:53.823000-05:00,MNQZ5.CME@RITHMIC,6868910225086,SELL,24969.5,20,LIMIT,UPDATE,MNQZ5.CME@RITHMIC_20251113_230640_bedbcb11,NONE,,"{'size': 20, 'price': 99878, 'orderId': '6868910225086', 'event_type': 'REPLACE'}",MBO
2025-11-14 03:22:51.228000-05:00,MNQZ5.CME@RITHMIC,6868910225253,BUY,24910.0,20,LIMIT,UPDATE,MNQZ5.CME@RITHMIC_20251113_230640_bedbcb11,NONE,,"{'size': 20, 'price': 99640, 'orderId': '6868910225253', 'event_type': 'REPLACE'}",MBO
2025-11-14 03:22:49.331000-05:00,MNQZ5.CME@RITHMIC,74600957431800,SELL,24969.5,25,DEPTH,DEPTH,MNQZ5.CME@RITHMIC_20251113_230640_bedbcb11,NONE,,"{'size': 25, 'isBid': False, 'price': 99878, 'data_type': 'DEPTH'}",DEPTH
2025-11-14 03:22:49.292000-05:00,MNQZ5.CME@RITHMIC,74600918431600,SELL,25020.0,21,DEPTH,DEPTH,MNQZ5.CME@RITHMIC_20251113_230640_bedbcb11,NONE,,"{'size': 21, 'isBid': False, 'price': 100080, 'data_type': 'DEPTH'}",DEPTH
2025-11-14 03:22:49.287000-05:00,MNQZ5.CME@RITHMIC,74600912932000,SELL,25230.0,42,DEPTH,DEPTH,MNQZ5.CME@RITHMIC_20251113_230640_bedbcb11,NONE,,"{'size': 42, 'isBid': False, 'price': 100920, 'data_type': 'DEPTH'}",DEPTH
2025-11-14 03:22:49.240000-05:00,MNQZ5.CME@RITHMIC,74600866165700,BUY,24931.0,30,DEPTH,DEPTH,MNQZ5.CME@RITHMIC_20251113_230640_bedbcb11,NONE,,"{'size': 30, 'isBid': True, 'price': 99724, 'data_type': 'DEPTH'}",DEPTH
2025-11-14 03:22:49.235000-05:00,MNQZ5.CME@RITHMIC,74600861685100,BUY,24930.0,23,DEPTH,DEPTH,MNQZ5.CME@RITHMIC_20251113_230640_bedbcb11,NONE,,"{'size': 23, 'isBid': True, 'price': 99720, 'data_type': 'DEPTH'}",DEPTH
2025-11-14 03:22:49.230000-05:00,MNQZ5.CME@RITHMIC,74600856932300,BUY,24928.0,28,DEPTH,DEPTH,MNQZ5.CME@RITHMIC_20251113_230640_bedbcb11,NONE,,"{'size': 28, 'isBid': True, 'price': 99712, 'data_type': 'DEPTH'}",DEPTH
2025-11-14 03:22:49.218000-05:00,MNQZ5.CME@RITHMIC,74600844831400,BUY,24920.0,23,DEPTH,DEPTH,MNQZ5.CME@RITHMIC_20251113_230640_bedbcb11,NONE,,"{'size': 23, 'isBid': True, 'price': 99680, 'data_type': 'DEPTH'}",DEPTH
2025-11-14 03:22:49.207000-05:00,MNQZ5.CME@RITHMIC,74600833201900,BUY,24910.0,43,DEPTH,DEPTH,MNQZ5.CME@RITHMIC_20251113_230640_bedbcb11,NONE,,"{'size': 43, 'isBid': True, 'price': 99640, 'data_type': 'DEPTH'}",DEPTH
2025-11-14 03:22:48.962000-05:00,MNQZ5.CME@RITHMIC,74600588693600,BUY,24932.0,20,DEPTH,DEPTH,MNQZ5.CME@RITHMIC_20251113_230640_bedbcb11,NONE,,"{'size': 20, 'isBid': True, 'price': 99728, 'data_type': 'DEPTH'}",DEPTH
2025-11-14 03:22:48.703000-05:00,MNQZ5.CME@RITHMIC,74600329130700,SELL,25230.0,42,DEPTH,DEPTH,MNQZ5.CME@RITHMIC_20251113_230640_bedbcb11,NONE,,"{'size': 42, 'isBid': False, 'price': 100920, 'data_type': 'DEPTH'}",DEPTH
2025-11-14 03:22:47.253000-05:00,MNQZ5.CME@RITHMIC,74598879561800,BUY,24934.0,30,DEPTH,DEPTH,MNQZ5.CME@RITHMIC_20251113_230640_bedbcb11,NONE,,"{'size': 30, 'isBid': True, 'price': 99736, 'data_type': 'DEPTH'}",DEPTH
2025-11-14 03:22:45.530000-05:00,MNQZ5.CME@RITHMIC,74597156544100,SELL,25028.0,21,DEPTH,DEPTH,MNQZ5.CME@RITHMIC_20251113_230640_bedbcb11,NONE,,"{'size': 21, 'isBid': False, 'price': 100112, 'data_type': 'DEPTH'}",DEPTH
2025-11-14 03:22:43.031000-05:00,MNQZ5.CME@RITHMIC,74594657664500,BUY,24931.0,29,DEPTH,DEPTH,MNQZ5.CME@RITHMIC_20251113_230640_bedbcb11,NONE,,"{'size': 29, 'isBid': True, 'price': 99724, 'data_type': 'DEPTH'}",DEPTH
2025-11-14 03:22:42.484000-05:00,MNQZ5.CME@RITHMIC,74594110224700,SELL,25230.0,43,DEPTH,DEPTH,MNQZ5.CME@RITHMIC_20251113_230640_bedbcb11,NONE,,"{'size': 43, 'isBid': False, 'price': 100920, 'data_type': 'DEPTH'}",DEPTH
2025-11-14 03:22:42.150000-05:00,MNQZ5.CME@RITHMIC,74593777097700,BUY,24931.0,30,DEPTH,DEPTH,MNQZ5.CME@RITHMIC_20251113_230640_bedbcb11,NONE,,"{'size': 30, 'isBid': True, 'price': 99724, 'data_type': 'DEPTH'}",DEPTH
2025-11-14 03:22:40.696000-05:00,MNQZ5.CME@RITHMIC,74592322662100,BUY,24938.0,24,DEPTH,DEPTH,MNQZ5.CME@RITHMIC_20251113_230640_bedbcb11,NONE,,"{'size': 24, 'isBid': True, 'price': 99752, 'data_type': 'DEPTH'}",DEPTH
2025-11-14 03:22:40.379000-05:00,MNQZ5.CME@RITHMIC,74592005220600,SELL,24971.75,23,DEPTH,DEPTH,MNQZ5.CME@RITHMIC_20251113_230640_bedbcb11,NONE,,"{'size': 23, 'isBid': False, 'price': 99887, 'data_type': 'DEPTH'}",DEPTH
2025-11-14 03:22:40.376000-05:00,MNQZ5.CME@RITHMIC,6868910225086,SELL,24971.75,20,LIMIT,UPDATE,MNQZ5.CME@RITHMIC_20251113_230640_bedbcb11,NONE,,"{'size': 20, 'price': 99887, 'orderId': '6868910225086', 'event_type': 'REPLACE'}",MBO
2025-11-14 03:22:40.093000-05:00,MNQZ5.CME@RITHMIC,74591720000300,BUY,24912.25,25,DEPTH,DEPTH,MNQZ5.CME@RITHMIC_20251113_230640_bedbcb11,NONE,,"{'size': 25, 'isBid': True, 'price': 99649, 'data_type': 'DEPTH'}",DEPTH
2025-11-14 03:22:40.092000-05:00,MNQZ5.CME@RITHMIC,74591718558700,BUY,24910.0,24,DEPTH,DEPTH,MNQZ5.CME@RITHMIC_20251113_230640_bedbcb11,NONE,,"{'size': 24, 'isBid': True, 'price': 99640, 'data_type': 'DEPTH'}",DEPTH
2025-11-14 03:22:40.091000-05:00,MNQZ5.CME@RITHMIC,6868910225253,BUY,24912.25,20,LIMIT,UPDATE,MNQZ5.CME@RITHMIC_20251113_230640_bedbcb11,NONE,,"{'size': 20, 'price': 99649, 'orderId': '6868910225253', 'event_type': 'REPLACE'}",MBO
2025-11-14 03:22:39.327000-05:00,MNQZ5.CME@RITHMIC,74590953045600,BUY,24925.0,20,DEPTH,DEPTH,MNQZ5.CME@RITHMIC_20251113_230640_bedbcb11,NONE,,"{'size': 20, 'isBid': True, 'price': 99700, 'data_type': 'DEPTH'}",DEPTH
2025-11-14 03:22:39.255000-05:00,MNQZ5.CME@RITHMIC,74590881861600,BUY,24930.0,21,DEPTH,DEPTH,MNQZ5.CME@RITHMIC_20251113_230640_bedbcb11,NONE,,"{'size': 21, 'isBid': True, 'price': 99720, 'data_type': 'DEPTH'}",DEPTH
2025-11-14 03:22:38.624000-05:00,MNQZ5.CME@RITHMIC,74590249855500,BUY,24930.0,22,DEPTH,DEPTH,MNQZ5.CME@RITHMIC_20251113_230640_bedbcb11,NONE,,"{'size': 22, 'isBid': True, 'price': 99720, 'data_type': 'DEPTH'}",DEPTH
2025-11-14 03:22:37.616000-05:00,MNQZ5.CME@RITHMIC,74589241769200,SELL,24970.0,22,DEPTH,DEPTH,MNQZ5.CME@RITHMIC_20251113_230640_bedbcb11,NONE,,"{'size': 22, 'isBid': False, 'price': 99880, 'data_type': 'DEPTH'}",DEPTH
2025-11-14 03:22:36.772000-05:00,MNQZ5.CME@RITHMIC,74588397891600,BUY,24934.0,34,DEPTH,DEPTH,MNQZ5.CME@RITHMIC_20251113_230640_bedbcb11,NONE,,"{'size': 34, 'isBid': True, 'price': 99736, 'data_type': 'DEPTH'}",DEPTH
2025-11-14 03:22:35.112000-05:00,MNQZ5.CME@RITHMIC,74586738693700,BUY,24934.0,35,DEPTH,DEPTH,MNQZ5.CME@RITHMIC_20251113_230640_bedbcb11,NONE,,"{'size': 35, 'isBid': True, 'price': 99736, 'data_type': 'DEPTH'}",DEPTH
2025-11-14 03:22:34.369000-05:00,MNQZ5.CME@RITHMIC,74585996063700,SELL,99765.0,20,TRADE,TRADE,MNQZ5.CME@RITHMIC_20251113_230640_bedbcb11,NONE,,"{'size': 20, 'isOtc': False, 'price': 99765.0, 'data_type': 'TRADE', 'isBidAggressor': True, 'isExecutionEnd': True, 'passiveOrderId': None, 'aggressorOrderId': None, 'isExecutionStart': True, 'serialVersionUID': -5266538964320734421}",TRADE
2025-11-14 03:22:33.591000-05:00,MNQZ5.CME@RITHMIC,6868910225086,SELL,24969.5,20,LIMIT,UPDATE,MNQZ5.CME@RITHMIC_20251113_230640_bedbcb11,NONE,,"{'size': 20, 'price': 99878, 'orderId': '6868910225086', 'event_type': 'REPLACE'}",MBO
2025-11-14 03:22:30.663000-05:00,MNQZ5.CME@RITHMIC,6868910225253,BUY,24910.0,20,LIMIT,UPDATE,MNQZ5.CME@RITHMIC_20251113_230640_bedbcb11,NONE,,"{'size': 20, 'price': 99640, 'orderId': '6868910225253', 'event_type': 'REPLACE'}",MBO
2025-11-14 03:22:28.654000-05:00,MNQZ5.CME@RITHMIC,74580280644500,SELL,24969.5,25,DEPTH,DEPTH,MNQZ5.CME@RITHMIC_20251113_230640_bedbcb11,NONE,,"{'size': 25, 'isBid': False, 'price': 99878, 'data_type': 'DEPTH'}",DEPTH
2025-11-14 03:22:28.613000-05:00,MNQZ5.CME@RITHMIC,74580240094900,SELL,25226.5,23,DEPTH,DEPTH,MNQZ5.CME@RITHMIC_20251113_230640_bedbcb11,NONE,,"{'size': 23, 'isBid': False, 'price': 100906, 'data_type': 'DEPTH'}",DEPTH
2025-11-14 03:22:28.611000-05:00,MNQZ5.CME@RITHMIC,74580238081900,SELL,25230.0,42,DEPTH,DEPTH,MNQZ5.CME@RITHMIC_20251113_230640_bedbcb11,NONE,,"{'size': 42, 'isBid': False, 'price': 100920, 'data_type': 'DEPTH'}",DEPTH
2025-11-14 03:22:28.580000-05:00,MNQZ5.CME@RITHMIC,74580206560500,BUY,24938.0,21,DEPTH,DEPTH,MNQZ5.CME@RITHMIC_20251113_230640_bedbcb11,NONE,,"{'size': 21, 'isBid': True, 'price': 99752, 'data_type': 'DEPTH'}",DEPTH
2025-11-14 03:22:28.554000-05:00,MNQZ5.CME@RITHMIC,74580180243800,BUY,24934.0,31,DEPTH,DEPTH,MNQZ5.CME@RITHMIC_20251113_230640_bedbcb11,NONE,,"{'size': 31, 'isBid': True, 'price': 99736, 'data_type': 'DEPTH'}",DEPTH
2025-11-14 03:22:28.551000-05:00,MNQZ5.CME@RITHMIC,74580177735600,BUY,24932.25,23,DEPTH,DEPTH,MNQZ5.CME@RITHMIC_20251113_230640_bedbcb11,NONE,,"{'size': 23, 'isBid': True, 'price': 99729, 'data_type': 'DEPTH'}",DEPTH
2025-11-14 03:22:28.550000-05:00,MNQZ5.CME@RITHMIC,74580176546400,BUY,24931.0,31,DEPTH,DEPTH,MNQZ5.CME@RITHMIC_20251113_230640_bedbcb11,NONE,,"{'size': 31, 'isBid': True, 'price': 99724, 'data_type': 'DEPTH'}",DEPTH
2025-11-14 03:22:28.546000-05:00,MNQZ5.CME@RITHMIC,74580172121400,BUY,24930.0,21,DEPTH,DEPTH,MNQZ5.CME@RITHMIC_20251113_230640_bedbcb11,NONE,,"{'size': 21, 'isBid': True, 'price': 99720, 'data_type': 'DEPTH'}",DEPTH
2025-11-14 03:22:28.522000-05:00,MNQZ5.CME@RITHMIC,74580147808500,BUY,24920.0,22,DEPTH,DEPTH,MNQZ5.CME@RITHMIC_20251113_230640_bedbcb11,NONE,,"{'size': 22, 'isBid': True, 'price': 99680, 'data_type': 'DEPTH'}",DEPTH
2025-11-14 03:22:28.503000-05:00,MNQZ5.CME@RITHMIC,74580129122800,BUY,24910.0,44,DEPTH,DEPTH,MNQZ5.CME@RITHMIC_20251113_230640_bedbcb11,NONE,,"{'size': 44, 'isBid': True, 'price': 99640, 'data_type': 'DEPTH'}",DEPTH
2025-11-14 03:22:28.470000-05:00,MNQZ5.CME@RITHMIC,74580096792700,BUY,24800.0,164,DEPTH,DEPTH,MNQZ5.CME@RITHMIC_20251113_230640_bedbcb11,NONE,,"{'size': 164, 'isBid': True, 'price': 99200, 'data_type': 'DEPTH'}",DEPTH
2025-11-14 03:22:28.461000-05:00,MNQZ5.CME@RITHMIC,74580087765800,BUY,24500.0,83,DEPTH,DEPTH,MNQZ5.CME@RITHMIC_20251113_230640_bedbcb11,NONE,,"{'size': 83, 'isBid': True, 'price': 98000, 'data_type': 'DEPTH'}",DEPTH
2025-11-14 03:22:28.077000-05:00,MNQZ5.CME@RITHMIC,74579703935500,BUY,99760.0,47,TRADE,TRADE,MNQZ5.CME@RITHMIC_20251113_230640_bedbcb11,NONE,,"{'size': 47, 'isOtc': False, 'price': 99760.0, 'data_type': 'TRADE', 'isBidAggressor': False, 'isExecutionEnd': True, 'passiveOrderId': None, 'aggressorOrderId': None, 'isExecutionStart': True, 'serialVersionUID': -5266538964320734421}",TRADE
2025-11-14 03:22:24.994000-05:00,MNQZ5.CME@RITHMIC,6868910225253,BUY,24910.0,20,LIMIT,UPDATE,MNQZ5.CME@RITHMIC_20251113_230640_bedbcb11,NONE,,"{'size': 20, 'price': 99640, 'orderId': '6868910225253', 'event_type': 'REPLACE'}",MBO
2025-11-14 03:22:23.590000-05:00,MNQZ5.CME@RITHMIC,6868910225086,SELL,24969.5,20,LIMIT,UPDATE,MNQZ5.CME@RITHMIC_20251113_230640_bedbcb11,NONE,,"{'size': 20, 'price': 99878, 'orderId': '6868910225086', 'event_type': 'REPLACE'}",MBO
2025-11-14 03:22:14.788000-05:00,MNQZ5.CME@RITHMIC,74566414767000,SELL,24950.75,24,DEPTH,DEPTH,MNQZ5.CME@RITHMIC_20251113_230640_bedbcb11,NONE,,"{'size': 24, 'isBid': False, 'price': 99803, 'data_type': 'DEPTH'}",DEPTH
2025-11-14 03:22:14.763000-05:00,MNQZ5.CME@RITHMIC,74566389346800,SELL,24955.0,45,DEPTH,DEPTH,MNQZ5.CME@RITHMIC_20251113_230640_bedbcb11,NONE,,"{'size': 45, 'isBid': False, 'price': 99820, 'data_type': 'DEPTH'}",DEPTH
2025-11-14 03:22:14.710000-05:00,MNQZ5.CME@RITHMIC,74566336547200,SELL,24969.5,25,DEPTH,DEPTH,MNQZ5.CME@RITHMIC_20251113_230640_bedbcb11,NONE,,"{'size': 25, 'isBid': False, 'price': 99878, 'data_type': 'DEPTH'}",DEPTH
2025-11-14 03:22:14.709000-05:00,MNQZ5.CME@RITHMIC,74566334985700,SELL,24970.0,21,DEPTH,DEPTH,MNQZ5.CME@RITHMIC_20251113_230640_bedbcb11,NONE,,"{'size': 21, 'isBid': False, 'price': 99880, 'data_type': 'DEPTH'}",DEPTH
2025-11-14 03:22:14.608000-05:00,MNQZ5.CME@RITHMIC,74566234450200,SELL,25050.0,53,DEPTH,DEPTH,MNQZ5.CME@RITHMIC_20251113_230640_bedbcb11,NONE,,"{'size': 53, 'isBid': False, 'price': 100200, 'data_type': 'DEPTH'}",DEPTH
2025-11-14 03:22:14.603000-05:00,MNQZ5.CME@RITHMIC,74566228933800,SELL,25226.5,23,DEPTH,DEPTH,MNQZ5.CME@RITHMIC_20251113_230640_bedbcb11,NONE,,"{'size': 23, 'isBid': False, 'price': 100906, 'data_type': 'DEPTH'}",DEPTH
2025-11-14 03:22:14.546000-05:00,MNQZ5.CME@RITHMIC,74566172544800,BUY,24934.0,28,DEPTH,DEPTH,MNQZ5.CME@RITHMIC_20251113_230640_bedbcb11,NONE,,"{'size': 28, 'isBid': True, 'price': 99736, 'data_type': 'DEPTH'}",DEPTH
2025-11-14 03:22:14.535000-05:00,MNQZ5.CME@RITHMIC,74566161643900,BUY,24932.25,24,DEPTH,DEPTH,MNQZ5.CME@RITHMIC_20251113_230640_bedbcb11,NONE,,"{'size': 24, 'isBid': True, 'price': 99729, 'data_type': 'DEPTH'}",DEPTH
2025-11-14 03:22:14.532000-05:00,MNQZ5.CME@RITHMIC,74566158327900,BUY,24931.75,22,DEPTH,DEPTH,MNQZ5.CME@RITHMIC_20251113_230640_bedbcb11,NONE,,"{'size': 22, 'isBid': True, 'price': 99727, 'data_type': 'DEPTH'}",DEPTH
2025-11-14 03:22:14.527000-05:00,MNQZ5.CME@RITHMIC,74566153325700,BUY,24931.0,31,DEPTH,DEPTH,MNQZ5.CME@RITHMIC_20251113_230640_bedbcb11,NONE,,"{'size': 31, 'isBid': True, 'price': 99724, 'data_type': 'DEPTH'}",DEPTH
2025-11-14 03:22:14.521000-05:00,MNQZ5.CME@RITHMIC,74566147499400,BUY,24930.0,22,DEPTH,DEPTH,MNQZ5.CME@RITHMIC_20251113_230640_bedbcb11,NONE,,"{'size': 22, 'isBid': True, 'price': 99720, 'data_type': 'DEPTH'}",DEPTH
2025-11-14 03:22:14.490000-05:00,MNQZ5.CME@RITHMIC,74566116121300,BUY,24922.25,35,DEPTH,DEPTH,MNQZ5.CME@RITHMIC_20251113_230640_bedbcb11,NONE,,"{'size': 35, 'isBid': True, 'price': 99689, 'data_type': 'DEPTH'}",DEPTH
2025-11-14 03:22:14.455000-05:00,MNQZ5.CME@RITHMIC,74566081343300,BUY,24910.0,43,DEPTH,DEPTH,MNQZ5.CME@RITHMIC_20251113_230640_bedbcb11,NONE,,"{'size': 43, 'isBid': True, 'price': 99640, 'data_type': 'DEPTH'}",DEPTH
2025-11-14 03:22:14.448000-05:00,MNQZ5.CME@RITHMIC,74566074371700,BUY,24900.0,135,DEPTH,DEPTH,MNQZ5.CME@RITHMIC_20251113_230640_bedbcb11,NONE,,"{'size': 135, 'isBid': True, 'price': 99600, 'data_type': 'DEPTH'}",DEPTH
2025-11-14 03:22:14.003000-05:00,MNQZ5.CME@RITHMIC,74565629105100,BUY,99764.0,29,TRADE,TRADE,MNQZ5.CME@RITHMIC_20251113_230640_bedbcb11,NONE,,"{'size': 29, 'isOtc': False, 'price': 99764.0, 'data_type': 'TRADE', 'isBidAggressor': False, 'isExecutionEnd': True, 'passiveOrderId': None, 'aggressorOrderId': None, 'isExecutionStart': True, 'serialVersionUID': -5266538964320734421}",TRADE
2025-11-14 03:22:13.977000-05:00,MNQZ5.CME@RITHMIC,74565603139500,BUY,99762.0,24,TRADE,TRADE,MNQZ5.CME@RITHMIC_20251113_230640_bedbcb11,NONE,,"{'size': 24, 'isOtc': False, 'price': 99762.0, 'data_type': 'TRADE', 'isBidAggressor': False, 'isExecutionEnd': True, 'passiveOrderId': None, 'aggressorOrderId': None, 'isExecutionStart': True, 'serialVersionUID': -5266538964320734421}",TRADE
2025-11-14 03:22:09.989000-05:00,MNQZ5.CME@RITHMIC,6868910225253,BUY,24912.25,20,LIMIT,UPDATE,MNQZ5.CME@RITHMIC_20251113_230640_bedbcb11,NONE,,"{'size': 20, 'price': 99649, 'orderId': '6868910225253', 'event_type': 'REPLACE'}",MBO
2025-11-14 03:22:08.304000-05:00,MNQZ5.CME@RITHMIC,6868910225086,SELL,24971.75,20,LIMIT,UPDATE,MNQZ5.CME@RITHMIC_20251113_230640_bedbcb11,NONE,,"{'size': 20, 'price': 99887, 'orderId': '6868910225086', 'event_type': 'REPLACE'}",MBO
2025-11-14 03:22:04.170000-05:00,MNQZ5.CME@RITHMIC,74555796486700,SELL,24955.0,43,DEPTH,DEPTH,MNQZ5.CME@RITHMIC_20251113_230640_bedbcb11,NONE,,"{'size': 43, 'isBid': False, 'price': 99820, 'data_type': 'DEPTH'}",DEPTH
2025-11-14 03:22:04.129000-05:00,MNQZ5.CME@RITHMIC,74555755263500,SELL,24970.0,20,DEPTH,DEPTH,MNQZ5.CME@RITHMIC_20251113_230640_bedbcb11,NONE,,"{'size': 20, 'isBid': False, 'price': 99880, 'data_type': 'DEPTH'}",DEPTH
2025-11-14 03:22:04.122000-05:00,MNQZ5.CME@RITHMIC,74555747874600,SELL,24971.75,23,DEPTH,DEPTH,MNQZ5.CME@RITHMIC_20251113_230640_bedbcb11,NONE,,"{'size': 23, 'isBid': False, 'price': 99887, 'data_type': 'DEPTH'}",DEPTH
2025-11-14 03:22:04.072000-05:00,MNQZ5.CME@RITHMIC,74555698442600,SELL,25020.0,21,DEPTH,DEPTH,MNQZ5.CME@RITHMIC_20251113_230640_bedbcb11,NONE,,"{'size': 21, 'isBid': False, 'price': 100080, 'data_type': 'DEPTH'}",DEPTH
2025-11-14 03:22:04.037000-05:00,MNQZ5.CME@RITHMIC,74555662702600,SELL,25050.0,56,DEPTH,DEPTH,MNQZ5.CME@RITHMIC_20251113_230640_bedbcb11,NONE,,"{'size': 56, 'isBid': False, 'price': 100200, 'data_type': 'DEPTH'}",DEPTH
2025-11-14 03:22:04.030000-05:00,MNQZ5.CME@RITHMIC,74555656685300,SELL,25100.0,44,DEPTH,DEPTH,MNQZ5.CME@RITHMIC_20251113_230640_bedbcb11,NONE,,"{'size': 44, 'isBid': False, 'price': 100400, 'data_type': 'DEPTH'}",DEPTH
2025-11-14 03:22:03.987000-05:00,MNQZ5.CME@RITHMIC,74555613209100,BUY,24940.0,47,DEPTH,DEPTH,MNQZ5.CME@RITHMIC_20251113_230640_bedbcb11,NONE,,"{'size': 47, 'isBid': True, 'price': 99760, 'data_type': 'DEPTH'}",DEPTH
2025-11-14 03:22:03.969000-05:00,MNQZ5.CME@RITHMIC,74555595391700,BUY,24936.0,22,DEPTH,DEPTH,MNQZ5.CME@RITHMIC_20251113_230640_bedbcb11,NONE,,"{'size': 22, 'isBid': True, 'price': 99744, 'data_type': 'DEPTH'}",DEPTH
2025-11-14 03:22:03.957000-05:00,MNQZ5.CME@RITHMIC,74555583264000,BUY,24934.0,25,DEPTH,DEPTH,MNQZ5.CME@RITHMIC_20251113_230640_bedbcb11,NONE,,"{'size': 25, 'isBid': True, 'price': 99736, 'data_type': 'DEPTH'}",DEPTH
2025-11-14 03:22:03.949000-05:00,MNQZ5.CME@RITHMIC,74555575264700,BUY,24932.25,22,DEPTH,DEPTH,MNQZ5.CME@RITHMIC_20251113_230640_bedbcb11,NONE,,"{'size': 22, 'isBid': True, 'price': 99729, 'data_type': 'DEPTH'}",DEPTH
2025-11-14 03:22:03.946000-05:00,MNQZ5.CME@RITHMIC,74555572835500,BUY,24931.75,21,DEPTH,DEPTH,MNQZ5.CME@RITHMIC_20251113_230640_bedbcb11,NONE,,"{'size': 21, 'isBid': True, 'price': 99727, 'data_type': 'DEPTH'}",DEPTH
2025-11-14 03:22:03.944000-05:00,MNQZ5.CME@RITHMIC,74555570739400,BUY,24931.0,28,DEPTH,DEPTH,MNQZ5.CME@RITHMIC_20251113_230640_bedbcb11,NONE,,"{'size': 28, 'isBid': True, 'price': 99724, 'data_type': 'DEPTH'}",DEPTH
2025-11-14 03:22:03.930000-05:00,MNQZ5.CME@RITHMIC,74555556486900,BUY,24920.0,23,DEPTH,DEPTH,MNQZ5.CME@RITHMIC_20251113_230640_bedbcb11,NONE,,"{'size': 23, 'isBid': True, 'price': 99680, 'data_type': 'DEPTH'}",DEPTH
2025-11-14 03:22:03.911000-05:00,MNQZ5.CME@RITHMIC,74555538162600,BUY,24912.25,24,DEPTH,DEPTH,MNQZ5.CME@RITHMIC_20251113_230640_bedbcb11,NONE,,"{'size': 24, 'isBid': True, 'price': 99649, 'data_type': 'DEPTH'}",DEPTH
2025-11-14 03:22:03.910000-05:00,MNQZ5.CME@RITHMIC,74555537063800,BUY,24910.0,23,DEPTH,DEPTH,MNQZ5.CME@RITHMIC_20251113_230640_bedbcb11,NONE,,"{'size': 23, 'isBid': True, 'price': 99640, 'data_type': 'DEPTH'}",DEPTH
2025-11-14 03:22:03.907000-05:00,MNQZ5.CME@RITHMIC,74555533826500,BUY,24900.0,133,DEPTH,DEPTH,MNQZ5.CME@RITHMIC_20251113_230640_bedbcb11,NONE,,"{'size': 133, 'isBid': True, 'price': 99600, 'data_type': 'DEPTH'}",DEPTH
2025-11-14 03:22:03.902000-05:00,MNQZ5.CME@RITHMIC,74555527947400,BUY,24880.0,31,DEPTH,DEPTH,MNQZ5.CME@RITHMIC_20251113_230640_bedbcb11,NONE,,"{'size': 31, 'isBid': True, 'price': 99520, 'data_type': 'DEPTH'}",DEPTH
2025-11-14 03:22:03.896000-05:00,MNQZ5.CME@RITHMIC,74555522001700,BUY,24870.0,38,DEPTH,DEPTH,MNQZ5.CME@RITHMIC_20251113_230640_bedbcb11,NONE,,"{'size': 38, 'isBid': True, 'price': 99480, 'data_type': 'DEPTH'}",DEPTH
2025-11-14 03:21:59.785000-05:00,MNQZ5.CME@RITHMIC,6868910225253,BUY,24916.75,20,LIMIT,UPDATE,MNQZ5.CME@RITHMIC_20251113_230640_bedbcb11,NONE,,"{'size': 20, 'price': 99667, 'orderId': '6868910225253', 'event_type': 'REPLACE'}",MBO
2025-11-14 03:21:57.999000-05:00,MNQZ5.CME@RITHMIC,6868910225086,SELL,24976.25,20,LIMIT,UPDATE,MNQZ5.CME@RITHMIC_20251113_230640_bedbcb11,NONE,,"{'size': 20, 'price': 99905, 'orderId': '6868910225086', 'event_type': 'REPLACE'}",MBO
2025-11-14 03:21:52.383000-05:00,MNQZ5.CME@RITHMIC,74544009666200,SELL,24955.0,41,DEPTH,DEPTH,MNQZ5.CME@RITHMIC_20251113_230640_bedbcb11,NONE,,"{'size': 41, 'isBid': False, 'price': 99820, 'data_type': 'DEPTH'}",DEPTH
2025-11-14 03:21:52.302000-05:00,MNQZ5.CME@RITHMIC,74543928508900,SELL,24976.25,24,DEPTH,DEPTH,MNQZ5.CME@RITHMIC_20251113_230640_bedbcb11,NONE,,"{'size': 24, 'isBid': False, 'price': 99905, 'data_type': 'DEPTH'}",DEPTH
2025-11-14 03:21:52.283000-05:00,MNQZ5.CME@RITHMIC,74543909753100,SELL,25020.0,23,DEPTH,DEPTH,MNQZ5.CME@RITHMIC_20251113_230640_bedbcb11,NONE,,"{'size': 23, 'isBid': False, 'price': 100080, 'data_type': 'DEPTH'}",DEPTH
2025-11-14 03:21:52.164000-05:00,MNQZ5.CME@RITHMIC,74543790844800,BUY,24941.0,24,DEPTH,DEPTH,MNQZ5.CME@RITHMIC_20251113_230640_bedbcb11,NONE,,"{'size': 24, 'isBid': True, 'price': 99764, 'data_type': 'DEPTH'}",DEPTH
2025-11-14 03:21:52.161000-05:00,MNQZ5.CME@RITHMIC,74543786671300,BUY,24940.0,60,DEPTH,DEPTH,MNQZ5.CME@RITHMIC_20251113_230640_bedbcb11,NONE,,"{'size': 60, 'isBid': True, 'price': 99760, 'data_type': 'DEPTH'}",DEPTH
2025-11-14 03:21:52.130000-05:00,MNQZ5.CME@RITHMIC,74543755896200,BUY,24936.0,21,DEPTH,DEPTH,MNQZ5.CME@RITHMIC_20251113_230640_bedbcb11,NONE,,"{'size': 21, 'isBid': True, 'price': 99744, 'data_type': 'DEPTH'}",DEPTH
2025-11-14 03:21:52.116000-05:00,MNQZ5.CME@RITHMIC,74543742173400,BUY,24934.0,23,DEPTH,DEPTH,MNQZ5.CME@RITHMIC_20251113_230640_bedbcb11,NONE,,"{'size': 23, 'isBid': True, 'price': 99736, 'data_type': 'DEPTH'}",DEPTH
2025-11-14 03:21:52.109000-05:00,MNQZ5.CME@RITHMIC,74543735290400,BUY,24932.25,20,DEPTH,DEPTH,MNQZ5.CME@RITHMIC_20251113_230640_bedbcb11,NONE,,"{'size': 20, 'isBid': True, 'price': 99729, 'data_type': 'DEPTH'}",DEPTH
2025-11-14 03:21:52.102000-05:00,MNQZ5.CME@RITHMIC,74543727952600,BUY,24930.0,20,DEPTH,DEPTH,MNQZ5.CME@RITHMIC_20251113_230640_bedbcb11,NONE,,"{'size': 20, 'isBid': True, 'price': 99720, 'data_type': 'DEPTH'}",DEPTH
2025-11-14 03:21:52.079000-05:00,MNQZ5.CME@RITHMIC,74543705071700,BUY,24922.25,34,DEPTH,DEPTH,MNQZ5.CME@RITHMIC_20251113_230640_bedbcb11,NONE,,"{'size': 34, 'isBid': True, 'price': 99689, 'data_type': 'DEPTH'}",DEPTH
2025-11-14 03:21:52.065000-05:00,MNQZ5.CME@RITHMIC,74543691096800,BUY,24920.0,23,DEPTH,DEPTH,MNQZ5.CME@RITHMIC_20251113_230640_bedbcb11,NONE,,"{'size': 23, 'isBid': True, 'price': 99680, 'data_type': 'DEPTH'}",DEPTH
2025-11-14 03:21:52.047000-05:00,MNQZ5.CME@RITHMIC,74543673350800,BUY,24916.75,23,DEPTH,DEPTH,MNQZ5.CME@RITHMIC_20251113_230640_bedbcb11,NONE,,"{'size': 23, 'isBid': True, 'price': 99667, 'data_type': 'DEPTH'}",DEPTH
2025-11-14 03:21:52.026000-05:00,MNQZ5.CME@RITHMIC,74543652205600,BUY,24875.0,23,DEPTH,DEPTH,MNQZ5.CME@RITHMIC_20251113_230640_bedbcb11,NONE,,"{'size': 23, 'isBid': True, 'price': 99500, 'data_type': 'DEPTH'}",DEPTH
2025-11-14 03:21:52.005000-05:00,MNQZ5.CME@RITHMIC,74543631829000,BUY,24872.0,26,DEPTH,DEPTH,MNQZ5.CME@RITHMIC_20251113_230640_bedbcb11,NONE,,"{'size': 26, 'isBid': True, 'price': 99488, 'data_type': 'DEPTH'}",DEPTH
2025-11-14 03:21:51.992000-05:00,MNQZ5.CME@RITHMIC,74543618578200,BUY,24870.0,34,DEPTH,DEPTH,MNQZ5.CME@RITHMIC_20251113_230640_bedbcb11,NONE,,"{'size': 34, 'isBid': True, 'price': 99480, 'data_type': 'DEPTH'}",DEPTH
2025-11-14 03:21:51.972000-05:00,MNQZ5.CME@RITHMIC,74543598765500,BUY,24830.0,30,DEPTH,DEPTH,MNQZ5.CME@RITHMIC_20251113_230640_bedbcb11,NONE,,"{'size': 30, 'isBid': True, 'price': 99320, 'data_type': 'DEPTH'}",DEPTH
2025-11-14 03:21:51.593000-05:00,MNQZ5.CME@RITHMIC,74543219904800,BUY,99776.0,24,TRADE,TRADE,MNQZ5.CME@RITHMIC_20251113_230640_bedbcb11,NONE,,"{'size': 24, 'isOtc': False, 'price': 99776.0, 'data_type': 'TRADE', 'isBidAggressor': False, 'isExecutionEnd': True, 'passiveOrderId': None, 'aggressorOrderId': None, 'isExecutionStart': True, 'serialVersionUID': -5266538964320734421}",TRADE
2025-11-14 03:21:51.582000-05:00,MNQZ5.CME@RITHMIC,74543208728500,BUY,99777.0,26,TRADE,TRADE,MNQZ5.CME@RITHMIC_20251113_230640_bedbcb11,NONE,,"{'size': 26, 'isOtc': False, 'price': 99777.0, 'data_type': 'TRADE', 'isBidAggressor': False, 'isExecutionEnd': True, 'passiveOrderId': None, 'aggressorOrderId': None, 'isExecutionStart': True, 'serialVersionUID': -5266538964320734421}",TRADE
2025-11-14 03:21:51.573000-05:00,MNQZ5.CME@RITHMIC,74543199290700,BUY,99778.0,37,TRADE,TRADE,MNQZ5.CME@RITHMIC_20251113_230640_bedbcb11,NONE,,"{'size': 37, 'isOtc': False, 'price': 99778.0, 'data_type': 'TRADE', 'isBidAggressor': False, 'isExecutionEnd': True, 'passiveOrderId': None, 'aggressorOrderId': None, 'isExecutionStart': True, 'serialVersionUID': -5266538964320734421}",TRADE
2025-11-14 03:21:51.568000-05:00,MNQZ5.CME@RITHMIC,74543193876800,BUY,99779.0,23,TRADE,TRADE,MNQZ5.CME@RITHMIC_20251113_230640_bedbcb11,NONE,,"{'size': 23, 'isOtc': False, 'price': 99779.0, 'data_type': 'TRADE', 'isBidAggressor': False, 'isExecutionEnd': True, 'passiveOrderId': None, 'aggressorOrderId': None, 'isExecutionStart': True, 'serialVersionUID': -5266538964320734421}",TRADE
2025-11-14 03:21:51.548000-05:00,MNQZ5.CME@RITHMIC,74543174879800,SELL,99780.0,23,TRADE,TRADE,MNQZ5.CME@RITHMIC_20251113_230640_bedbcb11,NONE,,"{'size': 23, 'isOtc': False, 'price': 99780.0, 'data_type': 'TRADE', 'isBidAggressor': True, 'isExecutionEnd': True, 'passiveOrderId': None, 'aggressorOrderId': None, 'isExecutionStart': True, 'serialVersionUID': -5266538964320734421}",TRADE
2025-11-14 03:21:51.534000-05:00,MNQZ5.CME@RITHMIC,74543160634600,SELL,99781.0,23,TRADE,TRADE,MNQZ5.CME@RITHMIC_20251113_230640_bedbcb11,NONE,,"{'size': 23, 'isOtc': False, 'price': 99781.0, 'data_type': 'TRADE', 'isBidAggressor': True, 'isExecutionEnd': True, 'passiveOrderId': None, 'aggressorOrderId': None, 'isExecutionStart': True, 'serialVersionUID': -5266538964320734421}",TRADE
2025-11-14 03:21:51.519000-05:00,MNQZ5.CME@RITHMIC,74543145224100,SELL,99778.0,25,TRADE,TRADE,MNQZ5.CME@RITHMIC_20251113_230640_bedbcb11,NONE,,"{'size': 25, 'isOtc': False, 'price': 99778.0, 'data_type': 'TRADE', 'isBidAggressor': True, 'isExecutionEnd': True, 'passiveOrderId': None, 'aggressorOrderId': None, 'isExecutionStart': True, 'serialVersionUID': -5266538964320734421}",TRADE
2025-11-14 03:21:51.513000-05:00,MNQZ5.CME@RITHMIC,74543138548100,SELL,99779.0,21,TRADE,TRADE,MNQZ5.CME@RITHMIC_20251113_230640_bedbcb11,NONE,,"{'size': 21, 'isOtc': False, 'price': 99779.0, 'data_type': 'TRADE', 'isBidAggressor': True, 'isExecutionEnd': True, 'passiveOrderId': None, 'aggressorOrderId': None, 'isExecutionStart': True, 'serialVersionUID': -5266538964320734421}",TRADE
2025-11-14 03:21:51.361000-05:00,MNQZ5.CME@RITHMIC,6868910347933,SELL,24955.0,30,LIMIT,ADD,MNQZ5.CME@RITHMIC_20251113_230640_bedbcb11,NONE,,"{'size': 30, 'isBid': False, 'price': 99820, 'orderId': '6868910347933', 'event_type': 'SEND'}",MBO
2025-11-14 03:21:49.653000-05:00,MNQZ5.CME@RITHMIC,6868910225086,SELL,24973.75,20,LIMIT,UPDATE,MNQZ5.CME@RITHMIC_20251113_230640_bedbcb11,NONE,,"{'size': 20, 'price': 99895, 'orderId': '6868910225086', 'event_type': 'REPLACE'}",MBO
2025-11-14 03:21:41.123000-05:00,MNQZ5.CME@RITHMIC,6868910225253,BUY,24915.0,20,LIMIT,UPDATE,MNQZ5.CME@RITHMIC_20251113_230640_bedbcb11,NONE,,"{'size': 20, 'price': 99660, 'orderId': '6868910225253', 'event_type': 'REPLACE'}",MBO
2025-11-14 03:21:36.349000-05:00,MNQZ5.CME@RITHMIC,74527975715800,SELL,24950.0,30,DEPTH,DEPTH,MNQZ5.CME@RITHMIC_20251113_230640_bedbcb11,NONE,,"{'size': 30, 'isBid': False, 'price': 99800, 'data_type': 'DEPTH'}",DEPTH
2025-11-14 03:21:36.319000-05:00,MNQZ5.CME@RITHMIC,74527945158300,SELL,24955.0,40,DEPTH,DEPTH,MNQZ5.CME@RITHMIC_20251113_230640_bedbcb11,NONE,,"{'size': 40, 'isBid': False, 'price': 99820, 'data_type': 'DEPTH'}",DEPTH
2025-11-14 03:21:36.246000-05:00,MNQZ5.CME@RITHMIC,74527872324200,SELL,24973.75,25,DEPTH,DEPTH,MNQZ5.CME@RITHMIC_20251113_230640_bedbcb11,NONE,,"{'size': 25, 'isBid': False, 'price': 99895, 'data_type': 'DEPTH'}",DEPTH
2025-11-14 03:21:36.203000-05:00,MNQZ5.CME@RITHMIC,74527829015900,SELL,25020.0,23,DEPTH,DEPTH,MNQZ5.CME@RITHMIC_20251113_230640_bedbcb11,NONE,,"{'size': 23, 'isBid': False, 'price': 100080, 'data_type': 'DEPTH'}",DEPTH
2025-11-14 03:21:36.116000-05:00,MNQZ5.CME@RITHMIC,74527742441600,BUY,24942.75,20,DEPTH,DEPTH,MNQZ5.CME@RITHMIC_20251113_230640_bedbcb11,NONE,,"{'size': 20, 'isBid': True, 'price': 99771, 'data_type': 'DEPTH'}",DEPTH
2025-11-14 03:21:36.111000-05:00,MNQZ5.CME@RITHMIC,74527737461400,BUY,24942.0,22,DEPTH,DEPTH,MNQZ5.CME@RITHMIC_20251113_230640_bedbcb11,NONE,,"{'size': 22, 'isBid': True, 'price': 99768, 'data_type': 'DEPTH'}",DEPTH
2025-11-14 03:21:36.104000-05:00,MNQZ5.CME@RITHMIC,74527730295400,BUY,24941.0,28,DEPTH,DEPTH,MNQZ5.CME@RITHMIC_20251113_230640_bedbcb11,NONE,,"{'size': 28, 'isBid': True, 'price': 99764, 'data_type': 'DEPTH'}",DEPTH
2025-11-14 03:21:36.097000-05:00,MNQZ5.CME@RITHMIC,74527723390700,BUY,24940.0,63,DEPTH,DEPTH,MNQZ5.CME@RITHMIC_20251113_230640_bedbcb11,NONE,,"{'size': 63, 'isBid': True, 'price': 99760, 'data_type': 'DEPTH'}",DEPTH
2025-11-14 03:21:36.071000-05:00,MNQZ5.CME@RITHMIC,74527696783700,BUY,24934.0,24,DEPTH,DEPTH,MNQZ5.CME@RITHMIC_20251113_230640_bedbcb11,NONE,,"{'size': 24, 'isBid': True, 'price': 99736, 'data_type': 'DEPTH'}",DEPTH
2025-11-14 03:21:36.064000-05:00,MNQZ5.CME@RITHMIC,74527691055200,BUY,24932.25,21,DEPTH,DEPTH,MNQZ5.CME@RITHMIC_20251113_230640_bedbcb11,NONE,,"{'size': 21, 'isBid': True, 'price': 99729, 'data_type': 'DEPTH'}",DEPTH
2025-11-14 03:21:36.063000-05:00,MNQZ5.CME@RITHMIC,74527689402800,BUY,24931.75,20,DEPTH,DEPTH,MNQZ5.CME@RITHMIC_20251113_230640_bedbcb11,NONE,,"{'size': 20, 'isBid': True, 'price': 99727, 'data_type': 'DEPTH'}",DEPTH
2025-11-14 03:21:36.057000-05:00,MNQZ5.CME@RITHMIC,74527683899900,BUY,24930.0,21,DEPTH,DEPTH,MNQZ5.CME@RITHMIC_20251113_230640_bedbcb11,NONE,,"{'size': 21, 'isBid': True, 'price': 99720, 'data_type': 'DEPTH'}",DEPTH
2025-11-14 03:21:36.013000-05:00,MNQZ5.CME@RITHMIC,74527639023900,BUY,24915.0,35,DEPTH,DEPTH,MNQZ5.CME@RITHMIC_20251113_230640_bedbcb11,NONE,,"{'size': 35, 'isBid': True, 'price': 99660, 'data_type': 'DEPTH'}",DEPTH
2025-11-14 03:21:36.009000-05:00,MNQZ5.CME@RITHMIC,74527635848400,BUY,24910.0,22,DEPTH,DEPTH,MNQZ5.CME@RITHMIC_20251113_230640_bedbcb11,NONE,,"{'size': 22, 'isBid': True, 'price': 99640, 'data_type': 'DEPTH'}",DEPTH
2025-11-14 03:21:35.985000-05:00,MNQZ5.CME@RITHMIC,74527610649500,BUY,24870.0,36,DEPTH,DEPTH,MNQZ5.CME@RITHMIC_20251113_230640_bedbcb11,NONE,,"{'size': 36, 'isBid': True, 'price': 99480, 'data_type': 'DEPTH'}",DEPTH
2025-11-14 03:21:35.485000-05:00,MNQZ5.CME@RITHMIC,6868910337949,BUY,24922.25,30,LIMIT,ADD,MNQZ5.CME@RITHMIC_20251113_230640_bedbcb11,NONE,,"{'size': 30, 'isBid': True, 'price': 99689, 'orderId': '6868910337949', 'event_type': 'SEND'}",MBO
2025-11-14 03:21:33.842000-05:00,MNQZ5.CME@RITHMIC,6868910225086,SELL,24976.25,20,LIMIT,UPDATE,MNQZ5.CME@RITHMIC_20251113_230640_bedbcb11,NONE,,"{'size': 20, 'price': 99905, 'orderId': '6868910225086', 'event_type': 'REPLACE'}",MBO
2025-11-14 03:21:24.215000-05:00,MNQZ5.CME@RITHMIC,6868910225253,BUY,24917.5,20,LIMIT,UPDATE,MNQZ5.CME@RITHMIC_20251113_230640_bedbcb11,NONE,,"{'size': 20, 'price': 99670, 'orderId': '6868910225253', 'event_type': 'REPLACE'}",MBO
2025-11-14 03:21:19.419000-05:00,MNQZ5.CME@RITHMIC,74511045034700,SELL,24973.0,21,DEPTH,DEPTH,MNQZ5.CME@RITHMIC_20251113_230640_bedbcb11,NONE,,"{'size': 21, 'isBid': False, 'price': 99892, 'data_type': 'DEPTH'}",DEPTH
2025-11-14 03:21:19.401000-05:00,MNQZ5.CME@RITHMIC,74511027152800,SELL,24976.25,24,DEPTH,DEPTH,MNQZ5.CME@RITHMIC_20251113_230640_bedbcb11,NONE,,"{'size': 24, 'isBid': False, 'price': 99905, 'data_type': 'DEPTH'}",DEPTH
2025-11-14 03:21:19.269000-05:00,MNQZ5.CME@RITHMIC,74510895256100,BUY,24940.0,62,DEPTH,DEPTH,MNQZ5.CME@RITHMIC_20251113_230640_bedbcb11,NONE,,"{'size': 62, 'isBid': True, 'price': 99760, 'data_type': 'DEPTH'}",DEPTH
2025-11-14 03:21:19.245000-05:00,MNQZ5.CME@RITHMIC,74510871295400,BUY,24936.0,22,DEPTH,DEPTH,MNQZ5.CME@RITHMIC_20251113_230640_bedbcb11,NONE,,"{'size': 22, 'isBid': True, 'price': 99744, 'data_type': 'DEPTH'}",DEPTH
2025-11-14 03:21:19.241000-05:00,MNQZ5.CME@RITHMIC,74510867710900,BUY,24934.0,23,DEPTH,DEPTH,MNQZ5.CME@RITHMIC_20251113_230640_bedbcb11,NONE,,"{'size': 23, 'isBid': True, 'price': 99736, 'data_type': 'DEPTH'}",DEPTH
2025-11-14 03:21:19.236000-05:00,MNQZ5.CME@RITHMIC,74510862808800,BUY,24932.25,22,DEPTH,DEPTH,MNQZ5.CME@RITHMIC_20251113_230640_bedbcb11,NONE,,"{'size': 22, 'isBid': True, 'price': 99729, 'data_type': 'DEPTH'}",DEPTH
2025-11-14 03:21:19.235000-05:00,MNQZ5.CME@RITHMIC,74510861228100,BUY,24930.0,30,DEPTH,DEPTH,MNQZ5.CME@RITHMIC_20251113_230640_bedbcb11,NONE,,"{'size': 30, 'isBid': True, 'price': 99720, 'data_type': 'DEPTH'}",DEPTH
2025-11-14 03:21:19.230000-05:00,MNQZ5.CME@RITHMIC,74510856411300,BUY,24922.25,34,DEPTH,DEPTH,MNQZ5.CME@RITHMIC_20251113_230640_bedbcb11,NONE,,"{'size': 34, 'isBid': True, 'price': 99689, 'data_type': 'DEPTH'}",DEPTH
2025-11-14 03:21:19.220000-05:00,MNQZ5.CME@RITHMIC,74510846399300,BUY,24920.0,21,DEPTH,DEPTH,MNQZ5.CME@RITHMIC_20251113_230640_bedbcb11,NONE,,"{'size': 21, 'isBid': True, 'price': 99680, 'data_type': 'DEPTH'}",DEPTH
2025-11-14 03:21:19.217000-05:00,MNQZ5.CME@RITHMIC,74510843382200,BUY,24917.5,23,DEPTH,DEPTH,MNQZ5.CME@RITHMIC_20251113_230640_bedbcb11,NONE,,"{'size': 23, 'isBid': True, 'price': 99670, 'data_type': 'DEPTH'}",DEPTH
2025-11-14 03:21:19.207000-05:00,MNQZ5.CME@RITHMIC,74510833252100,BUY,24900.0,131,DEPTH,DEPTH,MNQZ5.CME@RITHMIC_20251113_230640_bedbcb11,NONE,,"{'size': 131, 'isBid': True, 'price': 99600, 'data_type': 'DEPTH'}",DEPTH
2025-11-14 03:21:19.169000-05:00,MNQZ5.CME@RITHMIC,74510795200300,BUY,24870.0,34,DEPTH,DEPTH,MNQZ5.CME@RITHMIC_20251113_230640_bedbcb11,NONE,,"{'size': 34, 'isBid': True, 'price': 99480, 'data_type': 'DEPTH'}",DEPTH
2025-11-14 03:21:16.274000-05:00,MNQZ5.CME@RITHMIC,74507900995900,BUY,24944.5,23,DEPTH,DEPTH,MNQZ5.CME@RITHMIC_20251113_230640_bedbcb11,NONE,,"{'size': 23, 'isBid': True, 'price': 99778, 'data_type': 'DEPTH'}",DEPTH
2025-11-14 03:21:09.310000-05:00,MNQZ5.CME@RITHMIC,74500936241200,BUY,99796.0,103,TRADE,TRADE,MNQZ5.CME@RITHMIC_20251113_230640_bedbcb11,NONE,,"{'size': 103, 'isOtc': False, 'price': 99796.0, 'data_type': 'TRADE', 'isBidAggressor': False, 'isExecutionEnd': True, 'passiveOrderId': None, 'aggressorOrderId': None, 'isExecutionStart': True, 'serialVersionUID': -5266538964320734421}",TRADE
2025-11-14 03:21:08.435000-05:00,MNQZ5.CME@RITHMIC,6868910225086,SELL,24978.5,20,LIMIT,UPDATE,MNQZ5.CME@RITHMIC_20251113_230640_bedbcb11,NONE,,"{'size': 20, 'price': 99914, 'orderId': '6868910225086', 'event_type': 'REPLACE'}",MBO
2025-11-14 03:21:05.423000-05:00,MNQZ5.CME@RITHMIC,6868910225253,BUY,24920.0,20,LIMIT,UPDATE,MNQZ5.CME@RITHMIC_20251113_230640_bedbcb11,NONE,,"{'size': 20, 'price': 99680, 'orderId': '6868910225253', 'event_type': 'REPLACE'}",MBO
2025-11-14 03:21:02.850000-05:00,MNQZ5.CME@RITHMIC,74494476390000,SELL,24972.0,57,DEPTH,DEPTH,MNQZ5.CME@RITHMIC_20251113_230640_bedbcb11,NONE,,"{'size': 57, 'isBid': False, 'price': 99888, 'data_type': 'DEPTH'}",DEPTH
2025-11-14 03:21:02.827000-05:00,MNQZ5.CME@RITHMIC,74494454125400,SELL,24978.5,25,DEPTH,DEPTH,MNQZ5.CME@RITHMIC_20251113_230640_bedbcb11,NONE,,"{'size': 25, 'isBid': False, 'price': 99914, 'data_type': 'DEPTH'}",DEPTH
2025-11-14 03:21:02.816000-05:00,MNQZ5.CME@RITHMIC,74494443150300,SELL,25020.0,24,DEPTH,DEPTH,MNQZ5.CME@RITHMIC_20251113_230640_bedbcb11,NONE,,"{'size': 24, 'isBid': False, 'price': 100080, 'data_type': 'DEPTH'}",DEPTH
2025-11-14 03:21:02.791000-05:00,MNQZ5.CME@RITHMIC,74494417867600,SELL,25028.0,23,DEPTH,DEPTH,MNQZ5.CME@RITHMIC_20251113_230640_bedbcb11,NONE,,"{'size': 23, 'isBid': False, 'price': 100112, 'data_type': 'DEPTH'}",DEPTH
2025-11-14 03:21:02.742000-05:00,MNQZ5.CME@RITHMIC,74494369284000,BUY,24944.5,20,DEPTH,DEPTH,MNQZ5.CME@RITHMIC_20251113_230640_bedbcb11,NONE,,"{'size': 20, 'isBid': True, 'price': 99778, 'data_type': 'DEPTH'}",DEPTH
2025-11-14 03:21:02.739000-05:00,MNQZ5.CME@RITHMIC,74494366063400,BUY,24942.0,24,DEPTH,DEPTH,MNQZ5.CME@RITHMIC_20251113_230640_bedbcb11,NONE,,"{'size': 24, 'isBid': True, 'price': 99768, 'data_type': 'DEPTH'}",DEPTH
2025-11-14 03:21:02.735000-05:00,MNQZ5.CME@RITHMIC,74494361522700,BUY,24941.0,20,DEPTH,DEPTH,MNQZ5.CME@RITHMIC_20251113_230640_bedbcb11,NONE,,"{'size': 20, 'isBid': True, 'price': 99764, 'data_type': 'DEPTH'}",DEPTH
2025-11-14 03:21:02.730000-05:00,MNQZ5.CME@RITHMIC,74494357144400,BUY,24940.0,60,DEPTH,DEPTH,MNQZ5.CME@RITHMIC_20251113_230640_bedbcb11,NONE,,"{'size': 60, 'isBid': True, 'price': 99760, 'data_type': 'DEPTH'}",DEPTH
2025-11-14 03:21:02.719000-05:00,MNQZ5.CME@RITHMIC,74494345568900,BUY,24934.0,21,DEPTH,DEPTH,MNQZ5.CME@RITHMIC_20251113_230640_bedbcb11,NONE,,"{'size': 21, 'isBid': True, 'price': 99736, 'data_type': 'DEPTH'}",DEPTH
2025-11-14 03:21:02.716000-05:00,MNQZ5.CME@RITHMIC,74494342473300,BUY,24931.75,21,DEPTH,DEPTH,MNQZ5.CME@RITHMIC_20251113_230640_bedbcb11,NONE,,"{'size': 21, 'isBid': True, 'price': 99727, 'data_type': 'DEPTH'}",DEPTH
2025-11-14 03:21:02.697000-05:00,MNQZ5.CME@RITHMIC,74494323342400,BUY,24920.0,43,DEPTH,DEPTH,MNQZ5.CME@RITHMIC_20251113_230640_bedbcb11,NONE,,"{'size': 43, 'isBid': True, 'price': 99680, 'data_type': 'DEPTH'}",DEPTH
2025-11-14 03:21:02.685000-05:00,MNQZ5.CME@RITHMIC,74494311926100,BUY,24875.0,23,DEPTH,DEPTH,MNQZ5.CME@RITHMIC_20251113_230640_bedbcb11,NONE,,"{'size': 23, 'isBid': True, 'price': 99500, 'data_type': 'DEPTH'}",DEPTH
2025-11-14 03:21:02.245000-05:00,MNQZ5.CME@RITHMIC,6868910325336,BUY,24949.0,98,LIMIT,ADD,MNQZ5.CME@RITHMIC_20251113_230640_bedbcb11,NONE,,"{'size': 98, 'isBid': True, 'price': 99796, 'orderId': '6868910325336', 'event_type': 'SEND'}",MBO
2025-11-14 03:21:01.546000-05:00,MNQZ5.CME@RITHMIC,6868910225086,SELL,24980.75,20,LIMIT,UPDATE,MNQZ5.CME@RITHMIC_20251113_230640_bedbcb11,NONE,,"{'size': 20, 'price': 99923, 'orderId': '6868910225086', 'event_type': 'REPLACE'}",MBO
2025-11-14 03:20:58.485000-05:00,MNQZ5.CME@RITHMIC,6868910225253,BUY,24922.25,20,LIMIT,UPDATE,MNQZ5.CME@RITHMIC_20251113_230640_bedbcb11,NONE,,"{'size': 20, 'price': 99689, 'orderId': '6868910225253', 'event_type': 'REPLACE'}",MBO
2025-11-14 03:20:56.802000-05:00,MNQZ5.CME@RITHMIC,6868910294121,SELL,24992.25,70,LIMIT,UPDATE,MNQZ5.CME@RITHMIC_20251113_230640_bedbcb11,NONE,,"{'size': 70, 'price': 99969, 'orderId': '6868910294121', 'event_type': 'REPLACE'}",MBO
2025-11-14 03:20:56.641000-05:00,MNQZ5.CME@RITHMIC,74488267752400,SELL,24972.0,57,DEPTH,DEPTH,MNQZ5.CME@RITHMIC_20251113_230640_bedbcb11,NONE,,"{'size': 57, 'isBid': False, 'price': 99888, 'data_type': 'DEPTH'}",DEPTH
2025-11-14 03:20:56.618000-05:00,MNQZ5.CME@RITHMIC,74488244425900,SELL,24980.75,27,DEPTH,DEPTH,MNQZ5.CME@RITHMIC_20251113_230640_bedbcb11,NONE,,"{'size': 27, 'isBid': False, 'price': 99923, 'data_type': 'DEPTH'}",DEPTH
2025-11-14 03:20:56.612000-05:00,MNQZ5.CME@RITHMIC,74488238372700,SELL,24992.25,72,DEPTH,DEPTH,MNQZ5.CME@RITHMIC_20251113_230640_bedbcb11,NONE,,"{'size': 72, 'isBid': False, 'price': 99969, 'data_type': 'DEPTH'}",DEPTH
2025-11-14 03:20:56.602000-05:00,MNQZ5.CME@RITHMIC,74488228291400,SELL,25028.0,23,DEPTH,DEPTH,MNQZ5.CME@RITHMIC_20251113_230640_bedbcb11,NONE,,"{'size': 23, 'isBid': False, 'price': 100112, 'data_type': 'DEPTH'}",DEPTH
2025-11-14 03:20:56.542000-05:00,MNQZ5.CME@RITHMIC,74488168641100,BUY,24949.0,109,DEPTH,DEPTH,MNQZ5.CME@RITHMIC_20251113_230640_bedbcb11,NONE,,"{'size': 109, 'isBid': True, 'price': 99796, 'data_type': 'DEPTH'}",DEPTH
2025-11-14 03:20:56.524000-05:00,MNQZ5.CME@RITHMIC,74488149987900,BUY,24942.0,23,DEPTH,DEPTH,MNQZ5.CME@RITHMIC_20251113_230640_bedbcb11,NONE,,"{'size': 23, 'isBid': True, 'price': 99768, 'data_type': 'DEPTH'}",DEPTH
2025-11-14 03:20:56.519000-05:00,MNQZ5.CME@RITHMIC,74488145523700,BUY,24940.0,58,DEPTH,DEPTH,MNQZ5.CME@RITHMIC_20251113_230640_bedbcb11,NONE,,"{'size': 58, 'isBid': True, 'price': 99760, 'data_type': 'DEPTH'}",DEPTH
2025-11-14 03:20:56.500000-05:00,MNQZ5.CME@RITHMIC,74488126374900,BUY,24922.25,22,DEPTH,DEPTH,MNQZ5.CME@RITHMIC_20251113_230640_bedbcb11,NONE,,"{'size': 22, 'isBid': True, 'price': 99689, 'data_type': 'DEPTH'}",DEPTH
2025-11-14 03:20:56.474000-05:00,MNQZ5.CME@RITHMIC,74488100338900,BUY,24875.0,21,DEPTH,DEPTH,MNQZ5.CME@RITHMIC_20251113_230640_bedbcb11,NONE,,"{'size': 21, 'isBid': True, 'price': 99500, 'data_type': 'DEPTH'}",DEPTH
2025-11-14 03:20:56.471000-05:00,MNQZ5.CME@RITHMIC,74488097075300,BUY,24800.0,168,DEPTH,DEPTH,MNQZ5.CME@RITHMIC_20251113_230640_bedbcb11,NONE,,"{'size': 168, 'isBid': True, 'price': 99200, 'data_type': 'DEPTH'}",DEPTH
2025-11-14 03:20:52.050000-05:00,MNQZ5.CME@RITHMIC,6868910225253,BUY,24924.75,20,LIMIT,UPDATE,MNQZ5.CME@RITHMIC_20251113_230640_bedbcb11,NONE,,"{'size': 20, 'price': 99699, 'orderId': '6868910225253', 'event_type': 'REPLACE'}",MBO
2025-11-14 03:20:49.872000-05:00,MNQZ5.CME@RITHMIC,6868910225086,SELL,24985.25,20,LIMIT,UPDATE,MNQZ5.CME@RITHMIC_20251113_230640_bedbcb11,NONE,,"{'size': 20, 'price': 99941, 'orderId': '6868910225086', 'event_type': 'REPLACE'}",MBO
2025-11-14 03:20:44.495000-05:00,MNQZ5.CME@RITHMIC,74476122483100,SELL,24972.0,59,DEPTH,DEPTH,MNQZ5.CME@RITHMIC_20251113_230640_bedbcb11,NONE,,"{'size': 59, 'isBid': False, 'price': 99888, 'data_type': 'DEPTH'}",DEPTH
2025-11-14 03:20:44.447000-05:00,MNQZ5.CME@RITHMIC,74476072806700,SELL,24985.25,23,DEPTH,DEPTH,MNQZ5.CME@RITHMIC_20251113_230640_bedbcb11,NONE,,"{'size': 23, 'isBid': False, 'price': 99941, 'data_type': 'DEPTH'}",DEPTH
2025-11-14 03:20:44.417000-05:00,MNQZ5.CME@RITHMIC,74476044149200,SELL,25020.0,25,DEPTH,DEPTH,MNQZ5.CME@RITHMIC_20251113_230640_bedbcb11,NONE,,"{'size': 25, 'isBid': False, 'price': 100080, 'data_type': 'DEPTH'}",DEPTH
2025-11-14 03:20:44.404000-05:00,MNQZ5.CME@RITHMIC,74476030224000,SELL,25028.0,25,DEPTH,DEPTH,MNQZ5.CME@RITHMIC_20251113_230640_bedbcb11,NONE,,"{'size': 25, 'isBid': False, 'price': 100112, 'data_type': 'DEPTH'}",DEPTH
2025-11-14 03:20:44.387000-05:00,MNQZ5.CME@RITHMIC,74476013855900,SELL,25031.5,74,DEPTH,DEPTH,MNQZ5.CME@RITHMIC_20251113_230640_bedbcb11,NONE,,"{'size': 74, 'isBid': False, 'price': 100126, 'data_type': 'DEPTH'}",DEPTH
2025-11-14 03:20:44.288000-05:00,MNQZ5.CME@RITHMIC,74475914489400,BUY,24942.0,21,DEPTH,DEPTH,MNQZ5.CME@RITHMIC_20251113_230640_bedbcb11,NONE,,"{'size': 21, 'isBid': True, 'price': 99768, 'data_type': 'DEPTH'}",DEPTH
2025-11-14 03:20:44.279000-05:00,MNQZ5.CME@RITHMIC,74475904896300,BUY,24940.0,60,DEPTH,DEPTH,MNQZ5.CME@RITHMIC_20251113_230640_bedbcb11,NONE,,"{'size': 60, 'isBid': True, 'price': 99760, 'data_type': 'DEPTH'}",DEPTH
2025-11-14 03:20:44.267000-05:00,MNQZ5.CME@RITHMIC,74475893161000,BUY,24934.0,22,DEPTH,DEPTH,MNQZ5.CME@RITHMIC_20251113_230640_bedbcb11,NONE,,"{'size': 22, 'isBid': True, 'price': 99736, 'data_type': 'DEPTH'}",DEPTH
2025-11-14 03:20:44.235000-05:00,MNQZ5.CME@RITHMIC,74475861856800,BUY,24924.75,24,DEPTH,DEPTH,MNQZ5.CME@RITHMIC_20251113_230640_bedbcb11,NONE,,"{'size': 24, 'isBid': True, 'price': 99699, 'data_type': 'DEPTH'}",DEPTH
2025-11-14 03:20:44.221000-05:00,MNQZ5.CME@RITHMIC,74475846756300,BUY,24900.0,127,DEPTH,DEPTH,MNQZ5.CME@RITHMIC_20251113_230640_bedbcb11,NONE,,"{'size': 127, 'isBid': True, 'price': 99600, 'data_type': 'DEPTH'}",DEPTH
2025-11-14 03:20:44.211000-05:00,MNQZ5.CME@RITHMIC,74475837526700,BUY,24880.0,32,DEPTH,DEPTH,MNQZ5.CME@RITHMIC_20251113_230640_bedbcb11,NONE,,"{'size': 32, 'isBid': True, 'price': 99520, 'data_type': 'DEPTH'}",DEPTH
2025-11-14 03:20:44.187000-05:00,MNQZ5.CME@RITHMIC,74475814233600,BUY,24875.0,21,DEPTH,DEPTH,MNQZ5.CME@RITHMIC_20251113_230640_bedbcb11,NONE,,"{'size': 21, 'isBid': True, 'price': 99500, 'data_type': 'DEPTH'}",DEPTH
2025-11-14 03:20:44.176000-05:00,MNQZ5.CME@RITHMIC,74475802663800,BUY,24870.0,31,DEPTH,DEPTH,MNQZ5.CME@RITHMIC_20251113_230640_bedbcb11,NONE,,"{'size': 31, 'isBid': True, 'price': 99480, 'data_type': 'DEPTH'}",DEPTH
2025-11-14 03:20:37.894000-05:00,MNQZ5.CME@RITHMIC,6868910225253,BUY,24927.25,20,LIMIT,UPDATE,MNQZ5.CME@RITHMIC_20251113_230640_bedbcb11,NONE,,"{'size': 20, 'price': 99709, 'orderId': '6868910225253', 'event_type': 'REPLACE'}",MBO
2025-11-14 03:20:36.448000-05:00,MNQZ5.CME@RITHMIC,6868910294121,SELL,25031.5,70,LIMIT,UPDATE,MNQZ5.CME@RITHMIC_20251113_230640_bedbcb11,NONE,,"{'size': 70, 'price': 100126, 'orderId': '6868910294121', 'event_type': 'REPLACE'}",MBO
2025-11-14 03:20:35.466000-05:00,MNQZ5.CME@RITHMIC,6868910225086,SELL,24985.25,20,LIMIT,UPDATE,MNQZ5.CME@RITHMIC_20251113_230640_bedbcb11,NONE,,"{'size': 20, 'price': 99941, 'orderId': '6868910225086', 'event_type': 'REPLACE'}",MBO
2025-11-14 03:20:28.808000-05:00,MNQZ5.CME@RITHMIC,74460434971500,SELL,24972.0,62,DEPTH,DEPTH,MNQZ5.CME@RITHMIC_20251113_230640_bedbcb11,NONE,,"{'size': 62, 'isBid': False, 'price': 99888, 'data_type': 'DEPTH'}",DEPTH
2025-11-14 03:20:28.740000-05:00,MNQZ5.CME@RITHMIC,74460366791800,SELL,24985.25,23,DEPTH,DEPTH,MNQZ5.CME@RITHMIC_20251113_230640_bedbcb11,NONE,,"{'size': 23, 'isBid': False, 'price': 99941, 'data_type': 'DEPTH'}",DEPTH
2025-11-14 03:20:28.682000-05:00,MNQZ5.CME@RITHMIC,74460309086000,SELL,25020.0,27,DEPTH,DEPTH,MNQZ5.CME@RITHMIC_20251113_230640_bedbcb11,NONE,,"{'size': 27, 'isBid': False, 'price': 100080, 'data_type': 'DEPTH'}",DEPTH
2025-11-14 03:20:28.675000-05:00,MNQZ5.CME@RITHMIC,74460301696100,SELL,25031.5,73,DEPTH,DEPTH,MNQZ5.CME@RITHMIC_20251113_230640_bedbcb11,NONE,,"{'size': 73, 'isBid': False, 'price': 100126, 'data_type': 'DEPTH'}",DEPTH
2025-11-14 03:20:28.432000-05:00,MNQZ5.CME@RITHMIC,74460058319800,BUY,24942.0,21,DEPTH,DEPTH,MNQZ5.CME@RITHMIC_20251113_230640_bedbcb11,NONE,,"{'size': 21, 'isBid': True, 'price': 99768, 'data_type': 'DEPTH'}",DEPTH
2025-11-14 03:20:28.394000-05:00,MNQZ5.CME@RITHMIC,74460020993400,BUY,24934.0,24,DEPTH,DEPTH,MNQZ5.CME@RITHMIC_20251113_230640_bedbcb11,NONE,,"{'size': 24, 'isBid': True, 'price': 99736, 'data_type': 'DEPTH'}",DEPTH
2025-11-14 03:20:28.372000-05:00,MNQZ5.CME@RITHMIC,74459998724300,BUY,24927.25,22,DEPTH,DEPTH,MNQZ5.CME@RITHMIC_20251113_230640_bedbcb11,NONE,,"{'size': 22, 'isBid': True, 'price': 99709, 'data_type': 'DEPTH'}",DEPTH
2025-11-14 03:20:28.368000-05:00,MNQZ5.CME@RITHMIC,74459995176100,BUY,24920.0,22,DEPTH,DEPTH,MNQZ5.CME@RITHMIC_20251113_230640_bedbcb11,NONE,,"{'size': 22, 'isBid': True, 'price': 99680, 'data_type': 'DEPTH'}",DEPTH
2025-11-14 03:20:28.365000-05:00,MNQZ5.CME@RITHMIC,74459991258500,BUY,24910.0,27,DEPTH,DEPTH,MNQZ5.CME@RITHMIC_20251113_230640_bedbcb11,NONE,,"{'size': 27, 'isBid': True, 'price': 99640, 'data_type': 'DEPTH'}",DEPTH
2025-11-14 03:20:28.287000-05:00,MNQZ5.CME@RITHMIC,74459913999800,BUY,24880.0,32,DEPTH,DEPTH,MNQZ5.CME@RITHMIC_20251113_230640_bedbcb11,NONE,,"{'size': 32, 'isBid': True, 'price': 99520, 'data_type': 'DEPTH'}",DEPTH
2025-11-14 03:20:19.707000-05:00,MNQZ5.CME@RITHMIC,74451332565200,BUY,24934.5,24,DEPTH,DEPTH,MNQZ5.CME@RITHMIC_20251113_230640_bedbcb11,NONE,,"{'size': 24, 'isBid': True, 'price': 99738, 'data_type': 'DEPTH'}",DEPTH
2025-11-14 03:20:19.703000-05:00,MNQZ5.CME@RITHMIC,6868910225253,BUY,24934.5,20,LIMIT,UPDATE,MNQZ5.CME@RITHMIC_20251113_230640_bedbcb11,NONE,,"{'size': 20, 'price': 99738, 'orderId': '6868910225253', 'event_type': 'REPLACE'}",MBO
2025-11-14 03:20:19.660000-05:00,MNQZ5.CME@RITHMIC,74451286548000,SELL,24994.0,24,DEPTH,DEPTH,MNQZ5.CME@RITHMIC_20251113_230640_bedbcb11,NONE,,"{'size': 24, 'isBid': False, 'price': 99976, 'data_type': 'DEPTH'}",DEPTH
2025-11-14 03:20:19.655000-05:00,MNQZ5.CME@RITHMIC,6868910225086,SELL,24994.0,20,LIMIT,UPDATE,MNQZ5.CME@RITHMIC_20251113_230640_bedbcb11,NONE,,"{'size': 20, 'price': 99976, 'orderId': '6868910225086', 'event_type': 'REPLACE'}",MBO
2025-11-14 03:20:19.654000-05:00,MNQZ5.CME@RITHMIC,74451280249100,SELL,24981.5,25,DEPTH,DEPTH,MNQZ5.CME@RITHMIC_20251113_230640_bedbcb11,NONE,,"{'size': 25, 'isBid': False, 'price': 99926, 'data_type': 'DEPTH'}",DEPTH
2025-11-14 03:20:16.945000-05:00,MNQZ5.CME@RITHMIC,74448572186300,BUY,24936.75,24,DEPTH,DEPTH,MNQZ5.CME@RITHMIC_20251113_230640_bedbcb11,NONE,,"{'size': 24, 'isBid': True, 'price': 99747, 'data_type': 'DEPTH'}",DEPTH
2025-11-14 03:20:16.943000-05:00,MNQZ5.CME@RITHMIC,6868910225253,BUY,24936.75,20,LIMIT,UPDATE,MNQZ5.CME@RITHMIC_20251113_230640_bedbcb11,NONE,,"{'size': 20, 'price': 99747, 'orderId': '6868910225253', 'event_type': 'REPLACE'}",MBO
2025-11-14 03:20:16.519000-05:00,MNQZ5.CME@RITHMIC,74448145309500,SELL,25044.0,20,DEPTH,DEPTH,MNQZ5.CME@RITHMIC_20251113_230640_bedbcb11,NONE,,"{'size': 20, 'isBid': False, 'price': 100176, 'data_type': 'DEPTH'}",DEPTH
2025-11-14 03:20:15.890000-05:00,MNQZ5.CME@RITHMIC,74447516664900,BUY,24960.0,21,DEPTH,DEPTH,MNQZ5.CME@RITHMIC_20251113_230640_bedbcb11,NONE,,"{'size': 21, 'isBid': True, 'price': 99840, 'data_type': 'DEPTH'}",DEPTH
2025-11-14 03:20:15.038000-05:00,MNQZ5.CME@RITHMIC,74446664140500,SELL,24973.0,25,DEPTH,DEPTH,MNQZ5.CME@RITHMIC_20251113_230640_bedbcb11,NONE,,"{'size': 25, 'isBid': False, 'price': 99892, 'data_type': 'DEPTH'}",DEPTH
2025-11-14 03:20:14.687000-05:00,MNQZ5.CME@RITHMIC,74446313791400,BUY,24934.0,22,DEPTH,DEPTH,MNQZ5.CME@RITHMIC_20251113_230640_bedbcb11,NONE,,"{'size': 22, 'isBid': True, 'price': 99736, 'data_type': 'DEPTH'}",DEPTH
2025-11-14 03:20:14.341000-05:00,MNQZ5.CME@RITHMIC,74445967450300,SELL,24996.25,22,DEPTH,DEPTH,MNQZ5.CME@RITHMIC_20251113_230640_bedbcb11,NONE,,"{'size': 22, 'isBid': False, 'price': 99985, 'data_type': 'DEPTH'}",DEPTH
2025-11-14 03:20:14.339000-05:00,MNQZ5.CME@RITHMIC,6868910225086,SELL,24996.25,20,LIMIT,UPDATE,MNQZ5.CME@RITHMIC_20251113_230640_bedbcb11,NONE,,"{'size': 20, 'price': 99985, 'orderId': '6868910225086', 'event_type': 'REPLACE'}",MBO
2025-11-14 03:20:13.027000-05:00,MNQZ5.CME@RITHMIC,6868910225086,SELL,24998.5,20,LIMIT,UPDATE,MNQZ5.CME@RITHMIC_20251113_230640_bedbcb11,NONE,,"{'size': 20, 'price': 99994, 'orderId': '6868910225086', 'event_type': 'REPLACE'}",MBO
2025-11-14 03:20:09.093000-05:00,MNQZ5.CME@RITHMIC,6868910225253,BUY,24939.0,20,LIMIT,UPDATE,MNQZ5.CME@RITHMIC_20251113_230640_bedbcb11,NONE,,"{'size': 20, 'price': 99756, 'orderId': '6868910225253', 'event_type': 'REPLACE'}",MBO
2025-11-14 03:20:07.232000-05:00,MNQZ5.CME@RITHMIC,74438858665100,SELL,24972.0,63,DEPTH,DEPTH,MNQZ5.CME@RITHMIC_20251113_230640_bedbcb11,NONE,,"{'size': 63, 'isBid': False, 'price': 99888, 'data_type': 'DEPTH'}",DEPTH
2025-11-14 03:20:07.228000-05:00,MNQZ5.CME@RITHMIC,74438853807100,SELL,24973.0,21,DEPTH,DEPTH,MNQZ5.CME@RITHMIC_20251113_230640_bedbcb11,NONE,,"{'size': 21, 'isBid': False, 'price': 99892, 'data_type': 'DEPTH'}",DEPTH
2025-11-14 03:20:07.175000-05:00,MNQZ5.CME@RITHMIC,74438800985500,SELL,24998.5,23,DEPTH,DEPTH,MNQZ5.CME@RITHMIC_20251113_230640_bedbcb11,NONE,,"{'size': 23, 'isBid': False, 'price': 99994, 'data_type': 'DEPTH'}",DEPTH
2025-11-14 03:20:07.114000-05:00,MNQZ5.CME@RITHMIC,74438740007200,SELL,25230.0,42,DEPTH,DEPTH,MNQZ5.CME@RITHMIC_20251113_230640_bedbcb11,NONE,,"{'size': 42, 'isBid': False, 'price': 100920, 'data_type': 'DEPTH'}",DEPTH
2025-11-14 03:20:07.020000-05:00,MNQZ5.CME@RITHMIC,74438646650700,BUY,24939.0,26,DEPTH,DEPTH,MNQZ5.CME@RITHMIC_20251113_230640_bedbcb11,NONE,,"{'size': 26, 'isBid': True, 'price': 99756, 'data_type': 'DEPTH'}",DEPTH
2025-11-14 03:20:07.014000-05:00,MNQZ5.CME@RITHMIC,74438640264300,BUY,24934.0,21,DEPTH,DEPTH,MNQZ5.CME@RITHMIC_20251113_230640_bedbcb11,NONE,,"{'size': 21, 'isBid': True, 'price': 99736, 'data_type': 'DEPTH'}",DEPTH
2025-11-14 03:20:06.038000-05:00,MNQZ5.CME@RITHMIC,6868910294121,SELL,24993.25,70,LIMIT,ADD,MNQZ5.CME@RITHMIC_20251113_230640_bedbcb11,NONE,,"{'size': 70, 'isBid': False, 'price': 99973, 'orderId': '6868910294121', 'event_type': 'SEND'}",MBO
2025-11-14 03:20:00.524000-05:00,MNQZ5.CME@RITHMIC,6868910225253,BUY,24936.75,20,LIMIT,UPDATE,MNQZ5.CME@RITHMIC_20251113_230640_bedbcb11,NONE,,"{'size': 20, 'price': 99747, 'orderId': '6868910225253', 'event_type': 'REPLACE'}",MBO
2025-11-14 03:19:57.954000-05:00,MNQZ5.CME@RITHMIC,6868910225086,SELL,24996.0,20,LIMIT,UPDATE,MNQZ5.CME@RITHMIC_20251113_230640_bedbcb11,NONE,,"{'size': 20, 'price': 99984, 'orderId': '6868910225086', 'event_type': 'REPLACE'}",MBO
2025-11-14 03:19:53.698000-05:00,MNQZ5.CME@RITHMIC,74425325123100,SELL,24972.0,60,DEPTH,DEPTH,MNQZ5.CME@RITHMIC_20251113_230640_bedbcb11,NONE,,"{'size': 60, 'isBid': False, 'price': 99888, 'data_type': 'DEPTH'}",DEPTH
2025-11-14 03:19:53.613000-05:00,MNQZ5.CME@RITHMIC,74425240128600,SELL,24993.25,74,DEPTH,DEPTH,MNQZ5.CME@RITHMIC_20251113_230640_bedbcb11,NONE,,"{'size': 74, 'isBid': False, 'price': 99973, 'data_type': 'DEPTH'}",DEPTH
2025-11-14 03:19:53.597000-05:00,MNQZ5.CME@RITHMIC,74425223214200,SELL,24996.0,28,DEPTH,DEPTH,MNQZ5.CME@RITHMIC_20251113_230640_bedbcb11,NONE,,"{'size': 28, 'isBid': False, 'price': 99984, 'data_type': 'DEPTH'}",DEPTH
2025-11-14 03:19:53.530000-05:00,MNQZ5.CME@RITHMIC,74425156877200,SELL,25044.0,20,DEPTH,DEPTH,MNQZ5.CME@RITHMIC_20251113_230640_bedbcb11,NONE,,"{'size': 20, 'isBid': False, 'price': 100176, 'data_type': 'DEPTH'}",DEPTH
2025-11-14 03:19:53.499000-05:00,MNQZ5.CME@RITHMIC,74425125417900,SELL,25350.0,82,DEPTH,DEPTH,MNQZ5.CME@RITHMIC_20251113_230640_bedbcb11,NONE,,"{'size': 82, 'isBid': False, 'price': 101400, 'data_type': 'DEPTH'}",DEPTH
2025-11-14 03:19:53.349000-05:00,MNQZ5.CME@RITHMIC,74424975565700,BUY,24936.75,24,DEPTH,DEPTH,MNQZ5.CME@RITHMIC_20251113_230640_bedbcb11,NONE,,"{'size': 24, 'isBid': True, 'price': 99747, 'data_type': 'DEPTH'}",DEPTH
2025-11-14 03:19:53.339000-05:00,MNQZ5.CME@RITHMIC,74424965027600,BUY,24930.0,20,DEPTH,DEPTH,MNQZ5.CME@RITHMIC_20251113_230640_bedbcb11,NONE,,"{'size': 20, 'isBid': True, 'price': 99720, 'data_type': 'DEPTH'}",DEPTH
2025-11-14 03:19:53.275000-05:00,MNQZ5.CME@RITHMIC,74424901986900,BUY,24875.0,21,DEPTH,DEPTH,MNQZ5.CME@RITHMIC_20251113_230640_bedbcb11,NONE,,"{'size': 21, 'isBid': True, 'price': 99500, 'data_type': 'DEPTH'}",DEPTH
2025-11-14 03:19:53.269000-05:00,MNQZ5.CME@RITHMIC,74424895738100,BUY,24750.0,48,DEPTH,DEPTH,MNQZ5.CME@RITHMIC_20251113_230640_bedbcb11,NONE,,"{'size': 48, 'isBid': True, 'price': 99000, 'data_type': 'DEPTH'}",DEPTH
2025-11-14 03:19:52.769000-05:00,MNQZ5.CME@RITHMIC,74424395930200,SELL,99884.0,23,TRADE,TRADE,MNQZ5.CME@RITHMIC_20251113_230640_bedbcb11,NONE,,"{'size': 23, 'isOtc': False, 'price': 99884.0, 'data_type': 'TRADE', 'isBidAggressor': True, 'isExecutionEnd': True, 'passiveOrderId': None, 'aggressorOrderId': None, 'isExecutionStart': True, 'serialVersionUID': -5266538964320734421}",TRADE
2025-11-14 03:19:52.765000-05:00,MNQZ5.CME@RITHMIC,74424391402900,SELL,99888.0,100,TRADE,TRADE,MNQZ5.CME@RITHMIC_20251113_230640_bedbcb11,NONE,,"{'size': 100, 'isOtc': False, 'price': 99888.0, 'data_type': 'TRADE', 'isBidAggressor': True, 'isExecutionEnd': True, 'passiveOrderId': None, 'aggressorOrderId': None, 'isExecutionStart': True, 'serialVersionUID': -5266538964320734421}",TRADE
2025-11-14 03:19:48.024000-05:00,MNQZ5.CME@RITHMIC,6868910129297,SELL,24972.0,52,LIMIT,UPDATE,MNQZ5.CME@RITHMIC_20251113_230640_bedbcb11,NONE,,"{'size': 52, 'price': 99888, 'orderId': '6868910129297', 'event_type': 'REPLACE'}",MBO
2025-11-14 03:19:47.147000-05:00,MNQZ5.CME@RITHMIC,6868910225253,BUY,24941.5,20,LIMIT,UPDATE,MNQZ5.CME@RITHMIC_20251113_230640_bedbcb11,NONE,,"{'size': 20, 'price': 99766, 'orderId': '6868910225253', 'event_type': 'REPLACE'}",MBO
2025-11-14 03:19:43.893000-05:00,MNQZ5.CME@RITHMIC,6868910225086,SELL,25000.0,20,LIMIT,UPDATE,MNQZ5.CME@RITHMIC_20251113_230640_bedbcb11,NONE,,"{'size': 20, 'price': 100000, 'orderId': '6868910225086', 'event_type': 'REPLACE'}",MBO
2025-11-14 03:19:39.568000-05:00,MNQZ5.CME@RITHMIC,74411193965900,SELL,24972.0,58,DEPTH,DEPTH,MNQZ5.CME@RITHMIC_20251113_230640_bedbcb11,NONE,,"{'size': 58, 'isBid': False, 'price': 99888, 'data_type': 'DEPTH'}",DEPTH
2025-11-14 03:19:39.562000-05:00,MNQZ5.CME@RITHMIC,74411188087000,SELL,24973.0,20,DEPTH,DEPTH,MNQZ5.CME@RITHMIC_20251113_230640_bedbcb11,NONE,,"{'size': 20, 'isBid': False, 'price': 99892, 'data_type': 'DEPTH'}",DEPTH
2025-11-14 03:19:39.459000-05:00,MNQZ5.CME@RITHMIC,74411085251200,SELL,25000.0,31,DEPTH,DEPTH,MNQZ5.CME@RITHMIC_20251113_230640_bedbcb11,NONE,,"{'size': 31, 'isBid': False, 'price': 100000, 'data_type': 'DEPTH'}",DEPTH
2025-11-14 03:19:39.406000-05:00,MNQZ5.CME@RITHMIC,74411032337400,SELL,25044.0,20,DEPTH,DEPTH,MNQZ5.CME@RITHMIC_20251113_230640_bedbcb11,NONE,,"{'size': 20, 'isBid': False, 'price': 100176, 'data_type': 'DEPTH'}",DEPTH
2025-11-14 03:19:39.383000-05:00,MNQZ5.CME@RITHMIC,74411010127100,SELL,25100.0,45,DEPTH,DEPTH,MNQZ5.CME@RITHMIC_20251113_230640_bedbcb11,NONE,,"{'size': 45, 'isBid': False, 'price': 100400, 'data_type': 'DEPTH'}",DEPTH
2025-11-14 03:19:39.207000-05:00,MNQZ5.CME@RITHMIC,74410832929400,BUY,24941.5,25,DEPTH,DEPTH,MNQZ5.CME@RITHMIC_20251113_230640_bedbcb11,NONE,,"{'size': 25, 'isBid': True, 'price': 99766, 'data_type': 'DEPTH'}",DEPTH
2025-11-14 03:19:39.183000-05:00,MNQZ5.CME@RITHMIC,74410809038600,BUY,24936.0,20,DEPTH,DEPTH,MNQZ5.CME@RITHMIC_20251113_230640_bedbcb11,NONE,,"{'size': 20, 'isBid': True, 'price': 99744, 'data_type': 'DEPTH'}",DEPTH
2025-11-14 03:19:39.177000-05:00,MNQZ5.CME@RITHMIC,74410802890400,BUY,24934.0,20,DEPTH,DEPTH,MNQZ5.CME@RITHMIC_20251113_230640_bedbcb11,NONE,,"{'size': 20, 'isBid': True, 'price': 99736, 'data_type': 'DEPTH'}",DEPTH
2025-11-14 03:19:39.141000-05:00,MNQZ5.CME@RITHMIC,74410767923400,BUY,24900.0,128,DEPTH,DEPTH,MNQZ5.CME@RITHMIC_20251113_230640_bedbcb11,NONE,,"{'size': 128, 'isBid': True, 'price': 99600, 'data_type': 'DEPTH'}",DEPTH
2025-11-14 03:19:33.358000-05:00,MNQZ5.CME@RITHMIC,6868910225253,BUY,24934.75,20,LIMIT,UPDATE,MNQZ5.CME@RITHMIC_20251113_230640_bedbcb11,NONE,,"{'size': 20, 'price': 99739, 'orderId': '6868910225253', 'event_type': 'REPLACE'}",MBO
2025-11-14 03:19:31.350000-05:00,MNQZ5.CME@RITHMIC,6868910225086,SELL,24993.25,20,LIMIT,UPDATE,MNQZ5.CME@RITHMIC_20251113_230640_bedbcb11,NONE,,"{'size': 20, 'price': 99973, 'orderId': '6868910225086', 'event_type': 'REPLACE'}",MBO
2025-11-14 03:19:23.647000-05:00,MNQZ5.CME@RITHMIC,74395273627500,SELL,24972.0,156,DEPTH,DEPTH,MNQZ5.CME@RITHMIC_20251113_230640_bedbcb11,NONE,,"{'size': 156, 'isBid': False, 'price': 99888, 'data_type': 'DEPTH'}",DEPTH
2025-11-14 03:19:23.586000-05:00,MNQZ5.CME@RITHMIC,74395211961700,SELL,24993.25,23,DEPTH,DEPTH,MNQZ5.CME@RITHMIC_20251113_230640_bedbcb11,NONE,,"{'size': 23, 'isBid': False, 'price': 99973, 'data_type': 'DEPTH'}",DEPTH
2025-11-14 03:19:23.580000-05:00,MNQZ5.CME@RITHMIC,74395206746300,SELL,25031.0,25,DEPTH,DEPTH,MNQZ5.CME@RITHMIC_20251113_230640_bedbcb11,NONE,,"{'size': 25, 'isBid': False, 'price': 100124, 'data_type': 'DEPTH'}",DEPTH
2025-11-14 03:19:23.425000-05:00,MNQZ5.CME@RITHMIC,74395052796800,BUY,24947.25,27,DEPTH,DEPTH,MNQZ5.CME@RITHMIC_20251113_230640_bedbcb11,NONE,,"{'size': 27, 'isBid': True, 'price': 99789, 'data_type': 'DEPTH'}",DEPTH
2025-11-14 03:19:23.400000-05:00,MNQZ5.CME@RITHMIC,74395026893100,BUY,24942.0,21,DEPTH,DEPTH,MNQZ5.CME@RITHMIC_20251113_230640_bedbcb11,NONE,,"{'size': 21, 'isBid': True, 'price': 99768, 'data_type': 'DEPTH'}",DEPTH
2025-11-14 03:19:23.398000-05:00,MNQZ5.CME@RITHMIC,74395024286400,BUY,24940.0,60,DEPTH,DEPTH,MNQZ5.CME@RITHMIC_20251113_230640_bedbcb11,NONE,,"{'size': 60, 'isBid': True, 'price': 99760, 'data_type': 'DEPTH'}",DEPTH
2025-11-14 03:19:23.377000-05:00,MNQZ5.CME@RITHMIC,74395003212200,BUY,24934.75,24,DEPTH,DEPTH,MNQZ5.CME@RITHMIC_20251113_230640_bedbcb11,NONE,,"{'size': 24, 'isBid': True, 'price': 99739, 'data_type': 'DEPTH'}",DEPTH
2025-11-14 03:19:23.361000-05:00,MNQZ5.CME@RITHMIC,74394987780900,BUY,24931.0,29,DEPTH,DEPTH,MNQZ5.CME@RITHMIC_20251113_230640_bedbcb11,NONE,,"{'size': 29, 'isBid': True, 'price': 99724, 'data_type': 'DEPTH'}",DEPTH
2025-11-14 03:19:23.275000-05:00,MNQZ5.CME@RITHMIC,74394901851900,BUY,24880.0,31,DEPTH,DEPTH,MNQZ5.CME@RITHMIC_20251113_230640_bedbcb11,NONE,,"{'size': 31, 'isBid': True, 'price': 99520, 'data_type': 'DEPTH'}",DEPTH
2025-11-14 03:19:22.985000-05:00,MNQZ5.CME@RITHMIC,74394611658100,BUY,99808.0,20,TRADE,TRADE,MNQZ5.CME@RITHMIC_20251113_230640_bedbcb11,NONE,,"{'size': 20, 'isOtc': False, 'price': 99808.0, 'data_type': 'TRADE', 'isBidAggressor': False, 'isExecutionEnd': True, 'passiveOrderId': None, 'aggressorOrderId': None, 'isExecutionStart': True, 'serialVersionUID': -5266538964320734421}",TRADE
2025-11-14 03:19:22.984000-05:00,MNQZ5.CME@RITHMIC,74394610212900,BUY,99804.0,24,TRADE,TRADE,MNQZ5.CME@RITHMIC_20251113_230640_bedbcb11,NONE,,"{'size': 24, 'isOtc': False, 'price': 99804.0, 'data_type': 'TRADE', 'isBidAggressor': False, 'isExecutionEnd': True, 'passiveOrderId': None, 'aggressorOrderId': None, 'isExecutionStart': True, 'serialVersionUID': -5266538964320734421}",TRADE
2025-11-14 03:19:22.978000-05:00,MNQZ5.CME@RITHMIC,74394605118600,BUY,99805.0,26,TRADE,TRADE,MNQZ5.CME@RITHMIC_20251113_230640_bedbcb11,NONE,,"{'size': 26, 'isOtc': False, 'price': 99805.0, 'data_type': 'TRADE', 'isBidAggressor': False, 'isExecutionEnd': True, 'passiveOrderId': None, 'aggressorOrderId': None, 'isExecutionStart': True, 'serialVersionUID': -5266538964320734421}",TRADE
2025-11-14 03:19:22.938000-05:00,MNQZ5.CME@RITHMIC,74394565093300,SELL,99810.0,23,TRADE,TRADE,MNQZ5.CME@RITHMIC_20251113_230640_bedbcb11,NONE,,"{'size': 23, 'isOtc': False, 'price': 99810.0, 'data_type': 'TRADE', 'isBidAggressor': True, 'isExecutionEnd': True, 'passiveOrderId': None, 'aggressorOrderId': None, 'isExecutionStart': True, 'serialVersionUID': -5266538964320734421}",TRADE
2025-11-14 03:19:21.683000-05:00,MNQZ5.CME@RITHMIC,6868910225086,SELL,24984.25,20,LIMIT,UPDATE,MNQZ5.CME@RITHMIC_20251113_230640_bedbcb11,NONE,,"{'size': 20, 'price': 99937, 'orderId': '6868910225086', 'event_type': 'REPLACE'}",MBO
2025-11-14 03:19:18.039000-05:00,MNQZ5.CME@RITHMIC,6868910225253,BUY,24923.5,20,LIMIT,UPDATE,MNQZ5.CME@RITHMIC_20251113_230640_bedbcb11,NONE,,"{'size': 20, 'price': 99694, 'orderId': '6868910225253', 'event_type': 'REPLACE'}",MBO
2025-11-14 03:19:16.366000-05:00,MNQZ5.CME@RITHMIC,74387992710100,SELL,24984.25,23,DEPTH,DEPTH,MNQZ5.CME@RITHMIC_20251113_230640_bedbcb11,NONE,,"{'size': 23, 'isBid': False, 'price': 99937, 'data_type': 'DEPTH'}",DEPTH
2025-11-14 03:19:16.359000-05:00,MNQZ5.CME@RITHMIC,74387985021700,SELL,25020.0,28,DEPTH,DEPTH,MNQZ5.CME@RITHMIC_20251113_230640_bedbcb11,NONE,,"{'size': 28, 'isBid': False, 'price': 100080, 'data_type': 'DEPTH'}",DEPTH
2025-11-14 03:19:16.345000-05:00,MNQZ5.CME@RITHMIC,74387970882000,SELL,25028.0,25,DEPTH,DEPTH,MNQZ5.CME@RITHMIC_20251113_230640_bedbcb11,NONE,,"{'size': 25, 'isBid': False, 'price': 100112, 'data_type': 'DEPTH'}",DEPTH
2025-11-14 03:19:16.329000-05:00,MNQZ5.CME@RITHMIC,74387955535700,SELL,25031.0,26,DEPTH,DEPTH,MNQZ5.CME@RITHMIC_20251113_230640_bedbcb11,NONE,,"{'size': 26, 'isBid': False, 'price': 100124, 'data_type': 'DEPTH'}",DEPTH
2025-11-14 03:19:16.326000-05:00,MNQZ5.CME@RITHMIC,74387952867900,SELL,25050.0,52,DEPTH,DEPTH,MNQZ5.CME@RITHMIC_20251113_230640_bedbcb11,NONE,,"{'size': 52, 'isBid': False, 'price': 100200, 'data_type': 'DEPTH'}",DEPTH
2025-11-14 03:19:16.254000-05:00,MNQZ5.CME@RITHMIC,74387881187100,BUY,24942.0,23,DEPTH,DEPTH,MNQZ5.CME@RITHMIC_20251113_230640_bedbcb11,NONE,,"{'size': 23, 'isBid': True, 'price': 99768, 'data_type': 'DEPTH'}",DEPTH
2025-11-14 03:19:16.246000-05:00,MNQZ5.CME@RITHMIC,74387872062600,BUY,24940.0,61,DEPTH,DEPTH,MNQZ5.CME@RITHMIC_20251113_230640_bedbcb11,NONE,,"{'size': 61, 'isBid': True, 'price': 99760, 'data_type': 'DEPTH'}",DEPTH
2025-11-14 03:19:16.237000-05:00,MNQZ5.CME@RITHMIC,74387863788300,BUY,24936.0,29,DEPTH,DEPTH,MNQZ5.CME@RITHMIC_20251113_230640_bedbcb11,NONE,,"{'size': 29, 'isBid': True, 'price': 99744, 'data_type': 'DEPTH'}",DEPTH
2025-11-14 03:19:16.219000-05:00,MNQZ5.CME@RITHMIC,74387845977200,BUY,24923.5,26,DEPTH,DEPTH,MNQZ5.CME@RITHMIC_20251113_230640_bedbcb11,NONE,,"{'size': 26, 'isBid': True, 'price': 99694, 'data_type': 'DEPTH'}",DEPTH
2025-11-14 03:19:16.207000-05:00,MNQZ5.CME@RITHMIC,74387834642100,BUY,24910.0,28,DEPTH,DEPTH,MNQZ5.CME@RITHMIC_20251113_230640_bedbcb11,NONE,,"{'size': 28, 'isBid': True, 'price': 99640, 'data_type': 'DEPTH'}",DEPTH
2025-11-14 03:19:16.178000-05:00,MNQZ5.CME@RITHMIC,74387804603000,BUY,24875.0,20,DEPTH,DEPTH,MNQZ5.CME@RITHMIC_20251113_230640_bedbcb11,NONE,,"{'size': 20, 'isBid': True, 'price': 99500, 'data_type': 'DEPTH'}",DEPTH
2025-11-14 03:19:16.162000-05:00,MNQZ5.CME@RITHMIC,74387788629900,BUY,24600.0,34,DEPTH,DEPTH,MNQZ5.CME@RITHMIC_20251113_230640_bedbcb11,NONE,,"{'size': 34, 'isBid': True, 'price': 98400, 'data_type': 'DEPTH'}",DEPTH
2025-11-14 03:19:10.258000-05:00,MNQZ5.CME@RITHMIC,6868910225253,BUY,24921.25,20,LIMIT,UPDATE,MNQZ5.CME@RITHMIC_20251113_230640_bedbcb11,NONE,,"{'size': 20, 'price': 99685, 'orderId': '6868910225253', 'event_type': 'REPLACE'}",MBO
2025-11-14 03:19:06.801000-05:00,MNQZ5.CME@RITHMIC,6868910225086,SELL,24979.75,20,LIMIT,UPDATE,MNQZ5.CME@RITHMIC_20251113_230640_bedbcb11,NONE,,"{'size': 20, 'price': 99919, 'orderId': '6868910225086', 'event_type': 'REPLACE'}",MBO
2025-11-14 03:19:00.128000-05:00,MNQZ5.CME@RITHMIC,74371754331900,SELL,24979.75,23,DEPTH,DEPTH,MNQZ5.CME@RITHMIC_20251113_230640_bedbcb11,NONE,,"{'size': 23, 'isBid': False, 'price': 99919, 'data_type': 'DEPTH'}",DEPTH
2025-11-14 03:19:00.045000-05:00,MNQZ5.CME@RITHMIC,74371670999100,SELL,25028.0,23,DEPTH,DEPTH,MNQZ5.CME@RITHMIC_20251113_230640_bedbcb11,NONE,,"{'size': 23, 'isBid': False, 'price': 100112, 'data_type': 'DEPTH'}",DEPTH
2025-11-14 03:19:00.031000-05:00,MNQZ5.CME@RITHMIC,74371657133300,SELL,25031.0,23,DEPTH,DEPTH,MNQZ5.CME@RITHMIC_20251113_230640_bedbcb11,NONE,,"{'size': 23, 'isBid': False, 'price': 100124, 'data_type': 'DEPTH'}",DEPTH
2025-11-14 03:18:59.996000-05:00,MNQZ5.CME@RITHMIC,74371622901000,SELL,25245.0,32,DEPTH,DEPTH,MNQZ5.CME@RITHMIC_20251113_230640_bedbcb11,NONE,,"{'size': 32, 'isBid': False, 'price': 100980, 'data_type': 'DEPTH'}",DEPTH
2025-11-14 03:18:59.907000-05:00,MNQZ5.CME@RITHMIC,74371533700600,BUY,24942.0,23,DEPTH,DEPTH,MNQZ5.CME@RITHMIC_20251113_230640_bedbcb11,NONE,,"{'size': 23, 'isBid': True, 'price': 99768, 'data_type': 'DEPTH'}",DEPTH
2025-11-14 03:18:59.903000-05:00,MNQZ5.CME@RITHMIC,74371529288700,BUY,24941.0,20,DEPTH,DEPTH,MNQZ5.CME@RITHMIC_20251113_230640_bedbcb11,NONE,,"{'size': 20, 'isBid': True, 'price': 99764, 'data_type': 'DEPTH'}",DEPTH
2025-11-14 03:18:59.897000-05:00,MNQZ5.CME@RITHMIC,74371524060300,BUY,24940.0,62,DEPTH,DEPTH,MNQZ5.CME@RITHMIC_20251113_230640_bedbcb11,NONE,,"{'size': 62, 'isBid': True, 'price': 99760, 'data_type': 'DEPTH'}",DEPTH
2025-11-14 03:18:59.889000-05:00,MNQZ5.CME@RITHMIC,74371515711600,BUY,24938.0,24,DEPTH,DEPTH,MNQZ5.CME@RITHMIC_20251113_230640_bedbcb11,NONE,,"{'size': 24, 'isBid': True, 'price': 99752, 'data_type': 'DEPTH'}",DEPTH
2025-11-14 03:18:59.883000-05:00,MNQZ5.CME@RITHMIC,74371509204900,BUY,24934.0,21,DEPTH,DEPTH,MNQZ5.CME@RITHMIC_20251113_230640_bedbcb11,NONE,,"{'size': 21, 'isBid': True, 'price': 99736, 'data_type': 'DEPTH'}",DEPTH
2025-11-14 03:18:59.882000-05:00,MNQZ5.CME@RITHMIC,74371507985100,BUY,24933.75,23,DEPTH,DEPTH,MNQZ5.CME@RITHMIC_20251113_230640_bedbcb11,NONE,,"{'size': 23, 'isBid': True, 'price': 99735, 'data_type': 'DEPTH'}",DEPTH
2025-11-14 03:18:59.875000-05:00,MNQZ5.CME@RITHMIC,74371501427800,BUY,24931.0,30,DEPTH,DEPTH,MNQZ5.CME@RITHMIC_20251113_230640_bedbcb11,NONE,,"{'size': 30, 'isBid': True, 'price': 99724, 'data_type': 'DEPTH'}",DEPTH
2025-11-14 03:18:59.871000-05:00,MNQZ5.CME@RITHMIC,74371497063600,BUY,24930.0,20,DEPTH,DEPTH,MNQZ5.CME@RITHMIC_20251113_230640_bedbcb11,NONE,,"{'size': 20, 'isBid': True, 'price': 99720, 'data_type': 'DEPTH'}",DEPTH
2025-11-14 03:18:59.838000-05:00,MNQZ5.CME@RITHMIC,74371465045100,BUY,24921.25,22,DEPTH,DEPTH,MNQZ5.CME@RITHMIC_20251113_230640_bedbcb11,NONE,,"{'size': 22, 'isBid': True, 'price': 99685, 'data_type': 'DEPTH'}",DEPTH
2025-11-14 03:18:59.810000-05:00,MNQZ5.CME@RITHMIC,74371436914900,BUY,24880.0,33,DEPTH,DEPTH,MNQZ5.CME@RITHMIC_20251113_230640_bedbcb11,NONE,,"{'size': 33, 'isBid': True, 'price': 99520, 'data_type': 'DEPTH'}",DEPTH
2025-11-14 03:18:59.788000-05:00,MNQZ5.CME@RITHMIC,74371414381800,BUY,24875.0,22,DEPTH,DEPTH,MNQZ5.CME@RITHMIC_20251113_230640_bedbcb11,NONE,,"{'size': 22, 'isBid': True, 'price': 99500, 'data_type': 'DEPTH'}",DEPTH
2025-11-14 03:18:59.774000-05:00,MNQZ5.CME@RITHMIC,74371399852400,BUY,24830.0,29,DEPTH,DEPTH,MNQZ5.CME@RITHMIC_20251113_230640_bedbcb11,NONE,,"{'size': 29, 'isBid': True, 'price': 99320, 'data_type': 'DEPTH'}",DEPTH
2025-11-14 03:18:54.953000-05:00,MNQZ5.CME@RITHMIC,6868910225253,BUY,24930.5,20,LIMIT,UPDATE,MNQZ5.CME@RITHMIC_20251113_230640_bedbcb11,NONE,,"{'size': 20, 'price': 99722, 'orderId': '6868910225253', 'event_type': 'REPLACE'}",MBO
2025-11-14 03:18:51.935000-05:00,MNQZ5.CME@RITHMIC,6868910225086,SELL,24988.75,20,LIMIT,UPDATE,MNQZ5.CME@RITHMIC_20251113_230640_bedbcb11,NONE,,"{'size': 20, 'price': 99955, 'orderId': '6868910225086', 'event_type': 'REPLACE'}",MBO
2025-11-14 03:18:46.529000-05:00,MNQZ5.CME@RITHMIC,74358155908300,SELL,24972.0,154,DEPTH,DEPTH,MNQZ5.CME@RITHMIC_20251113_230640_bedbcb11,NONE,,"{'size': 154, 'isBid': False, 'price': 99888, 'data_type': 'DEPTH'}",DEPTH
2025-11-14 03:18:46.473000-05:00,MNQZ5.CME@RITHMIC,74358099793600,SELL,24988.75,24,DEPTH,DEPTH,MNQZ5.CME@RITHMIC_20251113_230640_bedbcb11,NONE,,"{'size': 24, 'isBid': False, 'price': 99955, 'data_type': 'DEPTH'}",DEPTH
2025-11-14 03:18:46.283000-05:00,MNQZ5.CME@RITHMIC,74357909439900,BUY,24943.0,26,DEPTH,DEPTH,MNQZ5.CME@RITHMIC_20251113_230640_bedbcb11,NONE,,"{'size': 26, 'isBid': True, 'price': 99772, 'data_type': 'DEPTH'}",DEPTH
2025-11-14 03:18:46.277000-05:00,MNQZ5.CME@RITHMIC,74357903181800,BUY,24940.0,61,DEPTH,DEPTH,MNQZ5.CME@RITHMIC_20251113_230640_bedbcb11,NONE,,"{'size': 61, 'isBid': True, 'price': 99760, 'data_type': 'DEPTH'}",DEPTH
2025-11-14 03:18:46.235000-05:00,MNQZ5.CME@RITHMIC,74357861618000,BUY,24930.5,24,DEPTH,DEPTH,MNQZ5.CME@RITHMIC_20251113_230640_bedbcb11,NONE,,"{'size': 24, 'isBid': True, 'price': 99722, 'data_type': 'DEPTH'}",DEPTH
2025-11-14 03:18:46.170000-05:00,MNQZ5.CME@RITHMIC,74357796938500,BUY,24870.0,30,DEPTH,DEPTH,MNQZ5.CME@RITHMIC_20251113_230640_bedbcb11,NONE,,"{'size': 30, 'isBid': True, 'price': 99480, 'data_type': 'DEPTH'}",DEPTH
2025-11-14 03:18:45.014000-05:00,MNQZ5.CME@RITHMIC,74356640776300,BUY,24934.0,21,DEPTH,DEPTH,MNQZ5.CME@RITHMIC_20251113_230640_bedbcb11,NONE,,"{'size': 21, 'isBid': True, 'price': 99736, 'data_type': 'DEPTH'}",DEPTH
2025-11-14 03:18:44.856000-05:00,MNQZ5.CME@RITHMIC,74356482576000,SELL,25100.0,46,DEPTH,DEPTH,MNQZ5.CME@RITHMIC_20251113_230640_bedbcb11,NONE,,"{'size': 46, 'isBid': False, 'price': 100400, 'data_type': 'DEPTH'}",DEPTH
2025-11-14 03:18:39.574000-05:00,MNQZ5.CME@RITHMIC,74351200531200,SELL,25044.0,20,DEPTH,DEPTH,MNQZ5.CME@RITHMIC_20251113_230640_bedbcb11,NONE,,"{'size': 20, 'isBid': False, 'price': 100176, 'data_type': 'DEPTH'}",DEPTH
2025-11-14 03:18:35.711000-05:00,MNQZ5.CME@RITHMIC,74347337876200,SELL,24993.25,24,DEPTH,DEPTH,MNQZ5.CME@RITHMIC_20251113_230640_bedbcb11,NONE,,"{'size': 24, 'isBid': False, 'price': 99973, 'data_type': 'DEPTH'}",DEPTH
2025-11-14 03:18:35.708000-05:00,MNQZ5.CME@RITHMIC,6868910225086,SELL,24993.25,20,LIMIT,UPDATE,MNQZ5.CME@RITHMIC_20251113_230640_bedbcb11,NONE,,"{'size': 20, 'price': 99973, 'orderId': '6868910225086', 'event_type': 'REPLACE'}",MBO
2025-11-14 03:18:33.506000-05:00,MNQZ5.CME@RITHMIC,74345131874300,BUY,24935.25,23,DEPTH,DEPTH,MNQZ5.CME@RITHMIC_20251113_230640_bedbcb11,NONE,,"{'size': 23, 'isBid': True, 'price': 99741, 'data_type': 'DEPTH'}",DEPTH
2025-11-14 03:18:33.502000-05:00,MNQZ5.CME@RITHMIC,6868910225253,BUY,24935.25,20,LIMIT,UPDATE,MNQZ5.CME@RITHMIC_20251113_230640_bedbcb11,NONE,,"{'size': 20, 'price': 99741, 'orderId': '6868910225253', 'event_type': 'REPLACE'}",MBO
2025-11-14 03:18:30.784000-05:00,MNQZ5.CME@RITHMIC,74342411180600,SELL,25044.0,21,DEPTH,DEPTH,MNQZ5.CME@RITHMIC_20251113_230640_bedbcb11,NONE,,"{'size': 21, 'isBid': False, 'price': 100176, 'data_type': 'DEPTH'}",DEPTH
2025-11-14 03:18:29.452000-05:00,MNQZ5.CME@RITHMIC,74341078704600,SELL,99875.0,25,TRADE,TRADE,MNQZ5.CME@RITHMIC_20251113_230640_bedbcb11,NONE,,"{'size': 25, 'isOtc': False, 'price': 99875.0, 'data_type': 'TRADE', 'isBidAggressor': True, 'isExecutionEnd': True, 'passiveOrderId': None, 'aggressorOrderId': None, 'isExecutionStart': True, 'serialVersionUID': -5266538964320734421}",TRADE
2025-11-14 03:18:28.624000-05:00,MNQZ5.CME@RITHMIC,6868910225086,SELL,24995.5,20,LIMIT,UPDATE,MNQZ5.CME@RITHMIC_20251113_230640_bedbcb11,NONE,,"{'size': 20, 'price': 99982, 'orderId': '6868910225086', 'event_type': 'REPLACE'}",MBO
2025-11-14 03:18:25.148000-05:00,MNQZ5.CME@RITHMIC,6868910225253,BUY,24938.0,20,LIMIT,UPDATE,MNQZ5.CME@RITHMIC_20251113_230640_bedbcb11,NONE,,"{'size': 20, 'price': 99752, 'orderId': '6868910225253', 'event_type': 'REPLACE'}",MBO
2025-11-14 03:18:23.135000-05:00,MNQZ5.CME@RITHMIC,74334761188000,SELL,24972.0,156,DEPTH,DEPTH,MNQZ5.CME@RITHMIC_20251113_230640_bedbcb11,NONE,,"{'size': 156, 'isBid': False, 'price': 99888, 'data_type': 'DEPTH'}",DEPTH
2025-11-14 03:18:23.112000-05:00,MNQZ5.CME@RITHMIC,74334738181700,SELL,24980.0,30,DEPTH,DEPTH,MNQZ5.CME@RITHMIC_20251113_230640_bedbcb11,NONE,,"{'size': 30, 'isBid': False, 'price': 99920, 'data_type': 'DEPTH'}",DEPTH
2025-11-14 03:18:23.082000-05:00,MNQZ5.CME@RITHMIC,74334708277300,SELL,24995.5,22,DEPTH,DEPTH,MNQZ5.CME@RITHMIC_20251113_230640_bedbcb11,NONE,,"{'size': 22, 'isBid': False, 'price': 99982, 'data_type': 'DEPTH'}",DEPTH
2025-11-14 03:18:22.934000-05:00,MNQZ5.CME@RITHMIC,74334561002500,BUY,24942.0,21,DEPTH,DEPTH,MNQZ5.CME@RITHMIC_20251113_230640_bedbcb11,NONE,,"{'size': 21, 'isBid': True, 'price': 99768, 'data_type': 'DEPTH'}",DEPTH
2025-11-14 03:18:22.925000-05:00,MNQZ5.CME@RITHMIC,74334551317100,BUY,24938.0,33,DEPTH,DEPTH,MNQZ5.CME@RITHMIC_20251113_230640_bedbcb11,NONE,,"{'size': 33, 'isBid': True, 'price': 99752, 'data_type': 'DEPTH'}",DEPTH
2025-11-14 03:18:22.919000-05:00,MNQZ5.CME@RITHMIC,74334545223400,BUY,24932.25,20,DEPTH,DEPTH,MNQZ5.CME@RITHMIC_20251113_230640_bedbcb11,NONE,,"{'size': 20, 'isBid': True, 'price': 99729, 'data_type': 'DEPTH'}",DEPTH
2025-11-14 03:18:22.915000-05:00,MNQZ5.CME@RITHMIC,74334541488300,BUY,24930.0,20,DEPTH,DEPTH,MNQZ5.CME@RITHMIC_20251113_230640_bedbcb11,NONE,,"{'size': 20, 'isBid': True, 'price': 99720, 'data_type': 'DEPTH'}",DEPTH
2025-11-14 03:18:22.873000-05:00,MNQZ5.CME@RITHMIC,74334499309300,BUY,24875.0,20,DEPTH,DEPTH,MNQZ5.CME@RITHMIC_20251113_230640_bedbcb11,NONE,,"{'size': 20, 'isBid': True, 'price': 99500, 'data_type': 'DEPTH'}",DEPTH
2025-11-14 03:18:22.869000-05:00,MNQZ5.CME@RITHMIC,74334495723900,BUY,24800.0,167,DEPTH,DEPTH,MNQZ5.CME@RITHMIC_20251113_230640_bedbcb11,NONE,,"{'size': 167, 'isBid': True, 'price': 99200, 'data_type': 'DEPTH'}",DEPTH
2025-11-14 03:18:20.143000-05:00,MNQZ5.CME@RITHMIC,74331770231300,BUY,24938.0,33,DEPTH,DEPTH,MNQZ5.CME@RITHMIC_20251113_230640_bedbcb11,NONE,,"{'size': 33, 'isBid': True, 'price': 99752, 'data_type': 'DEPTH'}",DEPTH
2025-11-14 03:18:20.141000-05:00,MNQZ5.CME@RITHMIC,6868910225253,BUY,24938.0,20,LIMIT,UPDATE,MNQZ5.CME@RITHMIC_20251113_230640_bedbcb11,NONE,,"{'size': 20, 'price': 99752, 'orderId': '6868910225253', 'event_type': 'REPLACE'}",MBO
2025-11-14 03:18:17.621000-05:00,MNQZ5.CME@RITHMIC,74329248697000,SELL,24995.5,22,DEPTH,DEPTH,MNQZ5.CME@RITHMIC_20251113_230640_bedbcb11,NONE,,"{'size': 22, 'isBid': False, 'price': 99982, 'data_type': 'DEPTH'}",DEPTH
2025-11-14 03:18:17.619000-05:00,MNQZ5.CME@RITHMIC,6868910225086,SELL,24995.5,20,LIMIT,UPDATE,MNQZ5.CME@RITHMIC_20251113_230640_bedbcb11,NONE,,"{'size': 20, 'price': 99982, 'orderId': '6868910225086', 'event_type': 'REPLACE'}",MBO
2025-11-14 03:18:17.415000-05:00,MNQZ5.CME@RITHMIC,74329041059200,SELL,25028.0,25,DEPTH,DEPTH,MNQZ5.CME@RITHMIC_20251113_230640_bedbcb11,NONE,,"{'size': 25, 'isBid': False, 'price': 100112, 'data_type': 'DEPTH'}",DEPTH
2025-11-14 03:18:11.943000-05:00,MNQZ5.CME@RITHMIC,74323569330800,SELL,24993.25,23,DEPTH,DEPTH,MNQZ5.CME@RITHMIC_20251113_230640_bedbcb11,NONE,,"{'size': 23, 'isBid': False, 'price': 99973, 'data_type': 'DEPTH'}",DEPTH
2025-11-14 03:18:11.939000-05:00,MNQZ5.CME@RITHMIC,6868910225086,SELL,24993.25,20,LIMIT,UPDATE,MNQZ5.CME@RITHMIC_20251113_230640_bedbcb11,NONE,,"{'size': 20, 'price': 99973, 'orderId': '6868910225086', 'event_type': 'REPLACE'}",MBO
2025-11-14 03:18:07.802000-05:00,MNQZ5.CME@RITHMIC,6868910225086,SELL,24995.5,20,LIMIT,ADD,MNQZ5.CME@RITHMIC_20251113_230640_bedbcb11,NONE,,"{'size': 20, 'isBid': False, 'price': 99982, 'orderId': '6868910225086', 'event_type': 'SEND'}",MBO
2025-11-14 03:18:07.628000-05:00,MNQZ5.CME@RITHMIC,6868910225253,BUY,24935.75,20,LIMIT,ADD,MNQZ5.CME@RITHMIC_20251113_230640_bedbcb11,NONE,,"{'size': 20, 'isBid': True, 'price': 99743, 'orderId': '6868910225253', 'event_type': 'SEND'}",MBO
2025-11-14 03:18:01.320000-05:00,MNQZ5.CME@RITHMIC,74312946376800,SELL,24970.0,23,DEPTH,DEPTH,MNQZ5.CME@RITHMIC_20251113_230640_bedbcb11,NONE,,"{'size': 23, 'isBid': False, 'price': 99880, 'data_type': 'DEPTH'}",DEPTH
2025-11-14 03:18:01.311000-05:00,MNQZ5.CME@RITHMIC,74312937701600,SELL,24972.0,155,DEPTH,DEPTH,MNQZ5.CME@RITHMIC_20251113_230640_bedbcb11,NONE,,"{'size': 155, 'isBid': False, 'price': 99888, 'data_type': 'DEPTH'}",DEPTH
2025-11-14 03:18:01.273000-05:00,MNQZ5.CME@RITHMIC,74312898855100,SELL,24995.5,22,DEPTH,DEPTH,MNQZ5.CME@RITHMIC_20251113_230640_bedbcb11,NONE,,"{'size': 22, 'isBid': False, 'price': 99982, 'data_type': 'DEPTH'}",DEPTH
2025-11-14 03:18:01.188000-05:00,MNQZ5.CME@RITHMIC,74312814211700,BUY,24935.75,24,DEPTH,DEPTH,MNQZ5.CME@RITHMIC_20251113_230640_bedbcb11,NONE,,"{'size': 24, 'isBid': True, 'price': 99743, 'data_type': 'DEPTH'}",DEPTH
2025-11-14 03:17:56.418000-05:00,MNQZ5.CME@RITHMIC,6868910136935,BUY,24936.0,20,LIMIT,UPDATE,MNQZ5.CME@RITHMIC_20251113_230640_bedbcb11,NONE,,"{'size': 20, 'price': 99744, 'orderId': '6868910136935', 'event_type': 'REPLACE'}",MBO
2025-11-14 03:17:54.741000-05:00,MNQZ5.CME@RITHMIC,6868910137174,SELL,24993.25,20,LIMIT,UPDATE,MNQZ5.CME@RITHMIC_20251113_230640_bedbcb11,NONE,,"{'size': 20, 'price': 99973, 'orderId': '6868910137174', 'event_type': 'REPLACE'}",MBO
2025-11-14 03:17:54.023000-05:00,MNQZ5.CME@RITHMIC,74305650369300,SELL,24970.0,23,DEPTH,DEPTH,MNQZ5.CME@RITHMIC_20251113_230640_bedbcb11,NONE,,"{'size': 23, 'isBid': False, 'price': 99880, 'data_type': 'DEPTH'}",DEPTH
2025-11-14 03:17:54.021000-05:00,MNQZ5.CME@RITHMIC,74305648280600,SELL,24972.0,156,DEPTH,DEPTH,MNQZ5.CME@RITHMIC_20251113_230640_bedbcb11,NONE,,"{'size': 156, 'isBid': False, 'price': 99888, 'data_type': 'DEPTH'}",DEPTH
2025-11-14 03:17:53.980000-05:00,MNQZ5.CME@RITHMIC,74305607245200,SELL,24993.25,23,DEPTH,DEPTH,MNQZ5.CME@RITHMIC_20251113_230640_bedbcb11,NONE,,"{'size': 23, 'isBid': False, 'price': 99973, 'data_type': 'DEPTH'}",DEPTH
2025-11-14 03:17:53.971000-05:00,MNQZ5.CME@RITHMIC,74305597861300,SELL,25020.0,27,DEPTH,DEPTH,MNQZ5.CME@RITHMIC_20251113_230640_bedbcb11,NONE,,"{'size': 27, 'isBid': False, 'price': 100080, 'data_type': 'DEPTH'}",DEPTH
2025-11-14 03:17:53.939000-05:00,MNQZ5.CME@RITHMIC,74305565018400,SELL,25055.0,26,DEPTH,DEPTH,MNQZ5.CME@RITHMIC_20251113_230640_bedbcb11,NONE,,"{'size': 26, 'isBid': False, 'price': 100220, 'data_type': 'DEPTH'}",DEPTH
2025-11-14 03:17:53.831000-05:00,MNQZ5.CME@RITHMIC,74305457105800,BUY,24940.0,60,DEPTH,DEPTH,MNQZ5.CME@RITHMIC_20251113_230640_bedbcb11,NONE,,"{'size': 60, 'isBid': True, 'price': 99760, 'data_type': 'DEPTH'}",DEPTH
2025-11-14 03:17:53.813000-05:00,MNQZ5.CME@RITHMIC,74305439905800,BUY,24936.0,39,DEPTH,DEPTH,MNQZ5.CME@RITHMIC_20251113_230640_bedbcb11,NONE,,"{'size': 39, 'isBid': True, 'price': 99744, 'data_type': 'DEPTH'}",DEPTH
2025-11-14 03:17:53.812000-05:00,MNQZ5.CME@RITHMIC,74305438727300,BUY,24934.0,20,DEPTH,DEPTH,MNQZ5.CME@RITHMIC_20251113_230640_bedbcb11,NONE,,"{'size': 20, 'isBid': True, 'price': 99736, 'data_type': 'DEPTH'}",DEPTH
2025-11-14 03:17:53.810000-05:00,MNQZ5.CME@RITHMIC,74305435816400,BUY,24931.75,20,DEPTH,DEPTH,MNQZ5.CME@RITHMIC_20251113_230640_bedbcb11,NONE,,"{'size': 20, 'isBid': True, 'price': 99727, 'data_type': 'DEPTH'}",DEPTH
2025-11-14 03:17:53.318000-05:00,MNQZ5.CME@RITHMIC,74304944997600,BUY,99841.0,23,TRADE,TRADE,MNQZ5.CME@RITHMIC_20251113_230640_bedbcb11,NONE,,"{'size': 23, 'isOtc': False, 'price': 99841.0, 'data_type': 'TRADE', 'isBidAggressor': False, 'isExecutionEnd': True, 'passiveOrderId': None, 'aggressorOrderId': None, 'isExecutionStart': True, 'serialVersionUID': -5266538964320734421}",TRADE
2025-11-14 03:17:49.305000-05:00,MNQZ5.CME@RITHMIC,6868910136935,BUY,24931.75,20,LIMIT,UPDATE,MNQZ5.CME@RITHMIC_20251113_230640_bedbcb11,NONE,,"{'size': 20, 'price': 99727, 'orderId': '6868910136935', 'event_type': 'REPLACE'}",MBO
2025-11-14 03:17:43.258000-05:00,MNQZ5.CME@RITHMIC,6868910137174,SELL,24992.75,20,LIMIT,UPDATE,MNQZ5.CME@RITHMIC_20251113_230640_bedbcb11,NONE,,"{'size': 20, 'price': 99971, 'orderId': '6868910137174', 'event_type': 'REPLACE'}",MBO
2025-11-14 03:17:42.713000-05:00,MNQZ5.CME@RITHMIC,74294339916300,SELL,24972.0,158,DEPTH,DEPTH,MNQZ5.CME@RITHMIC_20251113_230640_bedbcb11,NONE,,"{'size': 158, 'isBid': False, 'price': 99888, 'data_type': 'DEPTH'}",DEPTH
2025-11-14 03:17:42.646000-05:00,MNQZ5.CME@RITHMIC,74294272427100,SELL,24992.75,23,DEPTH,DEPTH,MNQZ5.CME@RITHMIC_20251113_230640_bedbcb11,NONE,,"{'size': 23, 'isBid': False, 'price': 99971, 'data_type': 'DEPTH'}",DEPTH
2025-11-14 03:17:42.588000-05:00,MNQZ5.CME@RITHMIC,74294214026000,SELL,25055.0,29,DEPTH,DEPTH,MNQZ5.CME@RITHMIC_20251113_230640_bedbcb11,NONE,,"{'size': 29, 'isBid': False, 'price': 100220, 'data_type': 'DEPTH'}",DEPTH
2025-11-14 03:17:42.567000-05:00,MNQZ5.CME@RITHMIC,74294193611000,SELL,25200.0,92,DEPTH,DEPTH,MNQZ5.CME@RITHMIC_20251113_230640_bedbcb11,NONE,,"{'size': 92, 'isBid': False, 'price': 100800, 'data_type': 'DEPTH'}",DEPTH
2025-11-14 03:17:42.455000-05:00,MNQZ5.CME@RITHMIC,74294081266500,BUY,24942.0,22,DEPTH,DEPTH,MNQZ5.CME@RITHMIC_20251113_230640_bedbcb11,NONE,,"{'size': 22, 'isBid': True, 'price': 99768, 'data_type': 'DEPTH'}",DEPTH
2025-11-14 03:17:42.451000-05:00,MNQZ5.CME@RITHMIC,74294078073800,BUY,24940.0,57,DEPTH,DEPTH,MNQZ5.CME@RITHMIC_20251113_230640_bedbcb11,NONE,,"{'size': 57, 'isBid': True, 'price': 99760, 'data_type': 'DEPTH'}",DEPTH
2025-11-14 03:17:42.427000-05:00,MNQZ5.CME@RITHMIC,74294053362400,BUY,24932.25,21,DEPTH,DEPTH,MNQZ5.CME@RITHMIC_20251113_230640_bedbcb11,NONE,,"{'size': 21, 'isBid': True, 'price': 99729, 'data_type': 'DEPTH'}",DEPTH
2025-11-14 03:17:42.425000-05:00,MNQZ5.CME@RITHMIC,74294051290900,BUY,24931.75,40,DEPTH,DEPTH,MNQZ5.CME@RITHMIC_20251113_230640_bedbcb11,NONE,,"{'size': 40, 'isBid': True, 'price': 99727, 'data_type': 'DEPTH'}",DEPTH
2025-11-14 03:17:42.422000-05:00,MNQZ5.CME@RITHMIC,74294048840500,BUY,24930.0,21,DEPTH,DEPTH,MNQZ5.CME@RITHMIC_20251113_230640_bedbcb11,NONE,,"{'size': 21, 'isBid': True, 'price': 99720, 'data_type': 'DEPTH'}",DEPTH
2025-11-14 03:17:42.379000-05:00,MNQZ5.CME@RITHMIC,74294004808400,BUY,24880.0,31,DEPTH,DEPTH,MNQZ5.CME@RITHMIC_20251113_230640_bedbcb11,NONE,,"{'size': 31, 'isBid': True, 'price': 99520, 'data_type': 'DEPTH'}",DEPTH
2025-11-14 03:17:42.372000-05:00,MNQZ5.CME@RITHMIC,74293998561300,BUY,24800.0,166,DEPTH,DEPTH,MNQZ5.CME@RITHMIC_20251113_230640_bedbcb11,NONE,,"{'size': 166, 'isBid': True, 'price': 99200, 'data_type': 'DEPTH'}",DEPTH
2025-11-14 03:17:41.599000-05:00,MNQZ5.CME@RITHMIC,74293225328400,SELL,99860.0,30,TRADE,TRADE,MNQZ5.CME@RITHMIC_20251113_230640_bedbcb11,NONE,,"{'size': 30, 'isOtc': False, 'price': 99860.0, 'data_type': 'TRADE', 'isBidAggressor': True, 'isExecutionEnd': True, 'passiveOrderId': None, 'aggressorOrderId': None, 'isExecutionStart': True, 'serialVersionUID': -5266538964320734421}",TRADE
2025-11-14 03:17:41.563000-05:00,MNQZ5.CME@RITHMIC,74293189667500,SELL,99842.0,20,TRADE,TRADE,MNQZ5.CME@RITHMIC_20251113_230640_bedbcb11,NONE,,"{'size': 20, 'isOtc': False, 'price': 99842.0, 'data_type': 'TRADE', 'isBidAggressor': True, 'isExecutionEnd': True, 'passiveOrderId': None, 'aggressorOrderId': None, 'isExecutionStart': True, 'serialVersionUID': -5266538964320734421}",TRADE
2025-11-14 03:17:34.415000-05:00,MNQZ5.CME@RITHMIC,6868910136935,BUY,24930.25,20,LIMIT,UPDATE,MNQZ5.CME@RITHMIC_20251113_230640_bedbcb11,NONE,,"{'size': 20, 'price': 99721, 'orderId': '6868910136935', 'event_type': 'REPLACE'}",MBO
2025-11-14 03:17:15.916000-05:00,MNQZ5.CME@RITHMIC,6868910137174,SELL,24987.5,20,LIMIT,UPDATE,MNQZ5.CME@RITHMIC_20251113_230640_bedbcb11,NONE,,"{'size': 20, 'price': 99950, 'orderId': '6868910137174', 'event_type': 'REPLACE'}",MBO
2025-11-14 03:17:12.973000-05:00,MNQZ5.CME@RITHMIC,74264599181500,SELL,24972.0,165,DEPTH,DEPTH,MNQZ5.CME@RITHMIC_20251113_230640_bedbcb11,NONE,,"{'size': 165, 'isBid': False, 'price': 99888, 'data_type': 'DEPTH'}",DEPTH
2025-11-14 03:17:12.887000-05:00,MNQZ5.CME@RITHMIC,74264513128700,SELL,24987.5,24,DEPTH,DEPTH,MNQZ5.CME@RITHMIC_20251113_230640_bedbcb11,NONE,,"{'size': 24, 'isBid': False, 'price': 99950, 'data_type': 'DEPTH'}",DEPTH
2025-11-14 03:17:12.837000-05:00,MNQZ5.CME@RITHMIC,74264462865000,SELL,25031.0,26,DEPTH,DEPTH,MNQZ5.CME@RITHMIC_20251113_230640_bedbcb11,NONE,,"{'size': 26, 'isBid': False, 'price': 100124, 'data_type': 'DEPTH'}",DEPTH
2025-11-14 03:17:12.750000-05:00,MNQZ5.CME@RITHMIC,74264376107300,SELL,25200.0,91,DEPTH,DEPTH,MNQZ5.CME@RITHMIC_20251113_230640_bedbcb11,NONE,,"{'size': 91, 'isBid': False, 'price': 100800, 'data_type': 'DEPTH'}",DEPTH
2025-11-14 03:17:12.745000-05:00,MNQZ5.CME@RITHMIC,74264371101600,SELL,25245.0,33,DEPTH,DEPTH,MNQZ5.CME@RITHMIC_20251113_230640_bedbcb11,NONE,,"{'size': 33, 'isBid': False, 'price': 100980, 'data_type': 'DEPTH'}",DEPTH
2025-11-14 03:17:12.737000-05:00,MNQZ5.CME@RITHMIC,74264362725400,SELL,25300.0,88,DEPTH,DEPTH,MNQZ5.CME@RITHMIC_20251113_230640_bedbcb11,NONE,,"{'size': 88, 'isBid': False, 'price': 101200, 'data_type': 'DEPTH'}",DEPTH
2025-11-14 03:17:12.735000-05:00,MNQZ5.CME@RITHMIC,74264361171000,SELL,25320.0,23,DEPTH,DEPTH,MNQZ5.CME@RITHMIC_20251113_230640_bedbcb11,NONE,,"{'size': 23, 'isBid': False, 'price': 101280, 'data_type': 'DEPTH'}",DEPTH
2025-11-14 03:17:12.576000-05:00,MNQZ5.CME@RITHMIC,74264202215500,BUY,24943.0,22,DEPTH,DEPTH,MNQZ5.CME@RITHMIC_20251113_230640_bedbcb11,NONE,,"{'size': 22, 'isBid': True, 'price': 99772, 'data_type': 'DEPTH'}",DEPTH
2025-11-14 03:17:12.572000-05:00,MNQZ5.CME@RITHMIC,74264198653100,BUY,24942.0,22,DEPTH,DEPTH,MNQZ5.CME@RITHMIC_20251113_230640_bedbcb11,NONE,,"{'size': 22, 'isBid': True, 'price': 99768, 'data_type': 'DEPTH'}",DEPTH
2025-11-14 03:17:12.565000-05:00,MNQZ5.CME@RITHMIC,74264190970900,BUY,24940.0,56,DEPTH,DEPTH,MNQZ5.CME@RITHMIC_20251113_230640_bedbcb11,NONE,,"{'size': 56, 'isBid': True, 'price': 99760, 'data_type': 'DEPTH'}",DEPTH
2025-11-14 03:17:12.514000-05:00,MNQZ5.CME@RITHMIC,74264140148800,BUY,24932.25,21,DEPTH,DEPTH,MNQZ5.CME@RITHMIC_20251113_230640_bedbcb11,NONE,,"{'size': 21, 'isBid': True, 'price': 99729, 'data_type': 'DEPTH'}",DEPTH
2025-11-14 03:17:12.501000-05:00,MNQZ5.CME@RITHMIC,74264127040400,BUY,24930.25,24,DEPTH,DEPTH,MNQZ5.CME@RITHMIC_20251113_230640_bedbcb11,NONE,,"{'size': 24, 'isBid': True, 'price': 99721, 'data_type': 'DEPTH'}",DEPTH
2025-11-14 03:17:12.497000-05:00,MNQZ5.CME@RITHMIC,74264123588900,BUY,24930.0,21,DEPTH,DEPTH,MNQZ5.CME@RITHMIC_20251113_230640_bedbcb11,NONE,,"{'size': 21, 'isBid': True, 'price': 99720, 'data_type': 'DEPTH'}",DEPTH
2025-11-14 03:17:12.455000-05:00,MNQZ5.CME@RITHMIC,74264080941100,BUY,24910.0,27,DEPTH,DEPTH,MNQZ5.CME@RITHMIC_20251113_230640_bedbcb11,NONE,,"{'size': 27, 'isBid': True, 'price': 99640, 'data_type': 'DEPTH'}",DEPTH
2025-11-14 03:17:12.448000-05:00,MNQZ5.CME@RITHMIC,74264074838200,BUY,24900.0,129,DEPTH,DEPTH,MNQZ5.CME@RITHMIC_20251113_230640_bedbcb11,NONE,,"{'size': 129, 'isBid': True, 'price': 99600, 'data_type': 'DEPTH'}",DEPTH
2025-11-14 03:17:12.383000-05:00,MNQZ5.CME@RITHMIC,74264009351500,BUY,24880.0,30,DEPTH,DEPTH,MNQZ5.CME@RITHMIC_20251113_230640_bedbcb11,NONE,,"{'size': 30, 'isBid': True, 'price': 99520, 'data_type': 'DEPTH'}",DEPTH
2025-11-14 03:17:12.372000-05:00,MNQZ5.CME@RITHMIC,74263998215900,BUY,24850.0,55,DEPTH,DEPTH,MNQZ5.CME@RITHMIC_20251113_230640_bedbcb11,NONE,,"{'size': 55, 'isBid': True, 'price': 99400, 'data_type': 'DEPTH'}",DEPTH
2025-11-14 03:17:12.369000-05:00,MNQZ5.CME@RITHMIC,74263994876600,BUY,24700.0,91,DEPTH,DEPTH,MNQZ5.CME@RITHMIC_20251113_230640_bedbcb11,NONE,,"{'size': 91, 'isBid': True, 'price': 98800, 'data_type': 'DEPTH'}",DEPTH
2025-11-14 03:17:11.363000-05:00,MNQZ5.CME@RITHMIC,74262989415300,SELL,99835.0,20,TRADE,TRADE,MNQZ5.CME@RITHMIC_20251113_230640_bedbcb11,NONE,,"{'size': 20, 'isOtc': False, 'price': 99835.0, 'data_type': 'TRADE', 'isBidAggressor': True, 'isExecutionEnd': True, 'passiveOrderId': None, 'aggressorOrderId': None, 'isExecutionStart': True, 'serialVersionUID': -5266538964320734421}",TRADE
2025-11-14 03:17:02.567000-05:00,MNQZ5.CME@RITHMIC,6868910136935,BUY,24930.75,20,LIMIT,UPDATE,MNQZ5.CME@RITHMIC_20251113_230640_bedbcb11,NONE,,"{'size': 20, 'price': 99723, 'orderId': '6868910136935', 'event_type': 'REPLACE'}",MBO
2025-11-14 03:16:41.866000-05:00,MNQZ5.CME@RITHMIC,6868910137174,SELL,24989.5,20,LIMIT,UPDATE,MNQZ5.CME@RITHMIC_20251113_230640_bedbcb11,NONE,,"{'size': 20, 'price': 99958, 'orderId': '6868910137174', 'event_type': 'REPLACE'}",MBO
2025-11-14 03:16:40.610000-05:00,MNQZ5.CME@RITHMIC,74232236004000,SELL,24965.0,30,DEPTH,DEPTH,MNQZ5.CME@RITHMIC_20251113_230640_bedbcb11,NONE,,"{'size': 30, 'isBid': False, 'price': 99860, 'data_type': 'DEPTH'}",DEPTH
2025-11-14 03:16:40.558000-05:00,MNQZ5.CME@RITHMIC,74232183747200,SELL,24972.0,158,DEPTH,DEPTH,MNQZ5.CME@RITHMIC_20251113_230640_bedbcb11,NONE,,"{'size': 158, 'isBid': False, 'price': 99888, 'data_type': 'DEPTH'}",DEPTH
2025-11-14 03:16:40.470000-05:00,MNQZ5.CME@RITHMIC,74232096307400,SELL,24989.5,24,DEPTH,DEPTH,MNQZ5.CME@RITHMIC_20251113_230640_bedbcb11,NONE,,"{'size': 24, 'isBid': False, 'price': 99958, 'data_type': 'DEPTH'}",DEPTH
2025-11-14 03:16:40.433000-05:00,MNQZ5.CME@RITHMIC,74232059156200,SELL,25028.0,24,DEPTH,DEPTH,MNQZ5.CME@RITHMIC_20251113_230640_bedbcb11,NONE,,"{'size': 24, 'isBid': False, 'price': 100112, 'data_type': 'DEPTH'}",DEPTH
2025-11-14 03:16:40.411000-05:00,MNQZ5.CME@RITHMIC,74232037451300,SELL,25031.0,26,DEPTH,DEPTH,MNQZ5.CME@RITHMIC_20251113_230640_bedbcb11,NONE,,"{'size': 26, 'isBid': False, 'price': 100124, 'data_type': 'DEPTH'}",DEPTH
2025-11-14 03:16:40.336000-05:00,MNQZ5.CME@RITHMIC,74231962469100,SELL,25050.0,53,DEPTH,DEPTH,MNQZ5.CME@RITHMIC_20251113_230640_bedbcb11,NONE,,"{'size': 53, 'isBid': False, 'price': 100200, 'data_type': 'DEPTH'}",DEPTH
2025-11-14 03:16:40.334000-05:00,MNQZ5.CME@RITHMIC,74231960255500,SELL,25055.0,26,DEPTH,DEPTH,MNQZ5.CME@RITHMIC_20251113_230640_bedbcb11,NONE,,"{'size': 26, 'isBid': False, 'price': 100220, 'data_type': 'DEPTH'}",DEPTH
2025-11-14 03:16:40.324000-05:00,MNQZ5.CME@RITHMIC,74231950417300,SELL,25100.0,45,DEPTH,DEPTH,MNQZ5.CME@RITHMIC_20251113_230640_bedbcb11,NONE,,"{'size': 45, 'isBid': False, 'price': 100400, 'data_type': 'DEPTH'}",DEPTH
2025-11-14 03:16:40.292000-05:00,MNQZ5.CME@RITHMIC,74231918189800,SELL,25300.0,89,DEPTH,DEPTH,MNQZ5.CME@RITHMIC_20251113_230640_bedbcb11,NONE,,"{'size': 89, 'isBid': False, 'price': 101200, 'data_type': 'DEPTH'}",DEPTH
2025-11-14 03:16:40.107000-05:00,MNQZ5.CME@RITHMIC,74231733210900,BUY,24942.0,22,DEPTH,DEPTH,MNQZ5.CME@RITHMIC_20251113_230640_bedbcb11,NONE,,"{'size': 22, 'isBid': True, 'price': 99768, 'data_type': 'DEPTH'}",DEPTH
2025-11-14 03:16:40.096000-05:00,MNQZ5.CME@RITHMIC,74231721790700,BUY,24940.0,46,DEPTH,DEPTH,MNQZ5.CME@RITHMIC_20251113_230640_bedbcb11,NONE,,"{'size': 46, 'isBid': True, 'price': 99760, 'data_type': 'DEPTH'}",DEPTH
2025-11-14 03:16:40.078000-05:00,MNQZ5.CME@RITHMIC,74231704290400,BUY,24936.0,20,DEPTH,DEPTH,MNQZ5.CME@RITHMIC_20251113_230640_bedbcb11,NONE,,"{'size': 20, 'isBid': True, 'price': 99744, 'data_type': 'DEPTH'}",DEPTH
2025-11-14 03:16:40.072000-05:00,MNQZ5.CME@RITHMIC,74231697804400,BUY,24935.0,25,DEPTH,DEPTH,MNQZ5.CME@RITHMIC_20251113_230640_bedbcb11,NONE,,"{'size': 25, 'isBid': True, 'price': 99740, 'data_type': 'DEPTH'}",DEPTH
2025-11-14 03:16:40.050000-05:00,MNQZ5.CME@RITHMIC,74231677052000,BUY,24932.25,20,DEPTH,DEPTH,MNQZ5.CME@RITHMIC_20251113_230640_bedbcb11,NONE,,"{'size': 20, 'isBid': True, 'price': 99729, 'data_type': 'DEPTH'}",DEPTH
2025-11-14 03:16:40.048000-05:00,MNQZ5.CME@RITHMIC,74231673999600,BUY,24931.75,20,DEPTH,DEPTH,MNQZ5.CME@RITHMIC_20251113_230640_bedbcb11,NONE,,"{'size': 20, 'isBid': True, 'price': 99727, 'data_type': 'DEPTH'}",DEPTH
2025-11-14 03:16:40.041000-05:00,MNQZ5.CME@RITHMIC,74231667333500,BUY,24930.75,24,DEPTH,DEPTH,MNQZ5.CME@RITHMIC_20251113_230640_bedbcb11,NONE,,"{'size': 24, 'isBid': True, 'price': 99723, 'data_type': 'DEPTH'}",DEPTH
2025-11-14 03:16:40.036000-05:00,MNQZ5.CME@RITHMIC,74231662200600,BUY,24930.0,20,DEPTH,DEPTH,MNQZ5.CME@RITHMIC_20251113_230640_bedbcb11,NONE,,"{'size': 20, 'isBid': True, 'price': 99720, 'data_type': 'DEPTH'}",DEPTH
2025-11-14 03:16:39.983000-05:00,MNQZ5.CME@RITHMIC,74231609430000,BUY,24920.0,21,DEPTH,DEPTH,MNQZ5.CME@RITHMIC_20251113_230640_bedbcb11,NONE,,"{'size': 21, 'isBid': True, 'price': 99680, 'data_type': 'DEPTH'}",DEPTH
2025-11-14 03:16:39.971000-05:00,MNQZ5.CME@RITHMIC,74231596710600,BUY,24909.0,26,DEPTH,DEPTH,MNQZ5.CME@RITHMIC_20251113_230640_bedbcb11,NONE,,"{'size': 26, 'isBid': True, 'price': 99636, 'data_type': 'DEPTH'}",DEPTH
2025-11-14 03:16:39.964000-05:00,MNQZ5.CME@RITHMIC,74231590078400,BUY,24900.0,127,DEPTH,DEPTH,MNQZ5.CME@RITHMIC_20251113_230640_bedbcb11,NONE,,"{'size': 127, 'isBid': True, 'price': 99600, 'data_type': 'DEPTH'}",DEPTH
2025-11-14 03:16:39.922000-05:00,MNQZ5.CME@RITHMIC,74231548154400,BUY,24880.0,30,DEPTH,DEPTH,MNQZ5.CME@RITHMIC_20251113_230640_bedbcb11,NONE,,"{'size': 30, 'isBid': True, 'price': 99520, 'data_type': 'DEPTH'}",DEPTH
2025-11-14 03:16:39.884000-05:00,MNQZ5.CME@RITHMIC,74231510509500,BUY,24800.0,165,DEPTH,DEPTH,MNQZ5.CME@RITHMIC_20251113_230640_bedbcb11,NONE,,"{'size': 165, 'isBid': True, 'price': 99200, 'data_type': 'DEPTH'}",DEPTH
2025-11-14 03:16:39.883000-05:00,MNQZ5.CME@RITHMIC,74231508863400,BUY,24675.0,32,DEPTH,DEPTH,MNQZ5.CME@RITHMIC_20251113_230640_bedbcb11,NONE,,"{'size': 32, 'isBid': True, 'price': 98700, 'data_type': 'DEPTH'}",DEPTH
2025-11-14 03:16:39.869000-05:00,MNQZ5.CME@RITHMIC,74231495758900,BUY,24500.0,82,DEPTH,DEPTH,MNQZ5.CME@RITHMIC_20251113_230640_bedbcb11,NONE,,"{'size': 82, 'isBid': True, 'price': 98000, 'data_type': 'DEPTH'}",DEPTH
2025-11-14 03:16:39.866000-05:00,MNQZ5.CME@RITHMIC,74231492123300,BUY,24300.0,24,DEPTH,DEPTH,MNQZ5.CME@RITHMIC_20251113_230640_bedbcb11,NONE,,"{'size': 24, 'isBid': True, 'price': 97200, 'data_type': 'DEPTH'}",DEPTH
2025-11-14 03:16:39.862000-05:00,MNQZ5.CME@RITHMIC,74231488382900,BUY,24200.0,27,DEPTH,DEPTH,MNQZ5.CME@RITHMIC_20251113_230640_bedbcb11,NONE,,"{'size': 27, 'isBid': True, 'price': 96800, 'data_type': 'DEPTH'}",DEPTH
2025-11-14 03:16:39.289000-05:00,MNQZ5.CME@RITHMIC,74230915707400,BUY,99780.0,26,TRADE,TRADE,MNQZ5.CME@RITHMIC_20251113_230640_bedbcb11,NONE,,"{'size': 26, 'isOtc': False, 'price': 99780.0, 'data_type': 'TRADE', 'isBidAggressor': False, 'isExecutionEnd': True, 'passiveOrderId': None, 'aggressorOrderId': None, 'isExecutionStart': True, 'serialVersionUID': -5266538964320734421}",TRADE
2025-11-14 03:16:39.284000-05:00,MNQZ5.CME@RITHMIC,74230910540900,BUY,99788.0,21,TRADE,TRADE,MNQZ5.CME@RITHMIC_20251113_230640_bedbcb11,NONE,,"{'size': 21, 'isOtc': False, 'price': 99788.0, 'data_type': 'TRADE', 'isBidAggressor': False, 'isExecutionEnd': True, 'passiveOrderId': None, 'aggressorOrderId': None, 'isExecutionStart': True, 'serialVersionUID': -5266538964320734421}",TRADE
2025-11-14 03:16:39.274000-05:00,MNQZ5.CME@RITHMIC,74230900593600,BUY,99805.0,30,TRADE,TRADE,MNQZ5.CME@RITHMIC_20251113_230640_bedbcb11,NONE,,"{'size': 30, 'isOtc': False, 'price': 99805.0, 'data_type': 'TRADE', 'isBidAggressor': False, 'isExecutionEnd': True, 'passiveOrderId': None, 'aggressorOrderId': None, 'isExecutionStart': True, 'serialVersionUID': -5266538964320734421}",TRADE
2025-11-14 03:16:39.244000-05:00,MNQZ5.CME@RITHMIC,74230870579400,BUY,99790.0,21,TRADE,TRADE,MNQZ5.CME@RITHMIC_20251113_230640_bedbcb11,NONE,,"{'size': 21, 'isOtc': False, 'price': 99790.0, 'data_type': 'TRADE', 'isBidAggressor': False, 'isExecutionEnd': True, 'passiveOrderId': None, 'aggressorOrderId': None, 'isExecutionStart': True, 'serialVersionUID': -5266538964320734421}",TRADE
2025-11-14 03:16:39.183000-05:00,MNQZ5.CME@RITHMIC,74230809177600,SELL,99784.0,21,TRADE,TRADE,MNQZ5.CME@RITHMIC_20251113_230640_bedbcb11,NONE,,"{'size': 21, 'isOtc': False, 'price': 99784.0, 'data_type': 'TRADE', 'isBidAggressor': True, 'isExecutionEnd': True, 'passiveOrderId': None, 'aggressorOrderId': None, 'isExecutionStart': True, 'serialVersionUID': -5266538964320734421}",TRADE
2025-11-14 03:16:39.148000-05:00,MNQZ5.CME@RITHMIC,74230774504600,SELL,99782.0,30,TRADE,TRADE,MNQZ5.CME@RITHMIC_20251113_230640_bedbcb11,NONE,,"{'size': 30, 'isOtc': False, 'price': 99782.0, 'data_type': 'TRADE', 'isBidAggressor': True, 'isExecutionEnd': True, 'passiveOrderId': None, 'aggressorOrderId': None, 'isExecutionStart': True, 'serialVersionUID': -5266538964320734421}",TRADE
2025-11-14 03:16:39.130000-05:00,MNQZ5.CME@RITHMIC,74230755886300,SELL,99783.0,28,TRADE,TRADE,MNQZ5.CME@RITHMIC_20251113_230640_bedbcb11,NONE,,"{'size': 28, 'isOtc': False, 'price': 99783.0, 'data_type': 'TRADE', 'isBidAggressor': True, 'isExecutionEnd': True, 'passiveOrderId': None, 'aggressorOrderId': None, 'isExecutionStart': True, 'serialVersionUID': -5266538964320734421}",TRADE
2025-11-14 03:16:32.076000-05:00,MNQZ5.CME@RITHMIC,6868910136935,BUY,24921.75,20,LIMIT,UPDATE,MNQZ5.CME@RITHMIC_20251113_230640_bedbcb11,NONE,,"{'size': 20, 'price': 99687, 'orderId': '6868910136935', 'event_type': 'REPLACE'}",MBO
2025-11-14 03:16:14.235000-05:00,MNQZ5.CME@RITHMIC,6868910137174,SELL,24982.0,20,LIMIT,UPDATE,MNQZ5.CME@RITHMIC_20251113_230640_bedbcb11,NONE,,"{'size': 20, 'price': 99928, 'orderId': '6868910137174', 'event_type': 'REPLACE'}",MBO
2025-11-14 03:16:12.702000-05:00,MNQZ5.CME@RITHMIC,74204328071100,SELL,24972.0,158,DEPTH,DEPTH,MNQZ5.CME@RITHMIC_20251113_230640_bedbcb11,NONE,,"{'size': 158, 'isBid': False, 'price': 99888, 'data_type': 'DEPTH'}",DEPTH
2025-11-14 03:16:12.644000-05:00,MNQZ5.CME@RITHMIC,74204270762400,SELL,24982.0,26,DEPTH,DEPTH,MNQZ5.CME@RITHMIC_20251113_230640_bedbcb11,NONE,,"{'size': 26, 'isBid': False, 'price': 99928, 'data_type': 'DEPTH'}",DEPTH
2025-11-14 03:16:12.595000-05:00,MNQZ5.CME@RITHMIC,74204221011800,SELL,25020.0,24,DEPTH,DEPTH,MNQZ5.CME@RITHMIC_20251113_230640_bedbcb11,NONE,,"{'size': 24, 'isBid': False, 'price': 100080, 'data_type': 'DEPTH'}",DEPTH
2025-11-14 03:16:12.538000-05:00,MNQZ5.CME@RITHMIC,74204164866800,SELL,25028.0,25,DEPTH,DEPTH,MNQZ5.CME@RITHMIC_20251113_230640_bedbcb11,NONE,,"{'size': 25, 'isBid': False, 'price': 100112, 'data_type': 'DEPTH'}",DEPTH
2025-11-14 03:16:12.518000-05:00,MNQZ5.CME@RITHMIC,74204143911000,SELL,25050.0,51,DEPTH,DEPTH,MNQZ5.CME@RITHMIC_20251113_230640_bedbcb11,NONE,,"{'size': 51, 'isBid': False, 'price': 100200, 'data_type': 'DEPTH'}",DEPTH
2025-11-14 03:16:12.507000-05:00,MNQZ5.CME@RITHMIC,74204133355400,SELL,25200.0,90,DEPTH,DEPTH,MNQZ5.CME@RITHMIC_20251113_230640_bedbcb11,NONE,,"{'size': 90, 'isBid': False, 'price': 100800, 'data_type': 'DEPTH'}",DEPTH
2025-11-14 03:16:12.399000-05:00,MNQZ5.CME@RITHMIC,74204024963500,BUY,24942.0,23,DEPTH,DEPTH,MNQZ5.CME@RITHMIC_20251113_230640_bedbcb11,NONE,,"{'size': 23, 'isBid': True, 'price': 99768, 'data_type': 'DEPTH'}",DEPTH
2025-11-14 03:16:12.392000-05:00,MNQZ5.CME@RITHMIC,74204018391800,BUY,24941.0,21,DEPTH,DEPTH,MNQZ5.CME@RITHMIC_20251113_230640_bedbcb11,NONE,,"{'size': 21, 'isBid': True, 'price': 99764, 'data_type': 'DEPTH'}",DEPTH
2025-11-14 03:16:12.386000-05:00,MNQZ5.CME@RITHMIC,74204012013200,BUY,24940.0,60,DEPTH,DEPTH,MNQZ5.CME@RITHMIC_20251113_230640_bedbcb11,NONE,,"{'size': 60, 'isBid': True, 'price': 99760, 'data_type': 'DEPTH'}",DEPTH
2025-11-14 03:16:12.342000-05:00,MNQZ5.CME@RITHMIC,74203968072700,BUY,24934.0,23,DEPTH,DEPTH,MNQZ5.CME@RITHMIC_20251113_230640_bedbcb11,NONE,,"{'size': 23, 'isBid': True, 'price': 99736, 'data_type': 'DEPTH'}",DEPTH
2025-11-14 03:16:12.337000-05:00,MNQZ5.CME@RITHMIC,74203963478500,BUY,24932.25,22,DEPTH,DEPTH,MNQZ5.CME@RITHMIC_20251113_230640_bedbcb11,NONE,,"{'size': 22, 'isBid': True, 'price': 99729, 'data_type': 'DEPTH'}",DEPTH
2025-11-14 03:16:12.297000-05:00,MNQZ5.CME@RITHMIC,74203923428500,BUY,24921.75,24,DEPTH,DEPTH,MNQZ5.CME@RITHMIC_20251113_230640_bedbcb11,NONE,,"{'size': 24, 'isBid': True, 'price': 99687, 'data_type': 'DEPTH'}",DEPTH
2025-11-14 03:16:12.288000-05:00,MNQZ5.CME@RITHMIC,74203914091800,BUY,24920.0,24,DEPTH,DEPTH,MNQZ5.CME@RITHMIC_20251113_230640_bedbcb11,NONE,,"{'size': 24, 'isBid': True, 'price': 99680, 'data_type': 'DEPTH'}",DEPTH
2025-11-14 03:16:12.268000-05:00,MNQZ5.CME@RITHMIC,74203894632600,BUY,24915.0,25,DEPTH,DEPTH,MNQZ5.CME@RITHMIC_20251113_230640_bedbcb11,NONE,,"{'size': 25, 'isBid': True, 'price': 99660, 'data_type': 'DEPTH'}",DEPTH
2025-11-14 03:16:12.252000-05:00,MNQZ5.CME@RITHMIC,74203878830000,BUY,24910.0,26,DEPTH,DEPTH,MNQZ5.CME@RITHMIC_20251113_230640_bedbcb11,NONE,,"{'size': 26, 'isBid': True, 'price': 99640, 'data_type': 'DEPTH'}",DEPTH
2025-11-14 03:16:12.249000-05:00,MNQZ5.CME@RITHMIC,74203875099100,BUY,24900.0,128,DEPTH,DEPTH,MNQZ5.CME@RITHMIC_20251113_230640_bedbcb11,NONE,,"{'size': 128, 'isBid': True, 'price': 99600, 'data_type': 'DEPTH'}",DEPTH
2025-11-14 03:16:12.207000-05:00,MNQZ5.CME@RITHMIC,74203832991500,BUY,24870.0,31,DEPTH,DEPTH,MNQZ5.CME@RITHMIC_20251113_230640_bedbcb11,NONE,,"{'size': 31, 'isBid': True, 'price': 99480, 'data_type': 'DEPTH'}",DEPTH
2025-11-14 03:16:12.180000-05:00,MNQZ5.CME@RITHMIC,74203806020700,BUY,24750.0,49,DEPTH,DEPTH,MNQZ5.CME@RITHMIC_20251113_230640_bedbcb11,NONE,,"{'size': 49, 'isBid': True, 'price': 99000, 'data_type': 'DEPTH'}",DEPTH
2025-11-14 03:16:12.166000-05:00,MNQZ5.CME@RITHMIC,74203792044500,BUY,24500.0,83,DEPTH,DEPTH,MNQZ5.CME@RITHMIC_20251113_230640_bedbcb11,NONE,,"{'size': 83, 'isBid': True, 'price': 98000, 'data_type': 'DEPTH'}",DEPTH
2025-11-14 03:16:04.143000-05:00,MNQZ5.CME@RITHMIC,6868910136935,BUY,24919.75,20,LIMIT,UPDATE,MNQZ5.CME@RITHMIC_20251113_230640_bedbcb11,NONE,,"{'size': 20, 'price': 99679, 'orderId': '6868910136935', 'event_type': 'REPLACE'}",MBO
2025-11-14 03:15:50.385000-05:00,MNQZ5.CME@RITHMIC,6868910137174,SELL,24979.0,20,LIMIT,UPDATE,MNQZ5.CME@RITHMIC_20251113_230640_bedbcb11,NONE,,"{'size': 20, 'price': 99916, 'orderId': '6868910137174', 'event_type': 'REPLACE'}",MBO
2025-11-14 03:15:48.977000-05:00,MNQZ5.CME@RITHMIC,74180603311400,SELL,24966.0,23,DEPTH,DEPTH,MNQZ5.CME@RITHMIC_20251113_230640_bedbcb11,NONE,,"{'size': 23, 'isBid': False, 'price': 99864, 'data_type': 'DEPTH'}",DEPTH
2025-11-14 03:15:48.958000-05:00,MNQZ5.CME@RITHMIC,74180584852200,SELL,24972.0,162,DEPTH,DEPTH,MNQZ5.CME@RITHMIC_20251113_230640_bedbcb11,NONE,,"{'size': 162, 'isBid': False, 'price': 99888, 'data_type': 'DEPTH'}",DEPTH
2025-11-14 03:15:48.916000-05:00,MNQZ5.CME@RITHMIC,74180541847000,SELL,24979.0,24,DEPTH,DEPTH,MNQZ5.CME@RITHMIC_20251113_230640_bedbcb11,NONE,,"{'size': 24, 'isBid': False, 'price': 99916, 'data_type': 'DEPTH'}",DEPTH
2025-11-14 03:15:48.822000-05:00,MNQZ5.CME@RITHMIC,74180448200500,SELL,25028.0,22,DEPTH,DEPTH,MNQZ5.CME@RITHMIC_20251113_230640_bedbcb11,NONE,,"{'size': 22, 'isBid': False, 'price': 100112, 'data_type': 'DEPTH'}",DEPTH
2025-11-14 03:15:48.800000-05:00,MNQZ5.CME@RITHMIC,74180426785000,SELL,25031.0,23,DEPTH,DEPTH,MNQZ5.CME@RITHMIC_20251113_230640_bedbcb11,NONE,,"{'size': 23, 'isBid': False, 'price': 100124, 'data_type': 'DEPTH'}",DEPTH
2025-11-14 03:15:48.780000-05:00,MNQZ5.CME@RITHMIC,74180406282600,SELL,25050.0,51,DEPTH,DEPTH,MNQZ5.CME@RITHMIC_20251113_230640_bedbcb11,NONE,,"{'size': 51, 'isBid': False, 'price': 100200, 'data_type': 'DEPTH'}",DEPTH
2025-11-14 03:15:48.776000-05:00,MNQZ5.CME@RITHMIC,74180401835100,SELL,25100.0,46,DEPTH,DEPTH,MNQZ5.CME@RITHMIC_20251113_230640_bedbcb11,NONE,,"{'size': 46, 'isBid': False, 'price': 100400, 'data_type': 'DEPTH'}",DEPTH
2025-11-14 03:15:48.770000-05:00,MNQZ5.CME@RITHMIC,74180395786500,SELL,25220.0,107,DEPTH,DEPTH,MNQZ5.CME@RITHMIC_20251113_230640_bedbcb11,NONE,,"{'size': 107, 'isBid': False, 'price': 100880, 'data_type': 'DEPTH'}",DEPTH
2025-11-14 03:15:48.767000-05:00,MNQZ5.CME@RITHMIC,74180392713700,SELL,25240.0,41,DEPTH,DEPTH,MNQZ5.CME@RITHMIC_20251113_230640_bedbcb11,NONE,,"{'size': 41, 'isBid': False, 'price': 100960, 'data_type': 'DEPTH'}",DEPTH
2025-11-14 03:15:48.753000-05:00,MNQZ5.CME@RITHMIC,74180379728700,SELL,26200.0,71,DEPTH,DEPTH,MNQZ5.CME@RITHMIC_20251113_230640_bedbcb11,NONE,,"{'size': 71, 'isBid': False, 'price': 104800, 'data_type': 'DEPTH'}",DEPTH
2025-11-14 03:15:48.652000-05:00,MNQZ5.CME@RITHMIC,74180278172300,BUY,24941.0,21,DEPTH,DEPTH,MNQZ5.CME@RITHMIC_20251113_230640_bedbcb11,NONE,,"{'size': 21, 'isBid': True, 'price': 99764, 'data_type': 'DEPTH'}",DEPTH
2025-11-14 03:15:48.645000-05:00,MNQZ5.CME@RITHMIC,74180271950900,BUY,24940.0,62,DEPTH,DEPTH,MNQZ5.CME@RITHMIC_20251113_230640_bedbcb11,NONE,,"{'size': 62, 'isBid': True, 'price': 99760, 'data_type': 'DEPTH'}",DEPTH
2025-11-14 03:15:48.621000-05:00,MNQZ5.CME@RITHMIC,74180247335000,BUY,24934.0,22,DEPTH,DEPTH,MNQZ5.CME@RITHMIC_20251113_230640_bedbcb11,NONE,,"{'size': 22, 'isBid': True, 'price': 99736, 'data_type': 'DEPTH'}",DEPTH
2025-11-14 03:15:48.618000-05:00,MNQZ5.CME@RITHMIC,74180244318700,BUY,24932.25,32,DEPTH,DEPTH,MNQZ5.CME@RITHMIC_20251113_230640_bedbcb11,NONE,,"{'size': 32, 'isBid': True, 'price': 99729, 'data_type': 'DEPTH'}",DEPTH
2025-11-14 03:15:48.560000-05:00,MNQZ5.CME@RITHMIC,74180186735300,BUY,24919.75,23,DEPTH,DEPTH,MNQZ5.CME@RITHMIC_20251113_230640_bedbcb11,NONE,,"{'size': 23, 'isBid': True, 'price': 99679, 'data_type': 'DEPTH'}",DEPTH
2025-11-14 03:15:48.556000-05:00,MNQZ5.CME@RITHMIC,74180181884100,BUY,24915.0,25,DEPTH,DEPTH,MNQZ5.CME@RITHMIC_20251113_230640_bedbcb11,NONE,,"{'size': 25, 'isBid': True, 'price': 99660, 'data_type': 'DEPTH'}",DEPTH
2025-11-14 03:15:48.546000-05:00,MNQZ5.CME@RITHMIC,74180172235000,BUY,24900.0,127,DEPTH,DEPTH,MNQZ5.CME@RITHMIC_20251113_230640_bedbcb11,NONE,,"{'size': 127, 'isBid': True, 'price': 99600, 'data_type': 'DEPTH'}",DEPTH
2025-11-14 03:15:48.542000-05:00,MNQZ5.CME@RITHMIC,74180167631000,BUY,24880.0,33,DEPTH,DEPTH,MNQZ5.CME@RITHMIC_20251113_230640_bedbcb11,NONE,,"{'size': 33, 'isBid': True, 'price': 99520, 'data_type': 'DEPTH'}",DEPTH
2025-11-14 03:15:48.513000-05:00,MNQZ5.CME@RITHMIC,74180140371700,BUY,24875.0,21,DEPTH,DEPTH,MNQZ5.CME@RITHMIC_20251113_230640_bedbcb11,NONE,,"{'size': 21, 'isBid': True, 'price': 99500, 'data_type': 'DEPTH'}",DEPTH
2025-11-14 03:15:48.482000-05:00,MNQZ5.CME@RITHMIC,74180108075000,BUY,24870.0,31,DEPTH,DEPTH,MNQZ5.CME@RITHMIC_20251113_230640_bedbcb11,NONE,,"{'size': 31, 'isBid': True, 'price': 99480, 'data_type': 'DEPTH'}",DEPTH
2025-11-14 03:15:48.474000-05:00,MNQZ5.CME@RITHMIC,74180099841900,BUY,24850.0,54,DEPTH,DEPTH,MNQZ5.CME@RITHMIC_20251113_230640_bedbcb11,NONE,,"{'size': 54, 'isBid': True, 'price': 99400, 'data_type': 'DEPTH'}",DEPTH
2025-11-14 03:15:48.472000-05:00,MNQZ5.CME@RITHMIC,74180098310900,BUY,24800.0,176,DEPTH,DEPTH,MNQZ5.CME@RITHMIC_20251113_230640_bedbcb11,NONE,,"{'size': 176, 'isBid': True, 'price': 99200, 'data_type': 'DEPTH'}",DEPTH
2025-11-14 03:15:48.470000-05:00,MNQZ5.CME@RITHMIC,74180096720800,BUY,24750.0,46,DEPTH,DEPTH,MNQZ5.CME@RITHMIC_20251113_230640_bedbcb11,NONE,,"{'size': 46, 'isBid': True, 'price': 99000, 'data_type': 'DEPTH'}",DEPTH
2025-11-14 03:15:47.911000-05:00,MNQZ5.CME@RITHMIC,74179537158700,BUY,99792.0,22,TRADE,TRADE,MNQZ5.CME@RITHMIC_20251113_230640_bedbcb11,NONE,,"{'size': 22, 'isOtc': False, 'price': 99792.0, 'data_type': 'TRADE', 'isBidAggressor': False, 'isExecutionEnd': True, 'passiveOrderId': None, 'aggressorOrderId': None, 'isExecutionStart': True, 'serialVersionUID': -5266538964320734421}",TRADE
2025-11-14 03:15:47.907000-05:00,MNQZ5.CME@RITHMIC,74179533152100,BUY,99800.0,42,TRADE,TRADE,MNQZ5.CME@RITHMIC_20251113_230640_bedbcb11,NONE,,"{'size': 42, 'isOtc': False, 'price': 99800.0, 'data_type': 'TRADE', 'isBidAggressor': False, 'isExecutionEnd': True, 'passiveOrderId': None, 'aggressorOrderId': None, 'isExecutionStart': True, 'serialVersionUID': -5266538964320734421}",TRADE
2025-11-14 03:15:47.903000-05:00,MNQZ5.CME@RITHMIC,74179528902000,BUY,99808.0,27,TRADE,TRADE,MNQZ5.CME@RITHMIC_20251113_230640_bedbcb11,NONE,,"{'size': 27, 'isOtc': False, 'price': 99808.0, 'data_type': 'TRADE', 'isBidAggressor': False, 'isExecutionEnd': True, 'passiveOrderId': None, 'aggressorOrderId': None, 'isExecutionStart': True, 'serialVersionUID': -5266538964320734421}",TRADE
2025-11-14 03:15:47.900000-05:00,MNQZ5.CME@RITHMIC,74179526318600,BUY,99812.0,20,TRADE,TRADE,MNQZ5.CME@RITHMIC_20251113_230640_bedbcb11,NONE,,"{'size': 20, 'isOtc': False, 'price': 99812.0, 'data_type': 'TRADE', 'isBidAggressor': False, 'isExecutionEnd': True, 'passiveOrderId': None, 'aggressorOrderId': None, 'isExecutionStart': True, 'serialVersionUID': -5266538964320734421}",TRADE
2025-11-14 03:15:47.881000-05:00,MNQZ5.CME@RITHMIC,74179507817400,BUY,99809.0,24,TRADE,TRADE,MNQZ5.CME@RITHMIC_20251113_230640_bedbcb11,NONE,,"{'size': 24, 'isOtc': False, 'price': 99809.0, 'data_type': 'TRADE', 'isBidAggressor': False, 'isExecutionEnd': True, 'passiveOrderId': None, 'aggressorOrderId': None, 'isExecutionStart': True, 'serialVersionUID': -5266538964320734421}",TRADE
2025-11-14 03:15:47.847000-05:00,MNQZ5.CME@RITHMIC,74179473787700,BUY,99814.0,24,TRADE,TRADE,MNQZ5.CME@RITHMIC_20251113_230640_bedbcb11,NONE,,"{'size': 24, 'isOtc': False, 'price': 99814.0, 'data_type': 'TRADE', 'isBidAggressor': False, 'isExecutionEnd': True, 'passiveOrderId': None, 'aggressorOrderId': None, 'isExecutionStart': True, 'serialVersionUID': -5266538964320734421}",TRADE
2025-11-14 03:15:47.512000-05:00,MNQZ5.CME@RITHMIC,6868910136935,BUY,24924.75,20,LIMIT,ADD,MNQZ5.CME@RITHMIC_20251113_230640_bedbcb11,NONE,,"{'size': 20, 'isBid': True, 'price': 99699, 'orderId': '6868910136935', 'event_type': 'SEND'}",MBO
2025-11-14 03:15:46.893000-05:00,MNQZ5.CME@RITHMIC,6868910137174,SELL,24983.5,20,LIMIT,ADD,MNQZ5.CME@RITHMIC_20251113_230640_bedbcb11,NONE,,"{'size': 20, 'isBid': False, 'price': 99934, 'orderId': '6868910137174', 'event_type': 'SEND'}",MBO
2025-11-14 03:15:20.523000-05:00,MNQZ5.CME@RITHMIC,74152149005400,SELL,24966.0,24,DEPTH,DEPTH,MNQZ5.CME@RITHMIC_20251113_230640_bedbcb11,NONE,,"{'size': 24, 'isBid': False, 'price': 99864, 'data_type': 'DEPTH'}",DEPTH
2025-11-14 03:15:20.447000-05:00,MNQZ5.CME@RITHMIC,74152072820000,SELL,24983.5,25,DEPTH,DEPTH,MNQZ5.CME@RITHMIC_20251113_230640_bedbcb11,NONE,,"{'size': 25, 'isBid': False, 'price': 99934, 'data_type': 'DEPTH'}",DEPTH
2025-11-14 03:15:20.365000-05:00,MNQZ5.CME@RITHMIC,74151991312500,SELL,25020.0,23,DEPTH,DEPTH,MNQZ5.CME@RITHMIC_20251113_230640_bedbcb11,NONE,,"{'size': 23, 'isBid': False, 'price': 100080, 'data_type': 'DEPTH'}",DEPTH
2025-11-14 03:15:20.316000-05:00,MNQZ5.CME@RITHMIC,74151941940100,SELL,25028.0,24,DEPTH,DEPTH,MNQZ5.CME@RITHMIC_20251113_230640_bedbcb11,NONE,,"{'size': 24, 'isBid': False, 'price': 100112, 'data_type': 'DEPTH'}",DEPTH
2025-11-14 03:15:20.291000-05:00,MNQZ5.CME@RITHMIC,74151918131100,SELL,25031.0,23,DEPTH,DEPTH,MNQZ5.CME@RITHMIC_20251113_230640_bedbcb11,NONE,,"{'size': 23, 'isBid': False, 'price': 100124, 'data_type': 'DEPTH'}",DEPTH
2025-11-14 03:15:20.145000-05:00,MNQZ5.CME@RITHMIC,74151771530300,BUY,24940.0,58,DEPTH,DEPTH,MNQZ5.CME@RITHMIC_20251113_230640_bedbcb11,NONE,,"{'size': 58, 'isBid': True, 'price': 99760, 'data_type': 'DEPTH'}",DEPTH
2025-11-14 03:15:20.120000-05:00,MNQZ5.CME@RITHMIC,74151746215800,BUY,24934.0,21,DEPTH,DEPTH,MNQZ5.CME@RITHMIC_20251113_230640_bedbcb11,NONE,,"{'size': 21, 'isBid': True, 'price': 99736, 'data_type': 'DEPTH'}",DEPTH
2025-11-14 03:15:20.113000-05:00,MNQZ5.CME@RITHMIC,74151739042000,BUY,24932.25,21,DEPTH,DEPTH,MNQZ5.CME@RITHMIC_20251113_230640_bedbcb11,NONE,,"{'size': 21, 'isBid': True, 'price': 99729, 'data_type': 'DEPTH'}",DEPTH
2025-11-14 03:15:20.080000-05:00,MNQZ5.CME@RITHMIC,74151706101600,BUY,24924.75,24,DEPTH,DEPTH,MNQZ5.CME@RITHMIC_20251113_230640_bedbcb11,NONE,,"{'size': 24, 'isBid': True, 'price': 99699, 'data_type': 'DEPTH'}",DEPTH
2025-11-14 03:15:19.519000-05:00,MNQZ5.CME@RITHMIC,74151145974400,BUY,99819.0,22,TRADE,TRADE,MNQZ5.CME@RITHMIC_20251113_230640_bedbcb11,NONE,,"{'size': 22, 'isOtc': False, 'price': 99819.0, 'data_type': 'TRADE', 'isBidAggressor': False, 'isExecutionEnd': True, 'passiveOrderId': None, 'aggressorOrderId': None, 'isExecutionStart': True, 'serialVersionUID': -5266538964320734421}",TRADE
2025-11-14 03:15:19.101000-05:00,MNQZ5.CME@RITHMIC,6868910129297,SELL,24972.0,150,LIMIT,ADD,MNQZ5.CME@RITHMIC_20251113_230640_bedbcb11,NONE,,"{'size': 150, 'isBid': False, 'price': 99888, 'orderId': '6868910129297', 'event_type': 'SEND'}",MBO
2025-11-14 03:15:15.470000-05:00,MNQZ5.CME@RITHMIC,6868909917082,SELL,24985.5,20,LIMIT,UPDATE,MNQZ5.CME@RITHMIC_20251113_230640_bedbcb11,NONE,,"{'size': 20, 'price': 99942, 'orderId': '6868909917082', 'event_type': 'REPLACE'}",MBO
2025-11-14 03:15:10.879000-05:00,MNQZ5.CME@RITHMIC,6868909950838,BUY,24925.5,20,LIMIT,UPDATE,MNQZ5.CME@RITHMIC_20251113_230640_bedbcb11,NONE,,"{'size': 20, 'price': 99702, 'orderId': '6868909950838', 'event_type': 'REPLACE'}",MBO
2025-11-14 03:15:09.774000-05:00,MNQZ5.CME@RITHMIC,74141400754300,SELL,24966.0,22,DEPTH,DEPTH,MNQZ5.CME@RITHMIC_20251113_230640_bedbcb11,NONE,,"{'size': 22, 'isBid': False, 'price': 99864, 'data_type': 'DEPTH'}",DEPTH
2025-11-14 03:15:09.768000-05:00,MNQZ5.CME@RITHMIC,74141394959800,SELL,24967.25,20,DEPTH,DEPTH,MNQZ5.CME@RITHMIC_20251113_230640_bedbcb11,NONE,,"{'size': 20, 'isBid': False, 'price': 99869, 'data_type': 'DEPTH'}",DEPTH
2025-11-14 03:15:09.747000-05:00,MNQZ5.CME@RITHMIC,74141373828000,SELL,24972.0,159,DEPTH,DEPTH,MNQZ5.CME@RITHMIC_20251113_230640_bedbcb11,NONE,,"{'size': 159, 'isBid': False, 'price': 99888, 'data_type': 'DEPTH'}",DEPTH
2025-11-14 03:15:09.711000-05:00,MNQZ5.CME@RITHMIC,74141337536800,SELL,24985.5,24,DEPTH,DEPTH,MNQZ5.CME@RITHMIC_20251113_230640_bedbcb11,NONE,,"{'size': 24, 'isBid': False, 'price': 99942, 'data_type': 'DEPTH'}",DEPTH
2025-11-14 03:15:09.680000-05:00,MNQZ5.CME@RITHMIC,74141306449200,SELL,25031.0,23,DEPTH,DEPTH,MNQZ5.CME@RITHMIC_20251113_230640_bedbcb11,NONE,,"{'size': 23, 'isBid': False, 'price': 100124, 'data_type': 'DEPTH'}",DEPTH
2025-11-14 03:15:09.645000-05:00,MNQZ5.CME@RITHMIC,74141272402800,SELL,25100.0,45,DEPTH,DEPTH,MNQZ5.CME@RITHMIC_20251113_230640_bedbcb11,NONE,,"{'size': 45, 'isBid': False, 'price': 100400, 'data_type': 'DEPTH'}",DEPTH
2025-11-14 03:15:09.592000-05:00,MNQZ5.CME@RITHMIC,74141218718400,BUY,24952.0,25,DEPTH,DEPTH,MNQZ5.CME@RITHMIC_20251113_230640_bedbcb11,NONE,,"{'size': 25, 'isBid': True, 'price': 99808, 'data_type': 'DEPTH'}",DEPTH
2025-11-14 03:15:09.583000-05:00,MNQZ5.CME@RITHMIC,74141209321100,BUY,24950.0,38,DEPTH,DEPTH,MNQZ5.CME@RITHMIC_20251113_230640_bedbcb11,NONE,,"{'size': 38, 'isBid': True, 'price': 99800, 'data_type': 'DEPTH'}",DEPTH
2025-11-14 03:15:09.548000-05:00,MNQZ5.CME@RITHMIC,74141175085800,BUY,24938.0,21,DEPTH,DEPTH,MNQZ5.CME@RITHMIC_20251113_230640_bedbcb11,NONE,,"{'size': 21, 'isBid': True, 'price': 99752, 'data_type': 'DEPTH'}",DEPTH
2025-11-14 03:15:09.525000-05:00,MNQZ5.CME@RITHMIC,74141151601600,BUY,24925.5,24,DEPTH,DEPTH,MNQZ5.CME@RITHMIC_20251113_230640_bedbcb11,NONE,,"{'size': 24, 'isBid': True, 'price': 99702, 'data_type': 'DEPTH'}",DEPTH
2025-11-14 03:15:09.509000-05:00,MNQZ5.CME@RITHMIC,74141135295900,BUY,24900.0,128,DEPTH,DEPTH,MNQZ5.CME@RITHMIC_20251113_230640_bedbcb11,NONE,,"{'size': 128, 'isBid': True, 'price': 99600, 'data_type': 'DEPTH'}",DEPTH
2025-11-14 03:15:09.475000-05:00,MNQZ5.CME@RITHMIC,74141102201200,BUY,24880.0,34,DEPTH,DEPTH,MNQZ5.CME@RITHMIC_20251113_230640_bedbcb11,NONE,,"{'size': 34, 'isBid': True, 'price': 99520, 'data_type': 'DEPTH'}",DEPTH
2025-11-14 03:15:09.467000-05:00,MNQZ5.CME@RITHMIC,74141094284800,BUY,24800.0,176,DEPTH,DEPTH,MNQZ5.CME@RITHMIC_20251113_230640_bedbcb11,NONE,,"{'size': 176, 'isBid': True, 'price': 99200, 'data_type': 'DEPTH'}",DEPTH
2025-11-14 03:15:06.631000-05:00,MNQZ5.CME@RITHMIC,6868909917082,SELL,24989.25,20,LIMIT,UPDATE,MNQZ5.CME@RITHMIC_20251113_230640_bedbcb11,NONE,,"{'size': 20, 'price': 99957, 'orderId': '6868909917082', 'event_type': 'REPLACE'}",MBO
2025-11-14 03:15:03.683000-05:00,MNQZ5.CME@RITHMIC,6868909950838,BUY,24930.5,20,LIMIT,UPDATE,MNQZ5.CME@RITHMIC_20251113_230640_bedbcb11,NONE,,"{'size': 20, 'price': 99722, 'orderId': '6868909950838', 'event_type': 'REPLACE'}",MBO
2025-11-14 03:14:57.461000-05:00,MNQZ5.CME@RITHMIC,74129087108400,SELL,24966.0,24,DEPTH,DEPTH,MNQZ5.CME@RITHMIC_20251113_230640_bedbcb11,NONE,,"{'size': 24, 'isBid': False, 'price': 99864, 'data_type': 'DEPTH'}",DEPTH
2025-11-14 03:14:57.365000-05:00,MNQZ5.CME@RITHMIC,74128991100100,SELL,24989.25,25,DEPTH,DEPTH,MNQZ5.CME@RITHMIC_20251113_230640_bedbcb11,NONE,,"{'size': 25, 'isBid': False, 'price': 99957, 'data_type': 'DEPTH'}",DEPTH
2025-11-14 03:14:57.269000-05:00,MNQZ5.CME@RITHMIC,74128895349200,SELL,25150.0,39,DEPTH,DEPTH,MNQZ5.CME@RITHMIC_20251113_230640_bedbcb11,NONE,,"{'size': 39, 'isBid': False, 'price': 100600, 'data_type': 'DEPTH'}",DEPTH
2025-11-14 03:14:57.149000-05:00,MNQZ5.CME@RITHMIC,74128774852400,BUY,24952.0,25,DEPTH,DEPTH,MNQZ5.CME@RITHMIC_20251113_230640_bedbcb11,NONE,,"{'size': 25, 'isBid': True, 'price': 99808, 'data_type': 'DEPTH'}",DEPTH
2025-11-14 03:14:57.135000-05:00,MNQZ5.CME@RITHMIC,74128761182800,BUY,24950.0,37,DEPTH,DEPTH,MNQZ5.CME@RITHMIC_20251113_230640_bedbcb11,NONE,,"{'size': 37, 'isBid': True, 'price': 99800, 'data_type': 'DEPTH'}",DEPTH
2025-11-14 03:14:57.116000-05:00,MNQZ5.CME@RITHMIC,74128742466700,BUY,24943.0,25,DEPTH,DEPTH,MNQZ5.CME@RITHMIC_20251113_230640_bedbcb11,NONE,,"{'size': 25, 'isBid': True, 'price': 99772, 'data_type': 'DEPTH'}",DEPTH
2025-11-14 03:14:57.062000-05:00,MNQZ5.CME@RITHMIC,74128688702200,BUY,24930.5,25,DEPTH,DEPTH,MNQZ5.CME@RITHMIC_20251113_230640_bedbcb11,NONE,,"{'size': 25, 'isBid': True, 'price': 99722, 'data_type': 'DEPTH'}",DEPTH
2025-11-14 03:14:57.046000-05:00,MNQZ5.CME@RITHMIC,74128672759000,BUY,24900.0,126,DEPTH,DEPTH,MNQZ5.CME@RITHMIC_20251113_230640_bedbcb11,NONE,,"{'size': 126, 'isBid': True, 'price': 99600, 'data_type': 'DEPTH'}",DEPTH
2025-11-14 03:14:56.982000-05:00,MNQZ5.CME@RITHMIC,74128608647600,BUY,24800.0,175,DEPTH,DEPTH,MNQZ5.CME@RITHMIC_20251113_230640_bedbcb11,NONE,,"{'size': 175, 'isBid': True, 'price': 99200, 'data_type': 'DEPTH'}",DEPTH
2025-11-14 03:14:56.981000-05:00,MNQZ5.CME@RITHMIC,74128606536100,BUY,24700.0,90,DEPTH,DEPTH,MNQZ5.CME@RITHMIC_20251113_230640_bedbcb11,NONE,,"{'size': 90, 'isBid': True, 'price': 98800, 'data_type': 'DEPTH'}",DEPTH
2025-11-14 03:14:56.182000-05:00,MNQZ5.CME@RITHMIC,74127808487600,SELL,99849.0,20,TRADE,TRADE,MNQZ5.CME@RITHMIC_20251113_230640_bedbcb11,NONE,,"{'size': 20, 'isOtc': False, 'price': 99849.0, 'data_type': 'TRADE', 'isBidAggressor': True, 'isExecutionEnd': True, 'passiveOrderId': None, 'aggressorOrderId': None, 'isExecutionStart': True, 'serialVersionUID': -5266538964320734421}",TRADE
2025-11-14 03:14:49.339000-05:00,MNQZ5.CME@RITHMIC,6868909917082,SELL,24996.5,20,LIMIT,UPDATE,MNQZ5.CME@RITHMIC_20251113_230640_bedbcb11,NONE,,"{'size': 20, 'price': 99986, 'orderId': '6868909917082', 'event_type': 'REPLACE'}",MBO
2025-11-14 03:14:42.713000-05:00,MNQZ5.CME@RITHMIC,6868909950838,BUY,24937.5,20,LIMIT,UPDATE,MNQZ5.CME@RITHMIC_20251113_230640_bedbcb11,NONE,,"{'size': 20, 'price': 99750, 'orderId': '6868909950838', 'event_type': 'REPLACE'}",MBO
2025-11-14 03:14:25.809000-05:00,MNQZ5.CME@RITHMIC,74097435271600,SELL,24996.5,23,DEPTH,DEPTH,MNQZ5.CME@RITHMIC_20251113_230640_bedbcb11,NONE,,"{'size': 23, 'isBid': False, 'price': 99986, 'data_type': 'DEPTH'}",DEPTH
2025-11-14 03:14:25.696000-05:00,MNQZ5.CME@RITHMIC,74097322187700,SELL,25100.0,47,DEPTH,DEPTH,MNQZ5.CME@RITHMIC_20251113_230640_bedbcb11,NONE,,"{'size': 47, 'isBid': False, 'price': 100400, 'data_type': 'DEPTH'}",DEPTH
2025-11-14 03:14:25.692000-05:00,MNQZ5.CME@RITHMIC,74097317698600,SELL,25225.0,21,DEPTH,DEPTH,MNQZ5.CME@RITHMIC_20251113_230640_bedbcb11,NONE,,"{'size': 21, 'isBid': False, 'price': 100900, 'data_type': 'DEPTH'}",DEPTH
2025-11-14 03:14:25.534000-05:00,MNQZ5.CME@RITHMIC,74097160697200,BUY,24952.0,23,DEPTH,DEPTH,MNQZ5.CME@RITHMIC_20251113_230640_bedbcb11,NONE,,"{'size': 23, 'isBid': True, 'price': 99808, 'data_type': 'DEPTH'}",DEPTH
2025-11-14 03:14:25.522000-05:00,MNQZ5.CME@RITHMIC,74097148379600,BUY,24950.0,42,DEPTH,DEPTH,MNQZ5.CME@RITHMIC_20251113_230640_bedbcb11,NONE,,"{'size': 42, 'isBid': True, 'price': 99800, 'data_type': 'DEPTH'}",DEPTH
2025-11-14 03:14:25.465000-05:00,MNQZ5.CME@RITHMIC,74097091377200,BUY,24940.0,58,DEPTH,DEPTH,MNQZ5.CME@RITHMIC_20251113_230640_bedbcb11,NONE,,"{'size': 58, 'isBid': True, 'price': 99760, 'data_type': 'DEPTH'}",DEPTH
2025-11-14 03:14:25.446000-05:00,MNQZ5.CME@RITHMIC,74097072319600,BUY,24937.5,27,DEPTH,DEPTH,MNQZ5.CME@RITHMIC_20251113_230640_bedbcb11,NONE,,"{'size': 27, 'isBid': True, 'price': 99750, 'data_type': 'DEPTH'}",DEPTH
2025-11-14 03:14:25.414000-05:00,MNQZ5.CME@RITHMIC,74097039972700,BUY,24932.25,20,DEPTH,DEPTH,MNQZ5.CME@RITHMIC_20251113_230640_bedbcb11,NONE,,"{'size': 20, 'isBid': True, 'price': 99729, 'data_type': 'DEPTH'}",DEPTH
2025-11-14 03:14:25.383000-05:00,MNQZ5.CME@RITHMIC,74097008786700,BUY,24920.0,25,DEPTH,DEPTH,MNQZ5.CME@RITHMIC_20251113_230640_bedbcb11,NONE,,"{'size': 25, 'isBid': True, 'price': 99680, 'data_type': 'DEPTH'}",DEPTH
2025-11-14 03:14:25.381000-05:00,MNQZ5.CME@RITHMIC,74097007073900,BUY,24915.0,20,DEPTH,DEPTH,MNQZ5.CME@RITHMIC_20251113_230640_bedbcb11,NONE,,"{'size': 20, 'isBid': True, 'price': 99660, 'data_type': 'DEPTH'}",DEPTH
2025-11-14 03:14:25.375000-05:00,MNQZ5.CME@RITHMIC,74097000890900,BUY,24900.0,121,DEPTH,DEPTH,MNQZ5.CME@RITHMIC_20251113_230640_bedbcb11,NONE,,"{'size': 121, 'isBid': True, 'price': 99600, 'data_type': 'DEPTH'}",DEPTH
2025-11-14 03:14:25.277000-05:00,MNQZ5.CME@RITHMIC,74096903403800,BUY,24880.0,30,DEPTH,DEPTH,MNQZ5.CME@RITHMIC_20251113_230640_bedbcb11,NONE,,"{'size': 30, 'isBid': True, 'price': 99520, 'data_type': 'DEPTH'}",DEPTH
2025-11-14 03:14:25.270000-05:00,MNQZ5.CME@RITHMIC,74096896797000,BUY,24810.0,23,DEPTH,DEPTH,MNQZ5.CME@RITHMIC_20251113_230640_bedbcb11,NONE,,"{'size': 23, 'isBid': True, 'price': 99240, 'data_type': 'DEPTH'}",DEPTH
2025-11-14 03:14:24.645000-05:00,MNQZ5.CME@RITHMIC,74096270744600,BUY,99824.0,26,TRADE,TRADE,MNQZ5.CME@RITHMIC_20251113_230640_bedbcb11,NONE,,"{'size': 26, 'isOtc': False, 'price': 99824.0, 'data_type': 'TRADE', 'isBidAggressor': False, 'isExecutionEnd': True, 'passiveOrderId': None, 'aggressorOrderId': None, 'isExecutionStart': True, 'serialVersionUID': -5266538964320734421}",TRADE
2025-11-14 03:14:24.641000-05:00,MNQZ5.CME@RITHMIC,74096268203500,BUY,99828.0,22,TRADE,TRADE,MNQZ5.CME@RITHMIC_20251113_230640_bedbcb11,NONE,,"{'size': 22, 'isOtc': False, 'price': 99828.0, 'data_type': 'TRADE', 'isBidAggressor': False, 'isExecutionEnd': True, 'passiveOrderId': None, 'aggressorOrderId': None, 'isExecutionStart': True, 'serialVersionUID': -5266538964320734421}",TRADE
2025-11-14 03:14:24.625000-05:00,MNQZ5.CME@RITHMIC,74096251042000,BUY,99825.0,29,TRADE,TRADE,MNQZ5.CME@RITHMIC_20251113_230640_bedbcb11,NONE,,"{'size': 29, 'isOtc': False, 'price': 99825.0, 'data_type': 'TRADE', 'isBidAggressor': False, 'isExecutionEnd': True, 'passiveOrderId': None, 'aggressorOrderId': None, 'isExecutionStart': True, 'serialVersionUID': -5266538964320734421}",TRADE
2025-11-14 03:14:24.623000-05:00,MNQZ5.CME@RITHMIC,74096249267200,BUY,99829.0,27,TRADE,TRADE,MNQZ5.CME@RITHMIC_20251113_230640_bedbcb11,NONE,,"{'size': 27, 'isOtc': False, 'price': 99829.0, 'data_type': 'TRADE', 'isBidAggressor': False, 'isExecutionEnd': True, 'passiveOrderId': None, 'aggressorOrderId': None, 'isExecutionStart': True, 'serialVersionUID': -5266538964320734421}",TRADE
2025-11-14 03:14:24.621000-05:00,MNQZ5.CME@RITHMIC,74096247294700,BUY,99833.0,24,TRADE,TRADE,MNQZ5.CME@RITHMIC_20251113_230640_bedbcb11,NONE,,"{'size': 24, 'isOtc': False, 'price': 99833.0, 'data_type': 'TRADE', 'isBidAggressor': False, 'isExecutionEnd': True, 'passiveOrderId': None, 'aggressorOrderId': None, 'isExecutionStart': True, 'serialVersionUID': -5266538964320734421}",TRADE
2025-11-14 03:14:24.604000-05:00,MNQZ5.CME@RITHMIC,74096230671600,BUY,99826.0,21,TRADE,TRADE,MNQZ5.CME@RITHMIC_20251113_230640_bedbcb11,NONE,,"{'size': 21, 'isOtc': False, 'price': 99826.0, 'data_type': 'TRADE', 'isBidAggressor': False, 'isExecutionEnd': True, 'passiveOrderId': None, 'aggressorOrderId': None, 'isExecutionStart': True, 'serialVersionUID': -5266538964320734421}",TRADE
2025-11-14 03:14:24.556000-05:00,MNQZ5.CME@RITHMIC,74096182310500,SELL,99828.0,38,TRADE,TRADE,MNQZ5.CME@RITHMIC_20251113_230640_bedbcb11,NONE,,"{'size': 38, 'isOtc': False, 'price': 99828.0, 'data_type': 'TRADE', 'isBidAggressor': True, 'isExecutionEnd': True, 'passiveOrderId': None, 'aggressorOrderId': None, 'isExecutionStart': True, 'serialVersionUID': -5266538964320734421}",TRADE
2025-11-14 03:14:24.542000-05:00,MNQZ5.CME@RITHMIC,74096169721100,SELL,99829.0,25,TRADE,TRADE,MNQZ5.CME@RITHMIC_20251113_230640_bedbcb11,NONE,,"{'size': 25, 'isOtc': False, 'price': 99829.0, 'data_type': 'TRADE', 'isBidAggressor': True, 'isExecutionEnd': True, 'passiveOrderId': None, 'aggressorOrderId': None, 'isExecutionStart': True, 'serialVersionUID': -5266538964320734421}",TRADE
2025-11-14 03:14:18.148000-05:00,MNQZ5.CME@RITHMIC,6868909917082,SELL,24987.25,20,LIMIT,UPDATE,MNQZ5.CME@RITHMIC_20251113_230640_bedbcb11,NONE,,"{'size': 20, 'price': 99949, 'orderId': '6868909917082', 'event_type': 'REPLACE'}",MBO
2025-11-14 03:14:12.263000-05:00,MNQZ5.CME@RITHMIC,6868909950838,BUY,24926.5,20,LIMIT,UPDATE,MNQZ5.CME@RITHMIC_20251113_230640_bedbcb11,NONE,,"{'size': 20, 'price': 99706, 'orderId': '6868909950838', 'event_type': 'REPLACE'}",MBO
2025-11-14 03:13:57.768000-05:00,MNQZ5.CME@RITHMIC,74069394758100,SELL,24987.25,24,DEPTH,DEPTH,MNQZ5.CME@RITHMIC_20251113_230640_bedbcb11,NONE,,"{'size': 24, 'isBid': False, 'price': 99949, 'data_type': 'DEPTH'}",DEPTH
2025-11-14 03:13:57.620000-05:00,MNQZ5.CME@RITHMIC,74069246268500,SELL,25200.0,91,DEPTH,DEPTH,MNQZ5.CME@RITHMIC_20251113_230640_bedbcb11,NONE,,"{'size': 91, 'isBid': False, 'price': 100800, 'data_type': 'DEPTH'}",DEPTH
2025-11-14 03:13:57.618000-05:00,MNQZ5.CME@RITHMIC,74069244187200,SELL,25220.0,104,DEPTH,DEPTH,MNQZ5.CME@RITHMIC_20251113_230640_bedbcb11,NONE,,"{'size': 104, 'isBid': False, 'price': 100880, 'data_type': 'DEPTH'}",DEPTH
2025-11-14 03:13:57.613000-05:00,MNQZ5.CME@RITHMIC,74069239376300,SELL,25225.0,23,DEPTH,DEPTH,MNQZ5.CME@RITHMIC_20251113_230640_bedbcb11,NONE,,"{'size': 23, 'isBid': False, 'price': 100900, 'data_type': 'DEPTH'}",DEPTH
2025-11-14 03:13:57.610000-05:00,MNQZ5.CME@RITHMIC,74069235943500,SELL,25250.0,77,DEPTH,DEPTH,MNQZ5.CME@RITHMIC_20251113_230640_bedbcb11,NONE,,"{'size': 77, 'isBid': False, 'price': 101000, 'data_type': 'DEPTH'}",DEPTH
2025-11-14 03:13:57.597000-05:00,MNQZ5.CME@RITHMIC,74069223255100,SELL,26000.0,106,DEPTH,DEPTH,MNQZ5.CME@RITHMIC_20251113_230640_bedbcb11,NONE,,"{'size': 106, 'isBid': False, 'price': 104000, 'data_type': 'DEPTH'}",DEPTH
2025-11-14 03:13:57.505000-05:00,MNQZ5.CME@RITHMIC,74069130775000,BUY,24950.0,37,DEPTH,DEPTH,MNQZ5.CME@RITHMIC_20251113_230640_bedbcb11,NONE,,"{'size': 37, 'isBid': True, 'price': 99800, 'data_type': 'DEPTH'}",DEPTH
2025-11-14 03:13:57.453000-05:00,MNQZ5.CME@RITHMIC,74069079831600,BUY,24940.0,57,DEPTH,DEPTH,MNQZ5.CME@RITHMIC_20251113_230640_bedbcb11,NONE,,"{'size': 57, 'isBid': True, 'price': 99760, 'data_type': 'DEPTH'}",DEPTH
2025-11-14 03:13:57.403000-05:00,MNQZ5.CME@RITHMIC,74069029565100,BUY,24932.25,21,DEPTH,DEPTH,MNQZ5.CME@RITHMIC_20251113_230640_bedbcb11,NONE,,"{'size': 21, 'isBid': True, 'price': 99729, 'data_type': 'DEPTH'}",DEPTH
2025-11-14 03:13:57.376000-05:00,MNQZ5.CME@RITHMIC,74069002874400,BUY,24926.5,23,DEPTH,DEPTH,MNQZ5.CME@RITHMIC_20251113_230640_bedbcb11,NONE,,"{'size': 23, 'isBid': True, 'price': 99706, 'data_type': 'DEPTH'}",DEPTH
2025-11-14 03:13:57.303000-05:00,MNQZ5.CME@RITHMIC,74068929758700,BUY,24880.0,29,DEPTH,DEPTH,MNQZ5.CME@RITHMIC_20251113_230640_bedbcb11,NONE,,"{'size': 29, 'isBid': True, 'price': 99520, 'data_type': 'DEPTH'}",DEPTH
2025-11-14 03:13:57.285000-05:00,MNQZ5.CME@RITHMIC,74068911918600,BUY,24800.0,174,DEPTH,DEPTH,MNQZ5.CME@RITHMIC_20251113_230640_bedbcb11,NONE,,"{'size': 174, 'isBid': True, 'price': 99200, 'data_type': 'DEPTH'}",DEPTH
2025-11-14 03:13:56.636000-05:00,MNQZ5.CME@RITHMIC,74068262430300,BUY,99856.0,147,TRADE,TRADE,MNQZ5.CME@RITHMIC_20251113_230640_bedbcb11,NONE,,"{'size': 147, 'isOtc': False, 'price': 99856.0, 'data_type': 'TRADE', 'isBidAggressor': False, 'isExecutionEnd': True, 'passiveOrderId': None, 'aggressorOrderId': None, 'isExecutionStart': True, 'serialVersionUID': -5266538964320734421}",TRADE
2025-11-14 03:13:48.794000-05:00,MNQZ5.CME@RITHMIC,6868909917082,SELL,24994.0,20,LIMIT,UPDATE,MNQZ5.CME@RITHMIC_20251113_230640_bedbcb11,NONE,,"{'size': 20, 'price': 99976, 'orderId': '6868909917082', 'event_type': 'REPLACE'}",MBO
2025-11-14 03:13:42.167000-05:00,MNQZ5.CME@RITHMIC,6868909950838,BUY,24933.5,20,LIMIT,UPDATE,MNQZ5.CME@RITHMIC_20251113_230640_bedbcb11,NONE,,"{'size': 20, 'price': 99734, 'orderId': '6868909950838', 'event_type': 'REPLACE'}",MBO
2025-11-14 03:13:32.569000-05:00,MNQZ5.CME@RITHMIC,74044195295200,SELL,24981.5,21,DEPTH,DEPTH,MNQZ5.CME@RITHMIC_20251113_230640_bedbcb11,NONE,,"{'size': 21, 'isBid': False, 'price': 99926, 'data_type': 'DEPTH'}",DEPTH
2025-11-14 03:13:32.506000-05:00,MNQZ5.CME@RITHMIC,74044132703000,SELL,24994.0,24,DEPTH,DEPTH,MNQZ5.CME@RITHMIC_20251113_230640_bedbcb11,NONE,,"{'size': 24, 'isBid': False, 'price': 99976, 'data_type': 'DEPTH'}",DEPTH
2025-11-14 03:13:32.365000-05:00,MNQZ5.CME@RITHMIC,74043991160000,SELL,25050.0,50,DEPTH,DEPTH,MNQZ5.CME@RITHMIC_20251113_230640_bedbcb11,NONE,,"{'size': 50, 'isBid': False, 'price': 100200, 'data_type': 'DEPTH'}",DEPTH
2025-11-14 03:13:32.355000-05:00,MNQZ5.CME@RITHMIC,74043981556100,SELL,25100.0,45,DEPTH,DEPTH,MNQZ5.CME@RITHMIC_20251113_230640_bedbcb11,NONE,,"{'size': 45, 'isBid': False, 'price': 100400, 'data_type': 'DEPTH'}",DEPTH
2025-11-14 03:13:32.349000-05:00,MNQZ5.CME@RITHMIC,74043975178400,SELL,25750.0,43,DEPTH,DEPTH,MNQZ5.CME@RITHMIC_20251113_230640_bedbcb11,NONE,,"{'size': 43, 'isBid': False, 'price': 103000, 'data_type': 'DEPTH'}",DEPTH
2025-11-14 03:13:32.272000-05:00,MNQZ5.CME@RITHMIC,74043898533700,BUY,24960.0,20,DEPTH,DEPTH,MNQZ5.CME@RITHMIC_20251113_230640_bedbcb11,NONE,,"{'size': 20, 'isBid': True, 'price': 99840, 'data_type': 'DEPTH'}",DEPTH
2025-11-14 03:13:32.225000-05:00,MNQZ5.CME@RITHMIC,74043851972300,BUY,24953.0,21,DEPTH,DEPTH,MNQZ5.CME@RITHMIC_20251113_230640_bedbcb11,NONE,,"{'size': 21, 'isBid': True, 'price': 99812, 'data_type': 'DEPTH'}",DEPTH
2025-11-14 03:13:32.215000-05:00,MNQZ5.CME@RITHMIC,74043841203900,BUY,24950.0,72,DEPTH,DEPTH,MNQZ5.CME@RITHMIC_20251113_230640_bedbcb11,NONE,,"{'size': 72, 'isBid': True, 'price': 99800, 'data_type': 'DEPTH'}",DEPTH
2025-11-14 03:13:32.157000-05:00,MNQZ5.CME@RITHMIC,74043783585000,BUY,24933.5,24,DEPTH,DEPTH,MNQZ5.CME@RITHMIC_20251113_230640_bedbcb11,NONE,,"{'size': 24, 'isBid': True, 'price': 99734, 'data_type': 'DEPTH'}",DEPTH
2025-11-14 03:13:32.071000-05:00,MNQZ5.CME@RITHMIC,74043697054700,BUY,24750.0,45,DEPTH,DEPTH,MNQZ5.CME@RITHMIC_20251113_230640_bedbcb11,NONE,,"{'size': 45, 'isBid': True, 'price': 99000, 'data_type': 'DEPTH'}",DEPTH
2025-11-14 03:13:27.002000-05:00,MNQZ5.CME@RITHMIC,6868909917082,SELL,24996.0,20,LIMIT,UPDATE,MNQZ5.CME@RITHMIC_20251113_230640_bedbcb11,NONE,,"{'size': 20, 'price': 99984, 'orderId': '6868909917082', 'event_type': 'REPLACE'}",MBO
2025-11-14 03:13:22.421000-05:00,MNQZ5.CME@RITHMIC,6868909950838,BUY,24938.0,20,LIMIT,UPDATE,MNQZ5.CME@RITHMIC_20251113_230640_bedbcb11,NONE,,"{'size': 20, 'price': 99752, 'orderId': '6868909950838', 'event_type': 'REPLACE'}",MBO
2025-11-14 03:13:05.788000-05:00,MNQZ5.CME@RITHMIC,74017414017000,SELL,24983.5,21,DEPTH,DEPTH,MNQZ5.CME@RITHMIC_20251113_230640_bedbcb11,NONE,,"{'size': 21, 'isBid': False, 'price': 99934, 'data_type': 'DEPTH'}",DEPTH
2025-11-14 03:13:05.730000-05:00,MNQZ5.CME@RITHMIC,74017355679800,SELL,24996.0,30,DEPTH,DEPTH,MNQZ5.CME@RITHMIC_20251113_230640_bedbcb11,NONE,,"{'size': 30, 'isBid': False, 'price': 99984, 'data_type': 'DEPTH'}",DEPTH
2025-11-14 03:13:05.680000-05:00,MNQZ5.CME@RITHMIC,74017306684800,SELL,25031.0,25,DEPTH,DEPTH,MNQZ5.CME@RITHMIC_20251113_230640_bedbcb11,NONE,,"{'size': 25, 'isBid': False, 'price': 100124, 'data_type': 'DEPTH'}",DEPTH
2025-11-14 03:13:05.623000-05:00,MNQZ5.CME@RITHMIC,74017249528600,SELL,25050.0,45,DEPTH,DEPTH,MNQZ5.CME@RITHMIC_20251113_230640_bedbcb11,NONE,,"{'size': 45, 'isBid': False, 'price': 100200, 'data_type': 'DEPTH'}",DEPTH
2025-11-14 03:13:05.600000-05:00,MNQZ5.CME@RITHMIC,74017226672400,SELL,25100.0,56,DEPTH,DEPTH,MNQZ5.CME@RITHMIC_20251113_230640_bedbcb11,NONE,,"{'size': 56, 'isBid': False, 'price': 100400, 'data_type': 'DEPTH'}",DEPTH
2025-11-14 03:13:05.592000-05:00,MNQZ5.CME@RITHMIC,74017218518000,SELL,25225.0,22,DEPTH,DEPTH,MNQZ5.CME@RITHMIC_20251113_230640_bedbcb11,NONE,,"{'size': 22, 'isBid': False, 'price': 100900, 'data_type': 'DEPTH'}",DEPTH
2025-11-14 03:13:05.432000-05:00,MNQZ5.CME@RITHMIC,74017058361600,BUY,24953.0,21,DEPTH,DEPTH,MNQZ5.CME@RITHMIC_20251113_230640_bedbcb11,NONE,,"{'size': 21, 'isBid': True, 'price': 99812, 'data_type': 'DEPTH'}",DEPTH
2025-11-14 03:13:05.424000-05:00,MNQZ5.CME@RITHMIC,74017050233300,BUY,24950.0,71,DEPTH,DEPTH,MNQZ5.CME@RITHMIC_20251113_230640_bedbcb11,NONE,,"{'size': 71, 'isBid': True, 'price': 99800, 'data_type': 'DEPTH'}",DEPTH
2025-11-14 03:13:05.363000-05:00,MNQZ5.CME@RITHMIC,74016989341700,BUY,24938.0,28,DEPTH,DEPTH,MNQZ5.CME@RITHMIC_20251113_230640_bedbcb11,NONE,,"{'size': 28, 'isBid': True, 'price': 99752, 'data_type': 'DEPTH'}",DEPTH
2025-11-14 03:13:05.348000-05:00,MNQZ5.CME@RITHMIC,74016974544000,BUY,24900.0,120,DEPTH,DEPTH,MNQZ5.CME@RITHMIC_20251113_230640_bedbcb11,NONE,,"{'size': 120, 'isBid': True, 'price': 99600, 'data_type': 'DEPTH'}",DEPTH
2025-11-14 03:13:05.274000-05:00,MNQZ5.CME@RITHMIC,74016900534900,BUY,24810.0,21,DEPTH,DEPTH,MNQZ5.CME@RITHMIC_20251113_230640_bedbcb11,NONE,,"{'size': 21, 'isBid': True, 'price': 99240, 'data_type': 'DEPTH'}",DEPTH
2025-11-14 03:13:01.130000-05:00,MNQZ5.CME@RITHMIC,6868909917082,SELL,25005.0,20,LIMIT,UPDATE,MNQZ5.CME@RITHMIC_20251113_230640_bedbcb11,NONE,,"{'size': 20, 'price': 100020, 'orderId': '6868909917082', 'event_type': 'REPLACE'}",MBO
2025-11-14 03:12:58.594000-05:00,MNQZ5.CME@RITHMIC,6868909950838,BUY,24947.25,20,LIMIT,UPDATE,MNQZ5.CME@RITHMIC_20251113_230640_bedbcb11,NONE,,"{'size': 20, 'price': 99789, 'orderId': '6868909950838', 'event_type': 'REPLACE'}",MBO
2025-11-14 03:12:54.612000-05:00,MNQZ5.CME@RITHMIC,74006238838200,SELL,25005.0,23,DEPTH,DEPTH,MNQZ5.CME@RITHMIC_20251113_230640_bedbcb11,NONE,,"{'size': 23, 'isBid': False, 'price': 100020, 'data_type': 'DEPTH'}",DEPTH
2025-11-14 03:12:54.583000-05:00,MNQZ5.CME@RITHMIC,74006210032500,SELL,25050.0,47,DEPTH,DEPTH,MNQZ5.CME@RITHMIC_20251113_230640_bedbcb11,NONE,,"{'size': 47, 'isBid': False, 'price': 100200, 'data_type': 'DEPTH'}",DEPTH
2025-11-14 03:12:54.446000-05:00,MNQZ5.CME@RITHMIC,74006072630700,BUY,24947.25,24,DEPTH,DEPTH,MNQZ5.CME@RITHMIC_20251113_230640_bedbcb11,NONE,,"{'size': 24, 'isBid': True, 'price': 99789, 'data_type': 'DEPTH'}",DEPTH
2025-11-14 03:12:54.413000-05:00,MNQZ5.CME@RITHMIC,74006040194400,BUY,24900.0,120,DEPTH,DEPTH,MNQZ5.CME@RITHMIC_20251113_230640_bedbcb11,NONE,,"{'size': 120, 'isBid': True, 'price': 99600, 'data_type': 'DEPTH'}",DEPTH
2025-11-14 03:12:54.371000-05:00,MNQZ5.CME@RITHMIC,74005997810000,BUY,24880.0,29,DEPTH,DEPTH,MNQZ5.CME@RITHMIC_20251113_230640_bedbcb11,NONE,,"{'size': 29, 'isBid': True, 'price': 99520, 'data_type': 'DEPTH'}",DEPTH
2025-11-14 03:12:52.031000-05:00,MNQZ5.CME@RITHMIC,6868909917082,SELL,24998.0,20,LIMIT,UPDATE,MNQZ5.CME@RITHMIC_20251113_230640_bedbcb11,NONE,,"{'size': 20, 'price': 99992, 'orderId': '6868909917082', 'event_type': 'REPLACE'}",MBO
2025-11-14 03:12:49.256000-05:00,MNQZ5.CME@RITHMIC,6868909950838,BUY,24940.5,20,LIMIT,UPDATE,MNQZ5.CME@RITHMIC_20251113_230640_bedbcb11,NONE,,"{'size': 20, 'price': 99762, 'orderId': '6868909950838', 'event_type': 'REPLACE'}",MBO
2025-11-14 03:12:43.053000-05:00,MNQZ5.CME@RITHMIC,73994679594900,SELL,24998.0,24,DEPTH,DEPTH,MNQZ5.CME@RITHMIC_20251113_230640_bedbcb11,NONE,,"{'size': 24, 'isBid': False, 'price': 99992, 'data_type': 'DEPTH'}",DEPTH
2025-11-14 03:12:42.998000-05:00,MNQZ5.CME@RITHMIC,73994624595600,SELL,25050.0,45,DEPTH,DEPTH,MNQZ5.CME@RITHMIC_20251113_230640_bedbcb11,NONE,,"{'size': 45, 'isBid': False, 'price': 100200, 'data_type': 'DEPTH'}",DEPTH
2025-11-14 03:12:42.974000-05:00,MNQZ5.CME@RITHMIC,73994600046200,SELL,25450.0,38,DEPTH,DEPTH,MNQZ5.CME@RITHMIC_20251113_230640_bedbcb11,NONE,,"{'size': 38, 'isBid': False, 'price': 101800, 'data_type': 'DEPTH'}",DEPTH
2025-11-14 03:12:42.869000-05:00,MNQZ5.CME@RITHMIC,73994496082000,BUY,24953.0,21,DEPTH,DEPTH,MNQZ5.CME@RITHMIC_20251113_230640_bedbcb11,NONE,,"{'size': 21, 'isBid': True, 'price': 99812, 'data_type': 'DEPTH'}",DEPTH
2025-11-14 03:12:42.827000-05:00,MNQZ5.CME@RITHMIC,73994453509300,BUY,24940.5,32,DEPTH,DEPTH,MNQZ5.CME@RITHMIC_20251113_230640_bedbcb11,NONE,,"{'size': 32, 'isBid': True, 'price': 99762, 'data_type': 'DEPTH'}",DEPTH
2025-11-14 03:12:42.815000-05:00,MNQZ5.CME@RITHMIC,73994442137100,BUY,24900.0,120,DEPTH,DEPTH,MNQZ5.CME@RITHMIC_20251113_230640_bedbcb11,NONE,,"{'size': 120, 'isBid': True, 'price': 99600, 'data_type': 'DEPTH'}",DEPTH
2025-11-14 03:12:42.382000-05:00,MNQZ5.CME@RITHMIC,73994008602700,SELL,99908.0,151,TRADE,TRADE,MNQZ5.CME@RITHMIC_20251113_230640_bedbcb11,NONE,,"{'size': 151, 'isOtc': False, 'price': 99908.0, 'data_type': 'TRADE', 'isBidAggressor': True, 'isExecutionEnd': True, 'passiveOrderId': None, 'aggressorOrderId': None, 'isExecutionStart': True, 'serialVersionUID': -5266538964320734421}",TRADE
2025-11-14 03:12:42.372000-05:00,MNQZ5.CME@RITHMIC,73993998139700,SELL,99909.0,30,TRADE,TRADE,MNQZ5.CME@RITHMIC_20251113_230640_bedbcb11,NONE,,"{'size': 30, 'isOtc': False, 'price': 99909.0, 'data_type': 'TRADE', 'isBidAggressor': True, 'isExecutionEnd': True, 'passiveOrderId': None, 'aggressorOrderId': None, 'isExecutionStart': True, 'serialVersionUID': -5266538964320734421}",TRADE
2025-11-14 03:12:40.505000-05:00,MNQZ5.CME@RITHMIC,6868909917082,SELL,25007.0,20,LIMIT,UPDATE,MNQZ5.CME@RITHMIC_20251113_230640_bedbcb11,NONE,,"{'size': 20, 'price': 100028, 'orderId': '6868909917082', 'event_type': 'REPLACE'}",MBO
2025-11-14 03:12:38.476000-05:00,MNQZ5.CME@RITHMIC,6868909950838,BUY,24949.5,20,LIMIT,UPDATE,MNQZ5.CME@RITHMIC_20251113_230640_bedbcb11,NONE,,"{'size': 20, 'price': 99798, 'orderId': '6868909950838', 'event_type': 'REPLACE'}",MBO
2025-11-14 03:12:31.443000-05:00,MNQZ5.CME@RITHMIC,73983069991700,SELL,25007.0,26,DEPTH,DEPTH,MNQZ5.CME@RITHMIC_20251113_230640_bedbcb11,NONE,,"{'size': 26, 'isBid': False, 'price': 100028, 'data_type': 'DEPTH'}",DEPTH
2025-11-14 03:12:31.429000-05:00,MNQZ5.CME@RITHMIC,73983055181300,SELL,25050.0,50,DEPTH,DEPTH,MNQZ5.CME@RITHMIC_20251113_230640_bedbcb11,NONE,,"{'size': 50, 'isBid': False, 'price': 100200, 'data_type': 'DEPTH'}",DEPTH
2025-11-14 03:12:31.401000-05:00,MNQZ5.CME@RITHMIC,73983028182500,SELL,25055.0,28,DEPTH,DEPTH,MNQZ5.CME@RITHMIC_20251113_230640_bedbcb11,NONE,,"{'size': 28, 'isBid': False, 'price': 100220, 'data_type': 'DEPTH'}",DEPTH
2025-11-14 03:12:31.250000-05:00,MNQZ5.CME@RITHMIC,73982876766700,BUY,24952.0,25,DEPTH,DEPTH,MNQZ5.CME@RITHMIC_20251113_230640_bedbcb11,NONE,,"{'size': 25, 'isBid': True, 'price': 99808, 'data_type': 'DEPTH'}",DEPTH
2025-11-14 03:12:31.240000-05:00,MNQZ5.CME@RITHMIC,73982866823800,BUY,24949.5,24,DEPTH,DEPTH,MNQZ5.CME@RITHMIC_20251113_230640_bedbcb11,NONE,,"{'size': 24, 'isBid': True, 'price': 99798, 'data_type': 'DEPTH'}",DEPTH
2025-11-14 03:12:31.192000-05:00,MNQZ5.CME@RITHMIC,73982818604700,BUY,24900.0,118,DEPTH,DEPTH,MNQZ5.CME@RITHMIC_20251113_230640_bedbcb11,NONE,,"{'size': 118, 'isBid': True, 'price': 99600, 'data_type': 'DEPTH'}",DEPTH
2025-11-14 03:12:30.854000-05:00,MNQZ5.CME@RITHMIC,73982480341400,SELL,99892.0,21,TRADE,TRADE,MNQZ5.CME@RITHMIC_20251113_230640_bedbcb11,NONE,,"{'size': 21, 'isOtc': False, 'price': 99892.0, 'data_type': 'TRADE', 'isBidAggressor': True, 'isExecutionEnd': True, 'passiveOrderId': None, 'aggressorOrderId': None, 'isExecutionStart': True, 'serialVersionUID': -5266538964320734421}",TRADE
2025-11-14 03:12:30.485000-05:00,MNQZ5.CME@RITHMIC,6868910043000,SELL,24977.0,147,LIMIT,ADD,MNQZ5.CME@RITHMIC_20251113_230640_bedbcb11,NONE,,"{'size': 147, 'isBid': False, 'price': 99908, 'orderId': '6868910043000', 'event_type': 'SEND'}",MBO
2025-11-14 03:12:27.719000-05:00,MNQZ5.CME@RITHMIC,6868909917082,SELL,25002.25,20,LIMIT,UPDATE,MNQZ5.CME@RITHMIC_20251113_230640_bedbcb11,NONE,,"{'size': 20, 'price': 100009, 'orderId': '6868909917082', 'event_type': 'REPLACE'}",MBO
2025-11-14 03:12:24.849000-05:00,MNQZ5.CME@RITHMIC,6868909950838,BUY,24942.75,20,LIMIT,UPDATE,MNQZ5.CME@RITHMIC_20251113_230640_bedbcb11,NONE,,"{'size': 20, 'price': 99771, 'orderId': '6868909950838', 'event_type': 'REPLACE'}",MBO
2025-11-14 03:12:23.757000-05:00,MNQZ5.CME@RITHMIC,73975383611100,SELL,24977.0,156,DEPTH,DEPTH,MNQZ5.CME@RITHMIC_20251113_230640_bedbcb11,NONE,,"{'size': 156, 'isBid': False, 'price': 99908, 'data_type': 'DEPTH'}",DEPTH
2025-11-14 03:12:23.756000-05:00,MNQZ5.CME@RITHMIC,73975382245600,SELL,24977.25,36,DEPTH,DEPTH,MNQZ5.CME@RITHMIC_20251113_230640_bedbcb11,NONE,,"{'size': 36, 'isBid': False, 'price': 99909, 'data_type': 'DEPTH'}",DEPTH
2025-11-14 03:12:23.693000-05:00,MNQZ5.CME@RITHMIC,73975319535300,SELL,25002.25,23,DEPTH,DEPTH,MNQZ5.CME@RITHMIC_20251113_230640_bedbcb11,NONE,,"{'size': 23, 'isBid': False, 'price': 100009, 'data_type': 'DEPTH'}",DEPTH
2025-11-14 03:12:23.677000-05:00,MNQZ5.CME@RITHMIC,73975303377400,SELL,25044.0,21,DEPTH,DEPTH,MNQZ5.CME@RITHMIC_20251113_230640_bedbcb11,NONE,,"{'size': 21, 'isBid': False, 'price': 100176, 'data_type': 'DEPTH'}",DEPTH
2025-11-14 03:12:23.647000-05:00,MNQZ5.CME@RITHMIC,73975273490300,SELL,25050.0,50,DEPTH,DEPTH,MNQZ5.CME@RITHMIC_20251113_230640_bedbcb11,NONE,,"{'size': 50, 'isBid': False, 'price': 100200, 'data_type': 'DEPTH'}",DEPTH
2025-11-14 03:12:23.547000-05:00,MNQZ5.CME@RITHMIC,73975172953700,BUY,24950.0,73,DEPTH,DEPTH,MNQZ5.CME@RITHMIC_20251113_230640_bedbcb11,NONE,,"{'size': 73, 'isBid': True, 'price': 99800, 'data_type': 'DEPTH'}",DEPTH
2025-11-14 03:12:23.523000-05:00,MNQZ5.CME@RITHMIC,73975149976100,BUY,24942.75,23,DEPTH,DEPTH,MNQZ5.CME@RITHMIC_20251113_230640_bedbcb11,NONE,,"{'size': 23, 'isBid': True, 'price': 99771, 'data_type': 'DEPTH'}",DEPTH
2025-11-14 03:12:23.521000-05:00,MNQZ5.CME@RITHMIC,73975147474900,BUY,24940.0,56,DEPTH,DEPTH,MNQZ5.CME@RITHMIC_20251113_230640_bedbcb11,NONE,,"{'size': 56, 'isBid': True, 'price': 99760, 'data_type': 'DEPTH'}",DEPTH
2025-11-14 03:12:23.514000-05:00,MNQZ5.CME@RITHMIC,73975140647000,BUY,24926.0,24,DEPTH,DEPTH,MNQZ5.CME@RITHMIC_20251113_230640_bedbcb11,NONE,,"{'size': 24, 'isBid': True, 'price': 99704, 'data_type': 'DEPTH'}",DEPTH
2025-11-14 03:12:23.510000-05:00,MNQZ5.CME@RITHMIC,73975137252600,BUY,24920.0,27,DEPTH,DEPTH,MNQZ5.CME@RITHMIC_20251113_230640_bedbcb11,NONE,,"{'size': 27, 'isBid': True, 'price': 99680, 'data_type': 'DEPTH'}",DEPTH
2025-11-14 03:12:20.584000-05:00,MNQZ5.CME@RITHMIC,73972211132700,BUY,24800.0,173,DEPTH,DEPTH,MNQZ5.CME@RITHMIC_20251113_230640_bedbcb11,NONE,,"{'size': 173, 'isBid': True, 'price': 99200, 'data_type': 'DEPTH'}",DEPTH
2025-11-14 03:12:20.450000-05:00,MNQZ5.CME@RITHMIC,73972076572900,SELL,24975.0,27,DEPTH,DEPTH,MNQZ5.CME@RITHMIC_20251113_230640_bedbcb11,NONE,,"{'size': 27, 'isBid': False, 'price': 99900, 'data_type': 'DEPTH'}",DEPTH
2025-11-14 03:12:20.026000-05:00,MNQZ5.CME@RITHMIC,73971653079200,SELL,24975.0,26,DEPTH,DEPTH,MNQZ5.CME@RITHMIC_20251113_230640_bedbcb11,NONE,,"{'size': 26, 'isBid': False, 'price': 99900, 'data_type': 'DEPTH'}",DEPTH
2025-11-14 03:12:18.681000-05:00,MNQZ5.CME@RITHMIC,73970307903300,SELL,25050.0,48,DEPTH,DEPTH,MNQZ5.CME@RITHMIC_20251113_230640_bedbcb11,NONE,,"{'size': 48, 'isBid': False, 'price': 100200, 'data_type': 'DEPTH'}",DEPTH
2025-11-14 03:12:17.168000-05:00,MNQZ5.CME@RITHMIC,73968793902100,SELL,24975.0,25,DEPTH,DEPTH,MNQZ5.CME@RITHMIC_20251113_230640_bedbcb11,NONE,,"{'size': 25, 'isBid': False, 'price': 99900, 'data_type': 'DEPTH'}",DEPTH
2025-11-14 03:12:16.994000-05:00,MNQZ5.CME@RITHMIC,73968620481200,SELL,25050.0,50,DEPTH,DEPTH,MNQZ5.CME@RITHMIC_20251113_230640_bedbcb11,NONE,,"{'size': 50, 'isBid': False, 'price': 100200, 'data_type': 'DEPTH'}",DEPTH
2025-11-14 03:12:16.963000-05:00,MNQZ5.CME@RITHMIC,73968589040300,SELL,24975.0,26,DEPTH,DEPTH,MNQZ5.CME@RITHMIC_20251113_230640_bedbcb11,NONE,,"{'size': 26, 'isBid': False, 'price': 99900, 'data_type': 'DEPTH'}",DEPTH
2025-11-14 03:12:16.934000-05:00,MNQZ5.CME@RITHMIC,73968561096600,SELL,24975.0,27,DEPTH,DEPTH,MNQZ5.CME@RITHMIC_20251113_230640_bedbcb11,NONE,,"{'size': 27, 'isBid': False, 'price': 99900, 'data_type': 'DEPTH'}",DEPTH
2025-11-14 03:12:11.822000-05:00,MNQZ5.CME@RITHMIC,73963448826600,BUY,24943.25,25,DEPTH,DEPTH,MNQZ5.CME@RITHMIC_20251113_230640_bedbcb11,NONE,,"{'size': 25, 'isBid': True, 'price': 99773, 'data_type': 'DEPTH'}",DEPTH
2025-11-14 03:12:11.819000-05:00,MNQZ5.CME@RITHMIC,6868909950838,BUY,24943.25,20,LIMIT,UPDATE,MNQZ5.CME@RITHMIC_20251113_230640_bedbcb11,NONE,,"{'size': 20, 'price': 99773, 'orderId': '6868909950838', 'event_type': 'REPLACE'}",MBO
2025-11-14 03:12:11.815000-05:00,MNQZ5.CME@RITHMIC,73963441509000,SELL,25002.25,23,DEPTH,DEPTH,MNQZ5.CME@RITHMIC_20251113_230640_bedbcb11,NONE,,"{'size': 23, 'isBid': False, 'price': 100009, 'data_type': 'DEPTH'}",DEPTH
2025-11-14 03:12:11.812000-05:00,MNQZ5.CME@RITHMIC,6868909917082,SELL,25002.25,20,LIMIT,UPDATE,MNQZ5.CME@RITHMIC_20251113_230640_bedbcb11,NONE,,"{'size': 20, 'price': 100009, 'orderId': '6868909917082', 'event_type': 'REPLACE'}",MBO
2025-11-14 03:12:11.316000-05:00,MNQZ5.CME@RITHMIC,73962941745500,BUY,24960.0,20,DEPTH,DEPTH,MNQZ5.CME@RITHMIC_20251113_230640_bedbcb11,NONE,,"{'size': 20, 'isBid': True, 'price': 99840, 'data_type': 'DEPTH'}",DEPTH
2025-11-14 03:12:10.715000-05:00,MNQZ5.CME@RITHMIC,73962340707400,BUY,24960.0,21,DEPTH,DEPTH,MNQZ5.CME@RITHMIC_20251113_230640_bedbcb11,NONE,,"{'size': 21, 'isBid': True, 'price': 99840, 'data_type': 'DEPTH'}",DEPTH
2025-11-14 03:12:10.621000-05:00,MNQZ5.CME@RITHMIC,73962248152100,BUY,24940.0,57,DEPTH,DEPTH,MNQZ5.CME@RITHMIC_20251113_230640_bedbcb11,NONE,,"{'size': 57, 'isBid': True, 'price': 99760, 'data_type': 'DEPTH'}",DEPTH
2025-11-14 03:12:08.805000-05:00,MNQZ5.CME@RITHMIC,73960430840200,SELL,24975.0,28,DEPTH,DEPTH,MNQZ5.CME@RITHMIC_20251113_230640_bedbcb11,NONE,,"{'size': 28, 'isBid': False, 'price': 99900, 'data_type': 'DEPTH'}",DEPTH
2025-11-14 03:12:03.582000-05:00,MNQZ5.CME@RITHMIC,6868909917082,SELL,25000.0,20,LIMIT,UPDATE,MNQZ5.CME@RITHMIC_20251113_230640_bedbcb11,NONE,,"{'size': 20, 'price': 100000, 'orderId': '6868909917082', 'event_type': 'REPLACE'}",MBO
2025-11-14 03:12:00.017000-05:00,MNQZ5.CME@RITHMIC,6868909950838,BUY,24941.0,20,LIMIT,UPDATE,MNQZ5.CME@RITHMIC_20251113_230640_bedbcb11,NONE,,"{'size': 20, 'price': 99764, 'orderId': '6868909950838', 'event_type': 'REPLACE'}",MBO
2025-11-14 03:11:58.953000-05:00,MNQZ5.CME@RITHMIC,73950578630800,SELL,24975.0,27,DEPTH,DEPTH,MNQZ5.CME@RITHMIC_20251113_230640_bedbcb11,NONE,,"{'size': 27, 'isBid': False, 'price': 99900, 'data_type': 'DEPTH'}",DEPTH
2025-11-14 03:11:58.943000-05:00,MNQZ5.CME@RITHMIC,73950570020500,SELL,24977.25,35,DEPTH,DEPTH,MNQZ5.CME@RITHMIC_20251113_230640_bedbcb11,NONE,,"{'size': 35, 'isBid': False, 'price': 99909, 'data_type': 'DEPTH'}",DEPTH
2025-11-14 03:11:58.886000-05:00,MNQZ5.CME@RITHMIC,73950512078500,SELL,25000.0,34,DEPTH,DEPTH,MNQZ5.CME@RITHMIC_20251113_230640_bedbcb11,NONE,,"{'size': 34, 'isBid': False, 'price': 100000, 'data_type': 'DEPTH'}",DEPTH
2025-11-14 03:11:58.848000-05:00,MNQZ5.CME@RITHMIC,73950474732500,SELL,25044.0,21,DEPTH,DEPTH,MNQZ5.CME@RITHMIC_20251113_230640_bedbcb11,NONE,,"{'size': 21, 'isBid': False, 'price': 100176, 'data_type': 'DEPTH'}",DEPTH
2025-11-14 03:11:58.778000-05:00,MNQZ5.CME@RITHMIC,73950404204200,BUY,24960.0,22,DEPTH,DEPTH,MNQZ5.CME@RITHMIC_20251113_230640_bedbcb11,NONE,,"{'size': 22, 'isBid': True, 'price': 99840, 'data_type': 'DEPTH'}",DEPTH
2025-11-14 03:11:58.743000-05:00,MNQZ5.CME@RITHMIC,73950370013000,BUY,24952.0,26,DEPTH,DEPTH,MNQZ5.CME@RITHMIC_20251113_230640_bedbcb11,NONE,,"{'size': 26, 'isBid': True, 'price': 99808, 'data_type': 'DEPTH'}",DEPTH
2025-11-14 03:11:58.741000-05:00,MNQZ5.CME@RITHMIC,73950367933800,BUY,24950.0,76,DEPTH,DEPTH,MNQZ5.CME@RITHMIC_20251113_230640_bedbcb11,NONE,,"{'size': 76, 'isBid': True, 'price': 99800, 'data_type': 'DEPTH'}",DEPTH
2025-11-14 03:11:58.726000-05:00,MNQZ5.CME@RITHMIC,73950351949600,BUY,24941.0,37,DEPTH,DEPTH,MNQZ5.CME@RITHMIC_20251113_230640_bedbcb11,NONE,,"{'size': 37, 'isBid': True, 'price': 99764, 'data_type': 'DEPTH'}",DEPTH
2025-11-14 03:11:55.854000-05:00,MNQZ5.CME@RITHMIC,6868909917082,SELL,24995.25,20,LIMIT,UPDATE,MNQZ5.CME@RITHMIC_20251113_230640_bedbcb11,NONE,,"{'size': 20, 'price': 99981, 'orderId': '6868909917082', 'event_type': 'REPLACE'}",MBO
2025-11-14 03:11:53.387000-05:00,MNQZ5.CME@RITHMIC,6868909950838,BUY,24936.5,20,LIMIT,UPDATE,MNQZ5.CME@RITHMIC_20251113_230640_bedbcb11,NONE,,"{'size': 20, 'price': 99746, 'orderId': '6868909950838', 'event_type': 'REPLACE'}",MBO
2025-11-14 03:11:46.481000-05:00,MNQZ5.CME@RITHMIC,73938107399600,SELL,24975.0,26,DEPTH,DEPTH,MNQZ5.CME@RITHMIC_20251113_230640_bedbcb11,NONE,,"{'size': 26, 'isBid': False, 'price': 99900, 'data_type': 'DEPTH'}",DEPTH
2025-11-14 03:11:46.471000-05:00,MNQZ5.CME@RITHMIC,73938097721100,SELL,24977.25,34,DEPTH,DEPTH,MNQZ5.CME@RITHMIC_20251113_230640_bedbcb11,NONE,,"{'size': 34, 'isBid': False, 'price': 99909, 'data_type': 'DEPTH'}",DEPTH
2025-11-14 03:11:46.406000-05:00,MNQZ5.CME@RITHMIC,73938032044700,SELL,24995.25,24,DEPTH,DEPTH,MNQZ5.CME@RITHMIC_20251113_230640_bedbcb11,NONE,,"{'size': 24, 'isBid': False, 'price': 99981, 'data_type': 'DEPTH'}",DEPTH
2025-11-14 03:11:46.318000-05:00,MNQZ5.CME@RITHMIC,73937944361200,SELL,25050.0,48,DEPTH,DEPTH,MNQZ5.CME@RITHMIC_20251113_230640_bedbcb11,NONE,,"{'size': 48, 'isBid': False, 'price': 100200, 'data_type': 'DEPTH'}",DEPTH
2025-11-14 03:11:46.297000-05:00,MNQZ5.CME@RITHMIC,73937924356900,SELL,25220.0,99,DEPTH,DEPTH,MNQZ5.CME@RITHMIC_20251113_230640_bedbcb11,NONE,,"{'size': 99, 'isBid': False, 'price': 100880, 'data_type': 'DEPTH'}",DEPTH
2025-11-14 03:11:46.295000-05:00,MNQZ5.CME@RITHMIC,73937922086800,SELL,25260.0,25,DEPTH,DEPTH,MNQZ5.CME@RITHMIC_20251113_230640_bedbcb11,NONE,,"{'size': 25, 'isBid': False, 'price': 101040, 'data_type': 'DEPTH'}",DEPTH
2025-11-14 03:11:46.293000-05:00,MNQZ5.CME@RITHMIC,73937919684600,SELL,25280.0,25,DEPTH,DEPTH,MNQZ5.CME@RITHMIC_20251113_230640_bedbcb11,NONE,,"{'size': 25, 'isBid': False, 'price': 101120, 'data_type': 'DEPTH'}",DEPTH
2025-11-14 03:11:46.218000-05:00,MNQZ5.CME@RITHMIC,73937844283000,BUY,24960.0,20,DEPTH,DEPTH,MNQZ5.CME@RITHMIC_20251113_230640_bedbcb11,NONE,,"{'size': 20, 'isBid': True, 'price': 99840, 'data_type': 'DEPTH'}",DEPTH
2025-11-14 03:11:46.147000-05:00,MNQZ5.CME@RITHMIC,73937773272600,BUY,24940.0,56,DEPTH,DEPTH,MNQZ5.CME@RITHMIC_20251113_230640_bedbcb11,NONE,,"{'size': 56, 'isBid': True, 'price': 99760, 'data_type': 'DEPTH'}",DEPTH
2025-11-14 03:11:46.142000-05:00,MNQZ5.CME@RITHMIC,73937767721600,BUY,24936.5,23,DEPTH,DEPTH,MNQZ5.CME@RITHMIC_20251113_230640_bedbcb11,NONE,,"{'size': 23, 'isBid': True, 'price': 99746, 'data_type': 'DEPTH'}",DEPTH
2025-11-14 03:11:46.129000-05:00,MNQZ5.CME@RITHMIC,73937755626800,BUY,24900.0,120,DEPTH,DEPTH,MNQZ5.CME@RITHMIC_20251113_230640_bedbcb11,NONE,,"{'size': 120, 'isBid': True, 'price': 99600, 'data_type': 'DEPTH'}",DEPTH
2025-11-14 03:11:46.075000-05:00,MNQZ5.CME@RITHMIC,73937701399100,BUY,24880.0,30,DEPTH,DEPTH,MNQZ5.CME@RITHMIC_20251113_230640_bedbcb11,NONE,,"{'size': 30, 'isBid': True, 'price': 99520, 'data_type': 'DEPTH'}",DEPTH
2025-11-14 03:11:44.230000-05:00,MNQZ5.CME@RITHMIC,73935856451300,BUY,24956.0,21,DEPTH,DEPTH,MNQZ5.CME@RITHMIC_20251113_230640_bedbcb11,NONE,,"{'size': 21, 'isBid': True, 'price': 99824, 'data_type': 'DEPTH'}",DEPTH
2025-11-14 03:11:40.982000-05:00,MNQZ5.CME@RITHMIC,73932608610500,SELL,25050.0,48,DEPTH,DEPTH,MNQZ5.CME@RITHMIC_20251113_230640_bedbcb11,NONE,,"{'size': 48, 'isBid': False, 'price': 100200, 'data_type': 'DEPTH'}",DEPTH
2025-11-14 03:11:39.632000-05:00,MNQZ5.CME@RITHMIC,73931258631800,SELL,25050.0,50,DEPTH,DEPTH,MNQZ5.CME@RITHMIC_20251113_230640_bedbcb11,NONE,,"{'size': 50, 'isBid': False, 'price': 100200, 'data_type': 'DEPTH'}",DEPTH
2025-11-14 03:11:33.501000-05:00,MNQZ5.CME@RITHMIC,6868909917082,SELL,25002.25,20,LIMIT,UPDATE,MNQZ5.CME@RITHMIC_20251113_230640_bedbcb11,NONE,,"{'size': 20, 'price': 100009, 'orderId': '6868909917082', 'event_type': 'REPLACE'}",MBO
2025-11-14 03:11:29.624000-05:00,MNQZ5.CME@RITHMIC,6868909950838,BUY,24943.5,20,LIMIT,UPDATE,MNQZ5.CME@RITHMIC_20251113_230640_bedbcb11,NONE,,"{'size': 20, 'price': 99774, 'orderId': '6868909950838', 'event_type': 'REPLACE'}",MBO
2025-11-14 03:11:28.651000-05:00,MNQZ5.CME@RITHMIC,73920277565900,SELL,24980.0,31,DEPTH,DEPTH,MNQZ5.CME@RITHMIC_20251113_230640_bedbcb11,NONE,,"{'size': 31, 'isBid': False, 'price': 99920, 'data_type': 'DEPTH'}",DEPTH
2025-11-14 03:11:28.596000-05:00,MNQZ5.CME@RITHMIC,73920222354600,SELL,25002.25,23,DEPTH,DEPTH,MNQZ5.CME@RITHMIC_20251113_230640_bedbcb11,NONE,,"{'size': 23, 'isBid': False, 'price': 100009, 'data_type': 'DEPTH'}",DEPTH
2025-11-14 03:11:28.587000-05:00,MNQZ5.CME@RITHMIC,73920213209000,SELL,25044.0,21,DEPTH,DEPTH,MNQZ5.CME@RITHMIC_20251113_230640_bedbcb11,NONE,,"{'size': 21, 'isBid': False, 'price': 100176, 'data_type': 'DEPTH'}",DEPTH
2025-11-14 03:11:28.551000-05:00,MNQZ5.CME@RITHMIC,73920178082500,SELL,25050.0,48,DEPTH,DEPTH,MNQZ5.CME@RITHMIC_20251113_230640_bedbcb11,NONE,,"{'size': 48, 'isBid': False, 'price': 100200, 'data_type': 'DEPTH'}",DEPTH
2025-11-14 03:11:28.542000-05:00,MNQZ5.CME@RITHMIC,73920168467900,SELL,25260.0,26,DEPTH,DEPTH,MNQZ5.CME@RITHMIC_20251113_230640_bedbcb11,NONE,,"{'size': 26, 'isBid': False, 'price': 101040, 'data_type': 'DEPTH'}",DEPTH
2025-11-14 03:11:28.491000-05:00,MNQZ5.CME@RITHMIC,73920116965700,BUY,24965.0,21,DEPTH,DEPTH,MNQZ5.CME@RITHMIC_20251113_230640_bedbcb11,NONE,,"{'size': 21, 'isBid': True, 'price': 99860, 'data_type': 'DEPTH'}",DEPTH
2025-11-14 03:11:28.454000-05:00,MNQZ5.CME@RITHMIC,73920080639400,BUY,24956.0,22,DEPTH,DEPTH,MNQZ5.CME@RITHMIC_20251113_230640_bedbcb11,NONE,,"{'size': 22, 'isBid': True, 'price': 99824, 'data_type': 'DEPTH'}",DEPTH
2025-11-14 03:11:28.434000-05:00,MNQZ5.CME@RITHMIC,73920059818300,BUY,24943.5,23,DEPTH,DEPTH,MNQZ5.CME@RITHMIC_20251113_230640_bedbcb11,NONE,,"{'size': 23, 'isBid': True, 'price': 99774, 'data_type': 'DEPTH'}",DEPTH
2025-11-14 03:11:28.423000-05:00,MNQZ5.CME@RITHMIC,73920049925900,BUY,24940.0,56,DEPTH,DEPTH,MNQZ5.CME@RITHMIC_20251113_230640_bedbcb11,NONE,,"{'size': 56, 'isBid': True, 'price': 99760, 'data_type': 'DEPTH'}",DEPTH
2025-11-14 03:11:28.417000-05:00,MNQZ5.CME@RITHMIC,73920043087700,BUY,24930.0,21,DEPTH,DEPTH,MNQZ5.CME@RITHMIC_20251113_230640_bedbcb11,NONE,,"{'size': 21, 'isBid': True, 'price': 99720, 'data_type': 'DEPTH'}",DEPTH
2025-11-14 03:11:28.410000-05:00,MNQZ5.CME@RITHMIC,73920036568400,BUY,24900.0,121,DEPTH,DEPTH,MNQZ5.CME@RITHMIC_20251113_230640_bedbcb11,NONE,,"{'size': 121, 'isBid': True, 'price': 99600, 'data_type': 'DEPTH'}",DEPTH
2025-11-14 03:11:27.994000-05:00,MNQZ5.CME@RITHMIC,73919621277800,SELL,25044.0,21,DEPTH,DEPTH,MNQZ5.CME@RITHMIC_20251113_230640_bedbcb11,NONE,,"{'size': 21, 'isBid': False, 'price': 100176, 'data_type': 'DEPTH'}",DEPTH
2025-11-14 03:11:24.691000-05:00,MNQZ5.CME@RITHMIC,73916317383800,BUY,24939.0,27,DEPTH,DEPTH,MNQZ5.CME@RITHMIC_20251113_230640_bedbcb11,NONE,,"{'size': 27, 'isBid': True, 'price': 99756, 'data_type': 'DEPTH'}",DEPTH
2025-11-14 03:11:24.689000-05:00,MNQZ5.CME@RITHMIC,6868909950838,BUY,24939.0,20,LIMIT,UPDATE,MNQZ5.CME@RITHMIC_20251113_230640_bedbcb11,NONE,,"{'size': 20, 'price': 99756, 'orderId': '6868909950838', 'event_type': 'REPLACE'}",MBO
2025-11-14 03:11:23.376000-05:00,MNQZ5.CME@RITHMIC,73915002743100,BUY,24950.0,74,DEPTH,DEPTH,MNQZ5.CME@RITHMIC_20251113_230640_bedbcb11,NONE,,"{'size': 74, 'isBid': True, 'price': 99800, 'data_type': 'DEPTH'}",DEPTH
2025-11-14 03:11:20.407000-05:00,MNQZ5.CME@RITHMIC,6868909917082,SELL,24997.5,20,LIMIT,UPDATE,MNQZ5.CME@RITHMIC_20251113_230640_bedbcb11,NONE,,"{'size': 20, 'price': 99990, 'orderId': '6868909917082', 'event_type': 'REPLACE'}",MBO
2025-11-14 03:11:18.916000-05:00,MNQZ5.CME@RITHMIC,6868909950838,BUY,24936.75,20,LIMIT,UPDATE,MNQZ5.CME@RITHMIC_20251113_230640_bedbcb11,NONE,,"{'size': 20, 'price': 99747, 'orderId': '6868909950838', 'event_type': 'REPLACE'}",MBO
2025-11-14 03:11:13.976000-05:00,MNQZ5.CME@RITHMIC,73905602236800,SELL,24977.25,37,DEPTH,DEPTH,MNQZ5.CME@RITHMIC_20251113_230640_bedbcb11,NONE,,"{'size': 37, 'isBid': False, 'price': 99909, 'data_type': 'DEPTH'}",DEPTH
2025-11-14 03:11:13.963000-05:00,MNQZ5.CME@RITHMIC,73905590052200,SELL,24980.0,24,DEPTH,DEPTH,MNQZ5.CME@RITHMIC_20251113_230640_bedbcb11,NONE,,"{'size': 24, 'isBid': False, 'price': 99920, 'data_type': 'DEPTH'}",DEPTH
2025-11-14 03:11:13.946000-05:00,MNQZ5.CME@RITHMIC,73905572173700,SELL,24985.0,21,DEPTH,DEPTH,MNQZ5.CME@RITHMIC_20251113_230640_bedbcb11,NONE,,"{'size': 21, 'isBid': False, 'price': 99940, 'data_type': 'DEPTH'}",DEPTH
2025-11-14 03:11:13.913000-05:00,MNQZ5.CME@RITHMIC,73905539878700,SELL,24997.5,25,DEPTH,DEPTH,MNQZ5.CME@RITHMIC_20251113_230640_bedbcb11,NONE,,"{'size': 25, 'isBid': False, 'price': 99990, 'data_type': 'DEPTH'}",DEPTH
2025-11-14 03:11:13.884000-05:00,MNQZ5.CME@RITHMIC,73905510495400,SELL,25044.0,21,DEPTH,DEPTH,MNQZ5.CME@RITHMIC_20251113_230640_bedbcb11,NONE,,"{'size': 21, 'isBid': False, 'price': 100176, 'data_type': 'DEPTH'}",DEPTH
2025-11-14 03:11:13.856000-05:00,MNQZ5.CME@RITHMIC,73905482132600,SELL,25050.0,48,DEPTH,DEPTH,MNQZ5.CME@RITHMIC_20251113_230640_bedbcb11,NONE,,"{'size': 48, 'isBid': False, 'price': 100200, 'data_type': 'DEPTH'}",DEPTH
2025-11-14 03:11:13.714000-05:00,MNQZ5.CME@RITHMIC,73905340560800,BUY,24940.0,55,DEPTH,DEPTH,MNQZ5.CME@RITHMIC_20251113_230640_bedbcb11,NONE,,"{'size': 55, 'isBid': True, 'price': 99760, 'data_type': 'DEPTH'}",DEPTH
2025-11-14 03:11:13.709000-05:00,MNQZ5.CME@RITHMIC,73905335925300,BUY,24936.75,23,DEPTH,DEPTH,MNQZ5.CME@RITHMIC_20251113_230640_bedbcb11,NONE,,"{'size': 23, 'isBid': True, 'price': 99747, 'data_type': 'DEPTH'}",DEPTH
2025-11-14 03:11:11.450000-05:00,MNQZ5.CME@RITHMIC,6868909917082,SELL,24999.5,20,LIMIT,UPDATE,MNQZ5.CME@RITHMIC_20251113_230640_bedbcb11,NONE,,"{'size': 20, 'price': 99998, 'orderId': '6868909917082', 'event_type': 'REPLACE'}",MBO
2025-11-14 03:11:09.420000-05:00,MNQZ5.CME@RITHMIC,6868909950838,BUY,24939.25,20,LIMIT,UPDATE,MNQZ5.CME@RITHMIC_20251113_230640_bedbcb11,NONE,,"{'size': 20, 'price': 99757, 'orderId': '6868909950838', 'event_type': 'REPLACE'}",MBO
2025-11-14 03:11:04.374000-05:00,MNQZ5.CME@RITHMIC,73895999803000,SELL,24977.25,39,DEPTH,DEPTH,MNQZ5.CME@RITHMIC_20251113_230640_bedbcb11,NONE,,"{'size': 39, 'isBid': False, 'price': 99909, 'data_type': 'DEPTH'}",DEPTH
2025-11-14 03:11:04.309000-05:00,MNQZ5.CME@RITHMIC,73895934821600,SELL,24999.5,24,DEPTH,DEPTH,MNQZ5.CME@RITHMIC_20251113_230640_bedbcb11,NONE,,"{'size': 24, 'isBid': False, 'price': 99998, 'data_type': 'DEPTH'}",DEPTH
2025-11-14 03:11:04.271000-05:00,MNQZ5.CME@RITHMIC,73895896697400,SELL,25050.0,48,DEPTH,DEPTH,MNQZ5.CME@RITHMIC_20251113_230640_bedbcb11,NONE,,"{'size': 48, 'isBid': False, 'price': 100200, 'data_type': 'DEPTH'}",DEPTH
2025-11-14 03:11:04.162000-05:00,MNQZ5.CME@RITHMIC,73895788234400,BUY,24952.0,21,DEPTH,DEPTH,MNQZ5.CME@RITHMIC_20251113_230640_bedbcb11,NONE,,"{'size': 21, 'isBid': True, 'price': 99808, 'data_type': 'DEPTH'}",DEPTH
2025-11-14 03:11:04.149000-05:00,MNQZ5.CME@RITHMIC,73895775507100,BUY,24950.0,75,DEPTH,DEPTH,MNQZ5.CME@RITHMIC_20251113_230640_bedbcb11,NONE,,"{'size': 75, 'isBid': True, 'price': 99800, 'data_type': 'DEPTH'}",DEPTH
2025-11-14 03:11:04.120000-05:00,MNQZ5.CME@RITHMIC,73895746711300,BUY,24939.25,22,DEPTH,DEPTH,MNQZ5.CME@RITHMIC_20251113_230640_bedbcb11,NONE,,"{'size': 22, 'isBid': True, 'price': 99757, 'data_type': 'DEPTH'}",DEPTH
2025-11-14 03:11:04.105000-05:00,MNQZ5.CME@RITHMIC,73895731492900,BUY,24900.0,120,DEPTH,DEPTH,MNQZ5.CME@RITHMIC_20251113_230640_bedbcb11,NONE,,"{'size': 120, 'isBid': True, 'price': 99600, 'data_type': 'DEPTH'}",DEPTH
2025-11-14 03:11:03.401000-05:00,MNQZ5.CME@RITHMIC,6868910004952,SELL,24977.25,28,LIMIT,ADD,MNQZ5.CME@RITHMIC_20251113_230640_bedbcb11,NONE,,"{'size': 28, 'isBid': False, 'price': 99909, 'orderId': '6868910004952', 'event_type': 'SEND'}",MBO
2025-11-14 03:11:00.594000-05:00,MNQZ5.CME@RITHMIC,6868909917082,SELL,25001.75,20,LIMIT,UPDATE,MNQZ5.CME@RITHMIC_20251113_230640_bedbcb11,NONE,,"{'size': 20, 'price': 100007, 'orderId': '6868909917082', 'event_type': 'REPLACE'}",MBO
2025-11-14 03:10:57.177000-05:00,MNQZ5.CME@RITHMIC,6868909950838,BUY,24944.0,20,LIMIT,UPDATE,MNQZ5.CME@RITHMIC_20251113_230640_bedbcb11,NONE,,"{'size': 20, 'price': 99776, 'orderId': '6868909950838', 'event_type': 'REPLACE'}",MBO
2025-11-14 03:10:55.963000-05:00,MNQZ5.CME@RITHMIC,73887588646800,SELL,24977.25,37,DEPTH,DEPTH,MNQZ5.CME@RITHMIC_20251113_230640_bedbcb11,NONE,,"{'size': 37, 'isBid': False, 'price': 99909, 'data_type': 'DEPTH'}",DEPTH
2025-11-14 03:10:55.900000-05:00,MNQZ5.CME@RITHMIC,73887526848400,SELL,25001.75,23,DEPTH,DEPTH,MNQZ5.CME@RITHMIC_20251113_230640_bedbcb11,NONE,,"{'size': 23, 'isBid': False, 'price': 100007, 'data_type': 'DEPTH'}",DEPTH
2025-11-14 03:10:55.890000-05:00,MNQZ5.CME@RITHMIC,73887516522300,SELL,25044.0,21,DEPTH,DEPTH,MNQZ5.CME@RITHMIC_20251113_230640_bedbcb11,NONE,,"{'size': 21, 'isBid': False, 'price': 100176, 'data_type': 'DEPTH'}",DEPTH
2025-11-14 03:10:55.862000-05:00,MNQZ5.CME@RITHMIC,73887488856600,SELL,25050.0,48,DEPTH,DEPTH,MNQZ5.CME@RITHMIC_20251113_230640_bedbcb11,NONE,,"{'size': 48, 'isBid': False, 'price': 100200, 'data_type': 'DEPTH'}",DEPTH
2025-11-14 03:10:55.761000-05:00,MNQZ5.CME@RITHMIC,73887387383800,BUY,24952.0,22,DEPTH,DEPTH,MNQZ5.CME@RITHMIC_20251113_230640_bedbcb11,NONE,,"{'size': 22, 'isBid': True, 'price': 99808, 'data_type': 'DEPTH'}",DEPTH
2025-11-14 03:10:55.755000-05:00,MNQZ5.CME@RITHMIC,73887381724300,BUY,24950.0,74,DEPTH,DEPTH,MNQZ5.CME@RITHMIC_20251113_230640_bedbcb11,NONE,,"{'size': 74, 'isBid': True, 'price': 99800, 'data_type': 'DEPTH'}",DEPTH
2025-11-14 03:10:55.738000-05:00,MNQZ5.CME@RITHMIC,73887365002200,BUY,24944.0,32,DEPTH,DEPTH,MNQZ5.CME@RITHMIC_20251113_230640_bedbcb11,NONE,,"{'size': 32, 'isBid': True, 'price': 99776, 'data_type': 'DEPTH'}",DEPTH
2025-11-14 03:10:55.704000-05:00,MNQZ5.CME@RITHMIC,73887330578600,BUY,24910.0,20,DEPTH,DEPTH,MNQZ5.CME@RITHMIC_20251113_230640_bedbcb11,NONE,,"{'size': 20, 'isBid': True, 'price': 99640, 'data_type': 'DEPTH'}",DEPTH
2025-11-14 03:10:55.702000-05:00,MNQZ5.CME@RITHMIC,73887329402900,BUY,24909.0,25,DEPTH,DEPTH,MNQZ5.CME@RITHMIC_20251113_230640_bedbcb11,NONE,,"{'size': 25, 'isBid': True, 'price': 99636, 'data_type': 'DEPTH'}",DEPTH
2025-11-14 03:10:55.670000-05:00,MNQZ5.CME@RITHMIC,73887296654300,BUY,24850.0,48,DEPTH,DEPTH,MNQZ5.CME@RITHMIC_20251113_230640_bedbcb11,NONE,,"{'size': 48, 'isBid': True, 'price': 99400, 'data_type': 'DEPTH'}",DEPTH
2025-11-14 03:10:55.669000-05:00,MNQZ5.CME@RITHMIC,73887295384500,BUY,24830.0,30,DEPTH,DEPTH,MNQZ5.CME@RITHMIC_20251113_230640_bedbcb11,NONE,,"{'size': 30, 'isBid': True, 'price': 99320, 'data_type': 'DEPTH'}",DEPTH
2025-11-14 03:10:55.666000-05:00,MNQZ5.CME@RITHMIC,73887292579000,BUY,24750.0,42,DEPTH,DEPTH,MNQZ5.CME@RITHMIC_20251113_230640_bedbcb11,NONE,,"{'size': 42, 'isBid': True, 'price': 99000, 'data_type': 'DEPTH'}",DEPTH
2025-11-14 03:10:52.894000-05:00,MNQZ5.CME@RITHMIC,6868909917082,SELL,24997.25,20,LIMIT,UPDATE,MNQZ5.CME@RITHMIC_20251113_230640_bedbcb11,NONE,,"{'size': 20, 'price': 99989, 'orderId': '6868909917082', 'event_type': 'REPLACE'}",MBO
2025-11-14 03:10:50.465000-05:00,MNQZ5.CME@RITHMIC,6868909950838,BUY,24939.5,20,LIMIT,UPDATE,MNQZ5.CME@RITHMIC_20251113_230640_bedbcb11,NONE,,"{'size': 20, 'price': 99758, 'orderId': '6868909950838', 'event_type': 'REPLACE'}",MBO
2025-11-14 03:10:44.405000-05:00,MNQZ5.CME@RITHMIC,73876031580000,SELL,24997.25,23,DEPTH,DEPTH,MNQZ5.CME@RITHMIC_20251113_230640_bedbcb11,NONE,,"{'size': 23, 'isBid': False, 'price': 99989, 'data_type': 'DEPTH'}",DEPTH
2025-11-14 03:10:44.381000-05:00,MNQZ5.CME@RITHMIC,73876007366600,SELL,25044.0,21,DEPTH,DEPTH,MNQZ5.CME@RITHMIC_20251113_230640_bedbcb11,NONE,,"{'size': 21, 'isBid': False, 'price': 100176, 'data_type': 'DEPTH'}",DEPTH
2025-11-14 03:10:44.259000-05:00,MNQZ5.CME@RITHMIC,73875885134600,BUY,24952.0,32,DEPTH,DEPTH,MNQZ5.CME@RITHMIC_20251113_230640_bedbcb11,NONE,,"{'size': 32, 'isBid': True, 'price': 99808, 'data_type': 'DEPTH'}",DEPTH
2025-11-14 03:10:44.256000-05:00,MNQZ5.CME@RITHMIC,73875882028800,BUY,24950.0,75,DEPTH,DEPTH,MNQZ5.CME@RITHMIC_20251113_230640_bedbcb11,NONE,,"{'size': 75, 'isBid': True, 'price': 99800, 'data_type': 'DEPTH'}",DEPTH
2025-11-14 03:10:44.229000-05:00,MNQZ5.CME@RITHMIC,73875855656400,BUY,24940.0,56,DEPTH,DEPTH,MNQZ5.CME@RITHMIC_20251113_230640_bedbcb11,NONE,,"{'size': 56, 'isBid': True, 'price': 99760, 'data_type': 'DEPTH'}",DEPTH
2025-11-14 03:10:44.227000-05:00,MNQZ5.CME@RITHMIC,73875853516500,BUY,24939.5,24,DEPTH,DEPTH,MNQZ5.CME@RITHMIC_20251113_230640_bedbcb11,NONE,,"{'size': 24, 'isBid': True, 'price': 99758, 'data_type': 'DEPTH'}",DEPTH
2025-11-14 03:10:44.159000-05:00,MNQZ5.CME@RITHMIC,73875785278900,BUY,24675.0,31,DEPTH,DEPTH,MNQZ5.CME@RITHMIC_20251113_230640_bedbcb11,NONE,,"{'size': 31, 'isBid': True, 'price': 98700, 'data_type': 'DEPTH'}",DEPTH
2025-11-14 03:10:43.586000-05:00,MNQZ5.CME@RITHMIC,6868909994737,BUY,24950.0,35,LIMIT,ADD,MNQZ5.CME@RITHMIC_20251113_230640_bedbcb11,NONE,,"{'size': 35, 'isBid': True, 'price': 99800, 'orderId': '6868909994737', 'event_type': 'SEND'}",MBO
2025-11-14 03:10:40.371000-05:00,MNQZ5.CME@RITHMIC,6868909917082,SELL,24992.75,20,LIMIT,UPDATE,MNQZ5.CME@RITHMIC_20251113_230640_bedbcb11,NONE,,"{'size': 20, 'price': 99971, 'orderId': '6868909917082', 'event_type': 'REPLACE'}",MBO
2025-11-14 03:10:36.841000-05:00,MNQZ5.CME@RITHMIC,6868909950838,BUY,24932.75,20,LIMIT,UPDATE,MNQZ5.CME@RITHMIC_20251113_230640_bedbcb11,NONE,,"{'size': 20, 'price': 99731, 'orderId': '6868909950838', 'event_type': 'REPLACE'}",MBO
2025-11-14 03:10:36.102000-05:00,MNQZ5.CME@RITHMIC,73867728543900,SELL,24992.75,26,DEPTH,DEPTH,MNQZ5.CME@RITHMIC_20251113_230640_bedbcb11,NONE,,"{'size': 26, 'isBid': False, 'price': 99971, 'data_type': 'DEPTH'}",DEPTH
2025-11-14 03:10:36.011000-05:00,MNQZ5.CME@RITHMIC,73867637838400,BUY,24960.0,20,DEPTH,DEPTH,MNQZ5.CME@RITHMIC_20251113_230640_bedbcb11,NONE,,"{'size': 20, 'isBid': True, 'price': 99840, 'data_type': 'DEPTH'}",DEPTH
2025-11-14 03:10:35.974000-05:00,MNQZ5.CME@RITHMIC,73867600442500,BUY,24952.0,21,DEPTH,DEPTH,MNQZ5.CME@RITHMIC_20251113_230640_bedbcb11,NONE,,"{'size': 21, 'isBid': True, 'price': 99808, 'data_type': 'DEPTH'}",DEPTH
2025-11-14 03:10:35.964000-05:00,MNQZ5.CME@RITHMIC,73867590718300,BUY,24950.0,74,DEPTH,DEPTH,MNQZ5.CME@RITHMIC_20251113_230640_bedbcb11,NONE,,"{'size': 74, 'isBid': True, 'price': 99800, 'data_type': 'DEPTH'}",DEPTH
2025-11-14 03:10:35.957000-05:00,MNQZ5.CME@RITHMIC,73867583536300,BUY,24949.0,20,DEPTH,DEPTH,MNQZ5.CME@RITHMIC_20251113_230640_bedbcb11,NONE,,"{'size': 20, 'isBid': True, 'price': 99796, 'data_type': 'DEPTH'}",DEPTH
2025-11-14 03:10:35.930000-05:00,MNQZ5.CME@RITHMIC,73867555669300,BUY,24932.75,22,DEPTH,DEPTH,MNQZ5.CME@RITHMIC_20251113_230640_bedbcb11,NONE,,"{'size': 22, 'isBid': True, 'price': 99731, 'data_type': 'DEPTH'}",DEPTH
2025-11-14 03:10:35.919000-05:00,MNQZ5.CME@RITHMIC,73867545536900,BUY,24925.0,20,DEPTH,DEPTH,MNQZ5.CME@RITHMIC_20251113_230640_bedbcb11,NONE,,"{'size': 20, 'isBid': True, 'price': 99700, 'data_type': 'DEPTH'}",DEPTH
2025-11-14 03:10:35.914000-05:00,MNQZ5.CME@RITHMIC,73867540558100,BUY,24920.0,26,DEPTH,DEPTH,MNQZ5.CME@RITHMIC_20251113_230640_bedbcb11,NONE,,"{'size': 26, 'isBid': True, 'price': 99680, 'data_type': 'DEPTH'}",DEPTH
2025-11-14 03:10:35.907000-05:00,MNQZ5.CME@RITHMIC,73867533556500,BUY,24900.0,120,DEPTH,DEPTH,MNQZ5.CME@RITHMIC_20251113_230640_bedbcb11,NONE,,"{'size': 120, 'isBid': True, 'price': 99600, 'data_type': 'DEPTH'}",DEPTH
2025-11-14 03:10:33.516000-05:00,MNQZ5.CME@RITHMIC,6868909917082,SELL,24988.0,20,LIMIT,UPDATE,MNQZ5.CME@RITHMIC_20251113_230640_bedbcb11,NONE,,"{'size': 20, 'price': 99952, 'orderId': '6868909917082', 'event_type': 'REPLACE'}",MBO
2025-11-14 03:10:30.924000-05:00,MNQZ5.CME@RITHMIC,6868909950838,BUY,24928.25,20,LIMIT,UPDATE,MNQZ5.CME@RITHMIC_20251113_230640_bedbcb11,NONE,,"{'size': 20, 'price': 99713, 'orderId': '6868909950838', 'event_type': 'REPLACE'}",MBO
2025-11-14 03:10:25.228000-05:00,MNQZ5.CME@RITHMIC,73856853847900,SELL,24988.0,27,DEPTH,DEPTH,MNQZ5.CME@RITHMIC_20251113_230640_bedbcb11,NONE,,"{'size': 27, 'isBid': False, 'price': 99952, 'data_type': 'DEPTH'}",DEPTH
2025-11-14 03:10:25.213000-05:00,MNQZ5.CME@RITHMIC,73856838956300,SELL,24994.75,154,DEPTH,DEPTH,MNQZ5.CME@RITHMIC_20251113_230640_bedbcb11,NONE,,"{'size': 154, 'isBid': False, 'price': 99979, 'data_type': 'DEPTH'}",DEPTH
2025-11-14 03:10:25.073000-05:00,MNQZ5.CME@RITHMIC,73856699670000,BUY,24952.0,20,DEPTH,DEPTH,MNQZ5.CME@RITHMIC_20251113_230640_bedbcb11,NONE,,"{'size': 20, 'isBid': True, 'price': 99808, 'data_type': 'DEPTH'}",DEPTH
2025-11-14 03:10:25.063000-05:00,MNQZ5.CME@RITHMIC,73856690052800,BUY,24950.0,39,DEPTH,DEPTH,MNQZ5.CME@RITHMIC_20251113_230640_bedbcb11,NONE,,"{'size': 39, 'isBid': True, 'price': 99800, 'data_type': 'DEPTH'}",DEPTH
2025-11-14 03:10:25.041000-05:00,MNQZ5.CME@RITHMIC,73856667178700,BUY,24940.75,20,DEPTH,DEPTH,MNQZ5.CME@RITHMIC_20251113_230640_bedbcb11,NONE,,"{'size': 20, 'isBid': True, 'price': 99763, 'data_type': 'DEPTH'}",DEPTH
2025-11-14 03:10:25.040000-05:00,MNQZ5.CME@RITHMIC,73856666068400,BUY,24940.0,54,DEPTH,DEPTH,MNQZ5.CME@RITHMIC_20251113_230640_bedbcb11,NONE,,"{'size': 54, 'isBid': True, 'price': 99760, 'data_type': 'DEPTH'}",DEPTH
2025-11-14 03:10:25.022000-05:00,MNQZ5.CME@RITHMIC,73856648480300,BUY,24928.25,23,DEPTH,DEPTH,MNQZ5.CME@RITHMIC_20251113_230640_bedbcb11,NONE,,"{'size': 23, 'isBid': True, 'price': 99713, 'data_type': 'DEPTH'}",DEPTH
2025-11-14 03:10:25.018000-05:00,MNQZ5.CME@RITHMIC,73856644926000,BUY,24920.0,26,DEPTH,DEPTH,MNQZ5.CME@RITHMIC_20251113_230640_bedbcb11,NONE,,"{'size': 26, 'isBid': True, 'price': 99680, 'data_type': 'DEPTH'}",DEPTH
2025-11-14 03:10:24.964000-05:00,MNQZ5.CME@RITHMIC,73856590038000,BUY,24675.0,32,DEPTH,DEPTH,MNQZ5.CME@RITHMIC_20251113_230640_bedbcb11,NONE,,"{'size': 32, 'isBid': True, 'price': 98700, 'data_type': 'DEPTH'}",DEPTH
2025-11-14 03:10:24.656000-05:00,MNQZ5.CME@RITHMIC,73856283021000,BUY,99840.0,36,TRADE,TRADE,MNQZ5.CME@RITHMIC_20251113_230640_bedbcb11,NONE,,"{'size': 36, 'isOtc': False, 'price': 99840.0, 'data_type': 'TRADE', 'isBidAggressor': False, 'isExecutionEnd': True, 'passiveOrderId': None, 'aggressorOrderId': None, 'isExecutionStart': True, 'serialVersionUID': -5266538964320734421}",TRADE
2025-11-14 03:10:21.271000-05:00,MNQZ5.CME@RITHMIC,6868909917082,SELL,24992.5,20,LIMIT,UPDATE,MNQZ5.CME@RITHMIC_20251113_230640_bedbcb11,NONE,,"{'size': 20, 'price': 99970, 'orderId': '6868909917082', 'event_type': 'REPLACE'}",MBO
2025-11-14 03:10:17.669000-05:00,MNQZ5.CME@RITHMIC,6868909950838,BUY,24932.75,20,LIMIT,UPDATE,MNQZ5.CME@RITHMIC_20251113_230640_bedbcb11,NONE,,"{'size': 20, 'price': 99731, 'orderId': '6868909950838', 'event_type': 'REPLACE'}",MBO
2025-11-14 03:10:16.605000-05:00,MNQZ5.CME@RITHMIC,73848231238700,SELL,24992.5,26,DEPTH,DEPTH,MNQZ5.CME@RITHMIC_20251113_230640_bedbcb11,NONE,,"{'size': 26, 'isBid': False, 'price': 99970, 'data_type': 'DEPTH'}",DEPTH
2025-11-14 03:10:16.527000-05:00,MNQZ5.CME@RITHMIC,73848153636300,SELL,25280.0,26,DEPTH,DEPTH,MNQZ5.CME@RITHMIC_20251113_230640_bedbcb11,NONE,,"{'size': 26, 'isBid': False, 'price': 101120, 'data_type': 'DEPTH'}",DEPTH
2025-11-14 03:10:16.525000-05:00,MNQZ5.CME@RITHMIC,73848150908100,SELL,25500.0,127,DEPTH,DEPTH,MNQZ5.CME@RITHMIC_20251113_230640_bedbcb11,NONE,,"{'size': 127, 'isBid': False, 'price': 102000, 'data_type': 'DEPTH'}",DEPTH
2025-11-14 03:10:16.455000-05:00,MNQZ5.CME@RITHMIC,73848081872000,BUY,24950.0,38,DEPTH,DEPTH,MNQZ5.CME@RITHMIC_20251113_230640_bedbcb11,NONE,,"{'size': 38, 'isBid': True, 'price': 99800, 'data_type': 'DEPTH'}",DEPTH
2025-11-14 03:10:16.426000-05:00,MNQZ5.CME@RITHMIC,73848053006300,BUY,24932.75,23,DEPTH,DEPTH,MNQZ5.CME@RITHMIC_20251113_230640_bedbcb11,NONE,,"{'size': 23, 'isBid': True, 'price': 99731, 'data_type': 'DEPTH'}",DEPTH
2025-11-14 03:10:16.425000-05:00,MNQZ5.CME@RITHMIC,73848051883400,BUY,24932.25,20,DEPTH,DEPTH,MNQZ5.CME@RITHMIC_20251113_230640_bedbcb11,NONE,,"{'size': 20, 'isBid': True, 'price': 99729, 'data_type': 'DEPTH'}",DEPTH
2025-11-14 03:10:16.411000-05:00,MNQZ5.CME@RITHMIC,73848037765200,BUY,24920.0,25,DEPTH,DEPTH,MNQZ5.CME@RITHMIC_20251113_230640_bedbcb11,NONE,,"{'size': 25, 'isBid': True, 'price': 99680, 'data_type': 'DEPTH'}",DEPTH
2025-11-14 03:10:16.408000-05:00,MNQZ5.CME@RITHMIC,73848034506300,BUY,24909.0,20,DEPTH,DEPTH,MNQZ5.CME@RITHMIC_20251113_230640_bedbcb11,NONE,,"{'size': 20, 'isBid': True, 'price': 99636, 'data_type': 'DEPTH'}",DEPTH
2025-11-14 03:10:16.377000-05:00,MNQZ5.CME@RITHMIC,73848003621000,BUY,24850.0,50,DEPTH,DEPTH,MNQZ5.CME@RITHMIC_20251113_230640_bedbcb11,NONE,,"{'size': 50, 'isBid': True, 'price': 99400, 'data_type': 'DEPTH'}",DEPTH
2025-11-14 03:10:16.374000-05:00,MNQZ5.CME@RITHMIC,73848000407100,BUY,24800.0,174,DEPTH,DEPTH,MNQZ5.CME@RITHMIC_20251113_230640_bedbcb11,NONE,,"{'size': 174, 'isBid': True, 'price': 99200, 'data_type': 'DEPTH'}",DEPTH
2025-11-14 03:10:16.373000-05:00,MNQZ5.CME@RITHMIC,73847999085300,BUY,24675.0,32,DEPTH,DEPTH,MNQZ5.CME@RITHMIC_20251113_230640_bedbcb11,NONE,,"{'size': 32, 'isBid': True, 'price': 98700, 'data_type': 'DEPTH'}",DEPTH
2025-11-14 03:10:11.994000-05:00,MNQZ5.CME@RITHMIC,6868909917082,SELL,24992.5,20,LIMIT,UPDATE,MNQZ5.CME@RITHMIC_20251113_230640_bedbcb11,NONE,,"{'size': 20, 'price': 99970, 'orderId': '6868909917082', 'event_type': 'REPLACE'}",MBO
2025-11-14 03:10:08.472000-05:00,MNQZ5.CME@RITHMIC,6868909950838,BUY,24933.25,20,LIMIT,UPDATE,MNQZ5.CME@RITHMIC_20251113_230640_bedbcb11,NONE,,"{'size': 20, 'price': 99733, 'orderId': '6868909950838', 'event_type': 'REPLACE'}",MBO
2025-11-14 03:10:07.388000-05:00,MNQZ5.CME@RITHMIC,73839014150400,SELL,24992.5,26,DEPTH,DEPTH,MNQZ5.CME@RITHMIC_20251113_230640_bedbcb11,NONE,,"{'size': 26, 'isBid': False, 'price': 99970, 'data_type': 'DEPTH'}",DEPTH
2025-11-14 03:10:07.380000-05:00,MNQZ5.CME@RITHMIC,73839006535700,SELL,24994.75,154,DEPTH,DEPTH,MNQZ5.CME@RITHMIC_20251113_230640_bedbcb11,NONE,,"{'size': 154, 'isBid': False, 'price': 99979, 'data_type': 'DEPTH'}",DEPTH
2025-11-14 03:10:07.269000-05:00,MNQZ5.CME@RITHMIC,73838895997400,BUY,24960.0,30,DEPTH,DEPTH,MNQZ5.CME@RITHMIC_20251113_230640_bedbcb11,NONE,,"{'size': 30, 'isBid': True, 'price': 99840, 'data_type': 'DEPTH'}",DEPTH
2025-11-14 03:10:07.216000-05:00,MNQZ5.CME@RITHMIC,73838843294400,BUY,24933.25,24,DEPTH,DEPTH,MNQZ5.CME@RITHMIC_20251113_230640_bedbcb11,NONE,,"{'size': 24, 'isBid': True, 'price': 99733, 'data_type': 'DEPTH'}",DEPTH
2025-11-14 03:10:03.870000-05:00,MNQZ5.CME@RITHMIC,6868909917082,SELL,24992.5,20,LIMIT,UPDATE,MNQZ5.CME@RITHMIC_20251113_230640_bedbcb11,NONE,,"{'size': 20, 'price': 99970, 'orderId': '6868909917082', 'event_type': 'REPLACE'}",MBO
2025-11-14 03:10:00.822000-05:00,MNQZ5.CME@RITHMIC,6868909950838,BUY,24933.25,20,LIMIT,UPDATE,MNQZ5.CME@RITHMIC_20251113_230640_bedbcb11,NONE,,"{'size': 20, 'price': 99733, 'orderId': '6868909950838', 'event_type': 'REPLACE'}",MBO
2025-11-14 03:09:59.072000-05:00,MNQZ5.CME@RITHMIC,73830699204400,SELL,24992.5,23,DEPTH,DEPTH,MNQZ5.CME@RITHMIC_20251113_230640_bedbcb11,NONE,,"{'size': 23, 'isBid': False, 'price': 99970, 'data_type': 'DEPTH'}",DEPTH
2025-11-14 03:09:59.071000-05:00,MNQZ5.CME@RITHMIC,73830698029400,SELL,24994.75,154,DEPTH,DEPTH,MNQZ5.CME@RITHMIC_20251113_230640_bedbcb11,NONE,,"{'size': 154, 'isBid': False, 'price': 99979, 'data_type': 'DEPTH'}",DEPTH
2025-11-14 03:09:58.964000-05:00,MNQZ5.CME@RITHMIC,73830589823900,BUY,24960.0,20,DEPTH,DEPTH,MNQZ5.CME@RITHMIC_20251113_230640_bedbcb11,NONE,,"{'size': 20, 'isBid': True, 'price': 99840, 'data_type': 'DEPTH'}",DEPTH
2025-11-14 03:09:58.913000-05:00,MNQZ5.CME@RITHMIC,73830539506200,BUY,24933.25,24,DEPTH,DEPTH,MNQZ5.CME@RITHMIC_20251113_230640_bedbcb11,NONE,,"{'size': 24, 'isBid': True, 'price': 99733, 'data_type': 'DEPTH'}",DEPTH
2025-11-14 03:09:58.899000-05:00,MNQZ5.CME@RITHMIC,73830525876500,BUY,24900.0,119,DEPTH,DEPTH,MNQZ5.CME@RITHMIC_20251113_230640_bedbcb11,NONE,,"{'size': 119, 'isBid': True, 'price': 99600, 'data_type': 'DEPTH'}",DEPTH
2025-11-14 03:09:55.177000-05:00,MNQZ5.CME@RITHMIC,6868909917082,SELL,24994.75,20,LIMIT,UPDATE,MNQZ5.CME@RITHMIC_20251113_230640_bedbcb11,NONE,,"{'size': 20, 'price': 99979, 'orderId': '6868909917082', 'event_type': 'REPLACE'}",MBO
2025-11-14 03:09:52-05:00,MNQZ5.CME@RITHMIC,6868909950838,BUY,24937.75,20,LIMIT,UPDATE,MNQZ5.CME@RITHMIC_20251113_230640_bedbcb11,NONE,,"{'size': 20, 'price': 99751, 'orderId': '6868909950838', 'event_type': 'REPLACE'}",MBO
2025-11-14 03:09:50.982000-05:00,MNQZ5.CME@RITHMIC,73822608304300,SELL,24994.75,174,DEPTH,DEPTH,MNQZ5.CME@RITHMIC_20251113_230640_bedbcb11,NONE,,"{'size': 174, 'isBid': False, 'price': 99979, 'data_type': 'DEPTH'}",DEPTH
2025-11-14 03:09:50.920000-05:00,MNQZ5.CME@RITHMIC,73822547300600,SELL,25220.0,100,DEPTH,DEPTH,MNQZ5.CME@RITHMIC_20251113_230640_bedbcb11,NONE,,"{'size': 100, 'isBid': False, 'price': 100880, 'data_type': 'DEPTH'}",DEPTH
2025-11-14 03:09:50.845000-05:00,MNQZ5.CME@RITHMIC,73822471436500,BUY,24950.0,37,DEPTH,DEPTH,MNQZ5.CME@RITHMIC_20251113_230640_bedbcb11,NONE,,"{'size': 37, 'isBid': True, 'price': 99800, 'data_type': 'DEPTH'}",DEPTH
2025-11-14 03:09:50.824000-05:00,MNQZ5.CME@RITHMIC,73822450469700,BUY,24940.0,53,DEPTH,DEPTH,MNQZ5.CME@RITHMIC_20251113_230640_bedbcb11,NONE,,"{'size': 53, 'isBid': True, 'price': 99760, 'data_type': 'DEPTH'}",DEPTH
2025-11-14 03:09:50.822000-05:00,MNQZ5.CME@RITHMIC,73822448270800,BUY,24937.75,22,DEPTH,DEPTH,MNQZ5.CME@RITHMIC_20251113_230640_bedbcb11,NONE,,"{'size': 22, 'isBid': True, 'price': 99751, 'data_type': 'DEPTH'}",DEPTH
2025-11-14 03:09:47.839000-05:00,MNQZ5.CME@RITHMIC,73819466341300,SELL,25055.0,28,DEPTH,DEPTH,MNQZ5.CME@RITHMIC_20251113_230640_bedbcb11,NONE,,"{'size': 28, 'isBid': False, 'price': 100220, 'data_type': 'DEPTH'}",DEPTH
2025-11-14 03:09:47.836000-05:00,MNQZ5.CME@RITHMIC,6868908087987,SELL,25055.0,20,LIMIT,UPDATE,MNQZ5.CME@RITHMIC_20251113_230640_bedbcb11,NONE,,"{'size': 20, 'price': 100220, 'orderId': '6868908087987', 'event_type': 'REPLACE'}",MBO
2025-11-14 03:09:45.185000-05:00,MNQZ5.CME@RITHMIC,73816811590500,SELL,25044.0,21,DEPTH,DEPTH,MNQZ5.CME@RITHMIC_20251113_230640_bedbcb11,NONE,,"{'size': 21, 'isBid': False, 'price': 100176, 'data_type': 'DEPTH'}",DEPTH
2025-11-14 03:09:43.654000-05:00,MNQZ5.CME@RITHMIC,73815280738800,SELL,25044.0,21,DEPTH,DEPTH,MNQZ5.CME@RITHMIC_20251113_230640_bedbcb11,NONE,,"{'size': 21, 'isBid': False, 'price': 100176, 'data_type': 'DEPTH'}",DEPTH
2025-11-14 03:09:36.646000-05:00,MNQZ5.CME@RITHMIC,6868909917082,SELL,24996.75,20,LIMIT,UPDATE,MNQZ5.CME@RITHMIC_20251113_230640_bedbcb11,NONE,,"{'size': 20, 'price': 99987, 'orderId': '6868909917082', 'event_type': 'REPLACE'}",MBO
2025-11-14 03:09:34.141000-05:00,MNQZ5.CME@RITHMIC,6868909950838,BUY,24937.75,20,LIMIT,UPDATE,MNQZ5.CME@RITHMIC_20251113_230640_bedbcb11,NONE,,"{'size': 20, 'price': 99751, 'orderId': '6868909950838', 'event_type': 'REPLACE'}",MBO
2025-11-14 03:09:33.211000-05:00,MNQZ5.CME@RITHMIC,73804837870900,SELL,24996.75,31,DEPTH,DEPTH,MNQZ5.CME@RITHMIC_20251113_230640_bedbcb11,NONE,,"{'size': 31, 'isBid': False, 'price': 99987, 'data_type': 'DEPTH'}",DEPTH
2025-11-14 03:09:33.180000-05:00,MNQZ5.CME@RITHMIC,73804806746100,SELL,25044.0,21,DEPTH,DEPTH,MNQZ5.CME@RITHMIC_20251113_230640_bedbcb11,NONE,,"{'size': 21, 'isBid': False, 'price': 100176, 'data_type': 'DEPTH'}",DEPTH
2025-11-14 03:09:33.100000-05:00,MNQZ5.CME@RITHMIC,73804726465500,BUY,24940.0,53,DEPTH,DEPTH,MNQZ5.CME@RITHMIC_20251113_230640_bedbcb11,NONE,,"{'size': 53, 'isBid': True, 'price': 99760, 'data_type': 'DEPTH'}",DEPTH
2025-11-14 03:09:33.098000-05:00,MNQZ5.CME@RITHMIC,73804724294000,BUY,24937.75,22,DEPTH,DEPTH,MNQZ5.CME@RITHMIC_20251113_230640_bedbcb11,NONE,,"{'size': 22, 'isBid': True, 'price': 99751, 'data_type': 'DEPTH'}",DEPTH
2025-11-14 03:09:32.531000-05:00,MNQZ5.CME@RITHMIC,6868909950838,BUY,24940.0,20,LIMIT,ADD,MNQZ5.CME@RITHMIC_20251113_230640_bedbcb11,NONE,,"{'size': 20, 'isBid': True, 'price': 99760, 'orderId': '6868909950838', 'event_type': 'SEND'}",MBO
2025-11-14 03:09:30.621000-05:00,MNQZ5.CME@RITHMIC,6868909917082,SELL,24999.0,20,LIMIT,UPDATE,MNQZ5.CME@RITHMIC_20251113_230640_bedbcb11,NONE,,"{'size': 20, 'price': 99996, 'orderId': '6868909917082', 'event_type': 'REPLACE'}",MBO
2025-11-14 03:09:21.897000-05:00,MNQZ5.CME@RITHMIC,73793523903400,SELL,24985.0,22,DEPTH,DEPTH,MNQZ5.CME@RITHMIC_20251113_230640_bedbcb11,NONE,,"{'size': 22, 'isBid': False, 'price': 99940, 'data_type': 'DEPTH'}",DEPTH
2025-11-14 03:09:21.854000-05:00,MNQZ5.CME@RITHMIC,73793480572500,SELL,24999.0,23,DEPTH,DEPTH,MNQZ5.CME@RITHMIC_20251113_230640_bedbcb11,NONE,,"{'size': 23, 'isBid': False, 'price': 99996, 'data_type': 'DEPTH'}",DEPTH
2025-11-14 03:09:21.796000-05:00,MNQZ5.CME@RITHMIC,73793422065400,SELL,25050.0,45,DEPTH,DEPTH,MNQZ5.CME@RITHMIC_20251113_230640_bedbcb11,NONE,,"{'size': 45, 'isBid': False, 'price': 100200, 'data_type': 'DEPTH'}",DEPTH
2025-11-14 03:09:21.774000-05:00,MNQZ5.CME@RITHMIC,73793400288900,SELL,25072.0,22,DEPTH,DEPTH,MNQZ5.CME@RITHMIC_20251113_230640_bedbcb11,NONE,,"{'size': 22, 'isBid': False, 'price': 100288, 'data_type': 'DEPTH'}",DEPTH
2025-11-14 03:09:21.634000-05:00,MNQZ5.CME@RITHMIC,73793260626300,BUY,24940.0,73,DEPTH,DEPTH,MNQZ5.CME@RITHMIC_20251113_230640_bedbcb11,NONE,,"{'size': 73, 'isBid': True, 'price': 99760, 'data_type': 'DEPTH'}",DEPTH
2025-11-14 03:09:21.616000-05:00,MNQZ5.CME@RITHMIC,73793242154000,BUY,24900.0,118,DEPTH,DEPTH,MNQZ5.CME@RITHMIC_20251113_230640_bedbcb11,NONE,,"{'size': 118, 'isBid': True, 'price': 99600, 'data_type': 'DEPTH'}",DEPTH
2025-11-14 03:09:21.320000-05:00,MNQZ5.CME@RITHMIC,73792946555500,SELL,24983.25,20,DEPTH,DEPTH,MNQZ5.CME@RITHMIC_20251113_230640_bedbcb11,NONE,,"{'size': 20, 'isBid': False, 'price': 99933, 'data_type': 'DEPTH'}",DEPTH
2025-11-14 03:09:17.418000-05:00,MNQZ5.CME@RITHMIC,73789045637700,BUY,24963.0,20,DEPTH,DEPTH,MNQZ5.CME@RITHMIC_20251113_230640_bedbcb11,NONE,,"{'size': 20, 'isBid': True, 'price': 99852, 'data_type': 'DEPTH'}",DEPTH
2025-11-14 03:09:14.137000-05:00,MNQZ5.CME@RITHMIC,73785762589900,SELL,99924.0,23,TRADE,TRADE,MNQZ5.CME@RITHMIC_20251113_230640_bedbcb11,NONE,,"{'size': 23, 'isOtc': False, 'price': 99924.0, 'data_type': 'TRADE', 'isBidAggressor': True, 'isExecutionEnd': True, 'passiveOrderId': None, 'aggressorOrderId': None, 'isExecutionStart': True, 'serialVersionUID': -5266538964320734421}",TRADE
2025-11-14 03:09:12.348000-05:00,MNQZ5.CME@RITHMIC,6868909926557,BUY,24948.75,20,LIMIT,UPDATE,MNQZ5.CME@RITHMIC_20251113_230640_bedbcb11,NONE,,"{'size': 20, 'price': 99795, 'orderId': '6868909926557', 'event_type': 'REPLACE'}",MBO
2025-11-14 03:09:10.949000-05:00,MNQZ5.CME@RITHMIC,6868909917082,SELL,25008.0,20,LIMIT,UPDATE,MNQZ5.CME@RITHMIC_20251113_230640_bedbcb11,NONE,,"{'size': 20, 'price': 100032, 'orderId': '6868909917082', 'event_type': 'REPLACE'}",MBO
2025-11-14 03:09:05.957000-05:00,MNQZ5.CME@RITHMIC,73777584214700,SELL,24983.25,21,DEPTH,DEPTH,MNQZ5.CME@RITHMIC_20251113_230640_bedbcb11,NONE,,"{'size': 21, 'isBid': False, 'price': 99933, 'data_type': 'DEPTH'}",DEPTH
2025-11-14 03:09:05.887000-05:00,MNQZ5.CME@RITHMIC,73777513233200,SELL,25008.0,23,DEPTH,DEPTH,MNQZ5.CME@RITHMIC_20251113_230640_bedbcb11,NONE,,"{'size': 23, 'isBid': False, 'price': 100032, 'data_type': 'DEPTH'}",DEPTH
2025-11-14 03:09:05.721000-05:00,MNQZ5.CME@RITHMIC,73777347172800,BUY,24950.0,36,DEPTH,DEPTH,MNQZ5.CME@RITHMIC_20251113_230640_bedbcb11,NONE,,"{'size': 36, 'isBid': True, 'price': 99800, 'data_type': 'DEPTH'}",DEPTH
2025-11-14 03:09:05.718000-05:00,MNQZ5.CME@RITHMIC,73777344734400,BUY,24948.75,24,DEPTH,DEPTH,MNQZ5.CME@RITHMIC_20251113_230640_bedbcb11,NONE,,"{'size': 24, 'isBid': True, 'price': 99795, 'data_type': 'DEPTH'}",DEPTH
2025-11-14 03:09:05.711000-05:00,MNQZ5.CME@RITHMIC,73777337310300,BUY,24940.0,53,DEPTH,DEPTH,MNQZ5.CME@RITHMIC_20251113_230640_bedbcb11,NONE,,"{'size': 53, 'isBid': True, 'price': 99760, 'data_type': 'DEPTH'}",DEPTH
2025-11-14 03:09:05.679000-05:00,MNQZ5.CME@RITHMIC,73777304850700,BUY,24900.0,116,DEPTH,DEPTH,MNQZ5.CME@RITHMIC_20251113_230640_bedbcb11,NONE,,"{'size': 116, 'isBid': True, 'price': 99600, 'data_type': 'DEPTH'}",DEPTH
2025-11-14 03:09:05.670000-05:00,MNQZ5.CME@RITHMIC,73777297411300,BUY,24800.0,175,DEPTH,DEPTH,MNQZ5.CME@RITHMIC_20251113_230640_bedbcb11,NONE,,"{'size': 175, 'isBid': True, 'price': 99200, 'data_type': 'DEPTH'}",DEPTH
2025-11-14 03:09:05.667000-05:00,MNQZ5.CME@RITHMIC,73777293911700,BUY,24700.0,89,DEPTH,DEPTH,MNQZ5.CME@RITHMIC_20251113_230640_bedbcb11,NONE,,"{'size': 89, 'isBid': True, 'price': 98800, 'data_type': 'DEPTH'}",DEPTH
2025-11-14 03:09:04.462000-05:00,MNQZ5.CME@RITHMIC,73776088769200,SELL,24981.0,25,DEPTH,DEPTH,MNQZ5.CME@RITHMIC_20251113_230640_bedbcb11,NONE,,"{'size': 25, 'isBid': False, 'price': 99924, 'data_type': 'DEPTH'}",DEPTH
2025-11-14 03:09:04.269000-05:00,MNQZ5.CME@RITHMIC,73775896356200,SELL,24983.25,22,DEPTH,DEPTH,MNQZ5.CME@RITHMIC_20251113_230640_bedbcb11,NONE,,"{'size': 22, 'isBid': False, 'price': 99933, 'data_type': 'DEPTH'}",DEPTH
2025-11-14 03:09:04.230000-05:00,MNQZ5.CME@RITHMIC,73775856029100,SELL,24981.0,24,DEPTH,DEPTH,MNQZ5.CME@RITHMIC_20251113_230640_bedbcb11,NONE,,"{'size': 24, 'isBid': False, 'price': 99924, 'data_type': 'DEPTH'}",DEPTH
2025-11-14 03:08:59.069000-05:00,MNQZ5.CME@RITHMIC,73770695019200,SELL,24981.0,23,DEPTH,DEPTH,MNQZ5.CME@RITHMIC_20251113_230640_bedbcb11,NONE,,"{'size': 23, 'isBid': False, 'price': 99924, 'data_type': 'DEPTH'}",DEPTH
2025-11-14 03:08:59.042000-05:00,MNQZ5.CME@RITHMIC,73770668934900,SELL,24981.0,24,DEPTH,DEPTH,MNQZ5.CME@RITHMIC_20251113_230640_bedbcb11,NONE,,"{'size': 24, 'isBid': False, 'price': 99924, 'data_type': 'DEPTH'}",DEPTH
2025-11-14 03:08:55.753000-05:00,MNQZ5.CME@RITHMIC,73767379483000,BUY,24949.0,29,DEPTH,DEPTH,MNQZ5.CME@RITHMIC_20251113_230640_bedbcb11,NONE,,"{'size': 29, 'isBid': True, 'price': 99796, 'data_type': 'DEPTH'}",DEPTH
2025-11-14 03:08:55.751000-05:00,MNQZ5.CME@RITHMIC,6868909926557,BUY,24949.0,20,LIMIT,UPDATE,MNQZ5.CME@RITHMIC_20251113_230640_bedbcb11,NONE,,"{'size': 20, 'price': 99796, 'orderId': '6868909926557', 'event_type': 'REPLACE'}",MBO
2025-11-14 03:08:52.900000-05:00,MNQZ5.CME@RITHMIC,6868909926557,BUY,24946.75,20,LIMIT,UPDATE,MNQZ5.CME@RITHMIC_20251113_230640_bedbcb11,NONE,,"{'size': 20, 'price': 99787, 'orderId': '6868909926557', 'event_type': 'REPLACE'}",MBO
2025-11-14 03:08:52.100000-05:00,MNQZ5.CME@RITHMIC,6868909917082,SELL,25008.0,20,LIMIT,UPDATE,MNQZ5.CME@RITHMIC_20251113_230640_bedbcb11,NONE,,"{'size': 20, 'price': 100032, 'orderId': '6868909917082', 'event_type': 'REPLACE'}",MBO
2025-11-14 03:08:46.908000-05:00,MNQZ5.CME@RITHMIC,73758534460600,SELL,24981.0,25,DEPTH,DEPTH,MNQZ5.CME@RITHMIC_20251113_230640_bedbcb11,NONE,,"{'size': 25, 'isBid': False, 'price': 99924, 'data_type': 'DEPTH'}",DEPTH
2025-11-14 03:08:46.843000-05:00,MNQZ5.CME@RITHMIC,73758469243700,SELL,25008.0,23,DEPTH,DEPTH,MNQZ5.CME@RITHMIC_20251113_230640_bedbcb11,NONE,,"{'size': 23, 'isBid': False, 'price': 100032, 'data_type': 'DEPTH'}",DEPTH
2025-11-14 03:08:46.840000-05:00,MNQZ5.CME@RITHMIC,73758466135700,SELL,25020.0,22,DEPTH,DEPTH,MNQZ5.CME@RITHMIC_20251113_230640_bedbcb11,NONE,,"{'size': 22, 'isBid': False, 'price': 100080, 'data_type': 'DEPTH'}",DEPTH
2025-11-14 03:08:46.828000-05:00,MNQZ5.CME@RITHMIC,73758455325000,SELL,25050.0,47,DEPTH,DEPTH,MNQZ5.CME@RITHMIC_20251113_230640_bedbcb11,NONE,,"{'size': 47, 'isBid': False, 'price': 100200, 'data_type': 'DEPTH'}",DEPTH
2025-11-14 03:08:46.707000-05:00,MNQZ5.CME@RITHMIC,73758332926100,BUY,24946.75,23,DEPTH,DEPTH,MNQZ5.CME@RITHMIC_20251113_230640_bedbcb11,NONE,,"{'size': 23, 'isBid': True, 'price': 99787, 'data_type': 'DEPTH'}",DEPTH
2025-11-14 03:08:46.679000-05:00,MNQZ5.CME@RITHMIC,73758304918300,BUY,24900.0,116,DEPTH,DEPTH,MNQZ5.CME@RITHMIC_20251113_230640_bedbcb11,NONE,,"{'size': 116, 'isBid': True, 'price': 99600, 'data_type': 'DEPTH'}",DEPTH
2025-11-14 03:08:46.667000-05:00,MNQZ5.CME@RITHMIC,73758293938300,BUY,24800.0,176,DEPTH,DEPTH,MNQZ5.CME@RITHMIC_20251113_230640_bedbcb11,NONE,,"{'size': 176, 'isBid': True, 'price': 99200, 'data_type': 'DEPTH'}",DEPTH
2025-11-14 03:08:45.590000-05:00,MNQZ5.CME@RITHMIC,73757216193500,BUY,24900.0,115,DEPTH,DEPTH,MNQZ5.CME@RITHMIC_20251113_230640_bedbcb11,NONE,,"{'size': 115, 'isBid': True, 'price': 99600, 'data_type': 'DEPTH'}",DEPTH
2025-11-14 03:08:40.313000-05:00,MNQZ5.CME@RITHMIC,73751939401900,SELL,25050.0,47,DEPTH,DEPTH,MNQZ5.CME@RITHMIC_20251113_230640_bedbcb11,NONE,,"{'size': 47, 'isBid': False, 'price': 100200, 'data_type': 'DEPTH'}",DEPTH
2025-11-14 03:08:39.440000-05:00,MNQZ5.CME@RITHMIC,73751066212800,SELL,25050.0,45,DEPTH,DEPTH,MNQZ5.CME@RITHMIC_20251113_230640_bedbcb11,NONE,,"{'size': 45, 'isBid': False, 'price': 100200, 'data_type': 'DEPTH'}",DEPTH
2025-11-14 03:08:36.860000-05:00,MNQZ5.CME@RITHMIC,73748487065300,BUY,24900.0,117,DEPTH,DEPTH,MNQZ5.CME@RITHMIC_20251113_230640_bedbcb11,NONE,,"{'size': 117, 'isBid': True, 'price': 99600, 'data_type': 'DEPTH'}",DEPTH
2025-11-14 03:08:35.918000-05:00,MNQZ5.CME@RITHMIC,73747543659700,BUY,24900.0,115,DEPTH,DEPTH,MNQZ5.CME@RITHMIC_20251113_230640_bedbcb11,NONE,,"{'size': 115, 'isBid': True, 'price': 99600, 'data_type': 'DEPTH'}",DEPTH
2025-11-14 03:08:35.472000-05:00,MNQZ5.CME@RITHMIC,73747098309300,BUY,24900.0,117,DEPTH,DEPTH,MNQZ5.CME@RITHMIC_20251113_230640_bedbcb11,NONE,,"{'size': 117, 'isBid': True, 'price': 99600, 'data_type': 'DEPTH'}",DEPTH
2025-11-14 03:08:34.457000-05:00,MNQZ5.CME@RITHMIC,73746084232400,BUY,24900.0,115,DEPTH,DEPTH,MNQZ5.CME@RITHMIC_20251113_230640_bedbcb11,NONE,,"{'size': 115, 'isBid': True, 'price': 99600, 'data_type': 'DEPTH'}",DEPTH
2025-11-14 03:08:31.492000-05:00,MNQZ5.CME@RITHMIC,73743118082300,SELL,99908.0,21,TRADE,TRADE,MNQZ5.CME@RITHMIC_20251113_230640_bedbcb11,NONE,,"{'size': 21, 'isOtc': False, 'price': 99908.0, 'data_type': 'TRADE', 'isBidAggressor': True, 'isExecutionEnd': True, 'passiveOrderId': None, 'aggressorOrderId': None, 'isExecutionStart': True, 'serialVersionUID': -5266538964320734421}",TRADE
2025-11-14 03:08:31.403000-05:00,MNQZ5.CME@RITHMIC,6868909926557,BUY,24946.75,20,LIMIT,ADD,MNQZ5.CME@RITHMIC_20251113_230640_bedbcb11,NONE,,"{'size': 20, 'isBid': True, 'price': 99787, 'orderId': '6868909926557', 'event_type': 'SEND'}",MBO
2025-11-14 03:08:29.188000-05:00,MNQZ5.CME@RITHMIC,6868909917082,SELL,25005.5,20,LIMIT,UPDATE,MNQZ5.CME@RITHMIC_20251113_230640_bedbcb11,NONE,,"{'size': 20, 'price': 100022, 'orderId': '6868909917082', 'event_type': 'REPLACE'}",MBO
2025-11-14 03:08:26.367000-05:00,MNQZ5.CME@RITHMIC,73737993977100,SELL,24993.0,20,DEPTH,DEPTH,MNQZ5.CME@RITHMIC_20251113_230640_bedbcb11,NONE,,"{'size': 20, 'isBid': False, 'price': 99972, 'data_type': 'DEPTH'}",DEPTH
2025-11-14 03:08:26.346000-05:00,MNQZ5.CME@RITHMIC,73737972945500,SELL,25005.5,24,DEPTH,DEPTH,MNQZ5.CME@RITHMIC_20251113_230640_bedbcb11,NONE,,"{'size': 24, 'isBid': False, 'price': 100022, 'data_type': 'DEPTH'}",DEPTH
2025-11-14 03:08:26.198000-05:00,MNQZ5.CME@RITHMIC,73737824269100,BUY,24946.75,23,DEPTH,DEPTH,MNQZ5.CME@RITHMIC_20251113_230640_bedbcb11,NONE,,"{'size': 23, 'isBid': True, 'price': 99787, 'data_type': 'DEPTH'}",DEPTH
2025-11-14 03:08:26.176000-05:00,MNQZ5.CME@RITHMIC,73737803096800,BUY,24900.0,117,DEPTH,DEPTH,MNQZ5.CME@RITHMIC_20251113_230640_bedbcb11,NONE,,"{'size': 117, 'isBid': True, 'price': 99600, 'data_type': 'DEPTH'}",DEPTH
2025-11-14 03:08:23.932000-05:00,MNQZ5.CME@RITHMIC,6868909917082,SELL,25007.75,20,LIMIT,UPDATE,MNQZ5.CME@RITHMIC_20251113_230640_bedbcb11,NONE,,"{'size': 20, 'price': 100031, 'orderId': '6868909917082', 'event_type': 'REPLACE'}",MBO
2025-11-14 03:08:20.002000-05:00,MNQZ5.CME@RITHMIC,73731628554100,SELL,24983.25,21,DEPTH,DEPTH,MNQZ5.CME@RITHMIC_20251113_230640_bedbcb11,NONE,,"{'size': 21, 'isBid': False, 'price': 99933, 'data_type': 'DEPTH'}",DEPTH
2025-11-14 03:08:19.973000-05:00,MNQZ5.CME@RITHMIC,73731599306000,SELL,24994.75,154,DEPTH,DEPTH,MNQZ5.CME@RITHMIC_20251113_230640_bedbcb11,NONE,,"{'size': 154, 'isBid': False, 'price': 99979, 'data_type': 'DEPTH'}",DEPTH
2025-11-14 03:08:19.947000-05:00,MNQZ5.CME@RITHMIC,73731573664700,SELL,25007.75,25,DEPTH,DEPTH,MNQZ5.CME@RITHMIC_20251113_230640_bedbcb11,NONE,,"{'size': 25, 'isBid': False, 'price': 100031, 'data_type': 'DEPTH'}",DEPTH
2025-11-14 03:08:19.911000-05:00,MNQZ5.CME@RITHMIC,73731538338600,SELL,25100.0,50,DEPTH,DEPTH,MNQZ5.CME@RITHMIC_20251113_230640_bedbcb11,NONE,,"{'size': 50, 'isBid': False, 'price': 100400, 'data_type': 'DEPTH'}",DEPTH
2025-11-14 03:08:19.825000-05:00,MNQZ5.CME@RITHMIC,73731451046100,BUY,24950.0,34,DEPTH,DEPTH,MNQZ5.CME@RITHMIC_20251113_230640_bedbcb11,NONE,,"{'size': 34, 'isBid': True, 'price': 99800, 'data_type': 'DEPTH'}",DEPTH
2025-11-14 03:08:19.808000-05:00,MNQZ5.CME@RITHMIC,73731434166200,BUY,24940.0,54,DEPTH,DEPTH,MNQZ5.CME@RITHMIC_20251113_230640_bedbcb11,NONE,,"{'size': 54, 'isBid': True, 'price': 99760, 'data_type': 'DEPTH'}",DEPTH
2025-11-14 03:08:19.299000-05:00,MNQZ5.CME@RITHMIC,73730925138200,SELL,99896.0,23,TRADE,TRADE,MNQZ5.CME@RITHMIC_20251113_230640_bedbcb11,NONE,,"{'size': 23, 'isOtc': False, 'price': 99896.0, 'data_type': 'TRADE', 'isBidAggressor': True, 'isExecutionEnd': True, 'passiveOrderId': None, 'aggressorOrderId': None, 'isExecutionStart': True, 'serialVersionUID': -5266538964320734421}",TRADE
2025-11-14 03:08:19.202000-05:00,MNQZ5.CME@RITHMIC,6868909917082,SELL,25007.75,20,LIMIT,ADD,MNQZ5.CME@RITHMIC_20251113_230640_bedbcb11,NONE,,"{'size': 20, 'isBid': False, 'price': 100031, 'orderId': '6868909917082', 'event_type': 'SEND'}",MBO
2025-11-14 03:08:19.097000-05:00,MNQZ5.CME@RITHMIC,6868909916946,BUY,24950.0,20,LIMIT,ADD,MNQZ5.CME@RITHMIC_20251113_230640_bedbcb11,NONE,,"{'size': 20, 'isBid': True, 'price': 99800, 'orderId': '6868909916946', 'event_type': 'SEND'}",MBO
2025-11-14 03:08:08.334000-05:00,MNQZ5.CME@RITHMIC,73719960299900,SELL,24994.75,156,DEPTH,DEPTH,MNQZ5.CME@RITHMIC_20251113_230640_bedbcb11,NONE,,"{'size': 156, 'isBid': False, 'price': 99979, 'data_type': 'DEPTH'}",DEPTH
2025-11-14 03:08:08.285000-05:00,MNQZ5.CME@RITHMIC,73719911724500,SELL,25007.75,24,DEPTH,DEPTH,MNQZ5.CME@RITHMIC_20251113_230640_bedbcb11,NONE,,"{'size': 24, 'isBid': False, 'price': 100031, 'data_type': 'DEPTH'}",DEPTH
2025-11-14 03:08:08.251000-05:00,MNQZ5.CME@RITHMIC,73719877332200,SELL,25050.0,47,DEPTH,DEPTH,MNQZ5.CME@RITHMIC_20251113_230640_bedbcb11,NONE,,"{'size': 47, 'isBid': False, 'price': 100200, 'data_type': 'DEPTH'}",DEPTH
2025-11-14 03:08:08.219000-05:00,MNQZ5.CME@RITHMIC,73719845735900,SELL,25100.0,51,DEPTH,DEPTH,MNQZ5.CME@RITHMIC_20251113_230640_bedbcb11,NONE,,"{'size': 51, 'isBid': False, 'price': 100400, 'data_type': 'DEPTH'}",DEPTH
2025-11-14 03:08:08.075000-05:00,MNQZ5.CME@RITHMIC,73719701555500,BUY,24950.0,52,DEPTH,DEPTH,MNQZ5.CME@RITHMIC_20251113_230640_bedbcb11,NONE,,"{'size': 52, 'isBid': True, 'price': 99800, 'data_type': 'DEPTH'}",DEPTH
2025-11-14 03:08:08.007000-05:00,MNQZ5.CME@RITHMIC,73719632908500,BUY,24900.0,115,DEPTH,DEPTH,MNQZ5.CME@RITHMIC_20251113_230640_bedbcb11,NONE,,"{'size': 115, 'isBid': True, 'price': 99600, 'data_type': 'DEPTH'}",DEPTH
2025-11-14 03:08:07.969000-05:00,MNQZ5.CME@RITHMIC,73719596141800,BUY,24820.0,25,DEPTH,DEPTH,MNQZ5.CME@RITHMIC_20251113_230640_bedbcb11,NONE,,"{'size': 25, 'isBid': True, 'price': 99280, 'data_type': 'DEPTH'}",DEPTH
2025-11-14 03:08:05.650000-05:00,MNQZ5.CME@RITHMIC,73717276997500,BUY,24941.25,28,DEPTH,DEPTH,MNQZ5.CME@RITHMIC_20251113_230640_bedbcb11,NONE,,"{'size': 28, 'isBid': True, 'price': 99765, 'data_type': 'DEPTH'}",DEPTH
2025-11-14 03:08:05.647000-05:00,MNQZ5.CME@RITHMIC,6868909903897,BUY,24941.25,20,LIMIT,UPDATE,MNQZ5.CME@RITHMIC_20251113_230640_bedbcb11,NONE,,"{'size': 20, 'price': 99765, 'orderId': '6868909903897', 'event_type': 'REPLACE'}",MBO
2025-11-14 03:08:03.781000-05:00,MNQZ5.CME@RITHMIC,73715406625300,SELL,25000.25,25,DEPTH,DEPTH,MNQZ5.CME@RITHMIC_20251113_230640_bedbcb11,NONE,,"{'size': 25, 'isBid': False, 'price': 100001, 'data_type': 'DEPTH'}",DEPTH
2025-11-14 03:08:03.778000-05:00,MNQZ5.CME@RITHMIC,6868909904151,SELL,25000.25,20,LIMIT,UPDATE,MNQZ5.CME@RITHMIC_20251113_230640_bedbcb11,NONE,,"{'size': 20, 'price': 100001, 'orderId': '6868909904151', 'event_type': 'REPLACE'}",MBO
2025-11-14 03:07:56.941000-05:00,MNQZ5.CME@RITHMIC,6868909904151,SELL,25002.5,20,LIMIT,UPDATE,MNQZ5.CME@RITHMIC_20251113_230640_bedbcb11,NONE,,"{'size': 20, 'price': 100010, 'orderId': '6868909904151', 'event_type': 'REPLACE'}",MBO
2025-11-14 03:07:54.843000-05:00,MNQZ5.CME@RITHMIC,6868909903897,BUY,24943.5,20,LIMIT,UPDATE,MNQZ5.CME@RITHMIC_20251113_230640_bedbcb11,NONE,,"{'size': 20, 'price': 99774, 'orderId': '6868909903897', 'event_type': 'REPLACE'}",MBO
2025-11-14 03:07:52.886000-05:00,MNQZ5.CME@RITHMIC,73704512541100,SELL,25002.5,23,DEPTH,DEPTH,MNQZ5.CME@RITHMIC_20251113_230640_bedbcb11,NONE,,"{'size': 23, 'isBid': False, 'price': 100010, 'data_type': 'DEPTH'}",DEPTH
2025-11-14 03:07:52.857000-05:00,MNQZ5.CME@RITHMIC,73704483712000,SELL,25050.0,41,DEPTH,DEPTH,MNQZ5.CME@RITHMIC_20251113_230640_bedbcb11,NONE,,"{'size': 41, 'isBid': False, 'price': 100200, 'data_type': 'DEPTH'}",DEPTH
2025-11-14 03:07:52.742000-05:00,MNQZ5.CME@RITHMIC,73704368906300,BUY,24950.0,32,DEPTH,DEPTH,MNQZ5.CME@RITHMIC_20251113_230640_bedbcb11,NONE,,"{'size': 32, 'isBid': True, 'price': 99800, 'data_type': 'DEPTH'}",DEPTH
2025-11-14 03:07:52.728000-05:00,MNQZ5.CME@RITHMIC,73704353793700,BUY,24943.5,22,DEPTH,DEPTH,MNQZ5.CME@RITHMIC_20251113_230640_bedbcb11,NONE,,"{'size': 22, 'isBid': True, 'price': 99774, 'data_type': 'DEPTH'}",DEPTH
2025-11-14 03:07:52.714000-05:00,MNQZ5.CME@RITHMIC,73704340557900,BUY,24900.0,115,DEPTH,DEPTH,MNQZ5.CME@RITHMIC_20251113_230640_bedbcb11,NONE,,"{'size': 115, 'isBid': True, 'price': 99600, 'data_type': 'DEPTH'}",DEPTH
2025-11-14 03:07:52.659000-05:00,MNQZ5.CME@RITHMIC,73704285098800,BUY,24600.0,33,DEPTH,DEPTH,MNQZ5.CME@RITHMIC_20251113_230640_bedbcb11,NONE,,"{'size': 33, 'isBid': True, 'price': 98400, 'data_type': 'DEPTH'}",DEPTH
2025-11-14 03:07:52.187000-05:00,MNQZ5.CME@RITHMIC,6868909904151,SELL,24997.75,20,LIMIT,ADD,MNQZ5.CME@RITHMIC_20251113_230640_bedbcb11,NONE,,"{'size': 20, 'isBid': False, 'price': 99991, 'orderId': '6868909904151', 'event_type': 'SEND'}",MBO
2025-11-14 03:07:52.091000-05:00,MNQZ5.CME@RITHMIC,6868909903897,BUY,24939.0,20,LIMIT,ADD,MNQZ5.CME@RITHMIC_20251113_230640_bedbcb11,NONE,,"{'size': 20, 'isBid': True, 'price': 99756, 'orderId': '6868909903897', 'event_type': 'SEND'}",MBO
2025-11-14 03:07:45.174000-05:00,MNQZ5.CME@RITHMIC,73696800443500,SELL,24997.75,25,DEPTH,DEPTH,MNQZ5.CME@RITHMIC_20251113_230640_bedbcb11,NONE,,"{'size': 25, 'isBid': False, 'price': 99991, 'data_type': 'DEPTH'}",DEPTH
2025-11-14 03:07:45.154000-05:00,MNQZ5.CME@RITHMIC,73696780519700,SELL,25044.0,21,DEPTH,DEPTH,MNQZ5.CME@RITHMIC_20251113_230640_bedbcb11,NONE,,"{'size': 21, 'isBid': False, 'price': 100176, 'data_type': 'DEPTH'}",DEPTH
2025-11-14 03:07:45.039000-05:00,MNQZ5.CME@RITHMIC,73696665007200,BUY,24950.0,30,DEPTH,DEPTH,MNQZ5.CME@RITHMIC_20251113_230640_bedbcb11,NONE,,"{'size': 30, 'isBid': True, 'price': 99800, 'data_type': 'DEPTH'}",DEPTH
2025-11-14 03:07:45.027000-05:00,MNQZ5.CME@RITHMIC,73696652983000,BUY,24939.0,27,DEPTH,DEPTH,MNQZ5.CME@RITHMIC_20251113_230640_bedbcb11,NONE,,"{'size': 27, 'isBid': True, 'price': 99756, 'data_type': 'DEPTH'}",DEPTH
2025-11-14 03:07:44.977000-05:00,MNQZ5.CME@RITHMIC,73696604056200,BUY,24830.0,31,DEPTH,DEPTH,MNQZ5.CME@RITHMIC_20251113_230640_bedbcb11,NONE,,"{'size': 31, 'isBid': True, 'price': 99320, 'data_type': 'DEPTH'}",DEPTH
2025-11-14 03:07:44.973000-05:00,MNQZ5.CME@RITHMIC,73696599530300,BUY,24800.0,178,DEPTH,DEPTH,MNQZ5.CME@RITHMIC_20251113_230640_bedbcb11,NONE,,"{'size': 178, 'isBid': True, 'price': 99200, 'data_type': 'DEPTH'}",DEPTH
2025-11-14 03:07:38.340000-05:00,MNQZ5.CME@RITHMIC,6868909844988,SELL,24996.75,20,LIMIT,UPDATE,MNQZ5.CME@RITHMIC_20251113_230640_bedbcb11,NONE,,"{'size': 20, 'price': 99987, 'orderId': '6868909844988', 'event_type': 'REPLACE'}",MBO
2025-11-14 03:07:36.903000-05:00,MNQZ5.CME@RITHMIC,6868909863419,BUY,24938.75,20,LIMIT,UPDATE,MNQZ5.CME@RITHMIC_20251113_230640_bedbcb11,NONE,,"{'size': 20, 'price': 99755, 'orderId': '6868909863419', 'event_type': 'REPLACE'}",MBO
2025-11-14 03:07:35.729000-05:00,MNQZ5.CME@RITHMIC,73687356062000,SELL,24994.75,154,DEPTH,DEPTH,MNQZ5.CME@RITHMIC_20251113_230640_bedbcb11,NONE,,"{'size': 154, 'isBid': False, 'price': 99979, 'data_type': 'DEPTH'}",DEPTH
2025-11-14 03:07:35.724000-05:00,MNQZ5.CME@RITHMIC,73687350375500,SELL,24996.75,31,DEPTH,DEPTH,MNQZ5.CME@RITHMIC_20251113_230640_bedbcb11,NONE,,"{'size': 31, 'isBid': False, 'price': 99987, 'data_type': 'DEPTH'}",DEPTH
2025-11-14 03:07:35.573000-05:00,MNQZ5.CME@RITHMIC,73687199850400,BUY,24955.0,20,DEPTH,DEPTH,MNQZ5.CME@RITHMIC_20251113_230640_bedbcb11,NONE,,"{'size': 20, 'isBid': True, 'price': 99820, 'data_type': 'DEPTH'}",DEPTH
2025-11-14 03:07:35.557000-05:00,MNQZ5.CME@RITHMIC,73687183536200,BUY,24950.0,29,DEPTH,DEPTH,MNQZ5.CME@RITHMIC_20251113_230640_bedbcb11,NONE,,"{'size': 29, 'isBid': True, 'price': 99800, 'data_type': 'DEPTH'}",DEPTH
2025-11-14 03:07:35.521000-05:00,MNQZ5.CME@RITHMIC,73687148185900,BUY,24938.75,22,DEPTH,DEPTH,MNQZ5.CME@RITHMIC_20251113_230640_bedbcb11,NONE,,"{'size': 22, 'isBid': True, 'price': 99755, 'data_type': 'DEPTH'}",DEPTH
2025-11-14 03:07:34.490000-05:00,MNQZ5.CME@RITHMIC,6868909888776,SELL,24994.75,149,LIMIT,ADD,MNQZ5.CME@RITHMIC_20251113_230640_bedbcb11,NONE,,"{'size': 149, 'isBid': False, 'price': 99979, 'orderId': '6868909888776', 'event_type': 'SEND'}",MBO
2025-11-14 03:07:28.416000-05:00,MNQZ5.CME@RITHMIC,6868909844988,SELL,24998.75,20,LIMIT,UPDATE,MNQZ5.CME@RITHMIC_20251113_230640_bedbcb11,NONE,,"{'size': 20, 'price': 99995, 'orderId': '6868909844988', 'event_type': 'REPLACE'}",MBO
2025-11-14 03:07:26.274000-05:00,MNQZ5.CME@RITHMIC,6868909863419,BUY,24941.5,20,LIMIT,UPDATE,MNQZ5.CME@RITHMIC_20251113_230640_bedbcb11,NONE,,"{'size': 20, 'price': 99766, 'orderId': '6868909863419', 'event_type': 'REPLACE'}",MBO
2025-11-14 03:07:24.504000-05:00,MNQZ5.CME@RITHMIC,73676130604000,SELL,24994.75,158,DEPTH,DEPTH,MNQZ5.CME@RITHMIC_20251113_230640_bedbcb11,NONE,,"{'size': 158, 'isBid': False, 'price': 99979, 'data_type': 'DEPTH'}",DEPTH
2025-11-14 03:07:24.487000-05:00,MNQZ5.CME@RITHMIC,73676113570100,SELL,24998.75,24,DEPTH,DEPTH,MNQZ5.CME@RITHMIC_20251113_230640_bedbcb11,NONE,,"{'size': 24, 'isBid': False, 'price': 99995, 'data_type': 'DEPTH'}",DEPTH
2025-11-14 03:07:24.463000-05:00,MNQZ5.CME@RITHMIC,73676090124400,SELL,25020.0,23,DEPTH,DEPTH,MNQZ5.CME@RITHMIC_20251113_230640_bedbcb11,NONE,,"{'size': 23, 'isBid': False, 'price': 100080, 'data_type': 'DEPTH'}",DEPTH
2025-11-14 03:07:24.455000-05:00,MNQZ5.CME@RITHMIC,73676081276700,SELL,25044.0,22,DEPTH,DEPTH,MNQZ5.CME@RITHMIC_20251113_230640_bedbcb11,NONE,,"{'size': 22, 'isBid': False, 'price': 100176, 'data_type': 'DEPTH'}",DEPTH
2025-11-14 03:07:24.427000-05:00,MNQZ5.CME@RITHMIC,73676053818600,SELL,25050.0,41,DEPTH,DEPTH,MNQZ5.CME@RITHMIC_20251113_230640_bedbcb11,NONE,,"{'size': 41, 'isBid': False, 'price': 100200, 'data_type': 'DEPTH'}",DEPTH
2025-11-14 03:07:24.399000-05:00,MNQZ5.CME@RITHMIC,73676025815500,SELL,25072.0,21,DEPTH,DEPTH,MNQZ5.CME@RITHMIC_20251113_230640_bedbcb11,NONE,,"{'size': 21, 'isBid': False, 'price': 100288, 'data_type': 'DEPTH'}",DEPTH
2025-11-14 03:07:24.398000-05:00,MNQZ5.CME@RITHMIC,73676024633400,SELL,25220.0,99,DEPTH,DEPTH,MNQZ5.CME@RITHMIC_20251113_230640_bedbcb11,NONE,,"{'size': 99, 'isBid': False, 'price': 100880, 'data_type': 'DEPTH'}",DEPTH
2025-11-14 03:07:24.349000-05:00,MNQZ5.CME@RITHMIC,73675975395000,BUY,24969.0,20,DEPTH,DEPTH,MNQZ5.CME@RITHMIC_20251113_230640_bedbcb11,NONE,,"{'size': 20, 'isBid': True, 'price': 99876, 'data_type': 'DEPTH'}",DEPTH
2025-11-14 03:07:24.279000-05:00,MNQZ5.CME@RITHMIC,73675905380600,BUY,24950.0,28,DEPTH,DEPTH,MNQZ5.CME@RITHMIC_20251113_230640_bedbcb11,NONE,,"{'size': 28, 'isBid': True, 'price': 99800, 'data_type': 'DEPTH'}",DEPTH
2025-11-14 03:07:24.246000-05:00,MNQZ5.CME@RITHMIC,73675873096600,BUY,24941.5,22,DEPTH,DEPTH,MNQZ5.CME@RITHMIC_20251113_230640_bedbcb11,NONE,,"{'size': 22, 'isBid': True, 'price': 99766, 'data_type': 'DEPTH'}",DEPTH
2025-11-14 03:07:24.215000-05:00,MNQZ5.CME@RITHMIC,73675841567800,BUY,24900.0,115,DEPTH,DEPTH,MNQZ5.CME@RITHMIC_20251113_230640_bedbcb11,NONE,,"{'size': 115, 'isBid': True, 'price': 99600, 'data_type': 'DEPTH'}",DEPTH
2025-11-14 03:07:24.178000-05:00,MNQZ5.CME@RITHMIC,73675804473900,BUY,24875.0,20,DEPTH,DEPTH,MNQZ5.CME@RITHMIC_20251113_230640_bedbcb11,NONE,,"{'size': 20, 'isBid': True, 'price': 99500, 'data_type': 'DEPTH'}",DEPTH
2025-11-14 03:07:23.687000-05:00,MNQZ5.CME@RITHMIC,73675313603100,BUY,99884.0,20,TRADE,TRADE,MNQZ5.CME@RITHMIC_20251113_230640_bedbcb11,NONE,,"{'size': 20, 'isOtc': False, 'price': 99884.0, 'data_type': 'TRADE', 'isBidAggressor': False, 'isExecutionEnd': True, 'passiveOrderId': None, 'aggressorOrderId': None, 'isExecutionStart': True, 'serialVersionUID': -5266538964320734421}",TRADE
2025-11-14 03:07:23.686000-05:00,MNQZ5.CME@RITHMIC,73675312199300,BUY,99888.0,23,TRADE,TRADE,MNQZ5.CME@RITHMIC_20251113_230640_bedbcb11,NONE,,"{'size': 23, 'isOtc': False, 'price': 99888.0, 'data_type': 'TRADE', 'isBidAggressor': False, 'isExecutionEnd': True, 'passiveOrderId': None, 'aggressorOrderId': None, 'isExecutionStart': True, 'serialVersionUID': -5266538964320734421}",TRADE
2025-11-14 03:07:23.683000-05:00,MNQZ5.CME@RITHMIC,73675310695700,BUY,99892.0,21,TRADE,TRADE,MNQZ5.CME@RITHMIC_20251113_230640_bedbcb11,NONE,,"{'size': 21, 'isOtc': False, 'price': 99892.0, 'data_type': 'TRADE', 'isBidAggressor': False, 'isExecutionEnd': True, 'passiveOrderId': None, 'aggressorOrderId': None, 'isExecutionStart': True, 'serialVersionUID': -5266538964320734421}",TRADE
2025-11-14 03:07:23.678000-05:00,MNQZ5.CME@RITHMIC,73675304463000,BUY,99896.0,26,TRADE,TRADE,MNQZ5.CME@RITHMIC_20251113_230640_bedbcb11,NONE,,"{'size': 26, 'isOtc': False, 'price': 99896.0, 'data_type': 'TRADE', 'isBidAggressor': False, 'isExecutionEnd': True, 'passiveOrderId': None, 'aggressorOrderId': None, 'isExecutionStart': True, 'serialVersionUID': -5266538964320734421}",TRADE
2025-11-14 03:07:23.630000-05:00,MNQZ5.CME@RITHMIC,73675256795800,BUY,99891.0,23,TRADE,TRADE,MNQZ5.CME@RITHMIC_20251113_230640_bedbcb11,NONE,,"{'size': 23, 'isOtc': False, 'price': 99891.0, 'data_type': 'TRADE', 'isBidAggressor': False, 'isExecutionEnd': True, 'passiveOrderId': None, 'aggressorOrderId': None, 'isExecutionStart': True, 'serialVersionUID': -5266538964320734421}",TRADE
2025-11-14 03:07:23.629000-05:00,MNQZ5.CME@RITHMIC,73675255207800,BUY,99895.0,23,TRADE,TRADE,MNQZ5.CME@RITHMIC_20251113_230640_bedbcb11,NONE,,"{'size': 23, 'isOtc': False, 'price': 99895.0, 'data_type': 'TRADE', 'isBidAggressor': False, 'isExecutionEnd': True, 'passiveOrderId': None, 'aggressorOrderId': None, 'isExecutionStart': True, 'serialVersionUID': -5266538964320734421}",TRADE
2025-11-14 03:07:23.615000-05:00,MNQZ5.CME@RITHMIC,73675240807500,SELL,99888.0,21,TRADE,TRADE,MNQZ5.CME@RITHMIC_20251113_230640_bedbcb11,NONE,,"{'size': 21, 'isOtc': False, 'price': 99888.0, 'data_type': 'TRADE', 'isBidAggressor': True, 'isExecutionEnd': True, 'passiveOrderId': None, 'aggressorOrderId': None, 'isExecutionStart': True, 'serialVersionUID': -5266538964320734421}",TRADE
2025-11-14 03:07:23.558000-05:00,MNQZ5.CME@RITHMIC,73675185775900,SELL,99891.0,24,TRADE,TRADE,MNQZ5.CME@RITHMIC_20251113_230640_bedbcb11,NONE,,"{'size': 24, 'isOtc': False, 'price': 99891.0, 'data_type': 'TRADE', 'isBidAggressor': True, 'isExecutionEnd': True, 'passiveOrderId': None, 'aggressorOrderId': None, 'isExecutionStart': True, 'serialVersionUID': -5266538964320734421}",TRADE
2025-11-14 03:07:12.123000-05:00,MNQZ5.CME@RITHMIC,6868909844988,SELL,24998.75,20,LIMIT,UPDATE,MNQZ5.CME@RITHMIC_20251113_230640_bedbcb11,NONE,,"{'size': 20, 'price': 99995, 'orderId': '6868909844988', 'event_type': 'REPLACE'}",MBO
2025-11-14 03:07:09.068000-05:00,MNQZ5.CME@RITHMIC,6868909863419,BUY,24939.75,20,LIMIT,UPDATE,MNQZ5.CME@RITHMIC_20251113_230640_bedbcb11,NONE,,"{'size': 20, 'price': 99759, 'orderId': '6868909863419', 'event_type': 'REPLACE'}",MBO
2025-11-14 03:07:07.771000-05:00,MNQZ5.CME@RITHMIC,73659397258600,SELL,24998.75,24,DEPTH,DEPTH,MNQZ5.CME@RITHMIC_20251113_230640_bedbcb11,NONE,,"{'size': 24, 'isBid': False, 'price': 99995, 'data_type': 'DEPTH'}",DEPTH
2025-11-14 03:07:07.687000-05:00,MNQZ5.CME@RITHMIC,73659313680800,SELL,25020.0,26,DEPTH,DEPTH,MNQZ5.CME@RITHMIC_20251113_230640_bedbcb11,NONE,,"{'size': 26, 'isBid': False, 'price': 100080, 'data_type': 'DEPTH'}",DEPTH
2025-11-14 03:07:07.677000-05:00,MNQZ5.CME@RITHMIC,73659303617400,SELL,25031.0,24,DEPTH,DEPTH,MNQZ5.CME@RITHMIC_20251113_230640_bedbcb11,NONE,,"{'size': 24, 'isBid': False, 'price': 100124, 'data_type': 'DEPTH'}",DEPTH
2025-11-14 03:07:07.667000-05:00,MNQZ5.CME@RITHMIC,73659293301900,SELL,25044.0,21,DEPTH,DEPTH,MNQZ5.CME@RITHMIC_20251113_230640_bedbcb11,NONE,,"{'size': 21, 'isBid': False, 'price': 100176, 'data_type': 'DEPTH'}",DEPTH
2025-11-14 03:07:07.637000-05:00,MNQZ5.CME@RITHMIC,73659263940000,SELL,25050.0,45,DEPTH,DEPTH,MNQZ5.CME@RITHMIC_20251113_230640_bedbcb11,NONE,,"{'size': 45, 'isBid': False, 'price': 100200, 'data_type': 'DEPTH'}",DEPTH
2025-11-14 03:07:07.611000-05:00,MNQZ5.CME@RITHMIC,73659237272200,SELL,25170.0,26,DEPTH,DEPTH,MNQZ5.CME@RITHMIC_20251113_230640_bedbcb11,NONE,,"{'size': 26, 'isBid': False, 'price': 100680, 'data_type': 'DEPTH'}",DEPTH
2025-11-14 03:07:07.538000-05:00,MNQZ5.CME@RITHMIC,73659164332700,BUY,24965.0,20,DEPTH,DEPTH,MNQZ5.CME@RITHMIC_20251113_230640_bedbcb11,NONE,,"{'size': 20, 'isBid': True, 'price': 99860, 'data_type': 'DEPTH'}",DEPTH
2025-11-14 03:07:07.461000-05:00,MNQZ5.CME@RITHMIC,73659088305500,BUY,24940.0,55,DEPTH,DEPTH,MNQZ5.CME@RITHMIC_20251113_230640_bedbcb11,NONE,,"{'size': 55, 'isBid': True, 'price': 99760, 'data_type': 'DEPTH'}",DEPTH
2025-11-14 03:07:07.460000-05:00,MNQZ5.CME@RITHMIC,73659086988400,BUY,24939.75,25,DEPTH,DEPTH,MNQZ5.CME@RITHMIC_20251113_230640_bedbcb11,NONE,,"{'size': 25, 'isBid': True, 'price': 99759, 'data_type': 'DEPTH'}",DEPTH
2025-11-14 03:07:07.432000-05:00,MNQZ5.CME@RITHMIC,73659058664800,BUY,24900.0,115,DEPTH,DEPTH,MNQZ5.CME@RITHMIC_20251113_230640_bedbcb11,NONE,,"{'size': 115, 'isBid': True, 'price': 99600, 'data_type': 'DEPTH'}",DEPTH
2025-11-14 03:07:06.730000-05:00,MNQZ5.CME@RITHMIC,73658355714100,BUY,99920.0,23,TRADE,TRADE,MNQZ5.CME@RITHMIC_20251113_230640_bedbcb11,NONE,,"{'size': 23, 'isOtc': False, 'price': 99920.0, 'data_type': 'TRADE', 'isBidAggressor': False, 'isExecutionEnd': True, 'passiveOrderId': None, 'aggressorOrderId': None, 'isExecutionStart': True, 'serialVersionUID': -5266538964320734421}",TRADE
2025-11-14 03:07:05.739000-05:00,MNQZ5.CME@RITHMIC,6868909863419,BUY,24949.0,20,LIMIT,ADD,MNQZ5.CME@RITHMIC_20251113_230640_bedbcb11,NONE,,"{'size': 20, 'isBid': True, 'price': 99796, 'orderId': '6868909863419', 'event_type': 'SEND'}",MBO
2025-11-14 03:06:54.306000-05:00,MNQZ5.CME@RITHMIC,6868909844988,SELL,25008.0,20,LIMIT,UPDATE,MNQZ5.CME@RITHMIC_20251113_230640_bedbcb11,NONE,,"{'size': 20, 'price': 100032, 'orderId': '6868909844988', 'event_type': 'REPLACE'}",MBO
2025-11-14 03:06:49.148000-05:00,MNQZ5.CME@RITHMIC,73640775414400,SELL,25008.0,24,DEPTH,DEPTH,MNQZ5.CME@RITHMIC_20251113_230640_bedbcb11,NONE,,"{'size': 24, 'isBid': False, 'price': 100032, 'data_type': 'DEPTH'}",DEPTH
2025-11-14 03:06:49.082000-05:00,MNQZ5.CME@RITHMIC,73640709354000,SELL,25050.0,47,DEPTH,DEPTH,MNQZ5.CME@RITHMIC_20251113_230640_bedbcb11,NONE,,"{'size': 47, 'isBid': False, 'price': 100200, 'data_type': 'DEPTH'}",DEPTH
2025-11-14 03:06:48.843000-05:00,MNQZ5.CME@RITHMIC,73640469490300,BUY,24965.0,22,DEPTH,DEPTH,MNQZ5.CME@RITHMIC_20251113_230640_bedbcb11,NONE,,"{'size': 22, 'isBid': True, 'price': 99860, 'data_type': 'DEPTH'}",DEPTH
2025-11-14 03:06:48.787000-05:00,MNQZ5.CME@RITHMIC,73640413266500,BUY,24950.0,26,DEPTH,DEPTH,MNQZ5.CME@RITHMIC_20251113_230640_bedbcb11,NONE,,"{'size': 26, 'isBid': True, 'price': 99800, 'data_type': 'DEPTH'}",DEPTH
2025-11-14 03:06:48.785000-05:00,MNQZ5.CME@RITHMIC,73640411111800,BUY,24949.0,28,DEPTH,DEPTH,MNQZ5.CME@RITHMIC_20251113_230640_bedbcb11,NONE,,"{'size': 28, 'isBid': True, 'price': 99796, 'data_type': 'DEPTH'}",DEPTH
2025-11-14 03:06:48.750000-05:00,MNQZ5.CME@RITHMIC,73640376323700,BUY,24915.0,20,DEPTH,DEPTH,MNQZ5.CME@RITHMIC_20251113_230640_bedbcb11,NONE,,"{'size': 20, 'isBid': True, 'price': 99660, 'data_type': 'DEPTH'}",DEPTH
2025-11-14 03:06:48.726000-05:00,MNQZ5.CME@RITHMIC,73640352805400,BUY,24910.0,20,DEPTH,DEPTH,MNQZ5.CME@RITHMIC_20251113_230640_bedbcb11,NONE,,"{'size': 20, 'isBid': True, 'price': 99640, 'data_type': 'DEPTH'}",DEPTH
2025-11-14 03:06:48.722000-05:00,MNQZ5.CME@RITHMIC,73640347940000,BUY,24909.0,21,DEPTH,DEPTH,MNQZ5.CME@RITHMIC_20251113_230640_bedbcb11,NONE,,"{'size': 21, 'isBid': True, 'price': 99636, 'data_type': 'DEPTH'}",DEPTH
2025-11-14 03:06:47.753000-05:00,MNQZ5.CME@RITHMIC,73639379128500,BUY,99905.0,23,TRADE,TRADE,MNQZ5.CME@RITHMIC_20251113_230640_bedbcb11,NONE,,"{'size': 23, 'isOtc': False, 'price': 99905.0, 'data_type': 'TRADE', 'isBidAggressor': False, 'isExecutionEnd': True, 'passiveOrderId': None, 'aggressorOrderId': None, 'isExecutionStart': True, 'serialVersionUID': -5266538964320734421}",TRADE
2025-11-14 03:06:47.740000-05:00,MNQZ5.CME@RITHMIC,73639366880900,BUY,99906.0,32,TRADE,TRADE,MNQZ5.CME@RITHMIC_20251113_230640_bedbcb11,NONE,,"{'size': 32, 'isOtc': False, 'price': 99906.0, 'data_type': 'TRADE', 'isBidAggressor': False, 'isExecutionEnd': True, 'passiveOrderId': None, 'aggressorOrderId': None, 'isExecutionStart': True, 'serialVersionUID': -5266538964320734421}",TRADE
2025-11-14 03:06:47.723000-05:00,MNQZ5.CME@RITHMIC,73639349819800,BUY,99907.0,29,TRADE,TRADE,MNQZ5.CME@RITHMIC_20251113_230640_bedbcb11,NONE,,"{'size': 29, 'isOtc': False, 'price': 99907.0, 'data_type': 'TRADE', 'isBidAggressor': False, 'isExecutionEnd': True, 'passiveOrderId': None, 'aggressorOrderId': None, 'isExecutionStart': True, 'serialVersionUID': -5266538964320734421}",TRADE
2025-11-14 03:06:47.437000-05:00,MNQZ5.CME@RITHMIC,6868909845069,BUY,24964.5,20,LIMIT,ADD,MNQZ5.CME@RITHMIC_20251113_230640_bedbcb11,NONE,,"{'size': 20, 'isBid': True, 'price': 99858, 'orderId': '6868909845069', 'event_type': 'SEND'}",MBO
2025-11-14 03:06:46.815000-05:00,MNQZ5.CME@RITHMIC,6868909844988,SELL,25023.75,20,LIMIT,ADD,MNQZ5.CME@RITHMIC_20251113_230640_bedbcb11,NONE,,"{'size': 20, 'isBid': False, 'price': 100095, 'orderId': '6868909844988', 'event_type': 'SEND'}",MBO
2025-11-14 03:06:27.660000-05:00,MNQZ5.CME@RITHMIC,73619286738800,SELL,25023.75,22,DEPTH,DEPTH,MNQZ5.CME@RITHMIC_20251113_230640_bedbcb11,NONE,,"{'size': 22, 'isBid': False, 'price': 100095, 'data_type': 'DEPTH'}",DEPTH
2025-11-14 03:06:27.656000-05:00,MNQZ5.CME@RITHMIC,73619282122900,SELL,25031.0,25,DEPTH,DEPTH,MNQZ5.CME@RITHMIC_20251113_230640_bedbcb11,NONE,,"{'size': 25, 'isBid': False, 'price': 100124, 'data_type': 'DEPTH'}",DEPTH
2025-11-14 03:06:27.347000-05:00,MNQZ5.CME@RITHMIC,73618973462300,BUY,24964.5,26,DEPTH,DEPTH,MNQZ5.CME@RITHMIC_20251113_230640_bedbcb11,NONE,,"{'size': 26, 'isBid': True, 'price': 99858, 'data_type': 'DEPTH'}",DEPTH
2025-11-14 03:06:27.287000-05:00,MNQZ5.CME@RITHMIC,73618913337700,BUY,24950.0,33,DEPTH,DEPTH,MNQZ5.CME@RITHMIC_20251113_230640_bedbcb11,NONE,,"{'size': 33, 'isBid': True, 'price': 99800, 'data_type': 'DEPTH'}",DEPTH
2025-11-14 03:06:27.272000-05:00,MNQZ5.CME@RITHMIC,73618898542400,BUY,24940.0,54,DEPTH,DEPTH,MNQZ5.CME@RITHMIC_20251113_230640_bedbcb11,NONE,,"{'size': 54, 'isBid': True, 'price': 99760, 'data_type': 'DEPTH'}",DEPTH
2025-11-14 03:06:27.255000-05:00,MNQZ5.CME@RITHMIC,73618881809200,BUY,24926.0,23,DEPTH,DEPTH,MNQZ5.CME@RITHMIC_20251113_230640_bedbcb11,NONE,,"{'size': 23, 'isBid': True, 'price': 99704, 'data_type': 'DEPTH'}",DEPTH
2025-11-14 03:06:27.129000-05:00,MNQZ5.CME@RITHMIC,73618755713500,BUY,24900.0,114,DEPTH,DEPTH,MNQZ5.CME@RITHMIC_20251113_230640_bedbcb11,NONE,,"{'size': 114, 'isBid': True, 'price': 99600, 'data_type': 'DEPTH'}",DEPTH
2025-11-14 03:06:27.102000-05:00,MNQZ5.CME@RITHMIC,73618728643300,BUY,24800.0,179,DEPTH,DEPTH,MNQZ5.CME@RITHMIC_20251113_230640_bedbcb11,NONE,,"{'size': 179, 'isBid': True, 'price': 99200, 'data_type': 'DEPTH'}",DEPTH
2025-11-14 03:06:26.168000-05:00,MNQZ5.CME@RITHMIC,73617794500500,BUY,99937.0,21,TRADE,TRADE,MNQZ5.CME@RITHMIC_20251113_230640_bedbcb11,NONE,,"{'size': 21, 'isOtc': False, 'price': 99937.0, 'data_type': 'TRADE', 'isBidAggressor': False, 'isExecutionEnd': True, 'passiveOrderId': None, 'aggressorOrderId': None, 'isExecutionStart': True, 'serialVersionUID': -5266538964320734421}",TRADE
2025-11-14 03:06:26.141000-05:00,MNQZ5.CME@RITHMIC,73617767609000,BUY,99934.0,25,TRADE,TRADE,MNQZ5.CME@RITHMIC_20251113_230640_bedbcb11,NONE,,"{'size': 25, 'isOtc': False, 'price': 99934.0, 'data_type': 'TRADE', 'isBidAggressor': False, 'isExecutionEnd': True, 'passiveOrderId': None, 'aggressorOrderId': None, 'isExecutionStart': True, 'serialVersionUID': -5266538964320734421}",TRADE
2025-11-14 03:06:26.138000-05:00,MNQZ5.CME@RITHMIC,73617764893000,BUY,99938.0,21,TRADE,TRADE,MNQZ5.CME@RITHMIC_20251113_230640_bedbcb11,NONE,,"{'size': 21, 'isOtc': False, 'price': 99938.0, 'data_type': 'TRADE', 'isBidAggressor': False, 'isExecutionEnd': True, 'passiveOrderId': None, 'aggressorOrderId': None, 'isExecutionStart': True, 'serialVersionUID': -5266538964320734421}",TRADE
2025-11-14 03:06:25.850000-05:00,MNQZ5.CME@RITHMIC,6868909829400,SELL,25008.25,20,LIMIT,ADD,MNQZ5.CME@RITHMIC_20251113_230640_bedbcb11,NONE,,"{'size': 20, 'isBid': False, 'price': 100033, 'orderId': '6868909829400', 'event_type': 'SEND'}",MBO
2025-11-14 03:06:25.377000-05:00,MNQZ5.CME@RITHMIC,6868909829260,BUY,24948.75,20,LIMIT,ADD,MNQZ5.CME@RITHMIC_20251113_230640_bedbcb11,NONE,,"{'size': 20, 'isBid': True, 'price': 99795, 'orderId': '6868909829260', 'event_type': 'SEND'}",MBO
2025-11-14 03:05:48.362000-05:00,MNQZ5.CME@RITHMIC,73579988494400,SELL,25008.25,25,DEPTH,DEPTH,MNQZ5.CME@RITHMIC_20251113_230640_bedbcb11,NONE,,"{'size': 25, 'isBid': False, 'price': 100033, 'data_type': 'DEPTH'}",DEPTH
2025-11-14 03:05:48.272000-05:00,MNQZ5.CME@RITHMIC,73579898247000,SELL,25020.0,27,DEPTH,DEPTH,MNQZ5.CME@RITHMIC_20251113_230640_bedbcb11,NONE,,"{'size': 27, 'isBid': False, 'price': 100080, 'data_type': 'DEPTH'}",DEPTH
2025-11-14 03:05:48.225000-05:00,MNQZ5.CME@RITHMIC,73579851540500,SELL,25050.0,53,DEPTH,DEPTH,MNQZ5.CME@RITHMIC_20251113_230640_bedbcb11,NONE,,"{'size': 53, 'isBid': False, 'price': 100200, 'data_type': 'DEPTH'}",DEPTH
2025-11-14 03:05:47.811000-05:00,MNQZ5.CME@RITHMIC,73579437573200,BUY,24948.75,22,DEPTH,DEPTH,MNQZ5.CME@RITHMIC_20251113_230640_bedbcb11,NONE,,"{'size': 22, 'isBid': True, 'price': 99795, 'data_type': 'DEPTH'}",DEPTH
2025-11-14 03:05:47.804000-05:00,MNQZ5.CME@RITHMIC,73579430463100,BUY,24940.0,53,DEPTH,DEPTH,MNQZ5.CME@RITHMIC_20251113_230640_bedbcb11,NONE,,"{'size': 53, 'isBid': True, 'price': 99760, 'data_type': 'DEPTH'}",DEPTH
2025-11-14 03:05:47.775000-05:00,MNQZ5.CME@RITHMIC,73579400547000,BUY,24915.0,20,DEPTH,DEPTH,MNQZ5.CME@RITHMIC_20251113_230640_bedbcb11,NONE,,"{'size': 20, 'isBid': True, 'price': 99660, 'data_type': 'DEPTH'}",DEPTH
2025-11-14 03:05:47.736000-05:00,MNQZ5.CME@RITHMIC,73579362031500,BUY,24910.0,20,DEPTH,DEPTH,MNQZ5.CME@RITHMIC_20251113_230640_bedbcb11,NONE,,"{'size': 20, 'isBid': True, 'price': 99640, 'data_type': 'DEPTH'}",DEPTH
2025-11-14 03:05:47.730000-05:00,MNQZ5.CME@RITHMIC,73579355904000,BUY,24909.0,20,DEPTH,DEPTH,MNQZ5.CME@RITHMIC_20251113_230640_bedbcb11,NONE,,"{'size': 20, 'isBid': True, 'price': 99636, 'data_type': 'DEPTH'}",DEPTH
2025-11-14 03:05:47.676000-05:00,MNQZ5.CME@RITHMIC,73579302157500,BUY,24800.0,181,DEPTH,DEPTH,MNQZ5.CME@RITHMIC_20251113_230640_bedbcb11,NONE,,"{'size': 181, 'isBid': True, 'price': 99200, 'data_type': 'DEPTH'}",DEPTH
2025-11-14 03:05:43.218000-05:00,MNQZ5.CME@RITHMIC,6868909700665,BUY,24960.5,20,LIMIT,UPDATE,MNQZ5.CME@RITHMIC_20251113_230640_bedbcb11,NONE,,"{'size': 20, 'price': 99842, 'orderId': '6868909700665', 'event_type': 'REPLACE'}",MBO
2025-11-14 03:05:41.981000-05:00,MNQZ5.CME@RITHMIC,6868909700410,SELL,25018.5,20,LIMIT,UPDATE,MNQZ5.CME@RITHMIC_20251113_230640_bedbcb11,NONE,,"{'size': 20, 'price': 100074, 'orderId': '6868909700410', 'event_type': 'REPLACE'}",MBO
2025-11-14 03:05:30.422000-05:00,MNQZ5.CME@RITHMIC,73562048616200,SELL,25002.25,20,DEPTH,DEPTH,MNQZ5.CME@RITHMIC_20251113_230640_bedbcb11,NONE,,"{'size': 20, 'isBid': False, 'price': 100009, 'data_type': 'DEPTH'}",DEPTH
2025-11-14 03:05:30.361000-05:00,MNQZ5.CME@RITHMIC,73561987292300,SELL,25018.5,26,DEPTH,DEPTH,MNQZ5.CME@RITHMIC_20251113_230640_bedbcb11,NONE,,"{'size': 26, 'isBid': False, 'price': 100074, 'data_type': 'DEPTH'}",DEPTH
2025-11-14 03:05:30.228000-05:00,MNQZ5.CME@RITHMIC,73561854144100,BUY,24985.0,24,DEPTH,DEPTH,MNQZ5.CME@RITHMIC_20251113_230640_bedbcb11,NONE,,"{'size': 24, 'isBid': True, 'price': 99940, 'data_type': 'DEPTH'}",DEPTH
2025-11-14 03:05:30.207000-05:00,MNQZ5.CME@RITHMIC,73561833869200,BUY,24980.0,20,DEPTH,DEPTH,MNQZ5.CME@RITHMIC_20251113_230640_bedbcb11,NONE,,"{'size': 20, 'isBid': True, 'price': 99920, 'data_type': 'DEPTH'}",DEPTH
2025-11-14 03:05:30.131000-05:00,MNQZ5.CME@RITHMIC,73561756901000,BUY,24960.5,22,DEPTH,DEPTH,MNQZ5.CME@RITHMIC_20251113_230640_bedbcb11,NONE,,"{'size': 22, 'isBid': True, 'price': 99842, 'data_type': 'DEPTH'}",DEPTH
2025-11-14 03:05:30.103000-05:00,MNQZ5.CME@RITHMIC,73561729241100,BUY,24915.0,20,DEPTH,DEPTH,MNQZ5.CME@RITHMIC_20251113_230640_bedbcb11,NONE,,"{'size': 20, 'isBid': True, 'price': 99660, 'data_type': 'DEPTH'}",DEPTH
2025-11-14 03:05:26.780000-05:00,MNQZ5.CME@RITHMIC,6868909700665,BUY,24958.25,20,LIMIT,UPDATE,MNQZ5.CME@RITHMIC_20251113_230640_bedbcb11,NONE,,"{'size': 20, 'price': 99833, 'orderId': '6868909700665', 'event_type': 'REPLACE'}",MBO
2025-11-14 03:05:25.958000-05:00,MNQZ5.CME@RITHMIC,6868909700410,SELL,25018.25,20,LIMIT,UPDATE,MNQZ5.CME@RITHMIC_20251113_230640_bedbcb11,NONE,,"{'size': 20, 'price': 100073, 'orderId': '6868909700410', 'event_type': 'REPLACE'}",MBO
2025-11-14 03:05:17.411000-05:00,MNQZ5.CME@RITHMIC,73549037695100,SELL,25002.25,20,DEPTH,DEPTH,MNQZ5.CME@RITHMIC_20251113_230640_bedbcb11,NONE,,"{'size': 20, 'isBid': False, 'price': 100009, 'data_type': 'DEPTH'}",DEPTH
2025-11-14 03:05:17.369000-05:00,MNQZ5.CME@RITHMIC,73548995492700,SELL,25018.25,24,DEPTH,DEPTH,MNQZ5.CME@RITHMIC_20251113_230640_bedbcb11,NONE,,"{'size': 24, 'isBid': False, 'price': 100073, 'data_type': 'DEPTH'}",DEPTH
2025-11-14 03:05:17.272000-05:00,MNQZ5.CME@RITHMIC,73548898919700,BUY,24985.0,24,DEPTH,DEPTH,MNQZ5.CME@RITHMIC_20251113_230640_bedbcb11,NONE,,"{'size': 24, 'isBid': True, 'price': 99940, 'data_type': 'DEPTH'}",DEPTH
2025-11-14 03:05:17.245000-05:00,MNQZ5.CME@RITHMIC,73548871484700,BUY,24980.0,20,DEPTH,DEPTH,MNQZ5.CME@RITHMIC_20251113_230640_bedbcb11,NONE,,"{'size': 20, 'isBid': True, 'price': 99920, 'data_type': 'DEPTH'}",DEPTH
2025-11-14 03:05:17.233000-05:00,MNQZ5.CME@RITHMIC,73548859130000,BUY,24978.0,23,DEPTH,DEPTH,MNQZ5.CME@RITHMIC_20251113_230640_bedbcb11,NONE,,"{'size': 23, 'isBid': True, 'price': 99912, 'data_type': 'DEPTH'}",DEPTH
2025-11-14 03:05:17.200000-05:00,MNQZ5.CME@RITHMIC,73548826384000,BUY,24958.25,22,DEPTH,DEPTH,MNQZ5.CME@RITHMIC_20251113_230640_bedbcb11,NONE,,"{'size': 22, 'isBid': True, 'price': 99833, 'data_type': 'DEPTH'}",DEPTH
2025-11-14 03:05:17.195000-05:00,MNQZ5.CME@RITHMIC,73548821409500,BUY,24915.0,20,DEPTH,DEPTH,MNQZ5.CME@RITHMIC_20251113_230640_bedbcb11,NONE,,"{'size': 20, 'isBid': True, 'price': 99660, 'data_type': 'DEPTH'}",DEPTH
2025-11-14 03:05:14.291000-05:00,MNQZ5.CME@RITHMIC,6868909700665,BUY,24962.75,20,LIMIT,UPDATE,MNQZ5.CME@RITHMIC_20251113_230640_bedbcb11,NONE,,"{'size': 20, 'price': 99851, 'orderId': '6868909700665', 'event_type': 'REPLACE'}",MBO
2025-11-14 03:05:13.699000-05:00,MNQZ5.CME@RITHMIC,6868909700410,SELL,25020.5,20,LIMIT,UPDATE,MNQZ5.CME@RITHMIC_20251113_230640_bedbcb11,NONE,,"{'size': 20, 'price': 100082, 'orderId': '6868909700410', 'event_type': 'REPLACE'}",MBO
2025-11-14 03:05:08.610000-05:00,MNQZ5.CME@RITHMIC,73540237044000,SELL,25020.5,25,DEPTH,DEPTH,MNQZ5.CME@RITHMIC_20251113_230640_bedbcb11,NONE,,"{'size': 25, 'isBid': False, 'price': 100082, 'data_type': 'DEPTH'}",DEPTH
2025-11-14 03:05:08.570000-05:00,MNQZ5.CME@RITHMIC,73540197151500,SELL,25072.0,22,DEPTH,DEPTH,MNQZ5.CME@RITHMIC_20251113_230640_bedbcb11,NONE,,"{'size': 22, 'isBid': False, 'price': 100288, 'data_type': 'DEPTH'}",DEPTH
2025-11-14 03:05:08.549000-05:00,MNQZ5.CME@RITHMIC,73540175844700,SELL,25184.0,24,DEPTH,DEPTH,MNQZ5.CME@RITHMIC_20251113_230640_bedbcb11,NONE,,"{'size': 24, 'isBid': False, 'price': 100736, 'data_type': 'DEPTH'}",DEPTH
2025-11-14 03:05:08.475000-05:00,MNQZ5.CME@RITHMIC,73540101843100,BUY,24985.0,23,DEPTH,DEPTH,MNQZ5.CME@RITHMIC_20251113_230640_bedbcb11,NONE,,"{'size': 23, 'isBid': True, 'price': 99940, 'data_type': 'DEPTH'}",DEPTH
2025-11-14 03:05:08.447000-05:00,MNQZ5.CME@RITHMIC,73540073219400,BUY,24978.0,21,DEPTH,DEPTH,MNQZ5.CME@RITHMIC_20251113_230640_bedbcb11,NONE,,"{'size': 21, 'isBid': True, 'price': 99912, 'data_type': 'DEPTH'}",DEPTH
2025-11-14 03:05:08.416000-05:00,MNQZ5.CME@RITHMIC,73540042304700,BUY,24962.75,22,DEPTH,DEPTH,MNQZ5.CME@RITHMIC_20251113_230640_bedbcb11,NONE,,"{'size': 22, 'isBid': True, 'price': 99851, 'data_type': 'DEPTH'}",DEPTH
2025-11-14 03:05:08.397000-05:00,MNQZ5.CME@RITHMIC,73540023627700,BUY,24920.0,22,DEPTH,DEPTH,MNQZ5.CME@RITHMIC_20251113_230640_bedbcb11,NONE,,"{'size': 22, 'isBid': True, 'price': 99680, 'data_type': 'DEPTH'}",DEPTH
2025-11-14 03:05:08.374000-05:00,MNQZ5.CME@RITHMIC,73540000757800,BUY,24915.0,20,DEPTH,DEPTH,MNQZ5.CME@RITHMIC_20251113_230640_bedbcb11,NONE,,"{'size': 20, 'isBid': True, 'price': 99660, 'data_type': 'DEPTH'}",DEPTH
2025-11-14 03:05:06.208000-05:00,MNQZ5.CME@RITHMIC,6868909700665,BUY,24965.25,20,LIMIT,UPDATE,MNQZ5.CME@RITHMIC_20251113_230640_bedbcb11,NONE,,"{'size': 20, 'price': 99861, 'orderId': '6868909700665', 'event_type': 'REPLACE'}",MBO
2025-11-14 03:05:05.950000-05:00,MNQZ5.CME@RITHMIC,6868909700410,SELL,25025.0,20,LIMIT,UPDATE,MNQZ5.CME@RITHMIC_20251113_230640_bedbcb11,NONE,,"{'size': 20, 'price': 100100, 'orderId': '6868909700410', 'event_type': 'REPLACE'}",MBO
2025-11-14 03:05:00.872000-05:00,MNQZ5.CME@RITHMIC,73532498615500,SELL,25020.0,29,DEPTH,DEPTH,MNQZ5.CME@RITHMIC_20251113_230640_bedbcb11,NONE,,"{'size': 29, 'isBid': False, 'price': 100080, 'data_type': 'DEPTH'}",DEPTH
2025-11-14 03:05:00.862000-05:00,MNQZ5.CME@RITHMIC,73532488349500,SELL,25025.0,27,DEPTH,DEPTH,MNQZ5.CME@RITHMIC_20251113_230640_bedbcb11,NONE,,"{'size': 27, 'isBid': False, 'price': 100100, 'data_type': 'DEPTH'}",DEPTH
2025-11-14 03:05:00.817000-05:00,MNQZ5.CME@RITHMIC,73532443270600,SELL,25072.0,24,DEPTH,DEPTH,MNQZ5.CME@RITHMIC_20251113_230640_bedbcb11,NONE,,"{'size': 24, 'isBid': False, 'price': 100288, 'data_type': 'DEPTH'}",DEPTH
2025-11-14 03:05:00.750000-05:00,MNQZ5.CME@RITHMIC,73532376394800,BUY,24985.0,27,DEPTH,DEPTH,MNQZ5.CME@RITHMIC_20251113_230640_bedbcb11,NONE,,"{'size': 27, 'isBid': True, 'price': 99940, 'data_type': 'DEPTH'}",DEPTH
2025-11-14 03:05:00.719000-05:00,MNQZ5.CME@RITHMIC,73532345071900,BUY,24965.25,25,DEPTH,DEPTH,MNQZ5.CME@RITHMIC_20251113_230640_bedbcb11,NONE,,"{'size': 25, 'isBid': True, 'price': 99861, 'data_type': 'DEPTH'}",DEPTH
2025-11-14 03:05:00.712000-05:00,MNQZ5.CME@RITHMIC,73532339465300,BUY,24950.0,32,DEPTH,DEPTH,MNQZ5.CME@RITHMIC_20251113_230640_bedbcb11,NONE,,"{'size': 32, 'isBid': True, 'price': 99800, 'data_type': 'DEPTH'}",DEPTH
2025-11-14 03:05:00.703000-05:00,MNQZ5.CME@RITHMIC,73532329387300,BUY,24920.0,24,DEPTH,DEPTH,MNQZ5.CME@RITHMIC_20251113_230640_bedbcb11,NONE,,"{'size': 24, 'isBid': True, 'price': 99680, 'data_type': 'DEPTH'}",DEPTH
2025-11-14 03:04:59.211000-05:00,MNQZ5.CME@RITHMIC,73530837763600,SELL,25031.0,24,DEPTH,DEPTH,MNQZ5.CME@RITHMIC_20251113_230640_bedbcb11,NONE,,"{'size': 24, 'isBid': False, 'price': 100124, 'data_type': 'DEPTH'}",DEPTH
2025-11-14 03:04:58.469000-05:00,MNQZ5.CME@RITHMIC,73530095660400,BUY,24985.0,25,DEPTH,DEPTH,MNQZ5.CME@RITHMIC_20251113_230640_bedbcb11,NONE,,"{'size': 25, 'isBid': True, 'price': 99940, 'data_type': 'DEPTH'}",DEPTH
2025-11-14 03:04:58.408000-05:00,MNQZ5.CME@RITHMIC,73530034506200,BUY,24985.5,20,DEPTH,DEPTH,MNQZ5.CME@RITHMIC_20251113_230640_bedbcb11,NONE,,"{'size': 20, 'isBid': True, 'price': 99942, 'data_type': 'DEPTH'}",DEPTH
2025-11-14 03:04:56.420000-05:00,MNQZ5.CME@RITHMIC,73528046462300,BUY,24915.0,20,DEPTH,DEPTH,MNQZ5.CME@RITHMIC_20251113_230640_bedbcb11,NONE,,"{'size': 20, 'isBid': True, 'price': 99660, 'data_type': 'DEPTH'}",DEPTH
2025-11-14 03:04:54.077000-05:00,MNQZ5.CME@RITHMIC,73525703583500,BUY,24985.5,21,DEPTH,DEPTH,MNQZ5.CME@RITHMIC_20251113_230640_bedbcb11,NONE,,"{'size': 21, 'isBid': True, 'price': 99942, 'data_type': 'DEPTH'}",DEPTH
2025-11-14 03:04:47.289000-05:00,MNQZ5.CME@RITHMIC,73518915344500,BUY,24915.0,21,DEPTH,DEPTH,MNQZ5.CME@RITHMIC_20251113_230640_bedbcb11,NONE,,"{'size': 21, 'isBid': True, 'price': 99660, 'data_type': 'DEPTH'}",DEPTH
2025-11-14 03:04:47.284000-05:00,MNQZ5.CME@RITHMIC,73518910417700,BUY,24960.75,24,DEPTH,DEPTH,MNQZ5.CME@RITHMIC_20251113_230640_bedbcb11,NONE,,"{'size': 24, 'isBid': True, 'price': 99843, 'data_type': 'DEPTH'}",DEPTH
2025-11-14 03:04:47.281000-05:00,MNQZ5.CME@RITHMIC,6868909700665,BUY,24960.75,20,LIMIT,UPDATE,MNQZ5.CME@RITHMIC_20251113_230640_bedbcb11,NONE,,"{'size': 20, 'price': 99843, 'orderId': '6868909700665', 'event_type': 'REPLACE'}",MBO
2025-11-14 03:04:45.634000-05:00,MNQZ5.CME@RITHMIC,73517260256200,SELL,25020.5,25,DEPTH,DEPTH,MNQZ5.CME@RITHMIC_20251113_230640_bedbcb11,NONE,,"{'size': 25, 'isBid': False, 'price': 100082, 'data_type': 'DEPTH'}",DEPTH
2025-11-14 03:04:45.632000-05:00,MNQZ5.CME@RITHMIC,6868909700410,SELL,25020.5,20,LIMIT,UPDATE,MNQZ5.CME@RITHMIC_20251113_230640_bedbcb11,NONE,,"{'size': 20, 'price': 100082, 'orderId': '6868909700410', 'event_type': 'REPLACE'}",MBO
2025-11-14 03:04:44.591000-05:00,MNQZ5.CME@RITHMIC,6868909700665,BUY,24963.0,20,LIMIT,UPDATE,MNQZ5.CME@RITHMIC_20251113_230640_bedbcb11,NONE,,"{'size': 20, 'price': 99852, 'orderId': '6868909700665', 'event_type': 'REPLACE'}",MBO
2025-11-14 03:04:44.070000-05:00,MNQZ5.CME@RITHMIC,6868909700410,SELL,25022.75,20,LIMIT,UPDATE,MNQZ5.CME@RITHMIC_20251113_230640_bedbcb11,NONE,,"{'size': 20, 'price': 100091, 'orderId': '6868909700410', 'event_type': 'REPLACE'}",MBO
2025-11-14 03:04:40.145000-05:00,MNQZ5.CME@RITHMIC,73511771236100,SELL,25020.0,27,DEPTH,DEPTH,MNQZ5.CME@RITHMIC_20251113_230640_bedbcb11,NONE,,"{'size': 27, 'isBid': False, 'price': 100080, 'data_type': 'DEPTH'}",DEPTH
2025-11-14 03:04:40.133000-05:00,MNQZ5.CME@RITHMIC,73511759177900,SELL,25022.75,23,DEPTH,DEPTH,MNQZ5.CME@RITHMIC_20251113_230640_bedbcb11,NONE,,"{'size': 23, 'isBid': False, 'price': 100091, 'data_type': 'DEPTH'}",DEPTH
2025-11-14 03:04:40.099000-05:00,MNQZ5.CME@RITHMIC,73511725182800,SELL,25072.0,22,DEPTH,DEPTH,MNQZ5.CME@RITHMIC_20251113_230640_bedbcb11,NONE,,"{'size': 22, 'isBid': False, 'price': 100288, 'data_type': 'DEPTH'}",DEPTH
2025-11-14 03:04:40.082000-05:00,MNQZ5.CME@RITHMIC,73511709180200,SELL,25175.0,22,DEPTH,DEPTH,MNQZ5.CME@RITHMIC_20251113_230640_bedbcb11,NONE,,"{'size': 22, 'isBid': False, 'price': 100700, 'data_type': 'DEPTH'}",DEPTH
2025-11-14 03:04:40.030000-05:00,MNQZ5.CME@RITHMIC,73511656383500,BUY,24985.0,26,DEPTH,DEPTH,MNQZ5.CME@RITHMIC_20251113_230640_bedbcb11,NONE,,"{'size': 26, 'isBid': True, 'price': 99940, 'data_type': 'DEPTH'}",DEPTH
2025-11-14 03:04:40.006000-05:00,MNQZ5.CME@RITHMIC,73511632368800,BUY,24963.0,25,DEPTH,DEPTH,MNQZ5.CME@RITHMIC_20251113_230640_bedbcb11,NONE,,"{'size': 25, 'isBid': True, 'price': 99852, 'data_type': 'DEPTH'}",DEPTH
2025-11-14 03:04:40.001000-05:00,MNQZ5.CME@RITHMIC,73511627877500,BUY,24940.0,50,DEPTH,DEPTH,MNQZ5.CME@RITHMIC_20251113_230640_bedbcb11,NONE,,"{'size': 50, 'isBid': True, 'price': 99760, 'data_type': 'DEPTH'}",DEPTH
2025-11-14 03:04:39.994000-05:00,MNQZ5.CME@RITHMIC,73511620237700,BUY,24920.0,23,DEPTH,DEPTH,MNQZ5.CME@RITHMIC_20251113_230640_bedbcb11,NONE,,"{'size': 23, 'isBid': True, 'price': 99680, 'data_type': 'DEPTH'}",DEPTH
2025-11-14 03:04:39.712000-05:00,MNQZ5.CME@RITHMIC,73511338551000,BUY,24920.0,23,DEPTH,DEPTH,MNQZ5.CME@RITHMIC_20251113_230640_bedbcb11,NONE,,"{'size': 23, 'isBid': True, 'price': 99680, 'data_type': 'DEPTH'}",DEPTH
2025-11-14 03:04:39.650000-05:00,MNQZ5.CME@RITHMIC,73511276447800,BUY,24920.0,21,DEPTH,DEPTH,MNQZ5.CME@RITHMIC_20251113_230640_bedbcb11,NONE,,"{'size': 21, 'isBid': True, 'price': 99680, 'data_type': 'DEPTH'}",DEPTH
2025-11-14 03:04:35.592000-05:00,MNQZ5.CME@RITHMIC,73507217885700,SELL,25072.0,22,DEPTH,DEPTH,MNQZ5.CME@RITHMIC_20251113_230640_bedbcb11,NONE,,"{'size': 22, 'isBid': False, 'price': 100288, 'data_type': 'DEPTH'}",DEPTH
2025-11-14 03:04:35.242000-05:00,MNQZ5.CME@RITHMIC,73506868559000,SELL,25072.0,24,DEPTH,DEPTH,MNQZ5.CME@RITHMIC_20251113_230640_bedbcb11,NONE,,"{'size': 24, 'isBid': False, 'price': 100288, 'data_type': 'DEPTH'}",DEPTH
2025-11-14 03:04:33.993000-05:00,MNQZ5.CME@RITHMIC,73505620131800,BUY,24965.25,25,DEPTH,DEPTH,MNQZ5.CME@RITHMIC_20251113_230640_bedbcb11,NONE,,"{'size': 25, 'isBid': True, 'price': 99861, 'data_type': 'DEPTH'}",DEPTH
2025-11-14 03:04:33.991000-05:00,MNQZ5.CME@RITHMIC,6868909700665,BUY,24965.25,20,LIMIT,UPDATE,MNQZ5.CME@RITHMIC_20251113_230640_bedbcb11,NONE,,"{'size': 20, 'price': 99861, 'orderId': '6868909700665', 'event_type': 'REPLACE'}",MBO
2025-11-14 03:04:31.824000-05:00,MNQZ5.CME@RITHMIC,73503451401900,BUY,24985.0,25,DEPTH,DEPTH,MNQZ5.CME@RITHMIC_20251113_230640_bedbcb11,NONE,,"{'size': 25, 'isBid': True, 'price': 99940, 'data_type': 'DEPTH'}",DEPTH
2025-11-14 03:04:31.821000-05:00,MNQZ5.CME@RITHMIC,73503447687500,BUY,24985.0,24,DEPTH,DEPTH,MNQZ5.CME@RITHMIC_20251113_230640_bedbcb11,NONE,,"{'size': 24, 'isBid': True, 'price': 99940, 'data_type': 'DEPTH'}",DEPTH
2025-11-14 03:04:29.508000-05:00,MNQZ5.CME@RITHMIC,6868909700665,BUY,24963.0,20,LIMIT,UPDATE,MNQZ5.CME@RITHMIC_20251113_230640_bedbcb11,NONE,,"{'size': 20, 'price': 99852, 'orderId': '6868909700665', 'event_type': 'REPLACE'}",MBO
2025-11-14 03:04:28.992000-05:00,MNQZ5.CME@RITHMIC,6868909700410,SELL,25022.75,20,LIMIT,UPDATE,MNQZ5.CME@RITHMIC_20251113_230640_bedbcb11,NONE,,"{'size': 20, 'price': 100091, 'orderId': '6868909700410', 'event_type': 'REPLACE'}",MBO
2025-11-14 03:04:24.020000-05:00,MNQZ5.CME@RITHMIC,73495646781800,SELL,25022.75,23,DEPTH,DEPTH,MNQZ5.CME@RITHMIC_20251113_230640_bedbcb11,NONE,,"{'size': 23, 'isBid': False, 'price': 100091, 'data_type': 'DEPTH'}",DEPTH
2025-11-14 03:04:23.995000-05:00,MNQZ5.CME@RITHMIC,73495621528100,SELL,25072.0,22,DEPTH,DEPTH,MNQZ5.CME@RITHMIC_20251113_230640_bedbcb11,NONE,,"{'size': 22, 'isBid': False, 'price': 100288, 'data_type': 'DEPTH'}",DEPTH
2025-11-14 03:04:23.934000-05:00,MNQZ5.CME@RITHMIC,73495560023600,BUY,24985.5,20,DEPTH,DEPTH,MNQZ5.CME@RITHMIC_20251113_230640_bedbcb11,NONE,,"{'size': 20, 'isBid': True, 'price': 99942, 'data_type': 'DEPTH'}",DEPTH
2025-11-14 03:04:23.931000-05:00,MNQZ5.CME@RITHMIC,73495557622000,BUY,24985.0,23,DEPTH,DEPTH,MNQZ5.CME@RITHMIC_20251113_230640_bedbcb11,NONE,,"{'size': 23, 'isBid': True, 'price': 99940, 'data_type': 'DEPTH'}",DEPTH
2025-11-14 03:04:23.900000-05:00,MNQZ5.CME@RITHMIC,73495527219000,BUY,24963.0,25,DEPTH,DEPTH,MNQZ5.CME@RITHMIC_20251113_230640_bedbcb11,NONE,,"{'size': 25, 'isBid': True, 'price': 99852, 'data_type': 'DEPTH'}",DEPTH
2025-11-14 03:04:23.887000-05:00,MNQZ5.CME@RITHMIC,73495513606000,BUY,24920.0,24,DEPTH,DEPTH,MNQZ5.CME@RITHMIC_20251113_230640_bedbcb11,NONE,,"{'size': 24, 'isBid': True, 'price': 99680, 'data_type': 'DEPTH'}",DEPTH
2025-11-14 03:04:21.671000-05:00,MNQZ5.CME@RITHMIC,6868909700410,SELL,25027.25,20,LIMIT,UPDATE,MNQZ5.CME@RITHMIC_20251113_230640_bedbcb11,NONE,,"{'size': 20, 'price': 100109, 'orderId': '6868909700410', 'event_type': 'REPLACE'}",MBO
2025-11-14 03:04:17.594000-05:00,MNQZ5.CME@RITHMIC,73489221326900,SELL,25020.0,26,DEPTH,DEPTH,MNQZ5.CME@RITHMIC_20251113_230640_bedbcb11,NONE,,"{'size': 26, 'isBid': False, 'price': 100080, 'data_type': 'DEPTH'}",DEPTH
2025-11-14 03:04:17.581000-05:00,MNQZ5.CME@RITHMIC,73489207177700,SELL,25027.25,30,DEPTH,DEPTH,MNQZ5.CME@RITHMIC_20251113_230640_bedbcb11,NONE,,"{'size': 30, 'isBid': False, 'price': 100109, 'data_type': 'DEPTH'}",DEPTH
2025-11-14 03:04:17.572000-05:00,MNQZ5.CME@RITHMIC,73489198131000,SELL,25072.0,24,DEPTH,DEPTH,MNQZ5.CME@RITHMIC_20251113_230640_bedbcb11,NONE,,"{'size': 24, 'isBid': False, 'price': 100288, 'data_type': 'DEPTH'}",DEPTH
2025-11-14 03:04:17.521000-05:00,MNQZ5.CME@RITHMIC,73489147392700,BUY,24985.0,22,DEPTH,DEPTH,MNQZ5.CME@RITHMIC_20251113_230640_bedbcb11,NONE,,"{'size': 22, 'isBid': True, 'price': 99940, 'data_type': 'DEPTH'}",DEPTH
2025-11-14 03:04:17.512000-05:00,MNQZ5.CME@RITHMIC,73489138807200,BUY,24980.0,21,DEPTH,DEPTH,MNQZ5.CME@RITHMIC_20251113_230640_bedbcb11,NONE,,"{'size': 21, 'isBid': True, 'price': 99920, 'data_type': 'DEPTH'}",DEPTH
2025-11-14 03:04:17.476000-05:00,MNQZ5.CME@RITHMIC,73489102711100,BUY,24920.0,23,DEPTH,DEPTH,MNQZ5.CME@RITHMIC_20251113_230640_bedbcb11,NONE,,"{'size': 23, 'isBid': True, 'price': 99680, 'data_type': 'DEPTH'}",DEPTH
2025-11-14 03:04:15.051000-05:00,MNQZ5.CME@RITHMIC,6868909700665,BUY,24967.5,20,LIMIT,UPDATE,MNQZ5.CME@RITHMIC_20251113_230640_bedbcb11,NONE,,"{'size': 20, 'price': 99870, 'orderId': '6868909700665', 'event_type': 'REPLACE'}",MBO
2025-11-14 03:04:14.438000-05:00,MNQZ5.CME@RITHMIC,6868909700410,SELL,25025.0,20,LIMIT,UPDATE,MNQZ5.CME@RITHMIC_20251113_230640_bedbcb11,NONE,,"{'size': 20, 'price': 100100, 'orderId': '6868909700410', 'event_type': 'REPLACE'}",MBO
2025-11-14 03:04:09.194000-05:00,MNQZ5.CME@RITHMIC,73480820233500,SELL,25025.0,28,DEPTH,DEPTH,MNQZ5.CME@RITHMIC_20251113_230640_bedbcb11,NONE,,"{'size': 28, 'isBid': False, 'price': 100100, 'data_type': 'DEPTH'}",DEPTH
2025-11-14 03:04:09.164000-05:00,MNQZ5.CME@RITHMIC,73480790149700,SELL,25072.0,24,DEPTH,DEPTH,MNQZ5.CME@RITHMIC_20251113_230640_bedbcb11,NONE,,"{'size': 24, 'isBid': False, 'price': 100288, 'data_type': 'DEPTH'}",DEPTH
2025-11-14 03:04:09.068000-05:00,MNQZ5.CME@RITHMIC,73480694682200,BUY,24985.5,20,DEPTH,DEPTH,MNQZ5.CME@RITHMIC_20251113_230640_bedbcb11,NONE,,"{'size': 20, 'isBid': True, 'price': 99942, 'data_type': 'DEPTH'}",DEPTH
2025-11-14 03:04:09.066000-05:00,MNQZ5.CME@RITHMIC,73480691904600,BUY,24985.0,21,DEPTH,DEPTH,MNQZ5.CME@RITHMIC_20251113_230640_bedbcb11,NONE,,"{'size': 21, 'isBid': True, 'price': 99940, 'data_type': 'DEPTH'}",DEPTH
2025-11-14 03:04:09.036000-05:00,MNQZ5.CME@RITHMIC,73480662904700,BUY,24980.0,20,DEPTH,DEPTH,MNQZ5.CME@RITHMIC_20251113_230640_bedbcb11,NONE,,"{'size': 20, 'isBid': True, 'price': 99920, 'data_type': 'DEPTH'}",DEPTH
2025-11-14 03:04:09.016000-05:00,MNQZ5.CME@RITHMIC,73480643255900,BUY,24967.5,23,DEPTH,DEPTH,MNQZ5.CME@RITHMIC_20251113_230640_bedbcb11,NONE,,"{'size': 23, 'isBid': True, 'price': 99870, 'data_type': 'DEPTH'}",DEPTH
2025-11-14 03:04:08.998000-05:00,MNQZ5.CME@RITHMIC,73480623891900,BUY,24920.0,21,DEPTH,DEPTH,MNQZ5.CME@RITHMIC_20251113_230640_bedbcb11,NONE,,"{'size': 21, 'isBid': True, 'price': 99680, 'data_type': 'DEPTH'}",DEPTH
2025-11-14 03:04:08.505000-05:00,MNQZ5.CME@RITHMIC,73480131149900,BUY,24985.0,25,DEPTH,DEPTH,MNQZ5.CME@RITHMIC_20251113_230640_bedbcb11,NONE,,"{'size': 25, 'isBid': True, 'price': 99940, 'data_type': 'DEPTH'}",DEPTH
2025-11-14 03:04:07.056000-05:00,MNQZ5.CME@RITHMIC,73478681834000,BUY,24985.0,26,DEPTH,DEPTH,MNQZ5.CME@RITHMIC_20251113_230640_bedbcb11,NONE,,"{'size': 26, 'isBid': True, 'price': 99940, 'data_type': 'DEPTH'}",DEPTH
2025-11-14 03:04:06.896000-05:00,MNQZ5.CME@RITHMIC,73478522546100,BUY,24915.0,20,DEPTH,DEPTH,MNQZ5.CME@RITHMIC_20251113_230640_bedbcb11,NONE,,"{'size': 20, 'isBid': True, 'price': 99660, 'data_type': 'DEPTH'}",DEPTH
2025-11-14 03:04:02.907000-05:00,MNQZ5.CME@RITHMIC,6868909700665,BUY,24960.75,20,LIMIT,UPDATE,MNQZ5.CME@RITHMIC_20251113_230640_bedbcb11,NONE,,"{'size': 20, 'price': 99843, 'orderId': '6868909700665', 'event_type': 'REPLACE'}",MBO
2025-11-14 03:04:02.513000-05:00,MNQZ5.CME@RITHMIC,6868909700410,SELL,25020.25,20,LIMIT,UPDATE,MNQZ5.CME@RITHMIC_20251113_230640_bedbcb11,NONE,,"{'size': 20, 'price': 100081, 'orderId': '6868909700410', 'event_type': 'REPLACE'}",MBO
2025-11-14 03:03:57.873000-05:00,MNQZ5.CME@RITHMIC,73469500449500,SELL,25020.25,25,DEPTH,DEPTH,MNQZ5.CME@RITHMIC_20251113_230640_bedbcb11,NONE,,"{'size': 25, 'isBid': False, 'price': 100081, 'data_type': 'DEPTH'}",DEPTH
2025-11-14 03:03:57.786000-05:00,MNQZ5.CME@RITHMIC,73469413043700,BUY,24985.5,23,DEPTH,DEPTH,MNQZ5.CME@RITHMIC_20251113_230640_bedbcb11,NONE,,"{'size': 23, 'isBid': True, 'price': 99942, 'data_type': 'DEPTH'}",DEPTH
2025-11-14 03:03:57.784000-05:00,MNQZ5.CME@RITHMIC,73469410789100,BUY,24985.0,25,DEPTH,DEPTH,MNQZ5.CME@RITHMIC_20251113_230640_bedbcb11,NONE,,"{'size': 25, 'isBid': True, 'price': 99940, 'data_type': 'DEPTH'}",DEPTH
2025-11-14 03:03:57.716000-05:00,MNQZ5.CME@RITHMIC,73469342469500,BUY,24960.75,24,DEPTH,DEPTH,MNQZ5.CME@RITHMIC_20251113_230640_bedbcb11,NONE,,"{'size': 24, 'isBid': True, 'price': 99843, 'data_type': 'DEPTH'}",DEPTH
2025-11-14 03:03:57.707000-05:00,MNQZ5.CME@RITHMIC,73469333293800,BUY,24950.0,31,DEPTH,DEPTH,MNQZ5.CME@RITHMIC_20251113_230640_bedbcb11,NONE,,"{'size': 31, 'isBid': True, 'price': 99800, 'data_type': 'DEPTH'}",DEPTH
2025-11-14 03:03:57.702000-05:00,MNQZ5.CME@RITHMIC,73469328328600,BUY,24920.0,24,DEPTH,DEPTH,MNQZ5.CME@RITHMIC_20251113_230640_bedbcb11,NONE,,"{'size': 24, 'isBid': True, 'price': 99680, 'data_type': 'DEPTH'}",DEPTH
2025-11-14 03:03:56.907000-05:00,MNQZ5.CME@RITHMIC,73468532901200,BUY,24985.5,23,DEPTH,DEPTH,MNQZ5.CME@RITHMIC_20251113_230640_bedbcb11,NONE,,"{'size': 23, 'isBid': True, 'price': 99942, 'data_type': 'DEPTH'}",DEPTH
2025-11-14 03:03:56.880000-05:00,MNQZ5.CME@RITHMIC,73468506501700,BUY,24985.5,24,DEPTH,DEPTH,MNQZ5.CME@RITHMIC_20251113_230640_bedbcb11,NONE,,"{'size': 24, 'isBid': True, 'price': 99942, 'data_type': 'DEPTH'}",DEPTH
2025-11-14 03:03:56.553000-05:00,MNQZ5.CME@RITHMIC,73468179845900,SELL,25015.75,25,DEPTH,DEPTH,MNQZ5.CME@RITHMIC_20251113_230640_bedbcb11,NONE,,"{'size': 25, 'isBid': False, 'price': 100063, 'data_type': 'DEPTH'}",DEPTH
2025-11-14 03:03:56.550000-05:00,MNQZ5.CME@RITHMIC,6868909700410,SELL,25015.75,20,LIMIT,UPDATE,MNQZ5.CME@RITHMIC_20251113_230640_bedbcb11,NONE,,"{'size': 20, 'price': 100063, 'orderId': '6868909700410', 'event_type': 'REPLACE'}",MBO
2025-11-14 03:03:55.550000-05:00,MNQZ5.CME@RITHMIC,73467176663800,BUY,24985.0,23,DEPTH,DEPTH,MNQZ5.CME@RITHMIC_20251113_230640_bedbcb11,NONE,,"{'size': 23, 'isBid': True, 'price': 99940, 'data_type': 'DEPTH'}",DEPTH
2025-11-14 03:03:55.524000-05:00,MNQZ5.CME@RITHMIC,73467150695500,BUY,24985.0,24,DEPTH,DEPTH,MNQZ5.CME@RITHMIC_20251113_230640_bedbcb11,NONE,,"{'size': 24, 'isBid': True, 'price': 99940, 'data_type': 'DEPTH'}",DEPTH
2025-11-14 03:03:53.589000-05:00,MNQZ5.CME@RITHMIC,73465215831400,BUY,24985.5,27,DEPTH,DEPTH,MNQZ5.CME@RITHMIC_20251113_230640_bedbcb11,NONE,,"{'size': 27, 'isBid': True, 'price': 99942, 'data_type': 'DEPTH'}",DEPTH
2025-11-14 03:03:53.564000-05:00,MNQZ5.CME@RITHMIC,73465190828700,BUY,24985.5,28,DEPTH,DEPTH,MNQZ5.CME@RITHMIC_20251113_230640_bedbcb11,NONE,,"{'size': 28, 'isBid': True, 'price': 99942, 'data_type': 'DEPTH'}",DEPTH
2025-11-14 03:03:44.753000-05:00,MNQZ5.CME@RITHMIC,73456380304400,SELL,25018.0,27,DEPTH,DEPTH,MNQZ5.CME@RITHMIC_20251113_230640_bedbcb11,NONE,,"{'size': 27, 'isBid': False, 'price': 100072, 'data_type': 'DEPTH'}",DEPTH
2025-11-14 03:03:44.751000-05:00,MNQZ5.CME@RITHMIC,6868909700410,SELL,25018.0,20,LIMIT,UPDATE,MNQZ5.CME@RITHMIC_20251113_230640_bedbcb11,NONE,,"{'size': 20, 'price': 100072, 'orderId': '6868909700410', 'event_type': 'REPLACE'}",MBO
2025-11-14 03:03:44.606000-05:00,MNQZ5.CME@RITHMIC,73456233219600,BUY,24958.5,22,DEPTH,DEPTH,MNQZ5.CME@RITHMIC_20251113_230640_bedbcb11,NONE,,"{'size': 22, 'isBid': True, 'price': 99834, 'data_type': 'DEPTH'}",DEPTH
2025-11-14 03:03:44.603000-05:00,MNQZ5.CME@RITHMIC,6868909700665,BUY,24958.5,20,LIMIT,UPDATE,MNQZ5.CME@RITHMIC_20251113_230640_bedbcb11,NONE,,"{'size': 20, 'price': 99834, 'orderId': '6868909700665', 'event_type': 'REPLACE'}",MBO
2025-11-14 03:03:44.578000-05:00,MNQZ5.CME@RITHMIC,73456203830200,BUY,24971.0,21,DEPTH,DEPTH,MNQZ5.CME@RITHMIC_20251113_230640_bedbcb11,NONE,,"{'size': 21, 'isBid': True, 'price': 99884, 'data_type': 'DEPTH'}",DEPTH
2025-11-14 03:03:38.633000-05:00,MNQZ5.CME@RITHMIC,6868909700665,BUY,24961.0,20,LIMIT,UPDATE,MNQZ5.CME@RITHMIC_20251113_230640_bedbcb11,NONE,,"{'size': 20, 'price': 99844, 'orderId': '6868909700665', 'event_type': 'REPLACE'}",MBO
2025-11-14 03:03:38.280000-05:00,MNQZ5.CME@RITHMIC,6868909700410,SELL,25020.25,20,LIMIT,UPDATE,MNQZ5.CME@RITHMIC_20251113_230640_bedbcb11,NONE,,"{'size': 20, 'price': 100081, 'orderId': '6868909700410', 'event_type': 'REPLACE'}",MBO
2025-11-14 03:03:34.918000-05:00,MNQZ5.CME@RITHMIC,73446545020100,SELL,25020.25,25,DEPTH,DEPTH,MNQZ5.CME@RITHMIC_20251113_230640_bedbcb11,NONE,,"{'size': 25, 'isBid': False, 'price': 100081, 'data_type': 'DEPTH'}",DEPTH
2025-11-14 03:03:34.851000-05:00,MNQZ5.CME@RITHMIC,73446477283500,BUY,24985.5,29,DEPTH,DEPTH,MNQZ5.CME@RITHMIC_20251113_230640_bedbcb11,NONE,,"{'size': 29, 'isBid': True, 'price': 99942, 'data_type': 'DEPTH'}",DEPTH
2025-11-14 03:03:34.847000-05:00,MNQZ5.CME@RITHMIC,73446474579100,BUY,24985.0,25,DEPTH,DEPTH,MNQZ5.CME@RITHMIC_20251113_230640_bedbcb11,NONE,,"{'size': 25, 'isBid': True, 'price': 99940, 'data_type': 'DEPTH'}",DEPTH
2025-11-14 03:03:34.793000-05:00,MNQZ5.CME@RITHMIC,73446420688700,BUY,24961.0,23,DEPTH,DEPTH,MNQZ5.CME@RITHMIC_20251113_230640_bedbcb11,NONE,,"{'size': 23, 'isBid': True, 'price': 99844, 'data_type': 'DEPTH'}",DEPTH
2025-11-14 03:03:34.788000-05:00,MNQZ5.CME@RITHMIC,73446414787800,BUY,24940.0,51,DEPTH,DEPTH,MNQZ5.CME@RITHMIC_20251113_230640_bedbcb11,NONE,,"{'size': 51, 'isBid': True, 'price': 99760, 'data_type': 'DEPTH'}",DEPTH
2025-11-14 03:03:34.783000-05:00,MNQZ5.CME@RITHMIC,73446409369600,BUY,24915.0,20,DEPTH,DEPTH,MNQZ5.CME@RITHMIC_20251113_230640_bedbcb11,NONE,,"{'size': 20, 'isBid': True, 'price': 99660, 'data_type': 'DEPTH'}",DEPTH
2025-11-14 03:03:32.277000-05:00,MNQZ5.CME@RITHMIC,6868909700665,BUY,24958.75,20,LIMIT,UPDATE,MNQZ5.CME@RITHMIC_20251113_230640_bedbcb11,NONE,,"{'size': 20, 'price': 99835, 'orderId': '6868909700665', 'event_type': 'REPLACE'}",MBO
2025-11-14 03:03:31.583000-05:00,MNQZ5.CME@RITHMIC,6868909700410,SELL,25018.0,20,LIMIT,UPDATE,MNQZ5.CME@RITHMIC_20251113_230640_bedbcb11,NONE,,"{'size': 20, 'price': 100072, 'orderId': '6868909700410', 'event_type': 'REPLACE'}",MBO
2025-11-14 03:03:25.971000-05:00,MNQZ5.CME@RITHMIC,73437597866500,SELL,25018.0,27,DEPTH,DEPTH,MNQZ5.CME@RITHMIC_20251113_230640_bedbcb11,NONE,,"{'size': 27, 'isBid': False, 'price': 100072, 'data_type': 'DEPTH'}",DEPTH
2025-11-14 03:03:25.884000-05:00,MNQZ5.CME@RITHMIC,73437509568800,BUY,24985.5,27,DEPTH,DEPTH,MNQZ5.CME@RITHMIC_20251113_230640_bedbcb11,NONE,,"{'size': 27, 'isBid': True, 'price': 99942, 'data_type': 'DEPTH'}",DEPTH
2025-11-14 03:03:25.881000-05:00,MNQZ5.CME@RITHMIC,73437506879100,BUY,24985.0,23,DEPTH,DEPTH,MNQZ5.CME@RITHMIC_20251113_230640_bedbcb11,NONE,,"{'size': 23, 'isBid': True, 'price': 99940, 'data_type': 'DEPTH'}",DEPTH
2025-11-14 03:03:25.817000-05:00,MNQZ5.CME@RITHMIC,73437443611100,BUY,24958.75,22,DEPTH,DEPTH,MNQZ5.CME@RITHMIC_20251113_230640_bedbcb11,NONE,,"{'size': 22, 'isBid': True, 'price': 99835, 'data_type': 'DEPTH'}",DEPTH
2025-11-14 03:03:25.800000-05:00,MNQZ5.CME@RITHMIC,73437426770300,BUY,24915.0,20,DEPTH,DEPTH,MNQZ5.CME@RITHMIC_20251113_230640_bedbcb11,NONE,,"{'size': 20, 'isBid': True, 'price': 99660, 'data_type': 'DEPTH'}",DEPTH
2025-11-14 03:03:23.477000-05:00,MNQZ5.CME@RITHMIC,6868909700665,BUY,24961.25,20,LIMIT,UPDATE,MNQZ5.CME@RITHMIC_20251113_230640_bedbcb11,NONE,,"{'size': 20, 'price': 99845, 'orderId': '6868909700665', 'event_type': 'REPLACE'}",MBO
2025-11-14 03:03:23.131000-05:00,MNQZ5.CME@RITHMIC,6868909700410,SELL,25020.25,20,LIMIT,UPDATE,MNQZ5.CME@RITHMIC_20251113_230640_bedbcb11,NONE,,"{'size': 20, 'price': 100081, 'orderId': '6868909700410', 'event_type': 'REPLACE'}",MBO
2025-11-14 03:03:18.497000-05:00,MNQZ5.CME@RITHMIC,73430123897800,SELL,25002.25,20,DEPTH,DEPTH,MNQZ5.CME@RITHMIC_20251113_230640_bedbcb11,NONE,,"{'size': 20, 'isBid': False, 'price': 100009, 'data_type': 'DEPTH'}",DEPTH
2025-11-14 03:03:18.456000-05:00,MNQZ5.CME@RITHMIC,73430081818900,SELL,25020.25,25,DEPTH,DEPTH,MNQZ5.CME@RITHMIC_20251113_230640_bedbcb11,NONE,,"{'size': 25, 'isBid': False, 'price': 100081, 'data_type': 'DEPTH'}",DEPTH
2025-11-14 03:03:18.440000-05:00,MNQZ5.CME@RITHMIC,73430066677800,SELL,25044.0,22,DEPTH,DEPTH,MNQZ5.CME@RITHMIC_20251113_230640_bedbcb11,NONE,,"{'size': 22, 'isBid': False, 'price': 100176, 'data_type': 'DEPTH'}",DEPTH
2025-11-14 03:03:18.439000-05:00,MNQZ5.CME@RITHMIC,73430065325000,SELL,25050.0,52,DEPTH,DEPTH,MNQZ5.CME@RITHMIC_20251113_230640_bedbcb11,NONE,,"{'size': 52, 'isBid': False, 'price': 100200, 'data_type': 'DEPTH'}",DEPTH
2025-11-14 03:03:18.348000-05:00,MNQZ5.CME@RITHMIC,73429974895100,BUY,24985.5,29,DEPTH,DEPTH,MNQZ5.CME@RITHMIC_20251113_230640_bedbcb11,NONE,,"{'size': 29, 'isBid': True, 'price': 99942, 'data_type': 'DEPTH'}",DEPTH
2025-11-14 03:03:18.312000-05:00,MNQZ5.CME@RITHMIC,73429937595300,BUY,24961.25,23,DEPTH,DEPTH,MNQZ5.CME@RITHMIC_20251113_230640_bedbcb11,NONE,,"{'size': 23, 'isBid': True, 'price': 99845, 'data_type': 'DEPTH'}",DEPTH
2025-11-14 03:03:18.304000-05:00,MNQZ5.CME@RITHMIC,73429931020900,BUY,24950.0,30,DEPTH,DEPTH,MNQZ5.CME@RITHMIC_20251113_230640_bedbcb11,NONE,,"{'size': 30, 'isBid': True, 'price': 99800, 'data_type': 'DEPTH'}",DEPTH
2025-11-14 03:03:18.269000-05:00,MNQZ5.CME@RITHMIC,73429895689100,BUY,24800.0,180,DEPTH,DEPTH,MNQZ5.CME@RITHMIC_20251113_230640_bedbcb11,NONE,,"{'size': 180, 'isBid': True, 'price': 99200, 'data_type': 'DEPTH'}",DEPTH
2025-11-14 03:03:18.268000-05:00,MNQZ5.CME@RITHMIC,73429894341000,BUY,24750.0,40,DEPTH,DEPTH,MNQZ5.CME@RITHMIC_20251113_230640_bedbcb11,NONE,,"{'size': 40, 'isBid': True, 'price': 99000, 'data_type': 'DEPTH'}",DEPTH
2025-11-14 03:03:17.967000-05:00,MNQZ5.CME@RITHMIC,73429593557100,BUY,99967.0,21,TRADE,TRADE,MNQZ5.CME@RITHMIC_20251113_230640_bedbcb11,NONE,,"{'size': 21, 'isOtc': False, 'price': 99967.0, 'data_type': 'TRADE', 'isBidAggressor': False, 'isExecutionEnd': True, 'passiveOrderId': None, 'aggressorOrderId': None, 'isExecutionStart': True, 'serialVersionUID': -5266538964320734421}",TRADE
2025-11-14 03:03:15.920000-05:00,MNQZ5.CME@RITHMIC,6868909700665,BUY,24959.0,20,LIMIT,UPDATE,MNQZ5.CME@RITHMIC_20251113_230640_bedbcb11,NONE,,"{'size': 20, 'price': 99836, 'orderId': '6868909700665', 'event_type': 'REPLACE'}",MBO
2025-11-14 03:03:15.413000-05:00,MNQZ5.CME@RITHMIC,6868909700410,SELL,25018.0,20,LIMIT,UPDATE,MNQZ5.CME@RITHMIC_20251113_230640_bedbcb11,NONE,,"{'size': 20, 'price': 100072, 'orderId': '6868909700410', 'event_type': 'REPLACE'}",MBO
2025-11-14 03:03:09.290000-05:00,MNQZ5.CME@RITHMIC,73420916199300,SELL,25018.0,27,DEPTH,DEPTH,MNQZ5.CME@RITHMIC_20251113_230640_bedbcb11,NONE,,"{'size': 27, 'isBid': False, 'price': 100072, 'data_type': 'DEPTH'}",DEPTH
2025-11-14 03:03:09.220000-05:00,MNQZ5.CME@RITHMIC,73420845974000,SELL,25220.0,100,DEPTH,DEPTH,MNQZ5.CME@RITHMIC_20251113_230640_bedbcb11,NONE,,"{'size': 100, 'isBid': False, 'price': 100880, 'data_type': 'DEPTH'}",DEPTH
2025-11-14 03:03:09.175000-05:00,MNQZ5.CME@RITHMIC,73420801859600,BUY,24985.5,26,DEPTH,DEPTH,MNQZ5.CME@RITHMIC_20251113_230640_bedbcb11,NONE,,"{'size': 26, 'isBid': True, 'price': 99942, 'data_type': 'DEPTH'}",DEPTH
2025-11-14 03:03:09.111000-05:00,MNQZ5.CME@RITHMIC,73420737707900,BUY,24959.0,22,DEPTH,DEPTH,MNQZ5.CME@RITHMIC_20251113_230640_bedbcb11,NONE,,"{'size': 22, 'isBid': True, 'price': 99836, 'data_type': 'DEPTH'}",DEPTH
2025-11-14 03:03:09.088000-05:00,MNQZ5.CME@RITHMIC,73420714130500,BUY,24915.0,20,DEPTH,DEPTH,MNQZ5.CME@RITHMIC_20251113_230640_bedbcb11,NONE,,"{'size': 20, 'isBid': True, 'price': 99660, 'data_type': 'DEPTH'}",DEPTH
2025-11-14 03:03:09.071000-05:00,MNQZ5.CME@RITHMIC,73420697768700,BUY,24750.0,38,DEPTH,DEPTH,MNQZ5.CME@RITHMIC_20251113_230640_bedbcb11,NONE,,"{'size': 38, 'isBid': True, 'price': 99000, 'data_type': 'DEPTH'}",DEPTH
2025-11-14 03:03:08.806000-05:00,MNQZ5.CME@RITHMIC,73420432651500,BUY,99983.0,20,TRADE,TRADE,MNQZ5.CME@RITHMIC_20251113_230640_bedbcb11,NONE,,"{'size': 20, 'isOtc': False, 'price': 99983.0, 'data_type': 'TRADE', 'isBidAggressor': False, 'isExecutionEnd': True, 'passiveOrderId': None, 'aggressorOrderId': None, 'isExecutionStart': True, 'serialVersionUID': -5266538964320734421}",TRADE
2025-11-14 03:03:07.008000-05:00,MNQZ5.CME@RITHMIC,6868909700665,BUY,24963.75,20,LIMIT,UPDATE,MNQZ5.CME@RITHMIC_20251113_230640_bedbcb11,NONE,,"{'size': 20, 'price': 99855, 'orderId': '6868909700665', 'event_type': 'REPLACE'}",MBO
2025-11-14 03:03:06.786000-05:00,MNQZ5.CME@RITHMIC,6868909700410,SELL,25022.5,20,LIMIT,UPDATE,MNQZ5.CME@RITHMIC_20251113_230640_bedbcb11,NONE,,"{'size': 20, 'price': 100090, 'orderId': '6868909700410', 'event_type': 'REPLACE'}",MBO
2025-11-14 03:02:59.471000-05:00,MNQZ5.CME@RITHMIC,73411097128800,SELL,25022.5,23,DEPTH,DEPTH,MNQZ5.CME@RITHMIC_20251113_230640_bedbcb11,NONE,,"{'size': 23, 'isBid': False, 'price': 100090, 'data_type': 'DEPTH'}",DEPTH
2025-11-14 03:02:59.426000-05:00,MNQZ5.CME@RITHMIC,73411051791200,SELL,25072.0,22,DEPTH,DEPTH,MNQZ5.CME@RITHMIC_20251113_230640_bedbcb11,NONE,,"{'size': 22, 'isBid': False, 'price': 100288, 'data_type': 'DEPTH'}",DEPTH
2025-11-14 03:02:59.409000-05:00,MNQZ5.CME@RITHMIC,73411035840300,SELL,25100.0,50,DEPTH,DEPTH,MNQZ5.CME@RITHMIC_20251113_230640_bedbcb11,NONE,,"{'size': 50, 'isBid': False, 'price': 100400, 'data_type': 'DEPTH'}",DEPTH
2025-11-14 03:02:59.363000-05:00,MNQZ5.CME@RITHMIC,73410988828800,BUY,24990.0,22,DEPTH,DEPTH,MNQZ5.CME@RITHMIC_20251113_230640_bedbcb11,NONE,,"{'size': 22, 'isBid': True, 'price': 99960, 'data_type': 'DEPTH'}",DEPTH
2025-11-14 03:02:59.339000-05:00,MNQZ5.CME@RITHMIC,73410965704000,BUY,24985.5,25,DEPTH,DEPTH,MNQZ5.CME@RITHMIC_20251113_230640_bedbcb11,NONE,,"{'size': 25, 'isBid': True, 'price': 99942, 'data_type': 'DEPTH'}",DEPTH
2025-11-14 03:02:59.325000-05:00,MNQZ5.CME@RITHMIC,73410950946100,BUY,24976.25,22,DEPTH,DEPTH,MNQZ5.CME@RITHMIC_20251113_230640_bedbcb11,NONE,,"{'size': 22, 'isBid': True, 'price': 99905, 'data_type': 'DEPTH'}",DEPTH
2025-11-14 03:02:59.304000-05:00,MNQZ5.CME@RITHMIC,73410930805300,BUY,24963.75,22,DEPTH,DEPTH,MNQZ5.CME@RITHMIC_20251113_230640_bedbcb11,NONE,,"{'size': 22, 'isBid': True, 'price': 99855, 'data_type': 'DEPTH'}",DEPTH
2025-11-14 03:02:59.283000-05:00,MNQZ5.CME@RITHMIC,73410909864700,BUY,24920.0,23,DEPTH,DEPTH,MNQZ5.CME@RITHMIC_20251113_230640_bedbcb11,NONE,,"{'size': 23, 'isBid': True, 'price': 99680, 'data_type': 'DEPTH'}",DEPTH
2025-11-14 03:02:58.808000-05:00,MNQZ5.CME@RITHMIC,73410434537000,SELL,100001.0,20,TRADE,TRADE,MNQZ5.CME@RITHMIC_20251113_230640_bedbcb11,NONE,,"{'size': 20, 'isOtc': False, 'price': 100001.0, 'data_type': 'TRADE', 'isBidAggressor': True, 'isExecutionEnd': True, 'passiveOrderId': None, 'aggressorOrderId': None, 'isExecutionStart': True, 'serialVersionUID': -5266538964320734421}",TRADE
2025-11-14 03:02:57.084000-05:00,MNQZ5.CME@RITHMIC,6868909700665,BUY,24966.0,20,LIMIT,UPDATE,MNQZ5.CME@RITHMIC_20251113_230640_bedbcb11,NONE,,"{'size': 20, 'price': 99864, 'orderId': '6868909700665', 'event_type': 'REPLACE'}",MBO
2025-11-14 03:02:56.469000-05:00,MNQZ5.CME@RITHMIC,6868909700410,SELL,25026.75,20,LIMIT,UPDATE,MNQZ5.CME@RITHMIC_20251113_230640_bedbcb11,NONE,,"{'size': 20, 'price': 100107, 'orderId': '6868909700410', 'event_type': 'REPLACE'}",MBO
2025-11-14 03:02:48.113000-05:00,MNQZ5.CME@RITHMIC,73399740128900,SELL,25020.0,25,DEPTH,DEPTH,MNQZ5.CME@RITHMIC_20251113_230640_bedbcb11,NONE,,"{'size': 25, 'isBid': False, 'price': 100080, 'data_type': 'DEPTH'}",DEPTH
2025-11-14 03:02:48.085000-05:00,MNQZ5.CME@RITHMIC,73399711542900,SELL,25026.75,24,DEPTH,DEPTH,MNQZ5.CME@RITHMIC_20251113_230640_bedbcb11,NONE,,"{'size': 24, 'isBid': False, 'price': 100107, 'data_type': 'DEPTH'}",DEPTH
2025-11-14 03:02:48.049000-05:00,MNQZ5.CME@RITHMIC,73399674883400,SELL,25044.0,23,DEPTH,DEPTH,MNQZ5.CME@RITHMIC_20251113_230640_bedbcb11,NONE,,"{'size': 23, 'isBid': False, 'price': 100176, 'data_type': 'DEPTH'}",DEPTH
2025-11-14 03:02:48.039000-05:00,MNQZ5.CME@RITHMIC,73399665472700,SELL,25072.0,24,DEPTH,DEPTH,MNQZ5.CME@RITHMIC_20251113_230640_bedbcb11,NONE,,"{'size': 24, 'isBid': False, 'price': 100288, 'data_type': 'DEPTH'}",DEPTH
2025-11-14 03:02:47.999000-05:00,MNQZ5.CME@RITHMIC,73399625746500,SELL,25080.0,21,DEPTH,DEPTH,MNQZ5.CME@RITHMIC_20251113_230640_bedbcb11,NONE,,"{'size': 21, 'isBid': False, 'price': 100320, 'data_type': 'DEPTH'}",DEPTH
2025-11-14 03:02:47.977000-05:00,MNQZ5.CME@RITHMIC,73399603676900,SELL,25500.0,129,DEPTH,DEPTH,MNQZ5.CME@RITHMIC_20251113_230640_bedbcb11,NONE,,"{'size': 129, 'isBid': False, 'price': 102000, 'data_type': 'DEPTH'}",DEPTH
2025-11-14 03:02:47.910000-05:00,MNQZ5.CME@RITHMIC,73399536416300,BUY,24990.0,22,DEPTH,DEPTH,MNQZ5.CME@RITHMIC_20251113_230640_bedbcb11,NONE,,"{'size': 22, 'isBid': True, 'price': 99960, 'data_type': 'DEPTH'}",DEPTH
2025-11-14 03:02:47.890000-05:00,MNQZ5.CME@RITHMIC,73399517186900,BUY,24985.5,24,DEPTH,DEPTH,MNQZ5.CME@RITHMIC_20251113_230640_bedbcb11,NONE,,"{'size': 24, 'isBid': True, 'price': 99942, 'data_type': 'DEPTH'}",DEPTH
2025-11-14 03:02:47.835000-05:00,MNQZ5.CME@RITHMIC,73399461579700,BUY,24966.0,28,DEPTH,DEPTH,MNQZ5.CME@RITHMIC_20251113_230640_bedbcb11,NONE,,"{'size': 28, 'isBid': True, 'price': 99864, 'data_type': 'DEPTH'}",DEPTH
2025-11-14 03:02:47.812000-05:00,MNQZ5.CME@RITHMIC,73399439103600,BUY,24926.0,22,DEPTH,DEPTH,MNQZ5.CME@RITHMIC_20251113_230640_bedbcb11,NONE,,"{'size': 22, 'isBid': True, 'price': 99704, 'data_type': 'DEPTH'}",DEPTH
2025-11-14 03:02:47.786000-05:00,MNQZ5.CME@RITHMIC,73399412746000,BUY,24920.0,22,DEPTH,DEPTH,MNQZ5.CME@RITHMIC_20251113_230640_bedbcb11,NONE,,"{'size': 22, 'isBid': True, 'price': 99680, 'data_type': 'DEPTH'}",DEPTH
2025-11-14 03:02:47.775000-05:00,MNQZ5.CME@RITHMIC,73399401136200,BUY,24830.0,30,DEPTH,DEPTH,MNQZ5.CME@RITHMIC_20251113_230640_bedbcb11,NONE,,"{'size': 30, 'isBid': True, 'price': 99320, 'data_type': 'DEPTH'}",DEPTH
2025-11-14 03:02:47.773000-05:00,MNQZ5.CME@RITHMIC,73399400036500,BUY,24800.0,182,DEPTH,DEPTH,MNQZ5.CME@RITHMIC_20251113_230640_bedbcb11,NONE,,"{'size': 182, 'isBid': True, 'price': 99200, 'data_type': 'DEPTH'}",DEPTH
2025-11-14 03:02:47.202000-05:00,MNQZ5.CME@RITHMIC,73398828440600,BUY,100033.0,22,TRADE,TRADE,MNQZ5.CME@RITHMIC_20251113_230640_bedbcb11,NONE,,"{'size': 22, 'isOtc': False, 'price': 100033.0, 'data_type': 'TRADE', 'isBidAggressor': False, 'isExecutionEnd': True, 'passiveOrderId': None, 'aggressorOrderId': None, 'isExecutionStart': True, 'serialVersionUID': -5266538964320734421}",TRADE
2025-11-14 03:02:47.168000-05:00,MNQZ5.CME@RITHMIC,73398794648400,BUY,100036.0,27,TRADE,TRADE,MNQZ5.CME@RITHMIC_20251113_230640_bedbcb11,NONE,,"{'size': 27, 'isOtc': False, 'price': 100036.0, 'data_type': 'TRADE', 'isBidAggressor': False, 'isExecutionEnd': True, 'passiveOrderId': None, 'aggressorOrderId': None, 'isExecutionStart': True, 'serialVersionUID': -5266538964320734421}",TRADE
2025-11-14 03:02:47.157000-05:00,MNQZ5.CME@RITHMIC,73398783249000,BUY,100037.0,25,TRADE,TRADE,MNQZ5.CME@RITHMIC_20251113_230640_bedbcb11,NONE,,"{'size': 25, 'isOtc': False, 'price': 100037.0, 'data_type': 'TRADE', 'isBidAggressor': False, 'isExecutionEnd': True, 'passiveOrderId': None, 'aggressorOrderId': None, 'isExecutionStart': True, 'serialVersionUID': -5266538964320734421}",TRADE
2025-11-14 03:02:47.130000-05:00,MNQZ5.CME@RITHMIC,73398756486300,SELL,100040.0,21,TRADE,TRADE,MNQZ5.CME@RITHMIC_20251113_230640_bedbcb11,NONE,,"{'size': 21, 'isOtc': False, 'price': 100040.0, 'data_type': 'TRADE', 'isBidAggressor': True, 'isExecutionEnd': True, 'passiveOrderId': None, 'aggressorOrderId': None, 'isExecutionStart': True, 'serialVersionUID': -5266538964320734421}",TRADE
2025-11-14 03:02:47.101000-05:00,MNQZ5.CME@RITHMIC,73398727996100,SELL,100041.0,29,TRADE,TRADE,MNQZ5.CME@RITHMIC_20251113_230640_bedbcb11,NONE,,"{'size': 29, 'isOtc': False, 'price': 100041.0, 'data_type': 'TRADE', 'isBidAggressor': True, 'isExecutionEnd': True, 'passiveOrderId': None, 'aggressorOrderId': None, 'isExecutionStart': True, 'serialVersionUID': -5266538964320734421}",TRADE
2025-11-14 03:02:44.273000-05:00,MNQZ5.CME@RITHMIC,6868909700665,BUY,24970.75,20,LIMIT,UPDATE,MNQZ5.CME@RITHMIC_20251113_230640_bedbcb11,NONE,,"{'size': 20, 'price': 99883, 'orderId': '6868909700665', 'event_type': 'REPLACE'}",MBO
2025-11-14 03:02:43.384000-05:00,MNQZ5.CME@RITHMIC,6868909700410,SELL,25029.0,20,LIMIT,UPDATE,MNQZ5.CME@RITHMIC_20251113_230640_bedbcb11,NONE,,"{'size': 20, 'price': 100116, 'orderId': '6868909700410', 'event_type': 'REPLACE'}",MBO
2025-11-14 03:02:31.238000-05:00,MNQZ5.CME@RITHMIC,73382863721700,SELL,25020.0,26,DEPTH,DEPTH,MNQZ5.CME@RITHMIC_20251113_230640_bedbcb11,NONE,,"{'size': 26, 'isBid': False, 'price': 100080, 'data_type': 'DEPTH'}",DEPTH
2025-11-14 03:02:31.207000-05:00,MNQZ5.CME@RITHMIC,73382833654000,SELL,25028.0,24,DEPTH,DEPTH,MNQZ5.CME@RITHMIC_20251113_230640_bedbcb11,NONE,,"{'size': 24, 'isBid': False, 'price': 100112, 'data_type': 'DEPTH'}",DEPTH
2025-11-14 03:02:31.202000-05:00,MNQZ5.CME@RITHMIC,73382828547700,SELL,25029.0,26,DEPTH,DEPTH,MNQZ5.CME@RITHMIC_20251113_230640_bedbcb11,NONE,,"{'size': 26, 'isBid': False, 'price': 100116, 'data_type': 'DEPTH'}",DEPTH
2025-11-14 03:02:31.155000-05:00,MNQZ5.CME@RITHMIC,73382781394000,SELL,25044.0,25,DEPTH,DEPTH,MNQZ5.CME@RITHMIC_20251113_230640_bedbcb11,NONE,,"{'size': 25, 'isBid': False, 'price': 100176, 'data_type': 'DEPTH'}",DEPTH
2025-11-14 03:02:31.150000-05:00,MNQZ5.CME@RITHMIC,73382776721300,SELL,25050.0,53,DEPTH,DEPTH,MNQZ5.CME@RITHMIC_20251113_230640_bedbcb11,NONE,,"{'size': 53, 'isBid': False, 'price': 100200, 'data_type': 'DEPTH'}",DEPTH
2025-11-14 03:02:31.137000-05:00,MNQZ5.CME@RITHMIC,73382764524800,SELL,25072.0,24,DEPTH,DEPTH,MNQZ5.CME@RITHMIC_20251113_230640_bedbcb11,NONE,,"{'size': 24, 'isBid': False, 'price': 100288, 'data_type': 'DEPTH'}",DEPTH
2025-11-14 03:02:31.111000-05:00,MNQZ5.CME@RITHMIC,73382738254300,SELL,25080.0,21,DEPTH,DEPTH,MNQZ5.CME@RITHMIC_20251113_230640_bedbcb11,NONE,,"{'size': 21, 'isBid': False, 'price': 100320, 'data_type': 'DEPTH'}",DEPTH
2025-11-14 03:02:31.072000-05:00,MNQZ5.CME@RITHMIC,73382698940200,SELL,25100.0,43,DEPTH,DEPTH,MNQZ5.CME@RITHMIC_20251113_230640_bedbcb11,NONE,,"{'size': 43, 'isBid': False, 'price': 100400, 'data_type': 'DEPTH'}",DEPTH
2025-11-14 03:02:31.065000-05:00,MNQZ5.CME@RITHMIC,73382691676400,SELL,25170.0,27,DEPTH,DEPTH,MNQZ5.CME@RITHMIC_20251113_230640_bedbcb11,NONE,,"{'size': 27, 'isBid': False, 'price': 100680, 'data_type': 'DEPTH'}",DEPTH
2025-11-14 03:02:30.865000-05:00,MNQZ5.CME@RITHMIC,73382492126000,BUY,24970.75,23,DEPTH,DEPTH,MNQZ5.CME@RITHMIC_20251113_230640_bedbcb11,NONE,,"{'size': 23, 'isBid': True, 'price': 99883, 'data_type': 'DEPTH'}",DEPTH
2025-11-14 03:02:30.804000-05:00,MNQZ5.CME@RITHMIC,73382430480200,BUY,24926.0,22,DEPTH,DEPTH,MNQZ5.CME@RITHMIC_20251113_230640_bedbcb11,NONE,,"{'size': 22, 'isBid': True, 'price': 99704, 'data_type': 'DEPTH'}",DEPTH
2025-11-14 03:02:29.929000-05:00,MNQZ5.CME@RITHMIC,73381555720500,BUY,100028.0,22,TRADE,TRADE,MNQZ5.CME@RITHMIC_20251113_230640_bedbcb11,NONE,,"{'size': 22, 'isOtc': False, 'price': 100028.0, 'data_type': 'TRADE', 'isBidAggressor': False, 'isExecutionEnd': True, 'passiveOrderId': None, 'aggressorOrderId': None, 'isExecutionStart': True, 'serialVersionUID': -5266538964320734421}",TRADE
2025-11-14 03:02:29.889000-05:00,MNQZ5.CME@RITHMIC,73381515260900,BUY,100030.0,23,TRADE,TRADE,MNQZ5.CME@RITHMIC_20251113_230640_bedbcb11,NONE,,"{'size': 23, 'isOtc': False, 'price': 100030.0, 'data_type': 'TRADE', 'isBidAggressor': False, 'isExecutionEnd': True, 'passiveOrderId': None, 'aggressorOrderId': None, 'isExecutionStart': True, 'serialVersionUID': -5266538964320734421}",TRADE
2025-11-14 03:02:29.871000-05:00,MNQZ5.CME@RITHMIC,73381497695900,BUY,100031.0,24,TRADE,TRADE,MNQZ5.CME@RITHMIC_20251113_230640_bedbcb11,NONE,,"{'size': 24, 'isOtc': False, 'price': 100031.0, 'data_type': 'TRADE', 'isBidAggressor': False, 'isExecutionEnd': True, 'passiveOrderId': None, 'aggressorOrderId': None, 'isExecutionStart': True, 'serialVersionUID': -5266538964320734421}",TRADE
2025-11-14 03:02:29.854000-05:00,MNQZ5.CME@RITHMIC,73381480697000,SELL,100032.0,26,TRADE,TRADE,MNQZ5.CME@RITHMIC_20251113_230640_bedbcb11,NONE,,"{'size': 26, 'isOtc': False, 'price': 100032.0, 'data_type': 'TRADE', 'isBidAggressor': True, 'isExecutionEnd': True, 'passiveOrderId': None, 'aggressorOrderId': None, 'isExecutionStart': True, 'serialVersionUID': -5266538964320734421}",TRADE
2025-11-14 03:02:29.838000-05:00,MNQZ5.CME@RITHMIC,73381465786600,SELL,100033.0,22,TRADE,TRADE,MNQZ5.CME@RITHMIC_20251113_230640_bedbcb11,NONE,,"{'size': 22, 'isOtc': False, 'price': 100033.0, 'data_type': 'TRADE', 'isBidAggressor': True, 'isExecutionEnd': True, 'passiveOrderId': None, 'aggressorOrderId': None, 'isExecutionStart': True, 'serialVersionUID': -5266538964320734421}",TRADE
2025-11-14 03:02:29.836000-05:00,MNQZ5.CME@RITHMIC,73381462663700,SELL,100025.0,22,TRADE,TRADE,MNQZ5.CME@RITHMIC_20251113_230640_bedbcb11,NONE,,"{'size': 22, 'isOtc': False, 'price': 100025.0, 'data_type': 'TRADE', 'isBidAggressor': True, 'isExecutionEnd': True, 'passiveOrderId': None, 'aggressorOrderId': None, 'isExecutionStart': True, 'serialVersionUID': -5266538964320734421}",TRADE
2025-11-14 03:02:29.824000-05:00,MNQZ5.CME@RITHMIC,73381450965600,SELL,100026.0,24,TRADE,TRADE,MNQZ5.CME@RITHMIC_20251113_230640_bedbcb11,NONE,,"{'size': 24, 'isOtc': False, 'price': 100026.0, 'data_type': 'TRADE', 'isBidAggressor': True, 'isExecutionEnd': True, 'passiveOrderId': None, 'aggressorOrderId': None, 'isExecutionStart': True, 'serialVersionUID': -5266538964320734421}",TRADE
2025-11-14 03:02:29.776000-05:00,MNQZ5.CME@RITHMIC,73381402619000,SELL,100029.0,20,TRADE,TRADE,MNQZ5.CME@RITHMIC_20251113_230640_bedbcb11,NONE,,"{'size': 20, 'isOtc': False, 'price': 100029.0, 'data_type': 'TRADE', 'isBidAggressor': True, 'isExecutionEnd': True, 'passiveOrderId': None, 'aggressorOrderId': None, 'isExecutionStart': True, 'serialVersionUID': -5266538964320734421}",TRADE
2025-11-14 03:02:29.763000-05:00,MNQZ5.CME@RITHMIC,73381389222100,SELL,100030.0,32,TRADE,TRADE,MNQZ5.CME@RITHMIC_20251113_230640_bedbcb11,NONE,,"{'size': 32, 'isOtc': False, 'price': 100030.0, 'data_type': 'TRADE', 'isBidAggressor': True, 'isExecutionEnd': True, 'passiveOrderId': None, 'aggressorOrderId': None, 'isExecutionStart': True, 'serialVersionUID': -5266538964320734421}",TRADE
2025-11-14 03:02:29.055000-05:00,MNQZ5.CME@RITHMIC,6868909700665,BUY,24975.75,20,LIMIT,ADD,MNQZ5.CME@RITHMIC_20251113_230640_bedbcb11,NONE,,"{'size': 20, 'isBid': True, 'price': 99903, 'orderId': '6868909700665', 'event_type': 'SEND'}",MBO
2025-11-14 03:02:29.025000-05:00,MNQZ5.CME@RITHMIC,6868909700410,SELL,25035.75,20,LIMIT,ADD,MNQZ5.CME@RITHMIC_20251113_230640_bedbcb11,NONE,,"{'size': 20, 'isBid': False, 'price': 100143, 'orderId': '6868909700410', 'event_type': 'SEND'}",MBO
2025-11-14 03:01:56.713000-05:00,MNQZ5.CME@RITHMIC,73348338889000,SELL,25020.0,24,DEPTH,DEPTH,MNQZ5.CME@RITHMIC_20251113_230640_bedbcb11,NONE,,"{'size': 24, 'isBid': False, 'price': 100080, 'data_type': 'DEPTH'}",DEPTH
2025-11-14 03:01:56.662000-05:00,MNQZ5.CME@RITHMIC,73348288142500,SELL,25028.0,22,DEPTH,DEPTH,MNQZ5.CME@RITHMIC_20251113_230640_bedbcb11,NONE,,"{'size': 22, 'isBid': False, 'price': 100112, 'data_type': 'DEPTH'}",DEPTH
2025-11-14 03:01:56.609000-05:00,MNQZ5.CME@RITHMIC,73348235871800,SELL,25035.75,23,DEPTH,DEPTH,MNQZ5.CME@RITHMIC_20251113_230640_bedbcb11,NONE,,"{'size': 23, 'isBid': False, 'price': 100143, 'data_type': 'DEPTH'}",DEPTH
2025-11-14 03:01:56.599000-05:00,MNQZ5.CME@RITHMIC,73348225050900,SELL,25044.0,23,DEPTH,DEPTH,MNQZ5.CME@RITHMIC_20251113_230640_bedbcb11,NONE,,"{'size': 23, 'isBid': False, 'price': 100176, 'data_type': 'DEPTH'}",DEPTH
2025-11-14 03:01:56.535000-05:00,MNQZ5.CME@RITHMIC,73348161359500,SELL,25072.0,23,DEPTH,DEPTH,MNQZ5.CME@RITHMIC_20251113_230640_bedbcb11,NONE,,"{'size': 23, 'isBid': False, 'price': 100288, 'data_type': 'DEPTH'}",DEPTH
2025-11-14 03:01:56.484000-05:00,MNQZ5.CME@RITHMIC,73348109828200,SELL,25080.0,24,DEPTH,DEPTH,MNQZ5.CME@RITHMIC_20251113_230640_bedbcb11,NONE,,"{'size': 24, 'isBid': False, 'price': 100320, 'data_type': 'DEPTH'}",DEPTH
2025-11-14 03:01:56.109000-05:00,MNQZ5.CME@RITHMIC,73347734648300,BUY,24975.75,24,DEPTH,DEPTH,MNQZ5.CME@RITHMIC_20251113_230640_bedbcb11,NONE,,"{'size': 24, 'isBid': True, 'price': 99903, 'data_type': 'DEPTH'}",DEPTH
2025-11-14 03:01:55.907000-05:00,MNQZ5.CME@RITHMIC,73347532987300,BUY,24926.0,20,DEPTH,DEPTH,MNQZ5.CME@RITHMIC_20251113_230640_bedbcb11,NONE,,"{'size': 20, 'isBid': True, 'price': 99704, 'data_type': 'DEPTH'}",DEPTH
2025-11-14 03:01:55.856000-05:00,MNQZ5.CME@RITHMIC,73347482192100,BUY,24920.0,20,DEPTH,DEPTH,MNQZ5.CME@RITHMIC_20251113_230640_bedbcb11,NONE,,"{'size': 20, 'isBid': True, 'price': 99680, 'data_type': 'DEPTH'}",DEPTH
2025-11-14 03:01:55.790000-05:00,MNQZ5.CME@RITHMIC,73347416146100,BUY,24850.0,49,DEPTH,DEPTH,MNQZ5.CME@RITHMIC_20251113_230640_bedbcb11,NONE,,"{'size': 49, 'isBid': True, 'price': 99400, 'data_type': 'DEPTH'}",DEPTH
2025-11-14 03:01:53.141000-05:00,MNQZ5.CME@RITHMIC,6868909549862,BUY,24958.5,20,LIMIT,UPDATE,MNQZ5.CME@RITHMIC_20251113_230640_bedbcb11,NONE,,"{'size': 20, 'price': 99834, 'orderId': '6868909549862', 'event_type': 'REPLACE'}",MBO
2025-11-14 03:01:49.688000-05:00,MNQZ5.CME@RITHMIC,6868909549675,SELL,25017.75,20,LIMIT,UPDATE,MNQZ5.CME@RITHMIC_20251113_230640_bedbcb11,NONE,,"{'size': 20, 'price': 100071, 'orderId': '6868909549675', 'event_type': 'REPLACE'}",MBO
2025-11-14 03:01:26.719000-05:00,MNQZ5.CME@RITHMIC,73318345564700,SELL,25017.75,23,DEPTH,DEPTH,MNQZ5.CME@RITHMIC_20251113_230640_bedbcb11,NONE,,"{'size': 23, 'isBid': False, 'price': 100071, 'data_type': 'DEPTH'}",DEPTH
2025-11-14 03:01:26.712000-05:00,MNQZ5.CME@RITHMIC,73318337995900,SELL,25020.0,24,DEPTH,DEPTH,MNQZ5.CME@RITHMIC_20251113_230640_bedbcb11,NONE,,"{'size': 24, 'isBid': False, 'price': 100080, 'data_type': 'DEPTH'}",DEPTH
2025-11-14 03:01:26.694000-05:00,MNQZ5.CME@RITHMIC,73318320595900,SELL,25028.0,23,DEPTH,DEPTH,MNQZ5.CME@RITHMIC_20251113_230640_bedbcb11,NONE,,"{'size': 23, 'isBid': False, 'price': 100112, 'data_type': 'DEPTH'}",DEPTH
2025-11-14 03:01:26.692000-05:00,MNQZ5.CME@RITHMIC,73318317661700,SELL,25031.0,23,DEPTH,DEPTH,MNQZ5.CME@RITHMIC_20251113_230640_bedbcb11,NONE,,"{'size': 23, 'isBid': False, 'price': 100124, 'data_type': 'DEPTH'}",DEPTH
2025-11-14 03:01:26.682000-05:00,MNQZ5.CME@RITHMIC,73318308353300,SELL,25050.0,52,DEPTH,DEPTH,MNQZ5.CME@RITHMIC_20251113_230640_bedbcb11,NONE,,"{'size': 52, 'isBid': False, 'price': 100200, 'data_type': 'DEPTH'}",DEPTH
2025-11-14 03:01:26.610000-05:00,MNQZ5.CME@RITHMIC,73318236018800,SELL,25150.0,38,DEPTH,DEPTH,MNQZ5.CME@RITHMIC_20251113_230640_bedbcb11,NONE,,"{'size': 38, 'isBid': False, 'price': 100600, 'data_type': 'DEPTH'}",DEPTH
2025-11-14 03:01:26.405000-05:00,MNQZ5.CME@RITHMIC,73318031367100,BUY,24958.5,23,DEPTH,DEPTH,MNQZ5.CME@RITHMIC_20251113_230640_bedbcb11,NONE,,"{'size': 23, 'isBid': True, 'price': 99834, 'data_type': 'DEPTH'}",DEPTH
2025-11-14 03:01:26.382000-05:00,MNQZ5.CME@RITHMIC,73318007737300,BUY,24950.0,20,DEPTH,DEPTH,MNQZ5.CME@RITHMIC_20251113_230640_bedbcb11,NONE,,"{'size': 20, 'isBid': True, 'price': 99800, 'data_type': 'DEPTH'}",DEPTH
2025-11-14 03:01:26.355000-05:00,MNQZ5.CME@RITHMIC,73317981226500,BUY,24915.0,21,DEPTH,DEPTH,MNQZ5.CME@RITHMIC_20251113_230640_bedbcb11,NONE,,"{'size': 21, 'isBid': True, 'price': 99660, 'data_type': 'DEPTH'}",DEPTH
2025-11-14 03:01:26.284000-05:00,MNQZ5.CME@RITHMIC,73317910157100,BUY,24850.0,48,DEPTH,DEPTH,MNQZ5.CME@RITHMIC_20251113_230640_bedbcb11,NONE,,"{'size': 48, 'isBid': True, 'price': 99400, 'data_type': 'DEPTH'}",DEPTH
2025-11-14 03:01:26.269000-05:00,MNQZ5.CME@RITHMIC,73317895555400,BUY,24500.0,82,DEPTH,DEPTH,MNQZ5.CME@RITHMIC_20251113_230640_bedbcb11,NONE,,"{'size': 82, 'isBid': True, 'price': 98000, 'data_type': 'DEPTH'}",DEPTH
2025-11-14 03:01:25.651000-05:00,MNQZ5.CME@RITHMIC,73317277143500,BUY,99961.0,30,TRADE,TRADE,MNQZ5.CME@RITHMIC_20251113_230640_bedbcb11,NONE,,"{'size': 30, 'isOtc': False, 'price': 99961.0, 'data_type': 'TRADE', 'isBidAggressor': False, 'isExecutionEnd': True, 'passiveOrderId': None, 'aggressorOrderId': None, 'isExecutionStart': True, 'serialVersionUID': -5266538964320734421}",TRADE
2025-11-14 03:01:25.557000-05:00,MNQZ5.CME@RITHMIC,73317184252300,SELL,99962.0,31,TRADE,TRADE,MNQZ5.CME@RITHMIC_20251113_230640_bedbcb11,NONE,,"{'size': 31, 'isOtc': False, 'price': 99962.0, 'data_type': 'TRADE', 'isBidAggressor': True, 'isExecutionEnd': True, 'passiveOrderId': None, 'aggressorOrderId': None, 'isExecutionStart': True, 'serialVersionUID': -5266538964320734421}",TRADE
2025-11-14 03:01:23.153000-05:00,MNQZ5.CME@RITHMIC,6868909549862,BUY,24963.0,20,LIMIT,UPDATE,MNQZ5.CME@RITHMIC_20251113_230640_bedbcb11,NONE,,"{'size': 20, 'price': 99852, 'orderId': '6868909549862', 'event_type': 'REPLACE'}",MBO
2025-11-14 03:01:18.995000-05:00,MNQZ5.CME@RITHMIC,6868909549675,SELL,25020.0,20,LIMIT,UPDATE,MNQZ5.CME@RITHMIC_20251113_230640_bedbcb11,NONE,,"{'size': 20, 'price': 100080, 'orderId': '6868909549675', 'event_type': 'REPLACE'}",MBO
2025-11-14 03:01:02.122000-05:00,MNQZ5.CME@RITHMIC,73293748239900,SELL,25020.0,44,DEPTH,DEPTH,MNQZ5.CME@RITHMIC_20251113_230640_bedbcb11,NONE,,"{'size': 44, 'isBid': False, 'price': 100080, 'data_type': 'DEPTH'}",DEPTH
2025-11-14 03:01:02.024000-05:00,MNQZ5.CME@RITHMIC,73293650756700,SELL,25150.0,39,DEPTH,DEPTH,MNQZ5.CME@RITHMIC_20251113_230640_bedbcb11,NONE,,"{'size': 39, 'isBid': False, 'price': 100600, 'data_type': 'DEPTH'}",DEPTH
2025-11-14 03:01:02.013000-05:00,MNQZ5.CME@RITHMIC,73293639860000,SELL,25500.0,127,DEPTH,DEPTH,MNQZ5.CME@RITHMIC_20251113_230640_bedbcb11,NONE,,"{'size': 127, 'isBid': False, 'price': 102000, 'data_type': 'DEPTH'}",DEPTH
2025-11-14 03:01:01.943000-05:00,MNQZ5.CME@RITHMIC,73293569679600,BUY,24985.0,22,DEPTH,DEPTH,MNQZ5.CME@RITHMIC_20251113_230640_bedbcb11,NONE,,"{'size': 22, 'isBid': True, 'price': 99940, 'data_type': 'DEPTH'}",DEPTH
2025-11-14 03:01:01.816000-05:00,MNQZ5.CME@RITHMIC,73293441887400,BUY,24963.0,24,DEPTH,DEPTH,MNQZ5.CME@RITHMIC_20251113_230640_bedbcb11,NONE,,"{'size': 24, 'isBid': True, 'price': 99852, 'data_type': 'DEPTH'}",DEPTH
2025-11-14 03:01:01.789000-05:00,MNQZ5.CME@RITHMIC,73293415541500,BUY,24950.0,21,DEPTH,DEPTH,MNQZ5.CME@RITHMIC_20251113_230640_bedbcb11,NONE,,"{'size': 21, 'isBid': True, 'price': 99800, 'data_type': 'DEPTH'}",DEPTH
2025-11-14 03:01:01.779000-05:00,MNQZ5.CME@RITHMIC,73293405112800,BUY,24920.0,22,DEPTH,DEPTH,MNQZ5.CME@RITHMIC_20251113_230640_bedbcb11,NONE,,"{'size': 22, 'isBid': True, 'price': 99680, 'data_type': 'DEPTH'}",DEPTH
2025-11-14 03:01:01.736000-05:00,MNQZ5.CME@RITHMIC,73293362840800,BUY,24915.0,20,DEPTH,DEPTH,MNQZ5.CME@RITHMIC_20251113_230640_bedbcb11,NONE,,"{'size': 20, 'isBid': True, 'price': 99660, 'data_type': 'DEPTH'}",DEPTH
2025-11-14 03:01:00.932000-05:00,MNQZ5.CME@RITHMIC,73292558349000,BUY,99961.0,20,TRADE,TRADE,MNQZ5.CME@RITHMIC_20251113_230640_bedbcb11,NONE,,"{'size': 20, 'isOtc': False, 'price': 99961.0, 'data_type': 'TRADE', 'isBidAggressor': False, 'isExecutionEnd': True, 'passiveOrderId': None, 'aggressorOrderId': None, 'isExecutionStart': True, 'serialVersionUID': -5266538964320734421}",TRADE
2025-11-14 03:01:00.909000-05:00,MNQZ5.CME@RITHMIC,73292534752200,BUY,99947.0,22,TRADE,TRADE,MNQZ5.CME@RITHMIC_20251113_230640_bedbcb11,NONE,,"{'size': 22, 'isOtc': False, 'price': 99947.0, 'data_type': 'TRADE', 'isBidAggressor': False, 'isExecutionEnd': True, 'passiveOrderId': None, 'aggressorOrderId': None, 'isExecutionStart': True, 'serialVersionUID': -5266538964320734421}",TRADE
2025-11-14 03:01:00.894000-05:00,MNQZ5.CME@RITHMIC,73292520597200,BUY,99948.0,21,TRADE,TRADE,MNQZ5.CME@RITHMIC_20251113_230640_bedbcb11,NONE,,"{'size': 21, 'isOtc': False, 'price': 99948.0, 'data_type': 'TRADE', 'isBidAggressor': False, 'isExecutionEnd': True, 'passiveOrderId': None, 'aggressorOrderId': None, 'isExecutionStart': True, 'serialVersionUID': -5266538964320734421}",TRADE
2025-11-14 03:00:58.721000-05:00,MNQZ5.CME@RITHMIC,6868909549862,BUY,24960.75,20,LIMIT,UPDATE,MNQZ5.CME@RITHMIC_20251113_230640_bedbcb11,NONE,,"{'size': 20, 'price': 99843, 'orderId': '6868909549862', 'event_type': 'REPLACE'}",MBO
2025-11-14 03:00:55.069000-05:00,MNQZ5.CME@RITHMIC,6868909549675,SELL,25022.25,20,LIMIT,UPDATE,MNQZ5.CME@RITHMIC_20251113_230640_bedbcb11,NONE,,"{'size': 20, 'price': 100089, 'orderId': '6868909549675', 'event_type': 'REPLACE'}",MBO
2025-11-14 03:00:28.248000-05:00,MNQZ5.CME@RITHMIC,73259874131100,SELL,25020.0,24,DEPTH,DEPTH,MNQZ5.CME@RITHMIC_20251113_230640_bedbcb11,NONE,,"{'size': 24, 'isBid': False, 'price': 100080, 'data_type': 'DEPTH'}",DEPTH
2025-11-14 03:00:28.233000-05:00,MNQZ5.CME@RITHMIC,73259859381600,SELL,25022.25,23,DEPTH,DEPTH,MNQZ5.CME@RITHMIC_20251113_230640_bedbcb11,NONE,,"{'size': 23, 'isBid': False, 'price': 100089, 'data_type': 'DEPTH'}",DEPTH
2025-11-14 03:00:28.104000-05:00,MNQZ5.CME@RITHMIC,73259729986800,SELL,25072.0,21,DEPTH,DEPTH,MNQZ5.CME@RITHMIC_20251113_230640_bedbcb11,NONE,,"{'size': 21, 'isBid': False, 'price': 100288, 'data_type': 'DEPTH'}",DEPTH
2025-11-14 03:00:27.846000-05:00,MNQZ5.CME@RITHMIC,73259472344700,BUY,24960.75,23,DEPTH,DEPTH,MNQZ5.CME@RITHMIC_20251113_230640_bedbcb11,NONE,,"{'size': 23, 'isBid': True, 'price': 99843, 'data_type': 'DEPTH'}",DEPTH
2025-11-14 03:00:27.826000-05:00,MNQZ5.CME@RITHMIC,73259452263300,BUY,24940.0,50,DEPTH,DEPTH,MNQZ5.CME@RITHMIC_20251113_230640_bedbcb11,NONE,,"{'size': 50, 'isBid': True, 'price': 99760, 'data_type': 'DEPTH'}",DEPTH
2025-11-14 03:00:27.808000-05:00,MNQZ5.CME@RITHMIC,73259434764100,BUY,24930.0,20,DEPTH,DEPTH,MNQZ5.CME@RITHMIC_20251113_230640_bedbcb11,NONE,,"{'size': 20, 'isBid': True, 'price': 99720, 'data_type': 'DEPTH'}",DEPTH
2025-11-14 03:00:27.776000-05:00,MNQZ5.CME@RITHMIC,73259402419500,BUY,24920.0,22,DEPTH,DEPTH,MNQZ5.CME@RITHMIC_20251113_230640_bedbcb11,NONE,,"{'size': 22, 'isBid': True, 'price': 99680, 'data_type': 'DEPTH'}",DEPTH
2025-11-14 03:00:27.738000-05:00,MNQZ5.CME@RITHMIC,73259363826700,BUY,24915.0,20,DEPTH,DEPTH,MNQZ5.CME@RITHMIC_20251113_230640_bedbcb11,NONE,,"{'size': 20, 'isBid': True, 'price': 99660, 'data_type': 'DEPTH'}",DEPTH
2025-11-14 03:00:27.680000-05:00,MNQZ5.CME@RITHMIC,73259305852900,BUY,24900.0,114,DEPTH,DEPTH,MNQZ5.CME@RITHMIC_20251113_230640_bedbcb11,NONE,,"{'size': 114, 'isBid': True, 'price': 99600, 'data_type': 'DEPTH'}",DEPTH
2025-11-14 03:00:27.177000-05:00,MNQZ5.CME@RITHMIC,73258803627900,BUY,99986.0,21,TRADE,TRADE,MNQZ5.CME@RITHMIC_20251113_230640_bedbcb11,NONE,,"{'size': 21, 'isOtc': False, 'price': 99986.0, 'data_type': 'TRADE', 'isBidAggressor': False, 'isExecutionEnd': True, 'passiveOrderId': None, 'aggressorOrderId': None, 'isExecutionStart': True, 'serialVersionUID': -5266538964320734421}",TRADE
2025-11-14 03:00:24.629000-05:00,MNQZ5.CME@RITHMIC,6868909549862,BUY,24967.5,20,LIMIT,UPDATE,MNQZ5.CME@RITHMIC_20251113_230640_bedbcb11,NONE,,"{'size': 20, 'price': 99870, 'orderId': '6868909549862', 'event_type': 'REPLACE'}",MBO
2025-11-14 03:00:20.772000-05:00,MNQZ5.CME@RITHMIC,6868909549675,SELL,25024.5,20,LIMIT,UPDATE,MNQZ5.CME@RITHMIC_20251113_230640_bedbcb11,NONE,,"{'size': 20, 'price': 100098, 'orderId': '6868909549675', 'event_type': 'REPLACE'}",MBO
2025-11-14 03:00:09.722000-05:00,MNQZ5.CME@RITHMIC,73241348011400,SELL,25012.0,24,DEPTH,DEPTH,MNQZ5.CME@RITHMIC_20251113_230640_bedbcb11,NONE,,"{'size': 24, 'isBid': False, 'price': 100048, 'data_type': 'DEPTH'}",DEPTH
2025-11-14 03:00:09.684000-05:00,MNQZ5.CME@RITHMIC,73241310890100,SELL,25024.5,23,DEPTH,DEPTH,MNQZ5.CME@RITHMIC_20251113_230640_bedbcb11,NONE,,"{'size': 23, 'isBid': False, 'price': 100098, 'data_type': 'DEPTH'}",DEPTH
2025-11-14 03:00:09.663000-05:00,MNQZ5.CME@RITHMIC,73241289157300,SELL,25050.0,54,DEPTH,DEPTH,MNQZ5.CME@RITHMIC_20251113_230640_bedbcb11,NONE,,"{'size': 54, 'isBid': False, 'price': 100200, 'data_type': 'DEPTH'}",DEPTH
2025-11-14 03:00:09.652000-05:00,MNQZ5.CME@RITHMIC,73241278448200,SELL,25072.0,23,DEPTH,DEPTH,MNQZ5.CME@RITHMIC_20251113_230640_bedbcb11,NONE,,"{'size': 23, 'isBid': False, 'price': 100288, 'data_type': 'DEPTH'}",DEPTH
2025-11-14 03:00:09.612000-05:00,MNQZ5.CME@RITHMIC,73241237911000,SELL,25100.0,62,DEPTH,DEPTH,MNQZ5.CME@RITHMIC_20251113_230640_bedbcb11,NONE,,"{'size': 62, 'isBid': False, 'price': 100400, 'data_type': 'DEPTH'}",DEPTH
2025-11-14 03:00:09.605000-05:00,MNQZ5.CME@RITHMIC,73241231629800,SELL,25250.0,71,DEPTH,DEPTH,MNQZ5.CME@RITHMIC_20251113_230640_bedbcb11,NONE,,"{'size': 71, 'isBid': False, 'price': 101000, 'data_type': 'DEPTH'}",DEPTH
2025-11-14 03:00:09.502000-05:00,MNQZ5.CME@RITHMIC,73241127979100,BUY,24980.0,23,DEPTH,DEPTH,MNQZ5.CME@RITHMIC_20251113_230640_bedbcb11,NONE,,"{'size': 23, 'isBid': True, 'price': 99920, 'data_type': 'DEPTH'}",DEPTH
2025-11-14 03:00:09.466000-05:00,MNQZ5.CME@RITHMIC,73241092472900,BUY,24967.5,22,DEPTH,DEPTH,MNQZ5.CME@RITHMIC_20251113_230640_bedbcb11,NONE,,"{'size': 22, 'isBid': True, 'price': 99870, 'data_type': 'DEPTH'}",DEPTH
2025-11-14 03:00:09.447000-05:00,MNQZ5.CME@RITHMIC,73241073463000,BUY,24926.0,22,DEPTH,DEPTH,MNQZ5.CME@RITHMIC_20251113_230640_bedbcb11,NONE,,"{'size': 22, 'isBid': True, 'price': 99704, 'data_type': 'DEPTH'}",DEPTH
2025-11-14 03:00:09.405000-05:00,MNQZ5.CME@RITHMIC,73241030807400,BUY,24920.0,22,DEPTH,DEPTH,MNQZ5.CME@RITHMIC_20251113_230640_bedbcb11,NONE,,"{'size': 22, 'isBid': True, 'price': 99680, 'data_type': 'DEPTH'}",DEPTH
2025-11-14 03:00:06.899000-05:00,MNQZ5.CME@RITHMIC,6868909549862,BUY,24967.5,20,LIMIT,UPDATE,MNQZ5.CME@RITHMIC_20251113_230640_bedbcb11,NONE,,"{'size': 20, 'price': 99870, 'orderId': '6868909549862', 'event_type': 'REPLACE'}",MBO
2025-11-14 03:00:04.012000-05:00,MNQZ5.CME@RITHMIC,6868909549675,SELL,25026.75,20,LIMIT,UPDATE,MNQZ5.CME@RITHMIC_20251113_230640_bedbcb11,NONE,,"{'size': 20, 'price': 100107, 'orderId': '6868909549675', 'event_type': 'REPLACE'}",MBO
2025-11-14 02:59:57.620000-05:00,MNQZ5.CME@RITHMIC,73229246815900,SELL,25020.0,25,DEPTH,DEPTH,MNQZ5.CME@RITHMIC_20251113_230640_bedbcb11,NONE,,"{'size': 25, 'isBid': False, 'price': 100080, 'data_type': 'DEPTH'}",DEPTH
2025-11-14 02:59:57.591000-05:00,MNQZ5.CME@RITHMIC,73229216815000,SELL,25026.75,24,DEPTH,DEPTH,MNQZ5.CME@RITHMIC_20251113_230640_bedbcb11,NONE,,"{'size': 24, 'isBid': False, 'price': 100107, 'data_type': 'DEPTH'}",DEPTH
2025-11-14 02:59:57.544000-05:00,MNQZ5.CME@RITHMIC,73229170402500,SELL,25150.0,38,DEPTH,DEPTH,MNQZ5.CME@RITHMIC_20251113_230640_bedbcb11,NONE,,"{'size': 38, 'isBid': False, 'price': 100600, 'data_type': 'DEPTH'}",DEPTH
2025-11-14 02:59:57.450000-05:00,MNQZ5.CME@RITHMIC,73229076220400,BUY,24980.0,23,DEPTH,DEPTH,MNQZ5.CME@RITHMIC_20251113_230640_bedbcb11,NONE,,"{'size': 23, 'isBid': True, 'price': 99920, 'data_type': 'DEPTH'}",DEPTH
2025-11-14 02:59:57.419000-05:00,MNQZ5.CME@RITHMIC,73229045402900,BUY,24967.5,22,DEPTH,DEPTH,MNQZ5.CME@RITHMIC_20251113_230640_bedbcb11,NONE,,"{'size': 22, 'isBid': True, 'price': 99870, 'data_type': 'DEPTH'}",DEPTH
2025-11-14 02:59:57.415000-05:00,MNQZ5.CME@RITHMIC,73229041507700,BUY,24940.0,51,DEPTH,DEPTH,MNQZ5.CME@RITHMIC_20251113_230640_bedbcb11,NONE,,"{'size': 51, 'isBid': True, 'price': 99760, 'data_type': 'DEPTH'}",DEPTH
2025-11-14 02:59:57.409000-05:00,MNQZ5.CME@RITHMIC,73229035583300,BUY,24926.0,22,DEPTH,DEPTH,MNQZ5.CME@RITHMIC_20251113_230640_bedbcb11,NONE,,"{'size': 22, 'isBid': True, 'price': 99704, 'data_type': 'DEPTH'}",DEPTH
2025-11-14 02:59:57.370000-05:00,MNQZ5.CME@RITHMIC,73228995883200,BUY,24920.0,20,DEPTH,DEPTH,MNQZ5.CME@RITHMIC_20251113_230640_bedbcb11,NONE,,"{'size': 20, 'isBid': True, 'price': 99680, 'data_type': 'DEPTH'}",DEPTH
2025-11-14 02:59:57.361000-05:00,MNQZ5.CME@RITHMIC,73228988037000,BUY,24600.0,32,DEPTH,DEPTH,MNQZ5.CME@RITHMIC_20251113_230640_bedbcb11,NONE,,"{'size': 32, 'isBid': True, 'price': 98400, 'data_type': 'DEPTH'}",DEPTH
2025-11-14 02:59:54.401000-05:00,MNQZ5.CME@RITHMIC,6868909549862,BUY,24969.75,20,LIMIT,UPDATE,MNQZ5.CME@RITHMIC_20251113_230640_bedbcb11,NONE,,"{'size': 20, 'price': 99879, 'orderId': '6868909549862', 'event_type': 'REPLACE'}",MBO
2025-11-14 02:59:49.477000-05:00,MNQZ5.CME@RITHMIC,6868909549675,SELL,25029.0,20,LIMIT,UPDATE,MNQZ5.CME@RITHMIC_20251113_230640_bedbcb11,NONE,,"{'size': 20, 'price': 100116, 'orderId': '6868909549675', 'event_type': 'REPLACE'}",MBO
2025-11-14 02:59:39.630000-05:00,MNQZ5.CME@RITHMIC,73211256402800,SELL,25020.0,26,DEPTH,DEPTH,MNQZ5.CME@RITHMIC_20251113_230640_bedbcb11,NONE,,"{'size': 26, 'isBid': False, 'price': 100080, 'data_type': 'DEPTH'}",DEPTH
2025-11-14 02:59:39.591000-05:00,MNQZ5.CME@RITHMIC,73211217207300,SELL,25029.0,25,DEPTH,DEPTH,MNQZ5.CME@RITHMIC_20251113_230640_bedbcb11,NONE,,"{'size': 25, 'isBid': False, 'price': 100116, 'data_type': 'DEPTH'}",DEPTH
2025-11-14 02:59:39.570000-05:00,MNQZ5.CME@RITHMIC,73211196434300,SELL,25072.0,23,DEPTH,DEPTH,MNQZ5.CME@RITHMIC_20251113_230640_bedbcb11,NONE,,"{'size': 23, 'isBid': False, 'price': 100288, 'data_type': 'DEPTH'}",DEPTH
2025-11-14 02:59:39.539000-05:00,MNQZ5.CME@RITHMIC,73211164901300,SELL,25100.0,64,DEPTH,DEPTH,MNQZ5.CME@RITHMIC_20251113_230640_bedbcb11,NONE,,"{'size': 64, 'isBid': False, 'price': 100400, 'data_type': 'DEPTH'}",DEPTH
2025-11-14 02:59:39.352000-05:00,MNQZ5.CME@RITHMIC,73210978029800,BUY,24969.75,23,DEPTH,DEPTH,MNQZ5.CME@RITHMIC_20251113_230640_bedbcb11,NONE,,"{'size': 23, 'isBid': True, 'price': 99879, 'data_type': 'DEPTH'}",DEPTH
2025-11-14 02:59:39.298000-05:00,MNQZ5.CME@RITHMIC,73210923924300,BUY,24920.0,20,DEPTH,DEPTH,MNQZ5.CME@RITHMIC_20251113_230640_bedbcb11,NONE,,"{'size': 20, 'isBid': True, 'price': 99680, 'data_type': 'DEPTH'}",DEPTH
2025-11-14 02:59:39.274000-05:00,MNQZ5.CME@RITHMIC,73210899924400,BUY,24870.0,28,DEPTH,DEPTH,MNQZ5.CME@RITHMIC_20251113_230640_bedbcb11,NONE,,"{'size': 28, 'isBid': True, 'price': 99480, 'data_type': 'DEPTH'}",DEPTH
2025-11-14 02:59:37.167000-05:00,MNQZ5.CME@RITHMIC,6868909549862,BUY,24963.0,20,LIMIT,UPDATE,MNQZ5.CME@RITHMIC_20251113_230640_bedbcb11,NONE,,"{'size': 20, 'price': 99852, 'orderId': '6868909549862', 'event_type': 'REPLACE'}",MBO
2025-11-14 02:59:34.188000-05:00,MNQZ5.CME@RITHMIC,6868909549675,SELL,25022.25,20,LIMIT,UPDATE,MNQZ5.CME@RITHMIC_20251113_230640_bedbcb11,NONE,,"{'size': 20, 'price': 100089, 'orderId': '6868909549675', 'event_type': 'REPLACE'}",MBO
2025-11-14 02:59:27.139000-05:00,MNQZ5.CME@RITHMIC,73198765266400,SELL,25020.0,25,DEPTH,DEPTH,MNQZ5.CME@RITHMIC_20251113_230640_bedbcb11,NONE,,"{'size': 25, 'isBid': False, 'price': 100080, 'data_type': 'DEPTH'}",DEPTH
2025-11-14 02:59:27.136000-05:00,MNQZ5.CME@RITHMIC,73198762165400,SELL,25022.25,23,DEPTH,DEPTH,MNQZ5.CME@RITHMIC_20251113_230640_bedbcb11,NONE,,"{'size': 23, 'isBid': False, 'price': 100089, 'data_type': 'DEPTH'}",DEPTH
2025-11-14 02:59:26.944000-05:00,MNQZ5.CME@RITHMIC,73198570717700,BUY,24963.0,23,DEPTH,DEPTH,MNQZ5.CME@RITHMIC_20251113_230640_bedbcb11,NONE,,"{'size': 23, 'isBid': True, 'price': 99852, 'data_type': 'DEPTH'}",DEPTH
2025-11-14 02:59:26.941000-05:00,MNQZ5.CME@RITHMIC,73198567584900,BUY,24950.0,20,DEPTH,DEPTH,MNQZ5.CME@RITHMIC_20251113_230640_bedbcb11,NONE,,"{'size': 20, 'isBid': True, 'price': 99800, 'data_type': 'DEPTH'}",DEPTH
2025-11-14 02:59:26.930000-05:00,MNQZ5.CME@RITHMIC,73198556224400,BUY,24920.0,22,DEPTH,DEPTH,MNQZ5.CME@RITHMIC_20251113_230640_bedbcb11,NONE,,"{'size': 22, 'isBid': True, 'price': 99680, 'data_type': 'DEPTH'}",DEPTH
2025-11-14 02:59:26.869000-05:00,MNQZ5.CME@RITHMIC,73198495484700,BUY,24900.0,115,DEPTH,DEPTH,MNQZ5.CME@RITHMIC_20251113_230640_bedbcb11,NONE,,"{'size': 115, 'isBid': True, 'price': 99600, 'data_type': 'DEPTH'}",DEPTH
2025-11-14 02:59:26.865000-05:00,MNQZ5.CME@RITHMIC,73198491875700,BUY,24800.0,180,DEPTH,DEPTH,MNQZ5.CME@RITHMIC_20251113_230640_bedbcb11,NONE,,"{'size': 180, 'isBid': True, 'price': 99200, 'data_type': 'DEPTH'}",DEPTH
2025-11-14 02:59:24.422000-05:00,MNQZ5.CME@RITHMIC,73196047851400,BUY,24900.0,116,DEPTH,DEPTH,MNQZ5.CME@RITHMIC_20251113_230640_bedbcb11,NONE,,"{'size': 116, 'isBid': True, 'price': 99600, 'data_type': 'DEPTH'}",DEPTH
2025-11-14 02:59:21.882000-05:00,MNQZ5.CME@RITHMIC,73193508157200,BUY,24915.0,20,DEPTH,DEPTH,MNQZ5.CME@RITHMIC_20251113_230640_bedbcb11,NONE,,"{'size': 20, 'isBid': True, 'price': 99660, 'data_type': 'DEPTH'}",DEPTH
2025-11-14 02:59:18.918000-05:00,MNQZ5.CME@RITHMIC,73190544775300,SELL,25022.25,23,DEPTH,DEPTH,MNQZ5.CME@RITHMIC_20251113_230640_bedbcb11,NONE,,"{'size': 23, 'isBid': False, 'price': 100089, 'data_type': 'DEPTH'}",DEPTH
2025-11-14 02:59:18.917000-05:00,MNQZ5.CME@RITHMIC,73190543131500,SELL,25020.0,25,DEPTH,DEPTH,MNQZ5.CME@RITHMIC_20251113_230640_bedbcb11,NONE,,"{'size': 25, 'isBid': False, 'price': 100080, 'data_type': 'DEPTH'}",DEPTH
2025-11-14 02:59:18.915000-05:00,MNQZ5.CME@RITHMIC,6868909549675,SELL,25022.25,20,LIMIT,UPDATE,MNQZ5.CME@RITHMIC_20251113_230640_bedbcb11,NONE,,"{'size': 20, 'price': 100089, 'orderId': '6868909549675', 'event_type': 'REPLACE'}",MBO
2025-11-14 02:59:13.149000-05:00,MNQZ5.CME@RITHMIC,73184775664900,SELL,25020.0,45,DEPTH,DEPTH,MNQZ5.CME@RITHMIC_20251113_230640_bedbcb11,NONE,,"{'size': 45, 'isBid': False, 'price': 100080, 'data_type': 'DEPTH'}",DEPTH
2025-11-14 02:59:13.146000-05:00,MNQZ5.CME@RITHMIC,6868909549675,SELL,25020.0,20,LIMIT,UPDATE,MNQZ5.CME@RITHMIC_20251113_230640_bedbcb11,NONE,,"{'size': 20, 'price': 100080, 'orderId': '6868909549675', 'event_type': 'REPLACE'}",MBO
2025-11-14 02:59:11.799000-05:00,MNQZ5.CME@RITHMIC,73183425670100,BUY,24915.0,20,DEPTH,DEPTH,MNQZ5.CME@RITHMIC_20251113_230640_bedbcb11,NONE,,"{'size': 20, 'isBid': True, 'price': 99660, 'data_type': 'DEPTH'}",DEPTH
2025-11-14 02:59:10.428000-05:00,MNQZ5.CME@RITHMIC,73182053594200,BUY,24915.0,21,DEPTH,DEPTH,MNQZ5.CME@RITHMIC_20251113_230640_bedbcb11,NONE,,"{'size': 21, 'isBid': True, 'price': 99660, 'data_type': 'DEPTH'}",DEPTH
2025-11-14 02:59:09.512000-05:00,MNQZ5.CME@RITHMIC,73181138180000,SELL,25022.25,23,DEPTH,DEPTH,MNQZ5.CME@RITHMIC_20251113_230640_bedbcb11,NONE,,"{'size': 23, 'isBid': False, 'price': 100089, 'data_type': 'DEPTH'}",DEPTH
2025-11-14 02:59:09.511000-05:00,MNQZ5.CME@RITHMIC,73181136926900,SELL,25020.0,25,DEPTH,DEPTH,MNQZ5.CME@RITHMIC_20251113_230640_bedbcb11,NONE,,"{'size': 25, 'isBid': False, 'price': 100080, 'data_type': 'DEPTH'}",DEPTH
2025-11-14 02:59:09.508000-05:00,MNQZ5.CME@RITHMIC,6868909549675,SELL,25022.25,20,LIMIT,UPDATE,MNQZ5.CME@RITHMIC_20251113_230640_bedbcb11,NONE,,"{'size': 20, 'price': 100089, 'orderId': '6868909549675', 'event_type': 'REPLACE'}",MBO
2025-11-14 02:59:07.678000-05:00,MNQZ5.CME@RITHMIC,6868909549862,BUY,24963.0,20,LIMIT,UPDATE,MNQZ5.CME@RITHMIC_20251113_230640_bedbcb11,NONE,,"{'size': 20, 'price': 99852, 'orderId': '6868909549862', 'event_type': 'REPLACE'}",MBO
2025-11-14 02:59:06.489000-05:00,MNQZ5.CME@RITHMIC,6868909549675,SELL,25020.0,20,LIMIT,UPDATE,MNQZ5.CME@RITHMIC_20251113_230640_bedbcb11,NONE,,"{'size': 20, 'price': 100080, 'orderId': '6868909549675', 'event_type': 'REPLACE'}",MBO
2025-11-14 02:59:03.938000-05:00,MNQZ5.CME@RITHMIC,73175564997400,SELL,25020.0,45,DEPTH,DEPTH,MNQZ5.CME@RITHMIC_20251113_230640_bedbcb11,NONE,,"{'size': 45, 'isBid': False, 'price': 100080, 'data_type': 'DEPTH'}",DEPTH
2025-11-14 02:59:03.931000-05:00,MNQZ5.CME@RITHMIC,73175557062000,SELL,25044.0,22,DEPTH,DEPTH,MNQZ5.CME@RITHMIC_20251113_230640_bedbcb11,NONE,,"{'size': 22, 'isBid': False, 'price': 100176, 'data_type': 'DEPTH'}",DEPTH
2025-11-14 02:59:03.902000-05:00,MNQZ5.CME@RITHMIC,73175528731400,SELL,25500.0,130,DEPTH,DEPTH,MNQZ5.CME@RITHMIC_20251113_230640_bedbcb11,NONE,,"{'size': 130, 'isBid': False, 'price': 102000, 'data_type': 'DEPTH'}",DEPTH
2025-11-14 02:59:03.812000-05:00,MNQZ5.CME@RITHMIC,73175438972000,BUY,24963.0,23,DEPTH,DEPTH,MNQZ5.CME@RITHMIC_20251113_230640_bedbcb11,NONE,,"{'size': 23, 'isBid': True, 'price': 99852, 'data_type': 'DEPTH'}",DEPTH
2025-11-14 02:59:03.780000-05:00,MNQZ5.CME@RITHMIC,73175407543000,BUY,24915.0,20,DEPTH,DEPTH,MNQZ5.CME@RITHMIC_20251113_230640_bedbcb11,NONE,,"{'size': 20, 'isBid': True, 'price': 99660, 'data_type': 'DEPTH'}",DEPTH
2025-11-14 02:59:03.762000-05:00,MNQZ5.CME@RITHMIC,73175388132500,BUY,24800.0,179,DEPTH,DEPTH,MNQZ5.CME@RITHMIC_20251113_230640_bedbcb11,NONE,,"{'size': 179, 'isBid': True, 'price': 99200, 'data_type': 'DEPTH'}",DEPTH
2025-11-14 02:59:03.353000-05:00,MNQZ5.CME@RITHMIC,73174978933500,BUY,24965.25,24,DEPTH,DEPTH,MNQZ5.CME@RITHMIC_20251113_230640_bedbcb11,NONE,,"{'size': 24, 'isBid': True, 'price': 99861, 'data_type': 'DEPTH'}",DEPTH
2025-11-14 02:59:00.828000-05:00,MNQZ5.CME@RITHMIC,73172453646500,BUY,24920.0,22,DEPTH,DEPTH,MNQZ5.CME@RITHMIC_20251113_230640_bedbcb11,NONE,,"{'size': 22, 'isBid': True, 'price': 99680, 'data_type': 'DEPTH'}",DEPTH
2025-11-14 02:59:00.456000-05:00,MNQZ5.CME@RITHMIC,73172082798300,BUY,24920.0,20,DEPTH,DEPTH,MNQZ5.CME@RITHMIC_20251113_230640_bedbcb11,NONE,,"{'size': 20, 'isBid': True, 'price': 99680, 'data_type': 'DEPTH'}",DEPTH
2025-11-14 02:58:59.590000-05:00,MNQZ5.CME@RITHMIC,73171216134900,SELL,25024.5,23,DEPTH,DEPTH,MNQZ5.CME@RITHMIC_20251113_230640_bedbcb11,NONE,,"{'size': 23, 'isBid': False, 'price': 100098, 'data_type': 'DEPTH'}",DEPTH
2025-11-14 02:58:59.587000-05:00,MNQZ5.CME@RITHMIC,6868909549675,SELL,25024.5,20,LIMIT,UPDATE,MNQZ5.CME@RITHMIC_20251113_230640_bedbcb11,NONE,,"{'size': 20, 'price': 100098, 'orderId': '6868909549675', 'event_type': 'REPLACE'}",MBO
2025-11-14 02:58:59.586000-05:00,MNQZ5.CME@RITHMIC,73171212469600,SELL,25012.0,20,DEPTH,DEPTH,MNQZ5.CME@RITHMIC_20251113_230640_bedbcb11,NONE,,"{'size': 20, 'isBid': False, 'price': 100048, 'data_type': 'DEPTH'}",DEPTH
2025-11-14 02:58:59.413000-05:00,MNQZ5.CME@RITHMIC,73171039151200,BUY,24965.25,25,DEPTH,DEPTH,MNQZ5.CME@RITHMIC_20251113_230640_bedbcb11,NONE,,"{'size': 25, 'isBid': True, 'price': 99861, 'data_type': 'DEPTH'}",DEPTH
2025-11-14 02:58:59.410000-05:00,MNQZ5.CME@RITHMIC,6868909549862,BUY,24965.25,20,LIMIT,UPDATE,MNQZ5.CME@RITHMIC_20251113_230640_bedbcb11,NONE,,"{'size': 20, 'price': 99861, 'orderId': '6868909549862', 'event_type': 'REPLACE'}",MBO
2025-11-14 02:58:56.422000-05:00,MNQZ5.CME@RITHMIC,73168048629800,BUY,24920.0,22,DEPTH,DEPTH,MNQZ5.CME@RITHMIC_20251113_230640_bedbcb11,NONE,,"{'size': 22, 'isBid': True, 'price': 99680, 'data_type': 'DEPTH'}",DEPTH
2025-11-14 02:58:53.493000-05:00,MNQZ5.CME@RITHMIC,73165119730000,BUY,24920.0,20,DEPTH,DEPTH,MNQZ5.CME@RITHMIC_20251113_230640_bedbcb11,NONE,,"{'size': 20, 'isBid': True, 'price': 99680, 'data_type': 'DEPTH'}",DEPTH
2025-11-14 02:58:52.164000-05:00,MNQZ5.CME@RITHMIC,73163790054700,SELL,25022.25,23,DEPTH,DEPTH,MNQZ5.CME@RITHMIC_20251113_230640_bedbcb11,NONE,,"{'size': 23, 'isBid': False, 'price': 100089, 'data_type': 'DEPTH'}",DEPTH
2025-11-14 02:58:52.162000-05:00,MNQZ5.CME@RITHMIC,73163788868200,SELL,25020.0,25,DEPTH,DEPTH,MNQZ5.CME@RITHMIC_20251113_230640_bedbcb11,NONE,,"{'size': 25, 'isBid': False, 'price': 100080, 'data_type': 'DEPTH'}",DEPTH
2025-11-14 02:58:52.161000-05:00,MNQZ5.CME@RITHMIC,6868909549675,SELL,25022.25,20,LIMIT,UPDATE,MNQZ5.CME@RITHMIC_20251113_230640_bedbcb11,NONE,,"{'size': 20, 'price': 100089, 'orderId': '6868909549675', 'event_type': 'REPLACE'}",MBO
2025-11-14 02:58:52.142000-05:00,MNQZ5.CME@RITHMIC,73163768117800,BUY,24963.0,23,DEPTH,DEPTH,MNQZ5.CME@RITHMIC_20251113_230640_bedbcb11,NONE,,"{'size': 23, 'isBid': True, 'price': 99852, 'data_type': 'DEPTH'}",DEPTH
2025-11-14 02:58:52.138000-05:00,MNQZ5.CME@RITHMIC,6868909549862,BUY,24963.0,20,LIMIT,UPDATE,MNQZ5.CME@RITHMIC_20251113_230640_bedbcb11,NONE,,"{'size': 20, 'price': 99852, 'orderId': '6868909549862', 'event_type': 'REPLACE'}",MBO
2025-11-14 02:58:47.532000-05:00,MNQZ5.CME@RITHMIC,73159158426900,BUY,24960.75,23,DEPTH,DEPTH,MNQZ5.CME@RITHMIC_20251113_230640_bedbcb11,NONE,,"{'size': 23, 'isBid': True, 'price': 99843, 'data_type': 'DEPTH'}",DEPTH
2025-11-14 02:58:47.529000-05:00,MNQZ5.CME@RITHMIC,6868909549862,BUY,24960.75,20,LIMIT,UPDATE,MNQZ5.CME@RITHMIC_20251113_230640_bedbcb11,NONE,,"{'size': 20, 'price': 99843, 'orderId': '6868909549862', 'event_type': 'REPLACE'}",MBO
2025-11-14 02:58:47.350000-05:00,MNQZ5.CME@RITHMIC,73158976376500,BUY,24915.0,20,DEPTH,DEPTH,MNQZ5.CME@RITHMIC_20251113_230640_bedbcb11,NONE,,"{'size': 20, 'isBid': True, 'price': 99660, 'data_type': 'DEPTH'}",DEPTH
2025-11-14 02:58:47.267000-05:00,MNQZ5.CME@RITHMIC,73158893323900,SELL,25020.0,45,DEPTH,DEPTH,MNQZ5.CME@RITHMIC_20251113_230640_bedbcb11,NONE,,"{'size': 45, 'isBid': False, 'price': 100080, 'data_type': 'DEPTH'}",DEPTH
2025-11-14 02:58:47.264000-05:00,MNQZ5.CME@RITHMIC,6868909549675,SELL,25020.0,20,LIMIT,UPDATE,MNQZ5.CME@RITHMIC_20251113_230640_bedbcb11,NONE,,"{'size': 20, 'price': 100080, 'orderId': '6868909549675', 'event_type': 'REPLACE'}",MBO
2025-11-14 02:58:44.809000-05:00,MNQZ5.CME@RITHMIC,73156435158800,BUY,24800.0,178,DEPTH,DEPTH,MNQZ5.CME@RITHMIC_20251113_230640_bedbcb11,NONE,,"{'size': 178, 'isBid': True, 'price': 99200, 'data_type': 'DEPTH'}",DEPTH
2025-11-14 02:58:42.082000-05:00,MNQZ5.CME@RITHMIC,73153707873700,SELL,25020.0,25,DEPTH,DEPTH,MNQZ5.CME@RITHMIC_20251113_230640_bedbcb11,NONE,,"{'size': 25, 'isBid': False, 'price': 100080, 'data_type': 'DEPTH'}",DEPTH
2025-11-14 02:58:42.082000-05:00,MNQZ5.CME@RITHMIC,73153708980500,SELL,25022.25,23,DEPTH,DEPTH,MNQZ5.CME@RITHMIC_20251113_230640_bedbcb11,NONE,,"{'size': 23, 'isBid': False, 'price': 100089, 'data_type': 'DEPTH'}",DEPTH
2025-11-14 02:58:42.080000-05:00,MNQZ5.CME@RITHMIC,6868909549675,SELL,25022.25,20,LIMIT,UPDATE,MNQZ5.CME@RITHMIC_20251113_230640_bedbcb11,NONE,,"{'size': 20, 'price': 100089, 'orderId': '6868909549675', 'event_type': 'REPLACE'}",MBO
2025-11-14 02:58:41.464000-05:00,MNQZ5.CME@RITHMIC,73153091364500,BUY,99970.0,24,TRADE,TRADE,MNQZ5.CME@RITHMIC_20251113_230640_bedbcb11,NONE,,"{'size': 24, 'isOtc': False, 'price': 99970.0, 'data_type': 'TRADE', 'isBidAggressor': False, 'isExecutionEnd': True, 'passiveOrderId': None, 'aggressorOrderId': None, 'isExecutionStart': True, 'serialVersionUID': -5266538964320734421}",TRADE
2025-11-14 02:58:40.579000-05:00,MNQZ5.CME@RITHMIC,6868909549862,BUY,24963.25,20,LIMIT,UPDATE,MNQZ5.CME@RITHMIC_20251113_230640_bedbcb11,NONE,,"{'size': 20, 'price': 99853, 'orderId': '6868909549862', 'event_type': 'REPLACE'}",MBO
2025-11-14 02:58:37.844000-05:00,MNQZ5.CME@RITHMIC,6868909549675,SELL,25020.0,20,LIMIT,UPDATE,MNQZ5.CME@RITHMIC_20251113_230640_bedbcb11,NONE,,"{'size': 20, 'price': 100080, 'orderId': '6868909549675', 'event_type': 'REPLACE'}",MBO
2025-11-14 02:58:37.019000-05:00,MNQZ5.CME@RITHMIC,73148645266900,SELL,25020.0,45,DEPTH,DEPTH,MNQZ5.CME@RITHMIC_20251113_230640_bedbcb11,NONE,,"{'size': 45, 'isBid': False, 'price': 100080, 'data_type': 'DEPTH'}",DEPTH
2025-11-14 02:58:37.005000-05:00,MNQZ5.CME@RITHMIC,73148631286900,SELL,25050.0,52,DEPTH,DEPTH,MNQZ5.CME@RITHMIC_20251113_230640_bedbcb11,NONE,,"{'size': 52, 'isBid': False, 'price': 100200, 'data_type': 'DEPTH'}",DEPTH
2025-11-14 02:58:36.984000-05:00,MNQZ5.CME@RITHMIC,73148610159100,SELL,25072.0,21,DEPTH,DEPTH,MNQZ5.CME@RITHMIC_20251113_230640_bedbcb11,NONE,,"{'size': 21, 'isBid': False, 'price': 100288, 'data_type': 'DEPTH'}",DEPTH
2025-11-14 02:58:36.981000-05:00,MNQZ5.CME@RITHMIC,73148606719400,SELL,25100.0,62,DEPTH,DEPTH,MNQZ5.CME@RITHMIC_20251113_230640_bedbcb11,NONE,,"{'size': 62, 'isBid': False, 'price': 100400, 'data_type': 'DEPTH'}",DEPTH
2025-11-14 02:58:36.901000-05:00,MNQZ5.CME@RITHMIC,73148527775500,BUY,24963.25,22,DEPTH,DEPTH,MNQZ5.CME@RITHMIC_20251113_230640_bedbcb11,NONE,,"{'size': 22, 'isBid': True, 'price': 99853, 'data_type': 'DEPTH'}",DEPTH
2025-11-14 02:58:36.894000-05:00,MNQZ5.CME@RITHMIC,73148520387400,BUY,24920.0,22,DEPTH,DEPTH,MNQZ5.CME@RITHMIC_20251113_230640_bedbcb11,NONE,,"{'size': 22, 'isBid': True, 'price': 99680, 'data_type': 'DEPTH'}",DEPTH
2025-11-14 02:58:36.870000-05:00,MNQZ5.CME@RITHMIC,73148496130300,BUY,24870.0,29,DEPTH,DEPTH,MNQZ5.CME@RITHMIC_20251113_230640_bedbcb11,NONE,,"{'size': 29, 'isBid': True, 'price': 99480, 'data_type': 'DEPTH'}",DEPTH
2025-11-14 02:58:35.512000-05:00,MNQZ5.CME@RITHMIC,73147137875300,SELL,25006.0,23,DEPTH,DEPTH,MNQZ5.CME@RITHMIC_20251113_230640_bedbcb11,NONE,,"{'size': 23, 'isBid': False, 'price': 100024, 'data_type': 'DEPTH'}",DEPTH
2025-11-14 02:58:33.358000-05:00,MNQZ5.CME@RITHMIC,73144984420800,BUY,24963.25,22,DEPTH,DEPTH,MNQZ5.CME@RITHMIC_20251113_230640_bedbcb11,NONE,,"{'size': 22, 'isBid': True, 'price': 99853, 'data_type': 'DEPTH'}",DEPTH
2025-11-14 02:58:33.356000-05:00,MNQZ5.CME@RITHMIC,6868909549862,BUY,24963.25,20,LIMIT,UPDATE,MNQZ5.CME@RITHMIC_20251113_230640_bedbcb11,NONE,,"{'size': 20, 'price': 99853, 'orderId': '6868909549862', 'event_type': 'REPLACE'}",MBO
2025-11-14 02:58:32.874000-05:00,MNQZ5.CME@RITHMIC,73144500518000,SELL,25006.0,24,DEPTH,DEPTH,MNQZ5.CME@RITHMIC_20251113_230640_bedbcb11,NONE,,"{'size': 24, 'isBid': False, 'price': 100024, 'data_type': 'DEPTH'}",DEPTH
2025-11-14 02:58:32.292000-05:00,MNQZ5.CME@RITHMIC,73143918176600,SELL,25022.25,23,DEPTH,DEPTH,MNQZ5.CME@RITHMIC_20251113_230640_bedbcb11,NONE,,"{'size': 23, 'isBid': False, 'price': 100089, 'data_type': 'DEPTH'}",DEPTH
2025-11-14 02:58:32.290000-05:00,MNQZ5.CME@RITHMIC,6868909549675,SELL,25022.25,20,LIMIT,UPDATE,MNQZ5.CME@RITHMIC_20251113_230640_bedbcb11,NONE,,"{'size': 20, 'price': 100089, 'orderId': '6868909549675', 'event_type': 'REPLACE'}",MBO
2025-11-14 02:58:31.758000-05:00,MNQZ5.CME@RITHMIC,73143385231000,BUY,24950.0,20,DEPTH,DEPTH,MNQZ5.CME@RITHMIC_20251113_230640_bedbcb11,NONE,,"{'size': 20, 'isBid': True, 'price': 99800, 'data_type': 'DEPTH'}",DEPTH
2025-11-14 02:58:29.326000-05:00,MNQZ5.CME@RITHMIC,73140952147800,SELL,25072.0,22,DEPTH,DEPTH,MNQZ5.CME@RITHMIC_20251113_230640_bedbcb11,NONE,,"{'size': 22, 'isBid': False, 'price': 100288, 'data_type': 'DEPTH'}",DEPTH
2025-11-14 02:58:27.559000-05:00,MNQZ5.CME@RITHMIC,73139185732000,SELL,25024.5,23,DEPTH,DEPTH,MNQZ5.CME@RITHMIC_20251113_230640_bedbcb11,NONE,,"{'size': 23, 'isBid': False, 'price': 100098, 'data_type': 'DEPTH'}",DEPTH
2025-11-14 02:58:27.555000-05:00,MNQZ5.CME@RITHMIC,6868909549675,SELL,25024.5,20,LIMIT,UPDATE,MNQZ5.CME@RITHMIC_20251113_230640_bedbcb11,NONE,,"{'size': 20, 'price': 100098, 'orderId': '6868909549675', 'event_type': 'REPLACE'}",MBO
2025-11-14 02:58:24.808000-05:00,MNQZ5.CME@RITHMIC,73136434538300,BUY,24920.0,21,DEPTH,DEPTH,MNQZ5.CME@RITHMIC_20251113_230640_bedbcb11,NONE,,"{'size': 21, 'isBid': True, 'price': 99680, 'data_type': 'DEPTH'}",DEPTH
2025-11-14 02:58:22.447000-05:00,MNQZ5.CME@RITHMIC,73134073607900,BUY,24920.0,21,DEPTH,DEPTH,MNQZ5.CME@RITHMIC_20251113_230640_bedbcb11,NONE,,"{'size': 21, 'isBid': True, 'price': 99680, 'data_type': 'DEPTH'}",DEPTH
2025-11-14 02:58:20.531000-05:00,MNQZ5.CME@RITHMIC,6868909549862,BUY,24965.5,20,LIMIT,UPDATE,MNQZ5.CME@RITHMIC_20251113_230640_bedbcb11,NONE,,"{'size': 20, 'price': 99862, 'orderId': '6868909549862', 'event_type': 'REPLACE'}",MBO
2025-11-14 02:58:18.402000-05:00,MNQZ5.CME@RITHMIC,6868909549675,SELL,25026.75,20,LIMIT,UPDATE,MNQZ5.CME@RITHMIC_20251113_230640_bedbcb11,NONE,,"{'size': 20, 'price': 100107, 'orderId': '6868909549675', 'event_type': 'REPLACE'}",MBO
2025-11-14 02:58:13.531000-05:00,MNQZ5.CME@RITHMIC,73125157964900,SELL,25020.0,25,DEPTH,DEPTH,MNQZ5.CME@RITHMIC_20251113_230640_bedbcb11,NONE,,"{'size': 25, 'isBid': False, 'price': 100080, 'data_type': 'DEPTH'}",DEPTH
2025-11-14 02:58:13.510000-05:00,MNQZ5.CME@RITHMIC,73125136582200,SELL,25026.75,24,DEPTH,DEPTH,MNQZ5.CME@RITHMIC_20251113_230640_bedbcb11,NONE,,"{'size': 24, 'isBid': False, 'price': 100107, 'data_type': 'DEPTH'}",DEPTH
2025-11-14 02:58:13.502000-05:00,MNQZ5.CME@RITHMIC,73125128193800,SELL,25050.0,53,DEPTH,DEPTH,MNQZ5.CME@RITHMIC_20251113_230640_bedbcb11,NONE,,"{'size': 53, 'isBid': False, 'price': 100200, 'data_type': 'DEPTH'}",DEPTH
2025-11-14 02:58:13.485000-05:00,MNQZ5.CME@RITHMIC,73125111229900,SELL,25072.0,24,DEPTH,DEPTH,MNQZ5.CME@RITHMIC_20251113_230640_bedbcb11,NONE,,"{'size': 24, 'isBid': False, 'price': 100288, 'data_type': 'DEPTH'}",DEPTH
2025-11-14 02:58:13.444000-05:00,MNQZ5.CME@RITHMIC,73125070484300,SELL,25300.0,88,DEPTH,DEPTH,MNQZ5.CME@RITHMIC_20251113_230640_bedbcb11,NONE,,"{'size': 88, 'isBid': False, 'price': 101200, 'data_type': 'DEPTH'}",DEPTH
2025-11-14 02:58:13.443000-05:00,MNQZ5.CME@RITHMIC,73125069413600,SELL,25350.0,81,DEPTH,DEPTH,MNQZ5.CME@RITHMIC_20251113_230640_bedbcb11,NONE,,"{'size': 81, 'isBid': False, 'price': 101400, 'data_type': 'DEPTH'}",DEPTH
2025-11-14 02:58:13.319000-05:00,MNQZ5.CME@RITHMIC,73124945582600,BUY,24965.5,22,DEPTH,DEPTH,MNQZ5.CME@RITHMIC_20251113_230640_bedbcb11,NONE,,"{'size': 22, 'isBid': True, 'price': 99862, 'data_type': 'DEPTH'}",DEPTH
2025-11-14 02:58:13.314000-05:00,MNQZ5.CME@RITHMIC,73124940981300,BUY,24940.0,50,DEPTH,DEPTH,MNQZ5.CME@RITHMIC_20251113_230640_bedbcb11,NONE,,"{'size': 50, 'isBid': True, 'price': 99760, 'data_type': 'DEPTH'}",DEPTH
2025-11-14 02:58:13.309000-05:00,MNQZ5.CME@RITHMIC,73124935340400,BUY,24926.0,22,DEPTH,DEPTH,MNQZ5.CME@RITHMIC_20251113_230640_bedbcb11,NONE,,"{'size': 22, 'isBid': True, 'price': 99704, 'data_type': 'DEPTH'}",DEPTH
2025-11-14 02:58:07.599000-05:00,MNQZ5.CME@RITHMIC,73119225825200,SELL,25024.5,23,DEPTH,DEPTH,MNQZ5.CME@RITHMIC_20251113_230640_bedbcb11,NONE,,"{'size': 23, 'isBid': False, 'price': 100098, 'data_type': 'DEPTH'}",DEPTH
2025-11-14 02:58:07.596000-05:00,MNQZ5.CME@RITHMIC,6868909549675,SELL,25024.5,20,LIMIT,UPDATE,MNQZ5.CME@RITHMIC_20251113_230640_bedbcb11,NONE,,"{'size': 20, 'price': 100098, 'orderId': '6868909549675', 'event_type': 'REPLACE'}",MBO
2025-11-14 02:58:07.435000-05:00,MNQZ5.CME@RITHMIC,73119061064700,BUY,24965.5,22,DEPTH,DEPTH,MNQZ5.CME@RITHMIC_20251113_230640_bedbcb11,NONE,,"{'size': 22, 'isBid': True, 'price': 99862, 'data_type': 'DEPTH'}",DEPTH
2025-11-14 02:58:07.431000-05:00,MNQZ5.CME@RITHMIC,6868909549862,BUY,24965.5,20,LIMIT,UPDATE,MNQZ5.CME@RITHMIC_20251113_230640_bedbcb11,NONE,,"{'size': 20, 'price': 99862, 'orderId': '6868909549862', 'event_type': 'REPLACE'}",MBO
2025-11-14 02:58:05.702000-05:00,MNQZ5.CME@RITHMIC,73117328207500,SELL,25072.0,22,DEPTH,DEPTH,MNQZ5.CME@RITHMIC_20251113_230640_bedbcb11,NONE,,"{'size': 22, 'isBid': False, 'price': 100288, 'data_type': 'DEPTH'}",DEPTH
2025-11-14 02:58:03.746000-05:00,MNQZ5.CME@RITHMIC,73115372738300,BUY,24920.0,21,DEPTH,DEPTH,MNQZ5.CME@RITHMIC_20251113_230640_bedbcb11,NONE,,"{'size': 21, 'isBid': True, 'price': 99680, 'data_type': 'DEPTH'}",DEPTH
2025-11-14 02:58:02.287000-05:00,MNQZ5.CME@RITHMIC,73113912840100,BUY,24920.0,21,DEPTH,DEPTH,MNQZ5.CME@RITHMIC_20251113_230640_bedbcb11,NONE,,"{'size': 21, 'isBid': True, 'price': 99680, 'data_type': 'DEPTH'}",DEPTH
2025-11-14 02:57:57.583000-05:00,MNQZ5.CME@RITHMIC,73109209801100,SELL,25020.0,24,DEPTH,DEPTH,MNQZ5.CME@RITHMIC_20251113_230640_bedbcb11,NONE,,"{'size': 24, 'isBid': False, 'price': 100080, 'data_type': 'DEPTH'}",DEPTH
2025-11-14 02:57:54.025000-05:00,MNQZ5.CME@RITHMIC,6868909549862,BUY,24967.75,20,LIMIT,UPDATE,MNQZ5.CME@RITHMIC_20251113_230640_bedbcb11,NONE,,"{'size': 20, 'price': 99871, 'orderId': '6868909549862', 'event_type': 'REPLACE'}",MBO
2025-11-14 02:57:51.292000-05:00,MNQZ5.CME@RITHMIC,6868909549675,SELL,25026.75,20,LIMIT,UPDATE,MNQZ5.CME@RITHMIC_20251113_230640_bedbcb11,NONE,,"{'size': 20, 'price': 100107, 'orderId': '6868909549675', 'event_type': 'REPLACE'}",MBO
2025-11-14 02:57:50.522000-05:00,MNQZ5.CME@RITHMIC,73102148556800,SELL,25026.75,24,DEPTH,DEPTH,MNQZ5.CME@RITHMIC_20251113_230640_bedbcb11,NONE,,"{'size': 24, 'isBid': False, 'price': 100107, 'data_type': 'DEPTH'}",DEPTH
2025-11-14 02:57:50.489000-05:00,MNQZ5.CME@RITHMIC,73102115975900,SELL,25100.0,63,DEPTH,DEPTH,MNQZ5.CME@RITHMIC_20251113_230640_bedbcb11,NONE,,"{'size': 63, 'isBid': False, 'price': 100400, 'data_type': 'DEPTH'}",DEPTH
2025-11-14 02:57:50.405000-05:00,MNQZ5.CME@RITHMIC,73102031448400,BUY,24967.75,27,DEPTH,DEPTH,MNQZ5.CME@RITHMIC_20251113_230640_bedbcb11,NONE,,"{'size': 27, 'isBid': True, 'price': 99871, 'data_type': 'DEPTH'}",DEPTH
2025-11-14 02:57:50.371000-05:00,MNQZ5.CME@RITHMIC,73101997878400,BUY,24900.0,115,DEPTH,DEPTH,MNQZ5.CME@RITHMIC_20251113_230640_bedbcb11,NONE,,"{'size': 115, 'isBid': True, 'price': 99600, 'data_type': 'DEPTH'}",DEPTH
2025-11-14 02:57:39.835000-05:00,MNQZ5.CME@RITHMIC,73091460795100,SELL,25300.0,89,DEPTH,DEPTH,MNQZ5.CME@RITHMIC_20251113_230640_bedbcb11,NONE,,"{'size': 89, 'isBid': False, 'price': 101200, 'data_type': 'DEPTH'}",DEPTH
2025-11-14 02:57:36.510000-05:00,MNQZ5.CME@RITHMIC,6868909549862,BUY,24970.0,20,LIMIT,UPDATE,MNQZ5.CME@RITHMIC_20251113_230640_bedbcb11,NONE,,"{'size': 20, 'price': 99880, 'orderId': '6868909549862', 'event_type': 'REPLACE'}",MBO
2025-11-14 02:57:34.623000-05:00,MNQZ5.CME@RITHMIC,6868909549675,SELL,25029.0,20,LIMIT,UPDATE,MNQZ5.CME@RITHMIC_20251113_230640_bedbcb11,NONE,,"{'size': 20, 'price': 100116, 'orderId': '6868909549675', 'event_type': 'REPLACE'}",MBO
2025-11-14 02:57:29.336000-05:00,MNQZ5.CME@RITHMIC,73080962664500,SELL,25020.0,25,DEPTH,DEPTH,MNQZ5.CME@RITHMIC_20251113_230640_bedbcb11,NONE,,"{'size': 25, 'isBid': False, 'price': 100080, 'data_type': 'DEPTH'}",DEPTH
2025-11-14 02:57:29.316000-05:00,MNQZ5.CME@RITHMIC,73080942730700,SELL,25029.0,26,DEPTH,DEPTH,MNQZ5.CME@RITHMIC_20251113_230640_bedbcb11,NONE,,"{'size': 26, 'isBid': False, 'price': 100116, 'data_type': 'DEPTH'}",DEPTH
2025-11-14 02:57:29.303000-05:00,MNQZ5.CME@RITHMIC,73080929659300,SELL,25050.0,54,DEPTH,DEPTH,MNQZ5.CME@RITHMIC_20251113_230640_bedbcb11,NONE,,"{'size': 54, 'isBid': False, 'price': 100200, 'data_type': 'DEPTH'}",DEPTH
2025-11-14 02:57:29.277000-05:00,MNQZ5.CME@RITHMIC,73080903186800,SELL,25080.0,21,DEPTH,DEPTH,MNQZ5.CME@RITHMIC_20251113_230640_bedbcb11,NONE,,"{'size': 21, 'isBid': False, 'price': 100320, 'data_type': 'DEPTH'}",DEPTH
2025-11-14 02:57:29.125000-05:00,MNQZ5.CME@RITHMIC,73080751640800,BUY,24970.0,30,DEPTH,DEPTH,MNQZ5.CME@RITHMIC_20251113_230640_bedbcb11,NONE,,"{'size': 30, 'isBid': True, 'price': 99880, 'data_type': 'DEPTH'}",DEPTH
2025-11-14 02:57:29.110000-05:00,MNQZ5.CME@RITHMIC,73080736706400,BUY,24930.0,21,DEPTH,DEPTH,MNQZ5.CME@RITHMIC_20251113_230640_bedbcb11,NONE,,"{'size': 21, 'isBid': True, 'price': 99720, 'data_type': 'DEPTH'}",DEPTH
2025-11-14 02:57:29.091000-05:00,MNQZ5.CME@RITHMIC,73080717672400,BUY,24926.0,22,DEPTH,DEPTH,MNQZ5.CME@RITHMIC_20251113_230640_bedbcb11,NONE,,"{'size': 22, 'isBid': True, 'price': 99704, 'data_type': 'DEPTH'}",DEPTH
2025-11-14 02:57:28.786000-05:00,MNQZ5.CME@RITHMIC,73080412533400,BUY,24800.0,177,DEPTH,DEPTH,MNQZ5.CME@RITHMIC_20251113_230640_bedbcb11,NONE,,"{'size': 177, 'isBid': True, 'price': 99200, 'data_type': 'DEPTH'}",DEPTH
2025-11-14 02:57:28.756000-05:00,MNQZ5.CME@RITHMIC,73080382513200,SELL,25050.0,55,DEPTH,DEPTH,MNQZ5.CME@RITHMIC_20251113_230640_bedbcb11,NONE,,"{'size': 55, 'isBid': False, 'price': 100200, 'data_type': 'DEPTH'}",DEPTH
2025-11-14 02:57:23.964000-05:00,MNQZ5.CME@RITHMIC,73075590547300,BUY,24974.5,25,DEPTH,DEPTH,MNQZ5.CME@RITHMIC_20251113_230640_bedbcb11,NONE,,"{'size': 25, 'isBid': True, 'price': 99898, 'data_type': 'DEPTH'}",DEPTH
2025-11-14 02:57:23.961000-05:00,MNQZ5.CME@RITHMIC,6868909549862,BUY,24974.5,20,LIMIT,UPDATE,MNQZ5.CME@RITHMIC_20251113_230640_bedbcb11,NONE,,"{'size': 20, 'price': 99898, 'orderId': '6868909549862', 'event_type': 'REPLACE'}",MBO
2025-11-14 02:57:23.960000-05:00,MNQZ5.CME@RITHMIC,73075586958500,BUY,24987.0,24,DEPTH,DEPTH,MNQZ5.CME@RITHMIC_20251113_230640_bedbcb11,NONE,,"{'size': 24, 'isBid': True, 'price': 99948, 'data_type': 'DEPTH'}",DEPTH
2025-11-14 02:57:23.870000-05:00,MNQZ5.CME@RITHMIC,73075496683900,SELL,25080.0,23,DEPTH,DEPTH,MNQZ5.CME@RITHMIC_20251113_230640_bedbcb11,NONE,,"{'size': 23, 'isBid': False, 'price': 100320, 'data_type': 'DEPTH'}",DEPTH
2025-11-14 02:57:22.342000-05:00,MNQZ5.CME@RITHMIC,73073968903400,SELL,25033.5,24,DEPTH,DEPTH,MNQZ5.CME@RITHMIC_20251113_230640_bedbcb11,NONE,,"{'size': 24, 'isBid': False, 'price': 100134, 'data_type': 'DEPTH'}",DEPTH
2025-11-14 02:57:22.340000-05:00,MNQZ5.CME@RITHMIC,6868909549675,SELL,25033.5,20,LIMIT,UPDATE,MNQZ5.CME@RITHMIC_20251113_230640_bedbcb11,NONE,,"{'size': 20, 'price': 100134, 'orderId': '6868909549675', 'event_type': 'REPLACE'}",MBO
2025-11-14 02:57:20.420000-05:00,MNQZ5.CME@RITHMIC,73072045936600,BUY,24972.25,22,DEPTH,DEPTH,MNQZ5.CME@RITHMIC_20251113_230640_bedbcb11,NONE,,"{'size': 22, 'isBid': True, 'price': 99889, 'data_type': 'DEPTH'}",DEPTH
2025-11-14 02:57:20.417000-05:00,MNQZ5.CME@RITHMIC,6868909549862,BUY,24972.25,20,LIMIT,UPDATE,MNQZ5.CME@RITHMIC_20251113_230640_bedbcb11,NONE,,"{'size': 20, 'price': 99889, 'orderId': '6868909549862', 'event_type': 'REPLACE'}",MBO
2025-11-14 02:57:19.366000-05:00,MNQZ5.CME@RITHMIC,73070992060000,BUY,24926.0,20,DEPTH,DEPTH,MNQZ5.CME@RITHMIC_20251113_230640_bedbcb11,NONE,,"{'size': 20, 'isBid': True, 'price': 99704, 'data_type': 'DEPTH'}",DEPTH
2025-11-14 02:57:19.089000-05:00,MNQZ5.CME@RITHMIC,73070715355400,BUY,24926.0,22,DEPTH,DEPTH,MNQZ5.CME@RITHMIC_20251113_230640_bedbcb11,NONE,,"{'size': 22, 'isBid': True, 'price': 99704, 'data_type': 'DEPTH'}",DEPTH
2025-11-14 02:57:18.326000-05:00,MNQZ5.CME@RITHMIC,73069952202400,BUY,100003.0,20,TRADE,TRADE,MNQZ5.CME@RITHMIC_20251113_230640_bedbcb11,NONE,,"{'size': 20, 'isOtc': False, 'price': 100003.0, 'data_type': 'TRADE', 'isBidAggressor': False, 'isExecutionEnd': True, 'passiveOrderId': None, 'aggressorOrderId': None, 'isExecutionStart': True, 'serialVersionUID': -5266538964320734421}",TRADE
2025-11-14 02:57:17.353000-05:00,MNQZ5.CME@RITHMIC,6868909549862,BUY,24970.0,20,LIMIT,UPDATE,MNQZ5.CME@RITHMIC_20251113_230640_bedbcb11,NONE,,"{'size': 20, 'price': 99880, 'orderId': '6868909549862', 'event_type': 'REPLACE'}",MBO
2025-11-14 02:57:15.169000-05:00,MNQZ5.CME@RITHMIC,6868909549675,SELL,25031.25,20,LIMIT,UPDATE,MNQZ5.CME@RITHMIC_20251113_230640_bedbcb11,NONE,,"{'size': 20, 'price': 100125, 'orderId': '6868909549675', 'event_type': 'REPLACE'}",MBO
2025-11-14 02:57:11.036000-05:00,MNQZ5.CME@RITHMIC,73062662519200,SELL,25008.5,20,DEPTH,DEPTH,MNQZ5.CME@RITHMIC_20251113_230640_bedbcb11,NONE,,"{'size': 20, 'isBid': False, 'price': 100034, 'data_type': 'DEPTH'}",DEPTH
2025-11-14 02:57:10.977000-05:00,MNQZ5.CME@RITHMIC,73062603128600,SELL,25031.0,24,DEPTH,DEPTH,MNQZ5.CME@RITHMIC_20251113_230640_bedbcb11,NONE,,"{'size': 24, 'isBid': False, 'price': 100124, 'data_type': 'DEPTH'}",DEPTH
2025-11-14 02:57:10.976000-05:00,MNQZ5.CME@RITHMIC,73062602010700,SELL,25031.25,23,DEPTH,DEPTH,MNQZ5.CME@RITHMIC_20251113_230640_bedbcb11,NONE,,"{'size': 23, 'isBid': False, 'price': 100125, 'data_type': 'DEPTH'}",DEPTH
2025-11-14 02:57:10.959000-05:00,MNQZ5.CME@RITHMIC,73062586284000,SELL,25050.0,54,DEPTH,DEPTH,MNQZ5.CME@RITHMIC_20251113_230640_bedbcb11,NONE,,"{'size': 54, 'isBid': False, 'price': 100200, 'data_type': 'DEPTH'}",DEPTH
2025-11-14 02:57:10.956000-05:00,MNQZ5.CME@RITHMIC,73062582353600,SELL,25072.0,24,DEPTH,DEPTH,MNQZ5.CME@RITHMIC_20251113_230640_bedbcb11,NONE,,"{'size': 24, 'isBid': False, 'price': 100288, 'data_type': 'DEPTH'}",DEPTH
2025-11-14 02:57:10.922000-05:00,MNQZ5.CME@RITHMIC,73062548232200,SELL,25080.0,21,DEPTH,DEPTH,MNQZ5.CME@RITHMIC_20251113_230640_bedbcb11,NONE,,"{'size': 21, 'isBid': False, 'price': 100320, 'data_type': 'DEPTH'}",DEPTH
2025-11-14 02:57:10.805000-05:00,MNQZ5.CME@RITHMIC,73062432067000,BUY,24970.0,30,DEPTH,DEPTH,MNQZ5.CME@RITHMIC_20251113_230640_bedbcb11,NONE,,"{'size': 30, 'isBid': True, 'price': 99880, 'data_type': 'DEPTH'}",DEPTH
2025-11-14 02:57:10.781000-05:00,MNQZ5.CME@RITHMIC,73062408178300,BUY,24926.0,20,DEPTH,DEPTH,MNQZ5.CME@RITHMIC_20251113_230640_bedbcb11,NONE,,"{'size': 20, 'isBid': True, 'price': 99704, 'data_type': 'DEPTH'}",DEPTH
2025-11-14 02:57:10.767000-05:00,MNQZ5.CME@RITHMIC,73062394042100,BUY,24800.0,178,DEPTH,DEPTH,MNQZ5.CME@RITHMIC_20251113_230640_bedbcb11,NONE,,"{'size': 178, 'isBid': True, 'price': 99200, 'data_type': 'DEPTH'}",DEPTH
2025-11-14 02:57:05.182000-05:00,MNQZ5.CME@RITHMIC,73056808044700,BUY,24930.0,21,DEPTH,DEPTH,MNQZ5.CME@RITHMIC_20251113_230640_bedbcb11,NONE,,"{'size': 21, 'isBid': True, 'price': 99720, 'data_type': 'DEPTH'}",DEPTH
2025-11-14 02:57:04.423000-05:00,MNQZ5.CME@RITHMIC,73056048845200,BUY,24930.0,20,DEPTH,DEPTH,MNQZ5.CME@RITHMIC_20251113_230640_bedbcb11,NONE,,"{'size': 20, 'isBid': True, 'price': 99720, 'data_type': 'DEPTH'}",DEPTH
2025-11-14 02:56:58.986000-05:00,MNQZ5.CME@RITHMIC,73050612873000,BUY,24930.0,21,DEPTH,DEPTH,MNQZ5.CME@RITHMIC_20251113_230640_bedbcb11,NONE,,"{'size': 21, 'isBid': True, 'price': 99720, 'data_type': 'DEPTH'}",DEPTH
2025-11-14 02:56:56.554000-05:00,MNQZ5.CME@RITHMIC,73048180622900,SELL,25033.25,26,DEPTH,DEPTH,MNQZ5.CME@RITHMIC_20251113_230640_bedbcb11,NONE,,"{'size': 26, 'isBid': False, 'price': 100133, 'data_type': 'DEPTH'}",DEPTH
2025-11-14 02:56:56.552000-05:00,MNQZ5.CME@RITHMIC,6868909549675,SELL,25033.25,20,LIMIT,UPDATE,MNQZ5.CME@RITHMIC_20251113_230640_bedbcb11,NONE,,"{'size': 20, 'price': 100133, 'orderId': '6868909549675', 'event_type': 'REPLACE'}",MBO
2025-11-14 02:56:54.799000-05:00,MNQZ5.CME@RITHMIC,6868909549862,BUY,24976.75,20,LIMIT,UPDATE,MNQZ5.CME@RITHMIC_20251113_230640_bedbcb11,NONE,,"{'size': 20, 'price': 99907, 'orderId': '6868909549862', 'event_type': 'REPLACE'}",MBO
2025-11-14 02:56:52.285000-05:00,MNQZ5.CME@RITHMIC,6868909549675,SELL,25035.75,20,LIMIT,UPDATE,MNQZ5.CME@RITHMIC_20251113_230640_bedbcb11,NONE,,"{'size': 20, 'price': 100143, 'orderId': '6868909549675', 'event_type': 'REPLACE'}",MBO
2025-11-14 02:56:47.704000-05:00,MNQZ5.CME@RITHMIC,73039330948400,SELL,25008.5,20,DEPTH,DEPTH,MNQZ5.CME@RITHMIC_20251113_230640_bedbcb11,NONE,,"{'size': 20, 'isBid': False, 'price': 100034, 'data_type': 'DEPTH'}",DEPTH
2025-11-14 02:56:47.625000-05:00,MNQZ5.CME@RITHMIC,73039250993500,SELL,25035.75,26,DEPTH,DEPTH,MNQZ5.CME@RITHMIC_20251113_230640_bedbcb11,NONE,,"{'size': 26, 'isBid': False, 'price': 100143, 'data_type': 'DEPTH'}",DEPTH
2025-11-14 02:56:47.620000-05:00,MNQZ5.CME@RITHMIC,73039246265600,SELL,25050.0,53,DEPTH,DEPTH,MNQZ5.CME@RITHMIC_20251113_230640_bedbcb11,NONE,,"{'size': 53, 'isBid': False, 'price': 100200, 'data_type': 'DEPTH'}",DEPTH
2025-11-14 02:56:47.606000-05:00,MNQZ5.CME@RITHMIC,73039232006700,SELL,25080.0,24,DEPTH,DEPTH,MNQZ5.CME@RITHMIC_20251113_230640_bedbcb11,NONE,,"{'size': 24, 'isBid': False, 'price': 100320, 'data_type': 'DEPTH'}",DEPTH
2025-11-14 02:56:47.567000-05:00,MNQZ5.CME@RITHMIC,73039192867800,SELL,25500.0,129,DEPTH,DEPTH,MNQZ5.CME@RITHMIC_20251113_230640_bedbcb11,NONE,,"{'size': 129, 'isBid': False, 'price': 102000, 'data_type': 'DEPTH'}",DEPTH
2025-11-14 02:56:47.438000-05:00,MNQZ5.CME@RITHMIC,73039064353700,BUY,24976.75,26,DEPTH,DEPTH,MNQZ5.CME@RITHMIC_20251113_230640_bedbcb11,NONE,,"{'size': 26, 'isBid': True, 'price': 99907, 'data_type': 'DEPTH'}",DEPTH
2025-11-14 02:56:47.391000-05:00,MNQZ5.CME@RITHMIC,73039017385700,BUY,24930.0,21,DEPTH,DEPTH,MNQZ5.CME@RITHMIC_20251113_230640_bedbcb11,NONE,,"{'size': 21, 'isBid': True, 'price': 99720, 'data_type': 'DEPTH'}",DEPTH
2025-11-14 02:56:47.370000-05:00,MNQZ5.CME@RITHMIC,73038996868300,BUY,24900.0,116,DEPTH,DEPTH,MNQZ5.CME@RITHMIC_20251113_230640_bedbcb11,NONE,,"{'size': 116, 'isBid': True, 'price': 99600, 'data_type': 'DEPTH'}",DEPTH
2025-11-14 02:56:46.813000-05:00,MNQZ5.CME@RITHMIC,6868909549862,BUY,24976.75,20,LIMIT,ADD,MNQZ5.CME@RITHMIC_20251113_230640_bedbcb11,NONE,,"{'size': 20, 'isBid': True, 'price': 99907, 'orderId': '6868909549862', 'event_type': 'SEND'}",MBO
2025-11-14 02:56:46.678000-05:00,MNQZ5.CME@RITHMIC,6868909549675,SELL,25033.5,20,LIMIT,ADD,MNQZ5.CME@RITHMIC_20251113_230640_bedbcb11,NONE,,"{'size': 20, 'isBid': False, 'price': 100134, 'orderId': '6868909549675', 'event_type': 'SEND'}",MBO
2025-11-14 02:56:42.812000-05:00,MNQZ5.CME@RITHMIC,6868908087987,SELL,25072.0,20,LIMIT,UPDATE,MNQZ5.CME@RITHMIC_20251113_230640_bedbcb11,NONE,,"{'size': 20, 'price': 100288, 'orderId': '6868908087987', 'event_type': 'REPLACE'}",MBO
2025-11-14 02:56:29.697000-05:00,MNQZ5.CME@RITHMIC,73021323129700,SELL,25033.5,23,DEPTH,DEPTH,MNQZ5.CME@RITHMIC_20251113_230640_bedbcb11,NONE,,"{'size': 23, 'isBid': False, 'price': 100134, 'data_type': 'DEPTH'}",DEPTH
2025-11-14 02:56:29.689000-05:00,MNQZ5.CME@RITHMIC,73021315418800,SELL,25050.0,52,DEPTH,DEPTH,MNQZ5.CME@RITHMIC_20251113_230640_bedbcb11,NONE,,"{'size': 52, 'isBid': False, 'price': 100200, 'data_type': 'DEPTH'}",DEPTH
2025-11-14 02:56:29.680000-05:00,MNQZ5.CME@RITHMIC,73021306181800,SELL,25072.0,34,DEPTH,DEPTH,MNQZ5.CME@RITHMIC_20251113_230640_bedbcb11,NONE,,"{'size': 34, 'isBid': False, 'price': 100288, 'data_type': 'DEPTH'}",DEPTH
2025-11-14 02:56:29.648000-05:00,MNQZ5.CME@RITHMIC,73021274693600,SELL,25080.0,24,DEPTH,DEPTH,MNQZ5.CME@RITHMIC_20251113_230640_bedbcb11,NONE,,"{'size': 24, 'isBid': False, 'price': 100320, 'data_type': 'DEPTH'}",DEPTH
2025-11-14 02:56:29.474000-05:00,MNQZ5.CME@RITHMIC,73021099719500,BUY,24976.75,26,DEPTH,DEPTH,MNQZ5.CME@RITHMIC_20251113_230640_bedbcb11,NONE,,"{'size': 26, 'isBid': True, 'price': 99907, 'data_type': 'DEPTH'}",DEPTH
2025-11-14 02:56:29.419000-05:00,MNQZ5.CME@RITHMIC,73021045744300,BUY,24930.0,20,DEPTH,DEPTH,MNQZ5.CME@RITHMIC_20251113_230640_bedbcb11,NONE,,"{'size': 20, 'isBid': True, 'price': 99720, 'data_type': 'DEPTH'}",DEPTH
2025-11-14 02:56:29.393000-05:00,MNQZ5.CME@RITHMIC,73021019414500,BUY,24926.0,20,DEPTH,DEPTH,MNQZ5.CME@RITHMIC_20251113_230640_bedbcb11,NONE,,"{'size': 20, 'isBid': True, 'price': 99704, 'data_type': 'DEPTH'}",DEPTH
2025-11-14 02:56:18.905000-05:00,MNQZ5.CME@RITHMIC,6868909519747,SELL,25030.25,20,LIMIT,UPDATE,MNQZ5.CME@RITHMIC_20251113_230640_bedbcb11,NONE,,"{'size': 20, 'price': 100121, 'orderId': '6868909519747', 'event_type': 'REPLACE'}",MBO
2025-11-14 02:56:17.351000-05:00,MNQZ5.CME@RITHMIC,6868909449332,BUY,24970.25,20,LIMIT,UPDATE,MNQZ5.CME@RITHMIC_20251113_230640_bedbcb11,NONE,,"{'size': 20, 'price': 99881, 'orderId': '6868909449332', 'event_type': 'REPLACE'}",MBO
2025-11-14 02:56:15.263000-05:00,MNQZ5.CME@RITHMIC,73006889685900,SELL,25028.0,24,DEPTH,DEPTH,MNQZ5.CME@RITHMIC_20251113_230640_bedbcb11,NONE,,"{'size': 24, 'isBid': False, 'price': 100112, 'data_type': 'DEPTH'}",DEPTH
2025-11-14 02:56:15.258000-05:00,MNQZ5.CME@RITHMIC,73006884096600,SELL,25030.25,23,DEPTH,DEPTH,MNQZ5.CME@RITHMIC_20251113_230640_bedbcb11,NONE,,"{'size': 23, 'isBid': False, 'price': 100121, 'data_type': 'DEPTH'}",DEPTH
2025-11-14 02:56:15.056000-05:00,MNQZ5.CME@RITHMIC,73006681781100,BUY,24970.25,25,DEPTH,DEPTH,MNQZ5.CME@RITHMIC_20251113_230640_bedbcb11,NONE,,"{'size': 25, 'isBid': True, 'price': 99881, 'data_type': 'DEPTH'}",DEPTH
2025-11-14 02:56:15.048000-05:00,MNQZ5.CME@RITHMIC,73006674763600,BUY,24940.0,40,DEPTH,DEPTH,MNQZ5.CME@RITHMIC_20251113_230640_bedbcb11,NONE,,"{'size': 40, 'isBid': True, 'price': 99760, 'data_type': 'DEPTH'}",DEPTH
2025-11-14 02:56:15.044000-05:00,MNQZ5.CME@RITHMIC,73006670265200,BUY,24930.0,20,DEPTH,DEPTH,MNQZ5.CME@RITHMIC_20251113_230640_bedbcb11,NONE,,"{'size': 20, 'isBid': True, 'price': 99720, 'data_type': 'DEPTH'}",DEPTH
2025-11-14 02:56:15.024000-05:00,MNQZ5.CME@RITHMIC,73006650813500,BUY,24926.0,22,DEPTH,DEPTH,MNQZ5.CME@RITHMIC_20251113_230640_bedbcb11,NONE,,"{'size': 22, 'isBid': True, 'price': 99704, 'data_type': 'DEPTH'}",DEPTH
2025-11-14 02:56:14.980000-05:00,MNQZ5.CME@RITHMIC,73006606325600,BUY,24900.0,117,DEPTH,DEPTH,MNQZ5.CME@RITHMIC_20251113_230640_bedbcb11,NONE,,"{'size': 117, 'isBid': True, 'price': 99600, 'data_type': 'DEPTH'}",DEPTH
2025-11-14 02:56:14.973000-05:00,MNQZ5.CME@RITHMIC,73006599540800,BUY,24800.0,177,DEPTH,DEPTH,MNQZ5.CME@RITHMIC_20251113_230640_bedbcb11,NONE,,"{'size': 177, 'isBid': True, 'price': 99200, 'data_type': 'DEPTH'}",DEPTH
2025-11-14 02:55:53.983000-05:00,MNQZ5.CME@RITHMIC,6868909519747,SELL,25028.0,20,LIMIT,UPDATE,MNQZ5.CME@RITHMIC_20251113_230640_bedbcb11,NONE,,"{'size': 20, 'price': 100112, 'orderId': '6868909519747', 'event_type': 'REPLACE'}",MBO
2025-11-14 02:55:53.223000-05:00,MNQZ5.CME@RITHMIC,6868909449332,BUY,24970.25,20,LIMIT,UPDATE,MNQZ5.CME@RITHMIC_20251113_230640_bedbcb11,NONE,,"{'size': 20, 'price': 99881, 'orderId': '6868909449332', 'event_type': 'REPLACE'}",MBO
2025-11-14 02:55:50.752000-05:00,MNQZ5.CME@RITHMIC,72982378519200,SELL,25028.0,44,DEPTH,DEPTH,MNQZ5.CME@RITHMIC_20251113_230640_bedbcb11,NONE,,"{'size': 44, 'isBid': False, 'price': 100112, 'data_type': 'DEPTH'}",DEPTH
2025-11-14 02:55:50.670000-05:00,MNQZ5.CME@RITHMIC,72982296229500,SELL,25220.0,101,DEPTH,DEPTH,MNQZ5.CME@RITHMIC_20251113_230640_bedbcb11,NONE,,"{'size': 101, 'isBid': False, 'price': 100880, 'data_type': 'DEPTH'}",DEPTH
2025-11-14 02:55:50.487000-05:00,MNQZ5.CME@RITHMIC,72982113855200,BUY,24970.25,25,DEPTH,DEPTH,MNQZ5.CME@RITHMIC_20251113_230640_bedbcb11,NONE,,"{'size': 25, 'isBid': True, 'price': 99881, 'data_type': 'DEPTH'}",DEPTH
2025-11-14 02:55:50.449000-05:00,MNQZ5.CME@RITHMIC,72982075597300,BUY,24926.0,22,DEPTH,DEPTH,MNQZ5.CME@RITHMIC_20251113_230640_bedbcb11,NONE,,"{'size': 22, 'isBid': True, 'price': 99704, 'data_type': 'DEPTH'}",DEPTH
2025-11-14 02:55:50.407000-05:00,MNQZ5.CME@RITHMIC,72982033390700,BUY,24920.0,20,DEPTH,DEPTH,MNQZ5.CME@RITHMIC_20251113_230640_bedbcb11,NONE,,"{'size': 20, 'isBid': True, 'price': 99680, 'data_type': 'DEPTH'}",DEPTH
2025-11-14 02:55:41.565000-05:00,MNQZ5.CME@RITHMIC,6868909519747,SELL,25023.5,20,LIMIT,UPDATE,MNQZ5.CME@RITHMIC_20251113_230640_bedbcb11,NONE,,"{'size': 20, 'price': 100094, 'orderId': '6868909519747', 'event_type': 'REPLACE'}",MBO
2025-11-14 02:55:40.723000-05:00,MNQZ5.CME@RITHMIC,6868909449332,BUY,24965.75,20,LIMIT,UPDATE,MNQZ5.CME@RITHMIC_20251113_230640_bedbcb11,NONE,,"{'size': 20, 'price': 99863, 'orderId': '6868909449332', 'event_type': 'REPLACE'}",MBO
2025-11-14 02:55:39.884000-05:00,MNQZ5.CME@RITHMIC,72971510318600,SELL,25023.5,26,DEPTH,DEPTH,MNQZ5.CME@RITHMIC_20251113_230640_bedbcb11,NONE,,"{'size': 26, 'isBid': False, 'price': 100094, 'data_type': 'DEPTH'}",DEPTH
2025-11-14 02:55:39.882000-05:00,MNQZ5.CME@RITHMIC,72971508590800,SELL,25028.0,24,DEPTH,DEPTH,MNQZ5.CME@RITHMIC_20251113_230640_bedbcb11,NONE,,"{'size': 24, 'isBid': False, 'price': 100112, 'data_type': 'DEPTH'}",DEPTH
2025-11-14 02:55:39.795000-05:00,MNQZ5.CME@RITHMIC,72971421050400,BUY,24988.0,23,DEPTH,DEPTH,MNQZ5.CME@RITHMIC_20251113_230640_bedbcb11,NONE,,"{'size': 23, 'isBid': True, 'price': 99952, 'data_type': 'DEPTH'}",DEPTH
2025-11-14 02:55:39.743000-05:00,MNQZ5.CME@RITHMIC,72971369124500,BUY,24978.25,25,DEPTH,DEPTH,MNQZ5.CME@RITHMIC_20251113_230640_bedbcb11,NONE,,"{'size': 25, 'isBid': True, 'price': 99913, 'data_type': 'DEPTH'}",DEPTH
2025-11-14 02:55:39.739000-05:00,MNQZ5.CME@RITHMIC,72971365313000,BUY,24977.0,153,DEPTH,DEPTH,MNQZ5.CME@RITHMIC_20251113_230640_bedbcb11,NONE,,"{'size': 153, 'isBid': True, 'price': 99908, 'data_type': 'DEPTH'}",DEPTH
2025-11-14 02:55:39.713000-05:00,MNQZ5.CME@RITHMIC,72971339272800,BUY,24965.75,25,DEPTH,DEPTH,MNQZ5.CME@RITHMIC_20251113_230640_bedbcb11,NONE,,"{'size': 25, 'isBid': True, 'price': 99863, 'data_type': 'DEPTH'}",DEPTH
2025-11-14 02:55:39.708000-05:00,MNQZ5.CME@RITHMIC,72971334217500,BUY,24920.0,22,DEPTH,DEPTH,MNQZ5.CME@RITHMIC_20251113_230640_bedbcb11,NONE,,"{'size': 22, 'isBid': True, 'price': 99680, 'data_type': 'DEPTH'}",DEPTH
2025-11-14 02:55:39.672000-05:00,MNQZ5.CME@RITHMIC,72971298110000,BUY,24900.0,119,DEPTH,DEPTH,MNQZ5.CME@RITHMIC_20251113_230640_bedbcb11,NONE,,"{'size': 119, 'isBid': True, 'price': 99600, 'data_type': 'DEPTH'}",DEPTH
2025-11-14 02:55:39.668000-05:00,MNQZ5.CME@RITHMIC,72971294671300,BUY,24850.0,45,DEPTH,DEPTH,MNQZ5.CME@RITHMIC_20251113_230640_bedbcb11,NONE,,"{'size': 45, 'isBid': True, 'price': 99400, 'data_type': 'DEPTH'}",DEPTH
2025-11-14 02:55:38.341000-05:00,MNQZ5.CME@RITHMIC,72969967329900,SELL,25021.25,24,DEPTH,DEPTH,MNQZ5.CME@RITHMIC_20251113_230640_bedbcb11,NONE,,"{'size': 24, 'isBid': False, 'price': 100085, 'data_type': 'DEPTH'}",DEPTH
2025-11-14 02:55:38.338000-05:00,MNQZ5.CME@RITHMIC,6868909519747,SELL,25021.25,20,LIMIT,UPDATE,MNQZ5.CME@RITHMIC_20251113_230640_bedbcb11,NONE,,"{'size': 20, 'price': 100085, 'orderId': '6868909519747', 'event_type': 'REPLACE'}",MBO
2025-11-14 02:55:27.018000-05:00,MNQZ5.CME@RITHMIC,6868909519747,SELL,25023.5,20,LIMIT,UPDATE,MNQZ5.CME@RITHMIC_20251113_230640_bedbcb11,NONE,,"{'size': 20, 'price': 100094, 'orderId': '6868909519747', 'event_type': 'REPLACE'}",MBO
2025-11-14 02:55:25.946000-05:00,MNQZ5.CME@RITHMIC,6868909449332,BUY,24963.5,20,LIMIT,UPDATE,MNQZ5.CME@RITHMIC_20251113_230640_bedbcb11,NONE,,"{'size': 20, 'price': 99854, 'orderId': '6868909449332', 'event_type': 'REPLACE'}",MBO
2025-11-14 02:55:24.773000-05:00,MNQZ5.CME@RITHMIC,72956398924400,SELL,25023.5,26,DEPTH,DEPTH,MNQZ5.CME@RITHMIC_20251113_230640_bedbcb11,NONE,,"{'size': 26, 'isBid': False, 'price': 100094, 'data_type': 'DEPTH'}",DEPTH
2025-11-14 02:55:24.628000-05:00,MNQZ5.CME@RITHMIC,72956254142200,BUY,24963.5,24,DEPTH,DEPTH,MNQZ5.CME@RITHMIC_20251113_230640_bedbcb11,NONE,,"{'size': 24, 'isBid': True, 'price': 99854, 'data_type': 'DEPTH'}",DEPTH
2025-11-14 02:55:24.620000-05:00,MNQZ5.CME@RITHMIC,72956245634700,BUY,24940.0,41,DEPTH,DEPTH,MNQZ5.CME@RITHMIC_20251113_230640_bedbcb11,NONE,,"{'size': 41, 'isBid': True, 'price': 99760, 'data_type': 'DEPTH'}",DEPTH
2025-11-14 02:55:24.582000-05:00,MNQZ5.CME@RITHMIC,72956207983000,BUY,24900.0,118,DEPTH,DEPTH,MNQZ5.CME@RITHMIC_20251113_230640_bedbcb11,NONE,,"{'size': 118, 'isBid': True, 'price': 99600, 'data_type': 'DEPTH'}",DEPTH
2025-11-14 02:55:24.579000-05:00,MNQZ5.CME@RITHMIC,72956205876000,BUY,24870.0,28,DEPTH,DEPTH,MNQZ5.CME@RITHMIC_20251113_230640_bedbcb11,NONE,,"{'size': 28, 'isBid': True, 'price': 99480, 'data_type': 'DEPTH'}",DEPTH
2025-11-14 02:55:24.578000-05:00,MNQZ5.CME@RITHMIC,72956203778300,BUY,24850.0,46,DEPTH,DEPTH,MNQZ5.CME@RITHMIC_20251113_230640_bedbcb11,NONE,,"{'size': 46, 'isBid': True, 'price': 99400, 'data_type': 'DEPTH'}",DEPTH
2025-11-14 02:55:23.523000-05:00,MNQZ5.CME@RITHMIC,6868909519747,SELL,25023.5,20,LIMIT,ADD,MNQZ5.CME@RITHMIC_20251113_230640_bedbcb11,NONE,,"{'size': 20, 'isBid': False, 'price': 100094, 'orderId': '6868909519747', 'event_type': 'SEND'}",MBO
2025-11-14 02:55:10.979000-05:00,MNQZ5.CME@RITHMIC,6868909449332,BUY,24965.75,20,LIMIT,UPDATE,MNQZ5.CME@RITHMIC_20251113_230640_bedbcb11,NONE,,"{'size': 20, 'price': 99863, 'orderId': '6868909449332', 'event_type': 'REPLACE'}",MBO
2025-11-14 02:55:08.191000-05:00,MNQZ5.CME@RITHMIC,72939817323400,SELL,25023.5,26,DEPTH,DEPTH,MNQZ5.CME@RITHMIC_20251113_230640_bedbcb11,NONE,,"{'size': 26, 'isBid': False, 'price': 100094, 'data_type': 'DEPTH'}",DEPTH
2025-11-14 02:55:08.033000-05:00,MNQZ5.CME@RITHMIC,72939658944800,BUY,24988.0,22,DEPTH,DEPTH,MNQZ5.CME@RITHMIC_20251113_230640_bedbcb11,NONE,,"{'size': 22, 'isBid': True, 'price': 99952, 'data_type': 'DEPTH'}",DEPTH
2025-11-14 02:55:07.989000-05:00,MNQZ5.CME@RITHMIC,72939615579400,BUY,24978.25,25,DEPTH,DEPTH,MNQZ5.CME@RITHMIC_20251113_230640_bedbcb11,NONE,,"{'size': 25, 'isBid': True, 'price': 99913, 'data_type': 'DEPTH'}",DEPTH
2025-11-14 02:55:07.988000-05:00,MNQZ5.CME@RITHMIC,72939614116000,BUY,24977.0,153,DEPTH,DEPTH,MNQZ5.CME@RITHMIC_20251113_230640_bedbcb11,NONE,,"{'size': 153, 'isBid': True, 'price': 99908, 'data_type': 'DEPTH'}",DEPTH
2025-11-14 02:55:07.951000-05:00,MNQZ5.CME@RITHMIC,72939576903900,BUY,24965.75,25,DEPTH,DEPTH,MNQZ5.CME@RITHMIC_20251113_230640_bedbcb11,NONE,,"{'size': 25, 'isBid': True, 'price': 99863, 'data_type': 'DEPTH'}",DEPTH
2025-11-14 02:55:07.925000-05:00,MNQZ5.CME@RITHMIC,72939551116700,BUY,24940.0,41,DEPTH,DEPTH,MNQZ5.CME@RITHMIC_20251113_230640_bedbcb11,NONE,,"{'size': 41, 'isBid': True, 'price': 99760, 'data_type': 'DEPTH'}",DEPTH
2025-11-14 02:55:07.879000-05:00,MNQZ5.CME@RITHMIC,72939505354800,BUY,24900.0,116,DEPTH,DEPTH,MNQZ5.CME@RITHMIC_20251113_230640_bedbcb11,NONE,,"{'size': 116, 'isBid': True, 'price': 99600, 'data_type': 'DEPTH'}",DEPTH
2025-11-14 02:55:07.875000-05:00,MNQZ5.CME@RITHMIC,72939501777400,BUY,24830.0,31,DEPTH,DEPTH,MNQZ5.CME@RITHMIC_20251113_230640_bedbcb11,NONE,,"{'size': 31, 'isBid': True, 'price': 99320, 'data_type': 'DEPTH'}",DEPTH
2025-11-14 02:54:59.175000-05:00,MNQZ5.CME@RITHMIC,72930801473300,BUY,24963.75,22,DEPTH,DEPTH,MNQZ5.CME@RITHMIC_20251113_230640_bedbcb11,NONE,,"{'size': 22, 'isBid': True, 'price': 99855, 'data_type': 'DEPTH'}",DEPTH
2025-11-14 02:54:59.172000-05:00,MNQZ5.CME@RITHMIC,6868909449332,BUY,24963.75,20,LIMIT,UPDATE,MNQZ5.CME@RITHMIC_20251113_230640_bedbcb11,NONE,,"{'size': 20, 'price': 99855, 'orderId': '6868909449332', 'event_type': 'REPLACE'}",MBO
2025-11-14 02:54:59.169000-05:00,MNQZ5.CME@RITHMIC,72930795923300,BUY,24976.25,20,DEPTH,DEPTH,MNQZ5.CME@RITHMIC_20251113_230640_bedbcb11,NONE,,"{'size': 20, 'isBid': True, 'price': 99905, 'data_type': 'DEPTH'}",DEPTH
2025-11-14 02:54:51.231000-05:00,MNQZ5.CME@RITHMIC,72922857720700,BUY,24966.0,27,DEPTH,DEPTH,MNQZ5.CME@RITHMIC_20251113_230640_bedbcb11,NONE,,"{'size': 27, 'isBid': True, 'price': 99864, 'data_type': 'DEPTH'}",DEPTH
2025-11-14 02:54:51.228000-05:00,MNQZ5.CME@RITHMIC,6868909449332,BUY,24966.0,20,LIMIT,UPDATE,MNQZ5.CME@RITHMIC_20251113_230640_bedbcb11,NONE,,"{'size': 20, 'price': 99864, 'orderId': '6868909449332', 'event_type': 'REPLACE'}",MBO
2025-11-14 02:54:47.400000-05:00,MNQZ5.CME@RITHMIC,6868909449190,SELL,25022.75,20,LIMIT,UPDATE,MNQZ5.CME@RITHMIC_20251113_230640_bedbcb11,NONE,,"{'size': 20, 'price': 100091, 'orderId': '6868909449190', 'event_type': 'REPLACE'}",MBO
2025-11-14 02:54:39.617000-05:00,MNQZ5.CME@RITHMIC,6868909449332,BUY,24963.75,20,LIMIT,UPDATE,MNQZ5.CME@RITHMIC_20251113_230640_bedbcb11,NONE,,"{'size': 20, 'price': 99855, 'orderId': '6868909449332', 'event_type': 'REPLACE'}",MBO
2025-11-14 02:54:38.031000-05:00,MNQZ5.CME@RITHMIC,72909657502400,SELL,25022.75,24,DEPTH,DEPTH,MNQZ5.CME@RITHMIC_20251113_230640_bedbcb11,NONE,,"{'size': 24, 'isBid': False, 'price': 100091, 'data_type': 'DEPTH'}",DEPTH
2025-11-14 02:54:37.871000-05:00,MNQZ5.CME@RITHMIC,72909497342100,BUY,24977.0,156,DEPTH,DEPTH,MNQZ5.CME@RITHMIC_20251113_230640_bedbcb11,NONE,,"{'size': 156, 'isBid': True, 'price': 99908, 'data_type': 'DEPTH'}",DEPTH
2025-11-14 02:54:37.870000-05:00,MNQZ5.CME@RITHMIC,72909495788400,BUY,24976.25,20,DEPTH,DEPTH,MNQZ5.CME@RITHMIC_20251113_230640_bedbcb11,NONE,,"{'size': 20, 'isBid': True, 'price': 99905, 'data_type': 'DEPTH'}",DEPTH
2025-11-14 02:54:37.834000-05:00,MNQZ5.CME@RITHMIC,72909461292900,BUY,24963.75,22,DEPTH,DEPTH,MNQZ5.CME@RITHMIC_20251113_230640_bedbcb11,NONE,,"{'size': 22, 'isBid': True, 'price': 99855, 'data_type': 'DEPTH'}",DEPTH
2025-11-14 02:54:37.816000-05:00,MNQZ5.CME@RITHMIC,72909441749700,BUY,24920.0,23,DEPTH,DEPTH,MNQZ5.CME@RITHMIC_20251113_230640_bedbcb11,NONE,,"{'size': 23, 'isBid': True, 'price': 99680, 'data_type': 'DEPTH'}",DEPTH
2025-11-14 02:54:37.314000-05:00,MNQZ5.CME@RITHMIC,72908939974500,BUY,99978.0,20,TRADE,TRADE,MNQZ5.CME@RITHMIC_20251113_230640_bedbcb11,NONE,,"{'size': 20, 'isOtc': False, 'price': 99978.0, 'data_type': 'TRADE', 'isBidAggressor': False, 'isExecutionEnd': True, 'passiveOrderId': None, 'aggressorOrderId': None, 'isExecutionStart': True, 'serialVersionUID': -5266538964320734421}",TRADE
2025-11-14 02:54:37.279000-05:00,MNQZ5.CME@RITHMIC,72908905327500,SELL,99981.0,29,TRADE,TRADE,MNQZ5.CME@RITHMIC_20251113_230640_bedbcb11,NONE,,"{'size': 29, 'isOtc': False, 'price': 99981.0, 'data_type': 'TRADE', 'isBidAggressor': True, 'isExecutionEnd': True, 'passiveOrderId': None, 'aggressorOrderId': None, 'isExecutionStart': True, 'serialVersionUID': -5266538964320734421}",TRADE
2025-11-14 02:54:33.783000-05:00,MNQZ5.CME@RITHMIC,6868909449190,SELL,25025.0,20,LIMIT,UPDATE,MNQZ5.CME@RITHMIC_20251113_230640_bedbcb11,NONE,,"{'size': 20, 'price': 100100, 'orderId': '6868909449190', 'event_type': 'REPLACE'}",MBO
2025-11-14 02:54:25.768000-05:00,MNQZ5.CME@RITHMIC,6868909449332,BUY,24966.0,20,LIMIT,UPDATE,MNQZ5.CME@RITHMIC_20251113_230640_bedbcb11,NONE,,"{'size': 20, 'price': 99864, 'orderId': '6868909449332', 'event_type': 'REPLACE'}",MBO
2025-11-14 02:54:23.532000-05:00,MNQZ5.CME@RITHMIC,72895158411300,SELL,25025.0,34,DEPTH,DEPTH,MNQZ5.CME@RITHMIC_20251113_230640_bedbcb11,NONE,,"{'size': 34, 'isBid': False, 'price': 100100, 'data_type': 'DEPTH'}",DEPTH
2025-11-14 02:54:23.513000-05:00,MNQZ5.CME@RITHMIC,72895139663400,SELL,25050.0,72,DEPTH,DEPTH,MNQZ5.CME@RITHMIC_20251113_230640_bedbcb11,NONE,,"{'size': 72, 'isBid': False, 'price': 100200, 'data_type': 'DEPTH'}",DEPTH
2025-11-14 02:54:23.322000-05:00,MNQZ5.CME@RITHMIC,72894948504900,BUY,24966.0,27,DEPTH,DEPTH,MNQZ5.CME@RITHMIC_20251113_230640_bedbcb11,NONE,,"{'size': 27, 'isBid': True, 'price': 99864, 'data_type': 'DEPTH'}",DEPTH
2025-11-14 02:54:23.292000-05:00,MNQZ5.CME@RITHMIC,72894918181700,BUY,24920.0,20,DEPTH,DEPTH,MNQZ5.CME@RITHMIC_20251113_230640_bedbcb11,NONE,,"{'size': 20, 'isBid': True, 'price': 99680, 'data_type': 'DEPTH'}",DEPTH
2025-11-14 02:54:22.755000-05:00,MNQZ5.CME@RITHMIC,72894381028800,BUY,99984.0,22,TRADE,TRADE,MNQZ5.CME@RITHMIC_20251113_230640_bedbcb11,NONE,,"{'size': 22, 'isOtc': False, 'price': 99984.0, 'data_type': 'TRADE', 'isBidAggressor': False, 'isExecutionEnd': True, 'passiveOrderId': None, 'aggressorOrderId': None, 'isExecutionStart': True, 'serialVersionUID': -5266538964320734421}",TRADE
2025-11-14 02:54:22.753000-05:00,MNQZ5.CME@RITHMIC,72894378955900,BUY,99988.0,22,TRADE,TRADE,MNQZ5.CME@RITHMIC_20251113_230640_bedbcb11,NONE,,"{'size': 22, 'isOtc': False, 'price': 99988.0, 'data_type': 'TRADE', 'isBidAggressor': False, 'isExecutionEnd': True, 'passiveOrderId': None, 'aggressorOrderId': None, 'isExecutionStart': True, 'serialVersionUID': -5266538964320734421}",TRADE
2025-11-14 02:54:22.720000-05:00,MNQZ5.CME@RITHMIC,72894346307600,BUY,99989.0,24,TRADE,TRADE,MNQZ5.CME@RITHMIC_20251113_230640_bedbcb11,NONE,,"{'size': 24, 'isOtc': False, 'price': 99989.0, 'data_type': 'TRADE', 'isBidAggressor': False, 'isExecutionEnd': True, 'passiveOrderId': None, 'aggressorOrderId': None, 'isExecutionStart': True, 'serialVersionUID': -5266538964320734421}",TRADE
2025-11-14 02:54:20.076000-05:00,MNQZ5.CME@RITHMIC,6868909449190,SELL,25025.0,20,LIMIT,UPDATE,MNQZ5.CME@RITHMIC_20251113_230640_bedbcb11,NONE,,"{'size': 20, 'price': 100100, 'orderId': '6868909449190', 'event_type': 'REPLACE'}",MBO
2025-11-14 02:54:01.613000-05:00,MNQZ5.CME@RITHMIC,6868909449332,BUY,24966.25,20,LIMIT,UPDATE,MNQZ5.CME@RITHMIC_20251113_230640_bedbcb11,NONE,,"{'size': 20, 'price': 99865, 'orderId': '6868909449332', 'event_type': 'REPLACE'}",MBO
2025-11-14 02:53:58.828000-05:00,MNQZ5.CME@RITHMIC,72870454543200,SELL,25025.0,34,DEPTH,DEPTH,MNQZ5.CME@RITHMIC_20251113_230640_bedbcb11,NONE,,"{'size': 34, 'isBid': False, 'price': 100100, 'data_type': 'DEPTH'}",DEPTH
2025-11-14 02:53:58.811000-05:00,MNQZ5.CME@RITHMIC,72870438008900,SELL,25028.0,25,DEPTH,DEPTH,MNQZ5.CME@RITHMIC_20251113_230640_bedbcb11,NONE,,"{'size': 25, 'isBid': False, 'price': 100112, 'data_type': 'DEPTH'}",DEPTH
2025-11-14 02:53:58.684000-05:00,MNQZ5.CME@RITHMIC,72870310499600,SELL,25100.0,62,DEPTH,DEPTH,MNQZ5.CME@RITHMIC_20251113_230640_bedbcb11,NONE,,"{'size': 62, 'isBid': False, 'price': 100400, 'data_type': 'DEPTH'}",DEPTH
2025-11-14 02:53:58.659000-05:00,MNQZ5.CME@RITHMIC,72870285854400,SELL,25290.0,20,DEPTH,DEPTH,MNQZ5.CME@RITHMIC_20251113_230640_bedbcb11,NONE,,"{'size': 20, 'isBid': False, 'price': 101160, 'data_type': 'DEPTH'}",DEPTH
2025-11-14 02:53:58.456000-05:00,MNQZ5.CME@RITHMIC,72870082335100,BUY,24966.25,22,DEPTH,DEPTH,MNQZ5.CME@RITHMIC_20251113_230640_bedbcb11,NONE,,"{'size': 22, 'isBid': True, 'price': 99865, 'data_type': 'DEPTH'}",DEPTH
2025-11-14 02:53:58.444000-05:00,MNQZ5.CME@RITHMIC,72870069528400,BUY,24940.0,42,DEPTH,DEPTH,MNQZ5.CME@RITHMIC_20251113_230640_bedbcb11,NONE,,"{'size': 42, 'isBid': True, 'price': 99760, 'data_type': 'DEPTH'}",DEPTH
2025-11-14 02:53:58.437000-05:00,MNQZ5.CME@RITHMIC,72870064042900,BUY,24930.0,21,DEPTH,DEPTH,MNQZ5.CME@RITHMIC_20251113_230640_bedbcb11,NONE,,"{'size': 21, 'isBid': True, 'price': 99720, 'data_type': 'DEPTH'}",DEPTH
2025-11-14 02:53:58.431000-05:00,MNQZ5.CME@RITHMIC,72870057894900,BUY,24926.0,22,DEPTH,DEPTH,MNQZ5.CME@RITHMIC_20251113_230640_bedbcb11,NONE,,"{'size': 22, 'isBid': True, 'price': 99704, 'data_type': 'DEPTH'}",DEPTH
2025-11-14 02:53:58.392000-05:00,MNQZ5.CME@RITHMIC,72870018625100,BUY,24920.0,23,DEPTH,DEPTH,MNQZ5.CME@RITHMIC_20251113_230640_bedbcb11,NONE,,"{'size': 23, 'isBid': True, 'price': 99680, 'data_type': 'DEPTH'}",DEPTH
2025-11-14 02:53:57.764000-05:00,MNQZ5.CME@RITHMIC,72869390039000,BUY,100007.0,23,TRADE,TRADE,MNQZ5.CME@RITHMIC_20251113_230640_bedbcb11,NONE,,"{'size': 23, 'isOtc': False, 'price': 100007.0, 'data_type': 'TRADE', 'isBidAggressor': False, 'isExecutionEnd': True, 'passiveOrderId': None, 'aggressorOrderId': None, 'isExecutionStart': True, 'serialVersionUID': -5266538964320734421}",TRADE
2025-11-14 02:53:57.735000-05:00,MNQZ5.CME@RITHMIC,72869360969300,SELL,100009.0,21,TRADE,TRADE,MNQZ5.CME@RITHMIC_20251113_230640_bedbcb11,NONE,,"{'size': 21, 'isOtc': False, 'price': 100009.0, 'data_type': 'TRADE', 'isBidAggressor': True, 'isExecutionEnd': True, 'passiveOrderId': None, 'aggressorOrderId': None, 'isExecutionStart': True, 'serialVersionUID': -5266538964320734421}",TRADE
2025-11-14 02:53:57.717000-05:00,MNQZ5.CME@RITHMIC,72869343848200,SELL,100011.0,21,TRADE,TRADE,MNQZ5.CME@RITHMIC_20251113_230640_bedbcb11,NONE,,"{'size': 21, 'isOtc': False, 'price': 100011.0, 'data_type': 'TRADE', 'isBidAggressor': True, 'isExecutionEnd': True, 'passiveOrderId': None, 'aggressorOrderId': None, 'isExecutionStart': True, 'serialVersionUID': -5266538964320734421}",TRADE
2025-11-14 02:53:54.035000-05:00,MNQZ5.CME@RITHMIC,6868909449190,SELL,25031.75,20,LIMIT,UPDATE,MNQZ5.CME@RITHMIC_20251113_230640_bedbcb11,NONE,,"{'size': 20, 'price': 100127, 'orderId': '6868909449190', 'event_type': 'REPLACE'}",MBO
2025-11-14 02:53:33.729000-05:00,MNQZ5.CME@RITHMIC,6868909449332,BUY,24973.0,20,LIMIT,UPDATE,MNQZ5.CME@RITHMIC_20251113_230640_bedbcb11,NONE,,"{'size': 20, 'price': 99892, 'orderId': '6868909449332', 'event_type': 'REPLACE'}",MBO
2025-11-14 02:53:31.487000-05:00,MNQZ5.CME@RITHMIC,72843112881400,SELL,25031.0,24,DEPTH,DEPTH,MNQZ5.CME@RITHMIC_20251113_230640_bedbcb11,NONE,,"{'size': 24, 'isBid': False, 'price': 100124, 'data_type': 'DEPTH'}",DEPTH
2025-11-14 02:53:31.481000-05:00,MNQZ5.CME@RITHMIC,72843107096300,SELL,25031.75,24,DEPTH,DEPTH,MNQZ5.CME@RITHMIC_20251113_230640_bedbcb11,NONE,,"{'size': 24, 'isBid': False, 'price': 100127, 'data_type': 'DEPTH'}",DEPTH
2025-11-14 02:53:31.378000-05:00,MNQZ5.CME@RITHMIC,72843004076500,SELL,25080.0,21,DEPTH,DEPTH,MNQZ5.CME@RITHMIC_20251113_230640_bedbcb11,NONE,,"{'size': 21, 'isBid': False, 'price': 100320, 'data_type': 'DEPTH'}",DEPTH
2025-11-14 02:53:31.316000-05:00,MNQZ5.CME@RITHMIC,72842942175900,SELL,25100.0,63,DEPTH,DEPTH,MNQZ5.CME@RITHMIC_20251113_230640_bedbcb11,NONE,,"{'size': 63, 'isBid': False, 'price': 100400, 'data_type': 'DEPTH'}",DEPTH
2025-11-14 02:53:31.302000-05:00,MNQZ5.CME@RITHMIC,72842928116000,SELL,25290.0,20,DEPTH,DEPTH,MNQZ5.CME@RITHMIC_20251113_230640_bedbcb11,NONE,,"{'size': 20, 'isBid': False, 'price': 101160, 'data_type': 'DEPTH'}",DEPTH
2025-11-14 02:53:31.210000-05:00,MNQZ5.CME@RITHMIC,72842836329100,BUY,25000.0,21,DEPTH,DEPTH,MNQZ5.CME@RITHMIC_20251113_230640_bedbcb11,NONE,,"{'size': 21, 'isBid': True, 'price': 100000, 'data_type': 'DEPTH'}",DEPTH
2025-11-14 02:53:31.092000-05:00,MNQZ5.CME@RITHMIC,72842718620700,BUY,24977.0,155,DEPTH,DEPTH,MNQZ5.CME@RITHMIC_20251113_230640_bedbcb11,NONE,,"{'size': 155, 'isBid': True, 'price': 99908, 'data_type': 'DEPTH'}",DEPTH
2025-11-14 02:53:31.079000-05:00,MNQZ5.CME@RITHMIC,72842705643900,BUY,24973.0,23,DEPTH,DEPTH,MNQZ5.CME@RITHMIC_20251113_230640_bedbcb11,NONE,,"{'size': 23, 'isBid': True, 'price': 99892, 'data_type': 'DEPTH'}",DEPTH
2025-11-14 02:53:31.004000-05:00,MNQZ5.CME@RITHMIC,72842630046600,BUY,24926.0,23,DEPTH,DEPTH,MNQZ5.CME@RITHMIC_20251113_230640_bedbcb11,NONE,,"{'size': 23, 'isBid': True, 'price': 99704, 'data_type': 'DEPTH'}",DEPTH
2025-11-14 02:53:30.966000-05:00,MNQZ5.CME@RITHMIC,72842591648100,BUY,24000.0,45,DEPTH,DEPTH,MNQZ5.CME@RITHMIC_20251113_230640_bedbcb11,NONE,,"{'size': 45, 'isBid': True, 'price': 96000, 'data_type': 'DEPTH'}",DEPTH
2025-11-14 02:53:27.526000-05:00,MNQZ5.CME@RITHMIC,6868909449190,SELL,25040.5,20,LIMIT,UPDATE,MNQZ5.CME@RITHMIC_20251113_230640_bedbcb11,NONE,,"{'size': 20, 'price': 100162, 'orderId': '6868909449190', 'event_type': 'REPLACE'}",MBO
2025-11-14 02:53:13.195000-05:00,MNQZ5.CME@RITHMIC,6868909449332,BUY,24980.25,20,LIMIT,UPDATE,MNQZ5.CME@RITHMIC_20251113_230640_bedbcb11,NONE,,"{'size': 20, 'price': 99921, 'orderId': '6868909449332', 'event_type': 'REPLACE'}",MBO
2025-11-14 02:53:11.653000-05:00,MNQZ5.CME@RITHMIC,72823279557800,SELL,25040.5,22,DEPTH,DEPTH,MNQZ5.CME@RITHMIC_20251113_230640_bedbcb11,NONE,,"{'size': 22, 'isBid': False, 'price': 100162, 'data_type': 'DEPTH'}",DEPTH
2025-11-14 02:53:11.630000-05:00,MNQZ5.CME@RITHMIC,72823256247200,SELL,25050.0,68,DEPTH,DEPTH,MNQZ5.CME@RITHMIC_20251113_230640_bedbcb11,NONE,,"{'size': 68, 'isBid': False, 'price': 100200, 'data_type': 'DEPTH'}",DEPTH
2025-11-14 02:53:11.486000-05:00,MNQZ5.CME@RITHMIC,72823112122000,BUY,25005.0,24,DEPTH,DEPTH,MNQZ5.CME@RITHMIC_20251113_230640_bedbcb11,NONE,,"{'size': 24, 'isBid': True, 'price': 100020, 'data_type': 'DEPTH'}",DEPTH
2025-11-14 02:53:11.377000-05:00,MNQZ5.CME@RITHMIC,72823003052800,BUY,24980.25,24,DEPTH,DEPTH,MNQZ5.CME@RITHMIC_20251113_230640_bedbcb11,NONE,,"{'size': 24, 'isBid': True, 'price': 99921, 'data_type': 'DEPTH'}",DEPTH
2025-11-14 02:53:11.330000-05:00,MNQZ5.CME@RITHMIC,72822956505200,BUY,24940.0,44,DEPTH,DEPTH,MNQZ5.CME@RITHMIC_20251113_230640_bedbcb11,NONE,,"{'size': 44, 'isBid': True, 'price': 99760, 'data_type': 'DEPTH'}",DEPTH
2025-11-14 02:53:07.704000-05:00,MNQZ5.CME@RITHMIC,6868909449190,SELL,25040.5,20,LIMIT,UPDATE,MNQZ5.CME@RITHMIC_20251113_230640_bedbcb11,NONE,,"{'size': 20, 'price': 100162, 'orderId': '6868909449190', 'event_type': 'REPLACE'}",MBO
2025-11-14 02:53:00.813000-05:00,MNQZ5.CME@RITHMIC,6868909449332,BUY,24980.75,20,LIMIT,UPDATE,MNQZ5.CME@RITHMIC_20251113_230640_bedbcb11,NONE,,"{'size': 20, 'price': 99923, 'orderId': '6868909449332', 'event_type': 'REPLACE'}",MBO
2025-11-14 02:52:59.186000-05:00,MNQZ5.CME@RITHMIC,72810812697500,SELL,25014.75,21,DEPTH,DEPTH,MNQZ5.CME@RITHMIC_20251113_230640_bedbcb11,NONE,,"{'size': 21, 'isBid': False, 'price': 100059, 'data_type': 'DEPTH'}",DEPTH
2025-11-14 02:52:59.133000-05:00,MNQZ5.CME@RITHMIC,72810758715700,SELL,25030.0,32,DEPTH,DEPTH,MNQZ5.CME@RITHMIC_20251113_230640_bedbcb11,NONE,,"{'size': 32, 'isBid': False, 'price': 100120, 'data_type': 'DEPTH'}",DEPTH
2025-11-14 02:52:59.096000-05:00,MNQZ5.CME@RITHMIC,72810722249700,SELL,25040.5,22,DEPTH,DEPTH,MNQZ5.CME@RITHMIC_20251113_230640_bedbcb11,NONE,,"{'size': 22, 'isBid': False, 'price': 100162, 'data_type': 'DEPTH'}",DEPTH
2025-11-14 02:52:59.090000-05:00,MNQZ5.CME@RITHMIC,72810716562200,SELL,25050.0,69,DEPTH,DEPTH,MNQZ5.CME@RITHMIC_20251113_230640_bedbcb11,NONE,,"{'size': 69, 'isBid': False, 'price': 100200, 'data_type': 'DEPTH'}",DEPTH
2025-11-14 02:52:59.039000-05:00,MNQZ5.CME@RITHMIC,72810665301400,SELL,25150.0,41,DEPTH,DEPTH,MNQZ5.CME@RITHMIC_20251113_230640_bedbcb11,NONE,,"{'size': 41, 'isBid': False, 'price': 100600, 'data_type': 'DEPTH'}",DEPTH
2025-11-14 02:52:59.038000-05:00,MNQZ5.CME@RITHMIC,72810663804200,SELL,25240.0,42,DEPTH,DEPTH,MNQZ5.CME@RITHMIC_20251113_230640_bedbcb11,NONE,,"{'size': 42, 'isBid': False, 'price': 100960, 'data_type': 'DEPTH'}",DEPTH
2025-11-14 02:52:58.917000-05:00,MNQZ5.CME@RITHMIC,72810543553900,BUY,24980.75,24,DEPTH,DEPTH,MNQZ5.CME@RITHMIC_20251113_230640_bedbcb11,NONE,,"{'size': 24, 'isBid': True, 'price': 99923, 'data_type': 'DEPTH'}",DEPTH
2025-11-14 02:52:54.927000-05:00,MNQZ5.CME@RITHMIC,6868909449190,SELL,25040.5,20,LIMIT,UPDATE,MNQZ5.CME@RITHMIC_20251113_230640_bedbcb11,NONE,,"{'size': 20, 'price': 100162, 'orderId': '6868909449190', 'event_type': 'REPLACE'}",MBO
2025-11-14 02:52:44.191000-05:00,MNQZ5.CME@RITHMIC,6868909449332,BUY,24983.0,20,LIMIT,UPDATE,MNQZ5.CME@RITHMIC_20251113_230640_bedbcb11,NONE,,"{'size': 20, 'price': 99932, 'orderId': '6868909449332', 'event_type': 'REPLACE'}",MBO
2025-11-14 02:52:42.526000-05:00,MNQZ5.CME@RITHMIC,72794152299000,SELL,25031.0,25,DEPTH,DEPTH,MNQZ5.CME@RITHMIC_20251113_230640_bedbcb11,NONE,,"{'size': 25, 'isBid': False, 'price': 100124, 'data_type': 'DEPTH'}",DEPTH
2025-11-14 02:52:42.485000-05:00,MNQZ5.CME@RITHMIC,72794111473400,SELL,25040.5,22,DEPTH,DEPTH,MNQZ5.CME@RITHMIC_20251113_230640_bedbcb11,NONE,,"{'size': 22, 'isBid': False, 'price': 100162, 'data_type': 'DEPTH'}",DEPTH
2025-11-14 02:52:42.241000-05:00,MNQZ5.CME@RITHMIC,72793867260500,BUY,24983.0,23,DEPTH,DEPTH,MNQZ5.CME@RITHMIC_20251113_230640_bedbcb11,NONE,,"{'size': 23, 'isBid': True, 'price': 99932, 'data_type': 'DEPTH'}",DEPTH
2025-11-14 02:52:41.625000-05:00,MNQZ5.CME@RITHMIC,72793250927000,BUY,100049.0,30,TRADE,TRADE,MNQZ5.CME@RITHMIC_20251113_230640_bedbcb11,NONE,,"{'size': 30, 'isOtc': False, 'price': 100049.0, 'data_type': 'TRADE', 'isBidAggressor': False, 'isExecutionEnd': True, 'passiveOrderId': None, 'aggressorOrderId': None, 'isExecutionStart': True, 'serialVersionUID': -5266538964320734421}",TRADE
2025-11-14 02:52:41.611000-05:00,MNQZ5.CME@RITHMIC,72793237081500,BUY,100050.0,23,TRADE,TRADE,MNQZ5.CME@RITHMIC_20251113_230640_bedbcb11,NONE,,"{'size': 23, 'isOtc': False, 'price': 100050.0, 'data_type': 'TRADE', 'isBidAggressor': False, 'isExecutionEnd': True, 'passiveOrderId': None, 'aggressorOrderId': None, 'isExecutionStart': True, 'serialVersionUID': -5266538964320734421}",TRADE
2025-11-14 02:52:41.553000-05:00,MNQZ5.CME@RITHMIC,72793179014900,SELL,100058.0,24,TRADE,TRADE,MNQZ5.CME@RITHMIC_20251113_230640_bedbcb11,NONE,,"{'size': 24, 'isOtc': False, 'price': 100058.0, 'data_type': 'TRADE', 'isBidAggressor': True, 'isExecutionEnd': True, 'passiveOrderId': None, 'aggressorOrderId': None, 'isExecutionStart': True, 'serialVersionUID': -5266538964320734421}",TRADE
2025-11-14 02:52:41.073000-05:00,MNQZ5.CME@RITHMIC,6868909453715,SELL,25031.0,20,LIMIT,ADD,MNQZ5.CME@RITHMIC_20251113_230640_bedbcb11,NONE,,"{'size': 20, 'isBid': False, 'price': 100124, 'orderId': '6868909453715', 'event_type': 'SEND'}",MBO
2025-11-14 02:52:37.269000-05:00,MNQZ5.CME@RITHMIC,6868909449190,SELL,25040.5,20,LIMIT,UPDATE,MNQZ5.CME@RITHMIC_20251113_230640_bedbcb11,NONE,,"{'size': 20, 'price': 100162, 'orderId': '6868909449190', 'event_type': 'REPLACE'}",MBO
2025-11-14 02:52:27.499000-05:00,MNQZ5.CME@RITHMIC,6868909449332,BUY,24980.75,20,LIMIT,UPDATE,MNQZ5.CME@RITHMIC_20251113_230640_bedbcb11,NONE,,"{'size': 20, 'price': 99923, 'orderId': '6868909449332', 'event_type': 'REPLACE'}",MBO
2025-11-14 02:52:24.546000-05:00,MNQZ5.CME@RITHMIC,72776172628200,SELL,25020.0,20,DEPTH,DEPTH,MNQZ5.CME@RITHMIC_20251113_230640_bedbcb11,NONE,,"{'size': 20, 'isBid': False, 'price': 100080, 'data_type': 'DEPTH'}",DEPTH
2025-11-14 02:52:24.484000-05:00,MNQZ5.CME@RITHMIC,72776110269000,SELL,25031.0,28,DEPTH,DEPTH,MNQZ5.CME@RITHMIC_20251113_230640_bedbcb11,NONE,,"{'size': 28, 'isBid': False, 'price': 100124, 'data_type': 'DEPTH'}",DEPTH
2025-11-14 02:52:24.433000-05:00,MNQZ5.CME@RITHMIC,72776059409800,SELL,25040.5,22,DEPTH,DEPTH,MNQZ5.CME@RITHMIC_20251113_230640_bedbcb11,NONE,,"{'size': 22, 'isBid': False, 'price': 100162, 'data_type': 'DEPTH'}",DEPTH
2025-11-14 02:52:24.391000-05:00,MNQZ5.CME@RITHMIC,72776017737500,SELL,25080.0,24,DEPTH,DEPTH,MNQZ5.CME@RITHMIC_20251113_230640_bedbcb11,NONE,,"{'size': 24, 'isBid': False, 'price': 100320, 'data_type': 'DEPTH'}",DEPTH
2025-11-14 02:52:24.337000-05:00,MNQZ5.CME@RITHMIC,72775963789200,SELL,25100.0,44,DEPTH,DEPTH,MNQZ5.CME@RITHMIC_20251113_230640_bedbcb11,NONE,,"{'size': 44, 'isBid': False, 'price': 100400, 'data_type': 'DEPTH'}",DEPTH
2025-11-14 02:52:24.327000-05:00,MNQZ5.CME@RITHMIC,72775953426800,SELL,25150.0,43,DEPTH,DEPTH,MNQZ5.CME@RITHMIC_20251113_230640_bedbcb11,NONE,,"{'size': 43, 'isBid': False, 'price': 100600, 'data_type': 'DEPTH'}",DEPTH
2025-11-14 02:52:24.320000-05:00,MNQZ5.CME@RITHMIC,72775946220300,SELL,25250.0,70,DEPTH,DEPTH,MNQZ5.CME@RITHMIC_20251113_230640_bedbcb11,NONE,,"{'size': 70, 'isBid': False, 'price': 101000, 'data_type': 'DEPTH'}",DEPTH
2025-11-14 02:52:24.316000-05:00,MNQZ5.CME@RITHMIC,72775942413300,SELL,25300.0,88,DEPTH,DEPTH,MNQZ5.CME@RITHMIC_20251113_230640_bedbcb11,NONE,,"{'size': 88, 'isBid': False, 'price': 101200, 'data_type': 'DEPTH'}",DEPTH
2025-11-14 02:52:24.145000-05:00,MNQZ5.CME@RITHMIC,72775771230100,BUY,24980.75,24,DEPTH,DEPTH,MNQZ5.CME@RITHMIC_20251113_230640_bedbcb11,NONE,,"{'size': 24, 'isBid': True, 'price': 99923, 'data_type': 'DEPTH'}",DEPTH
2025-11-14 02:52:24.124000-05:00,MNQZ5.CME@RITHMIC,72775750640200,BUY,24940.0,44,DEPTH,DEPTH,MNQZ5.CME@RITHMIC_20251113_230640_bedbcb11,NONE,,"{'size': 44, 'isBid': True, 'price': 99760, 'data_type': 'DEPTH'}",DEPTH
2025-11-14 02:52:24.073000-05:00,MNQZ5.CME@RITHMIC,72775699922000,BUY,24920.0,20,DEPTH,DEPTH,MNQZ5.CME@RITHMIC_20251113_230640_bedbcb11,NONE,,"{'size': 20, 'isBid': True, 'price': 99680, 'data_type': 'DEPTH'}",DEPTH
2025-11-14 02:52:24.072000-05:00,MNQZ5.CME@RITHMIC,72775698297700,BUY,24880.0,29,DEPTH,DEPTH,MNQZ5.CME@RITHMIC_20251113_230640_bedbcb11,NONE,,"{'size': 29, 'isBid': True, 'price': 99520, 'data_type': 'DEPTH'}",DEPTH
2025-11-14 02:52:23.608000-05:00,MNQZ5.CME@RITHMIC,72775233989600,BUY,100068.0,85,TRADE,TRADE,MNQZ5.CME@RITHMIC_20251113_230640_bedbcb11,NONE,,"{'size': 85, 'isOtc': False, 'price': 100068.0, 'data_type': 'TRADE', 'isBidAggressor': False, 'isExecutionEnd': True, 'passiveOrderId': None, 'aggressorOrderId': None, 'isExecutionStart': True, 'serialVersionUID': -5266538964320734421}",TRADE
2025-11-14 02:52:23.592000-05:00,MNQZ5.CME@RITHMIC,72775217941400,BUY,100053.0,23,TRADE,TRADE,MNQZ5.CME@RITHMIC_20251113_230640_bedbcb11,NONE,,"{'size': 23, 'isOtc': False, 'price': 100053.0, 'data_type': 'TRADE', 'isBidAggressor': False, 'isExecutionEnd': True, 'passiveOrderId': None, 'aggressorOrderId': None, 'isExecutionStart': True, 'serialVersionUID': -5266538964320734421}",TRADE
2025-11-14 02:52:23.583000-05:00,MNQZ5.CME@RITHMIC,72775209567300,BUY,100058.0,21,TRADE,TRADE,MNQZ5.CME@RITHMIC_20251113_230640_bedbcb11,NONE,,"{'size': 21, 'isOtc': False, 'price': 100058.0, 'data_type': 'TRADE', 'isBidAggressor': False, 'isExecutionEnd': True, 'passiveOrderId': None, 'aggressorOrderId': None, 'isExecutionStart': True, 'serialVersionUID': -5266538964320734421}",TRADE
2025-11-14 02:52:23.564000-05:00,MNQZ5.CME@RITHMIC,72775190326300,BUY,100067.0,21,TRADE,TRADE,MNQZ5.CME@RITHMIC_20251113_230640_bedbcb11,NONE,,"{'size': 21, 'isOtc': False, 'price': 100067.0, 'data_type': 'TRADE', 'isBidAggressor': False, 'isExecutionEnd': True, 'passiveOrderId': None, 'aggressorOrderId': None, 'isExecutionStart': True, 'serialVersionUID': -5266538964320734421}",TRADE
2025-11-14 02:52:23.551000-05:00,MNQZ5.CME@RITHMIC,72775176846700,SELL,100072.0,21,TRADE,TRADE,MNQZ5.CME@RITHMIC_20251113_230640_bedbcb11,NONE,,"{'size': 21, 'isOtc': False, 'price': 100072.0, 'data_type': 'TRADE', 'isBidAggressor': True, 'isExecutionEnd': True, 'passiveOrderId': None, 'aggressorOrderId': None, 'isExecutionStart': True, 'serialVersionUID': -5266538964320734421}",TRADE
2025-11-14 02:52:23.549000-05:00,MNQZ5.CME@RITHMIC,72775174869700,SELL,100068.0,23,TRADE,TRADE,MNQZ5.CME@RITHMIC_20251113_230640_bedbcb11,NONE,,"{'size': 23, 'isOtc': False, 'price': 100068.0, 'data_type': 'TRADE', 'isBidAggressor': True, 'isExecutionEnd': True, 'passiveOrderId': None, 'aggressorOrderId': None, 'isExecutionStart': True, 'serialVersionUID': -5266538964320734421}",TRADE
2025-11-14 02:52:23.546000-05:00,MNQZ5.CME@RITHMIC,72775172901500,SELL,100064.0,43,TRADE,TRADE,MNQZ5.CME@RITHMIC_20251113_230640_bedbcb11,NONE,,"{'size': 43, 'isOtc': False, 'price': 100064.0, 'data_type': 'TRADE', 'isBidAggressor': True, 'isExecutionEnd': True, 'passiveOrderId': None, 'aggressorOrderId': None, 'isExecutionStart': True, 'serialVersionUID': -5266538964320734421}",TRADE
2025-11-14 02:52:23.545000-05:00,MNQZ5.CME@RITHMIC,72775170897800,SELL,100060.0,41,TRADE,TRADE,MNQZ5.CME@RITHMIC_20251113_230640_bedbcb11,NONE,,"{'size': 41, 'isOtc': False, 'price': 100060.0, 'data_type': 'TRADE', 'isBidAggressor': True, 'isExecutionEnd': True, 'passiveOrderId': None, 'aggressorOrderId': None, 'isExecutionStart': True, 'serialVersionUID': -5266538964320734421}",TRADE
2025-11-14 02:52:23.530000-05:00,MNQZ5.CME@RITHMIC,72775156505500,SELL,100069.0,40,TRADE,TRADE,MNQZ5.CME@RITHMIC_20251113_230640_bedbcb11,NONE,,"{'size': 40, 'isOtc': False, 'price': 100069.0, 'data_type': 'TRADE', 'isBidAggressor': True, 'isExecutionEnd': True, 'passiveOrderId': None, 'aggressorOrderId': None, 'isExecutionStart': True, 'serialVersionUID': -5266538964320734421}",TRADE
2025-11-14 02:52:23.528000-05:00,MNQZ5.CME@RITHMIC,72775154397600,SELL,100065.0,49,TRADE,TRADE,MNQZ5.CME@RITHMIC_20251113_230640_bedbcb11,NONE,,"{'size': 49, 'isOtc': False, 'price': 100065.0, 'data_type': 'TRADE', 'isBidAggressor': True, 'isExecutionEnd': True, 'passiveOrderId': None, 'aggressorOrderId': None, 'isExecutionStart': True, 'serialVersionUID': -5266538964320734421}",TRADE
2025-11-14 02:52:23.526000-05:00,MNQZ5.CME@RITHMIC,72775151841700,SELL,100061.0,20,TRADE,TRADE,MNQZ5.CME@RITHMIC_20251113_230640_bedbcb11,NONE,,"{'size': 20, 'isOtc': False, 'price': 100061.0, 'data_type': 'TRADE', 'isBidAggressor': True, 'isExecutionEnd': True, 'passiveOrderId': None, 'aggressorOrderId': None, 'isExecutionStart': True, 'serialVersionUID': -5266538964320734421}",TRADE
2025-11-14 02:52:23.508000-05:00,MNQZ5.CME@RITHMIC,72775134210800,SELL,100066.0,27,TRADE,TRADE,MNQZ5.CME@RITHMIC_20251113_230640_bedbcb11,NONE,,"{'size': 27, 'isOtc': False, 'price': 100066.0, 'data_type': 'TRADE', 'isBidAggressor': True, 'isExecutionEnd': True, 'passiveOrderId': None, 'aggressorOrderId': None, 'isExecutionStart': True, 'serialVersionUID': -5266538964320734421}",TRADE
2025-11-14 02:52:23.506000-05:00,MNQZ5.CME@RITHMIC,72775131951200,SELL,100062.0,21,TRADE,TRADE,MNQZ5.CME@RITHMIC_20251113_230640_bedbcb11,NONE,,"{'size': 21, 'isOtc': False, 'price': 100062.0, 'data_type': 'TRADE', 'isBidAggressor': True, 'isExecutionEnd': True, 'passiveOrderId': None, 'aggressorOrderId': None, 'isExecutionStart': True, 'serialVersionUID': -5266538964320734421}",TRADE
2025-11-14 02:52:23.484000-05:00,MNQZ5.CME@RITHMIC,72775110634400,SELL,100063.0,29,TRADE,TRADE,MNQZ5.CME@RITHMIC_20251113_230640_bedbcb11,NONE,,"{'size': 29, 'isOtc': False, 'price': 100063.0, 'data_type': 'TRADE', 'isBidAggressor': True, 'isExecutionEnd': True, 'passiveOrderId': None, 'aggressorOrderId': None, 'isExecutionStart': True, 'serialVersionUID': -5266538964320734421}",TRADE
2025-11-14 02:52:23.475000-05:00,MNQZ5.CME@RITHMIC,72775101164100,SELL,100059.0,27,TRADE,TRADE,MNQZ5.CME@RITHMIC_20251113_230640_bedbcb11,NONE,,"{'size': 27, 'isOtc': False, 'price': 100059.0, 'data_type': 'TRADE', 'isBidAggressor': True, 'isExecutionEnd': True, 'passiveOrderId': None, 'aggressorOrderId': None, 'isExecutionStart': True, 'serialVersionUID': -5266538964320734421}",TRADE
2025-11-14 02:52:23.333000-05:00,MNQZ5.CME@RITHMIC,6868909449190,SELL,25044.5,20,LIMIT,ADD,MNQZ5.CME@RITHMIC_20251113_230640_bedbcb11,NONE,,"{'size': 20, 'isBid': False, 'price': 100178, 'orderId': '6868909449190', 'event_type': 'SEND'}",MBO
2025-11-14 02:52:22.603000-05:00,MNQZ5.CME@RITHMIC,6868909449332,BUY,24987.75,20,LIMIT,ADD,MNQZ5.CME@RITHMIC_20251113_230640_bedbcb11,NONE,,"{'size': 20, 'isBid': True, 'price': 99951, 'orderId': '6868909449332', 'event_type': 'SEND'}",MBO
2025-11-14 02:51:57.795000-05:00,MNQZ5.CME@RITHMIC,72749420901200,SELL,25020.0,27,DEPTH,DEPTH,MNQZ5.CME@RITHMIC_20251113_230640_bedbcb11,NONE,,"{'size': 27, 'isBid': False, 'price': 100080, 'data_type': 'DEPTH'}",DEPTH
2025-11-14 02:51:57.657000-05:00,MNQZ5.CME@RITHMIC,72749283167100,SELL,25044.5,22,DEPTH,DEPTH,MNQZ5.CME@RITHMIC_20251113_230640_bedbcb11,NONE,,"{'size': 22, 'isBid': False, 'price': 100178, 'data_type': 'DEPTH'}",DEPTH
2025-11-14 02:51:57.569000-05:00,MNQZ5.CME@RITHMIC,72749195706400,SELL,25160.0,20,DEPTH,DEPTH,MNQZ5.CME@RITHMIC_20251113_230640_bedbcb11,NONE,,"{'size': 20, 'isBid': False, 'price': 100640, 'data_type': 'DEPTH'}",DEPTH
2025-11-14 02:51:57.557000-05:00,MNQZ5.CME@RITHMIC,72749182993200,SELL,25300.0,89,DEPTH,DEPTH,MNQZ5.CME@RITHMIC_20251113_230640_bedbcb11,NONE,,"{'size': 89, 'isBid': False, 'price': 101200, 'data_type': 'DEPTH'}",DEPTH
2025-11-14 02:51:57.368000-05:00,MNQZ5.CME@RITHMIC,72748994274700,BUY,24987.75,23,DEPTH,DEPTH,MNQZ5.CME@RITHMIC_20251113_230640_bedbcb11,NONE,,"{'size': 23, 'isBid': True, 'price': 99951, 'data_type': 'DEPTH'}",DEPTH
2025-11-14 02:51:57.237000-05:00,MNQZ5.CME@RITHMIC,72748863335300,BUY,24940.0,44,DEPTH,DEPTH,MNQZ5.CME@RITHMIC_20251113_230640_bedbcb11,NONE,,"{'size': 44, 'isBid': True, 'price': 99760, 'data_type': 'DEPTH'}",DEPTH
2025-11-14 02:51:57.194000-05:00,MNQZ5.CME@RITHMIC,72748820399200,BUY,24920.0,27,DEPTH,DEPTH,MNQZ5.CME@RITHMIC_20251113_230640_bedbcb11,NONE,,"{'size': 27, 'isBid': True, 'price': 99680, 'data_type': 'DEPTH'}",DEPTH
2025-11-14 02:51:57.188000-05:00,MNQZ5.CME@RITHMIC,72748814573100,BUY,24900.0,117,DEPTH,DEPTH,MNQZ5.CME@RITHMIC_20251113_230640_bedbcb11,NONE,,"{'size': 117, 'isBid': True, 'price': 99600, 'data_type': 'DEPTH'}",DEPTH
2025-11-14 02:51:57.185000-05:00,MNQZ5.CME@RITHMIC,72748810915400,BUY,24880.0,32,DEPTH,DEPTH,MNQZ5.CME@RITHMIC_20251113_230640_bedbcb11,NONE,,"{'size': 32, 'isBid': True, 'price': 99520, 'data_type': 'DEPTH'}",DEPTH
2025-11-14 02:51:57.159000-05:00,MNQZ5.CME@RITHMIC,72748785954800,BUY,24500.0,80,DEPTH,DEPTH,MNQZ5.CME@RITHMIC_20251113_230640_bedbcb11,NONE,,"{'size': 80, 'isBid': True, 'price': 98000, 'data_type': 'DEPTH'}",DEPTH
2025-11-14 02:51:56.705000-05:00,MNQZ5.CME@RITHMIC,72748330936200,BUY,100024.0,22,TRADE,TRADE,MNQZ5.CME@RITHMIC_20251113_230640_bedbcb11,NONE,,"{'size': 22, 'isOtc': False, 'price': 100024.0, 'data_type': 'TRADE', 'isBidAggressor': False, 'isExecutionEnd': True, 'passiveOrderId': None, 'aggressorOrderId': None, 'isExecutionStart': True, 'serialVersionUID': -5266538964320734421}",TRADE
2025-11-14 02:51:56.696000-05:00,MNQZ5.CME@RITHMIC,72748322424100,BUY,100029.0,27,TRADE,TRADE,MNQZ5.CME@RITHMIC_20251113_230640_bedbcb11,NONE,,"{'size': 27, 'isOtc': False, 'price': 100029.0, 'data_type': 'TRADE', 'isBidAggressor': False, 'isExecutionEnd': True, 'passiveOrderId': None, 'aggressorOrderId': None, 'isExecutionStart': True, 'serialVersionUID': -5266538964320734421}",TRADE
2025-11-14 02:51:56.639000-05:00,MNQZ5.CME@RITHMIC,72748265789000,SELL,100032.0,28,TRADE,TRADE,MNQZ5.CME@RITHMIC_20251113_230640_bedbcb11,NONE,,"{'size': 28, 'isOtc': False, 'price': 100032.0, 'data_type': 'TRADE', 'isBidAggressor': True, 'isExecutionEnd': True, 'passiveOrderId': None, 'aggressorOrderId': None, 'isExecutionStart': True, 'serialVersionUID': -5266538964320734421}",TRADE
2025-11-14 02:51:56.637000-05:00,MNQZ5.CME@RITHMIC,72748263405300,SELL,100028.0,23,TRADE,TRADE,MNQZ5.CME@RITHMIC_20251113_230640_bedbcb11,NONE,,"{'size': 23, 'isOtc': False, 'price': 100028.0, 'data_type': 'TRADE', 'isBidAggressor': True, 'isExecutionEnd': True, 'passiveOrderId': None, 'aggressorOrderId': None, 'isExecutionStart': True, 'serialVersionUID': -5266538964320734421}",TRADE
2025-11-14 02:51:52.116000-05:00,MNQZ5.CME@RITHMIC,6868909311158,SELL,25039.75,20,LIMIT,UPDATE,MNQZ5.CME@RITHMIC_20251113_230640_bedbcb11,NONE,,"{'size': 20, 'price': 100159, 'orderId': '6868909311158', 'event_type': 'REPLACE'}",MBO
2025-11-14 02:51:43.759000-05:00,MNQZ5.CME@RITHMIC,6868909353165,BUY,24981.25,20,LIMIT,UPDATE,MNQZ5.CME@RITHMIC_20251113_230640_bedbcb11,NONE,,"{'size': 20, 'price': 99925, 'orderId': '6868909353165', 'event_type': 'REPLACE'}",MBO
2025-11-14 02:51:37.039000-05:00,MNQZ5.CME@RITHMIC,72728665690600,SELL,25039.75,23,DEPTH,DEPTH,MNQZ5.CME@RITHMIC_20251113_230640_bedbcb11,NONE,,"{'size': 23, 'isBid': False, 'price': 100159, 'data_type': 'DEPTH'}",DEPTH
2025-11-14 02:51:36.967000-05:00,MNQZ5.CME@RITHMIC,72728593538700,SELL,25228.0,25,DEPTH,DEPTH,MNQZ5.CME@RITHMIC_20251113_230640_bedbcb11,NONE,,"{'size': 25, 'isBid': False, 'price': 100912, 'data_type': 'DEPTH'}",DEPTH
2025-11-14 02:51:36.903000-05:00,MNQZ5.CME@RITHMIC,72728528920800,BUY,25003.5,21,DEPTH,DEPTH,MNQZ5.CME@RITHMIC_20251113_230640_bedbcb11,NONE,,"{'size': 21, 'isBid': True, 'price': 100014, 'data_type': 'DEPTH'}",DEPTH
2025-11-14 02:51:36.804000-05:00,MNQZ5.CME@RITHMIC,72728429978300,BUY,24981.25,28,DEPTH,DEPTH,MNQZ5.CME@RITHMIC_20251113_230640_bedbcb11,NONE,,"{'size': 28, 'isBid': True, 'price': 99925, 'data_type': 'DEPTH'}",DEPTH
2025-11-14 02:51:36.740000-05:00,MNQZ5.CME@RITHMIC,72728365952000,BUY,24940.0,44,DEPTH,DEPTH,MNQZ5.CME@RITHMIC_20251113_230640_bedbcb11,NONE,,"{'size': 44, 'isBid': True, 'price': 99760, 'data_type': 'DEPTH'}",DEPTH
2025-11-14 02:51:36.681000-05:00,MNQZ5.CME@RITHMIC,72728306983800,BUY,24830.0,28,DEPTH,DEPTH,MNQZ5.CME@RITHMIC_20251113_230640_bedbcb11,NONE,,"{'size': 28, 'isBid': True, 'price': 99320, 'data_type': 'DEPTH'}",DEPTH
2025-11-14 02:51:36.064000-05:00,MNQZ5.CME@RITHMIC,72727690029900,SELL,100024.0,23,TRADE,TRADE,MNQZ5.CME@RITHMIC_20251113_230640_bedbcb11,NONE,,"{'size': 23, 'isOtc': False, 'price': 100024.0, 'data_type': 'TRADE', 'isBidAggressor': True, 'isExecutionEnd': True, 'passiveOrderId': None, 'aggressorOrderId': None, 'isExecutionStart': True, 'serialVersionUID': -5266538964320734421}",TRADE
2025-11-14 02:51:36.062000-05:00,MNQZ5.CME@RITHMIC,72727687813000,SELL,100020.0,22,TRADE,TRADE,MNQZ5.CME@RITHMIC_20251113_230640_bedbcb11,NONE,,"{'size': 22, 'isOtc': False, 'price': 100020.0, 'data_type': 'TRADE', 'isBidAggressor': True, 'isExecutionEnd': True, 'passiveOrderId': None, 'aggressorOrderId': None, 'isExecutionStart': True, 'serialVersionUID': -5266538964320734421}",TRADE
2025-11-14 02:51:36.041000-05:00,MNQZ5.CME@RITHMIC,72727667436700,SELL,100021.0,32,TRADE,TRADE,MNQZ5.CME@RITHMIC_20251113_230640_bedbcb11,NONE,,"{'size': 32, 'isOtc': False, 'price': 100021.0, 'data_type': 'TRADE', 'isBidAggressor': True, 'isExecutionEnd': True, 'passiveOrderId': None, 'aggressorOrderId': None, 'isExecutionStart': True, 'serialVersionUID': -5266538964320734421}",TRADE
2025-11-14 02:51:36.028000-05:00,MNQZ5.CME@RITHMIC,72727653996200,SELL,100022.0,21,TRADE,TRADE,MNQZ5.CME@RITHMIC_20251113_230640_bedbcb11,NONE,,"{'size': 21, 'isOtc': False, 'price': 100022.0, 'data_type': 'TRADE', 'isBidAggressor': True, 'isExecutionEnd': True, 'passiveOrderId': None, 'aggressorOrderId': None, 'isExecutionStart': True, 'serialVersionUID': -5266538964320734421}",TRADE
2025-11-14 02:51:31.249000-05:00,MNQZ5.CME@RITHMIC,6868909311158,SELL,25035.25,20,LIMIT,UPDATE,MNQZ5.CME@RITHMIC_20251113_230640_bedbcb11,NONE,,"{'size': 20, 'price': 100141, 'orderId': '6868909311158', 'event_type': 'REPLACE'}",MBO
2025-11-14 02:51:21.623000-05:00,MNQZ5.CME@RITHMIC,6868909353165,BUY,24976.5,20,LIMIT,UPDATE,MNQZ5.CME@RITHMIC_20251113_230640_bedbcb11,NONE,,"{'size': 20, 'price': 99906, 'orderId': '6868909353165', 'event_type': 'REPLACE'}",MBO
2025-11-14 02:51:16.108000-05:00,MNQZ5.CME@RITHMIC,6868909426573,BUY,25000.25,24,LIMIT,UPDATE,MNQZ5.CME@RITHMIC_20251113_230640_bedbcb11,NONE,,"{'size': 24, 'price': 100001, 'orderId': '6868909426573', 'event_type': 'REPLACE'}",MBO
2025-11-14 02:51:14.566000-05:00,MNQZ5.CME@RITHMIC,72706191837000,SELL,25010.0,23,DEPTH,DEPTH,MNQZ5.CME@RITHMIC_20251113_230640_bedbcb11,NONE,,"{'size': 23, 'isBid': False, 'price': 100040, 'data_type': 'DEPTH'}",DEPTH
2025-11-14 02:51:14.519000-05:00,MNQZ5.CME@RITHMIC,72706145029800,SELL,25017.25,21,DEPTH,DEPTH,MNQZ5.CME@RITHMIC_20251113_230640_bedbcb11,NONE,,"{'size': 21, 'isBid': False, 'price': 100069, 'data_type': 'DEPTH'}",DEPTH
2025-11-14 02:51:14.481000-05:00,MNQZ5.CME@RITHMIC,72706107600700,SELL,25035.25,23,DEPTH,DEPTH,MNQZ5.CME@RITHMIC_20251113_230640_bedbcb11,NONE,,"{'size': 23, 'isBid': False, 'price': 100141, 'data_type': 'DEPTH'}",DEPTH
2025-11-14 02:51:14.438000-05:00,MNQZ5.CME@RITHMIC,72706063908400,SELL,25080.0,25,DEPTH,DEPTH,MNQZ5.CME@RITHMIC_20251113_230640_bedbcb11,NONE,,"{'size': 25, 'isBid': False, 'price': 100320, 'data_type': 'DEPTH'}",DEPTH
2025-11-14 02:51:14.416000-05:00,MNQZ5.CME@RITHMIC,72706042098200,SELL,25100.0,45,DEPTH,DEPTH,MNQZ5.CME@RITHMIC_20251113_230640_bedbcb11,NONE,,"{'size': 45, 'isBid': False, 'price': 100400, 'data_type': 'DEPTH'}",DEPTH
2025-11-14 02:51:14.355000-05:00,MNQZ5.CME@RITHMIC,72705981115900,BUY,25000.25,35,DEPTH,DEPTH,MNQZ5.CME@RITHMIC_20251113_230640_bedbcb11,NONE,,"{'size': 35, 'isBid': True, 'price': 100001, 'data_type': 'DEPTH'}",DEPTH
2025-11-14 02:51:14.228000-05:00,MNQZ5.CME@RITHMIC,72705854301900,BUY,24977.0,152,DEPTH,DEPTH,MNQZ5.CME@RITHMIC_20251113_230640_bedbcb11,NONE,,"{'size': 152, 'isBid': True, 'price': 99908, 'data_type': 'DEPTH'}",DEPTH
2025-11-14 02:51:14.225000-05:00,MNQZ5.CME@RITHMIC,72705851105200,BUY,24976.5,24,DEPTH,DEPTH,MNQZ5.CME@RITHMIC_20251113_230640_bedbcb11,NONE,,"{'size': 24, 'isBid': True, 'price': 99906, 'data_type': 'DEPTH'}",DEPTH
2025-11-14 02:51:14.145000-05:00,MNQZ5.CME@RITHMIC,72705771681100,BUY,24940.0,40,DEPTH,DEPTH,MNQZ5.CME@RITHMIC_20251113_230640_bedbcb11,NONE,,"{'size': 40, 'isBid': True, 'price': 99760, 'data_type': 'DEPTH'}",DEPTH
2025-11-14 02:51:14.111000-05:00,MNQZ5.CME@RITHMIC,72705737193300,BUY,24926.0,20,DEPTH,DEPTH,MNQZ5.CME@RITHMIC_20251113_230640_bedbcb11,NONE,,"{'size': 20, 'isBid': True, 'price': 99704, 'data_type': 'DEPTH'}",DEPTH
2025-11-14 02:51:13.857000-05:00,MNQZ5.CME@RITHMIC,72705483435300,BUY,24999.25,30,DEPTH,DEPTH,MNQZ5.CME@RITHMIC_20251113_230640_bedbcb11,NONE,,"{'size': 30, 'isBid': True, 'price': 99997, 'data_type': 'DEPTH'}",DEPTH
2025-11-14 02:51:13.021000-05:00,MNQZ5.CME@RITHMIC,72704647369100,BUY,24999.25,29,DEPTH,DEPTH,MNQZ5.CME@RITHMIC_20251113_230640_bedbcb11,NONE,,"{'size': 29, 'isBid': True, 'price': 99997, 'data_type': 'DEPTH'}",DEPTH
2025-11-14 02:51:13.017000-05:00,MNQZ5.CME@RITHMIC,72704643546300,BUY,24999.25,28,DEPTH,DEPTH,MNQZ5.CME@RITHMIC_20251113_230640_bedbcb11,NONE,,"{'size': 28, 'isBid': True, 'price': 99997, 'data_type': 'DEPTH'}",DEPTH
2025-11-14 02:51:12.686000-05:00,MNQZ5.CME@RITHMIC,72704311968000,BUY,24999.25,25,DEPTH,DEPTH,MNQZ5.CME@RITHMIC_20251113_230640_bedbcb11,NONE,,"{'size': 25, 'isBid': True, 'price': 99997, 'data_type': 'DEPTH'}",DEPTH
2025-11-14 02:51:12.683000-05:00,MNQZ5.CME@RITHMIC,6868909426573,BUY,24999.25,25,LIMIT,ADD,MNQZ5.CME@RITHMIC_20251113_230640_bedbcb11,NONE,,"{'size': 25, 'isBid': True, 'price': 99997, 'orderId': '6868909426573', 'event_type': 'SEND'}",MBO
2025-11-14 02:51:02.592000-05:00,MNQZ5.CME@RITHMIC,72694218893300,SELL,25100.0,44,DEPTH,DEPTH,MNQZ5.CME@RITHMIC_20251113_230640_bedbcb11,NONE,,"{'size': 44, 'isBid': False, 'price': 100400, 'data_type': 'DEPTH'}",DEPTH
2025-11-14 02:50:57.402000-05:00,MNQZ5.CME@RITHMIC,6868909353165,BUY,24969.75,20,LIMIT,UPDATE,MNQZ5.CME@RITHMIC_20251113_230640_bedbcb11,NONE,,"{'size': 20, 'price': 99879, 'orderId': '6868909353165', 'event_type': 'REPLACE'}",MBO
2025-11-14 02:50:56.913000-05:00,MNQZ5.CME@RITHMIC,6868909311158,SELL,25028.5,20,LIMIT,UPDATE,MNQZ5.CME@RITHMIC_20251113_230640_bedbcb11,NONE,,"{'size': 20, 'price': 100114, 'orderId': '6868909311158', 'event_type': 'REPLACE'}",MBO
2025-11-14 02:50:53.379000-05:00,MNQZ5.CME@RITHMIC,72685006328600,SELL,25005.0,20,DEPTH,DEPTH,MNQZ5.CME@RITHMIC_20251113_230640_bedbcb11,NONE,,"{'size': 20, 'isBid': False, 'price': 100020, 'data_type': 'DEPTH'}",DEPTH
2025-11-14 02:50:53.338000-05:00,MNQZ5.CME@RITHMIC,72684965165100,SELL,25028.5,23,DEPTH,DEPTH,MNQZ5.CME@RITHMIC_20251113_230640_bedbcb11,NONE,,"{'size': 23, 'isBid': False, 'price': 100114, 'data_type': 'DEPTH'}",DEPTH
2025-11-14 02:50:53.211000-05:00,MNQZ5.CME@RITHMIC,72684838342500,BUY,24969.75,24,DEPTH,DEPTH,MNQZ5.CME@RITHMIC_20251113_230640_bedbcb11,NONE,,"{'size': 24, 'isBid': True, 'price': 99879, 'data_type': 'DEPTH'}",DEPTH
2025-11-14 02:50:53.173000-05:00,MNQZ5.CME@RITHMIC,72684799613300,BUY,24920.0,28,DEPTH,DEPTH,MNQZ5.CME@RITHMIC_20251113_230640_bedbcb11,NONE,,"{'size': 28, 'isBid': True, 'price': 99680, 'data_type': 'DEPTH'}",DEPTH
2025-11-14 02:50:50.940000-05:00,MNQZ5.CME@RITHMIC,6868909311158,SELL,25026.25,20,LIMIT,UPDATE,MNQZ5.CME@RITHMIC_20251113_230640_bedbcb11,NONE,,"{'size': 20, 'price': 100105, 'orderId': '6868909311158', 'event_type': 'REPLACE'}",MBO
2025-11-14 02:50:45.870000-05:00,MNQZ5.CME@RITHMIC,6868909353165,BUY,24965.25,20,LIMIT,UPDATE,MNQZ5.CME@RITHMIC_20251113_230640_bedbcb11,NONE,,"{'size': 20, 'price': 99861, 'orderId': '6868909353165', 'event_type': 'REPLACE'}",MBO
2025-11-14 02:50:42.409000-05:00,MNQZ5.CME@RITHMIC,72674035061300,SELL,25006.0,22,DEPTH,DEPTH,MNQZ5.CME@RITHMIC_20251113_230640_bedbcb11,NONE,,"{'size': 22, 'isBid': False, 'price': 100024, 'data_type': 'DEPTH'}",DEPTH
2025-11-14 02:50:42.361000-05:00,MNQZ5.CME@RITHMIC,72673987183100,SELL,25026.25,24,DEPTH,DEPTH,MNQZ5.CME@RITHMIC_20251113_230640_bedbcb11,NONE,,"{'size': 24, 'isBid': False, 'price': 100105, 'data_type': 'DEPTH'}",DEPTH
2025-11-14 02:50:42.352000-05:00,MNQZ5.CME@RITHMIC,72673978252400,SELL,25050.0,63,DEPTH,DEPTH,MNQZ5.CME@RITHMIC_20251113_230640_bedbcb11,NONE,,"{'size': 63, 'isBid': False, 'price': 100200, 'data_type': 'DEPTH'}",DEPTH
2025-11-14 02:50:42.306000-05:00,MNQZ5.CME@RITHMIC,72673932782400,SELL,25100.0,43,DEPTH,DEPTH,MNQZ5.CME@RITHMIC_20251113_230640_bedbcb11,NONE,,"{'size': 43, 'isBid': False, 'price': 100400, 'data_type': 'DEPTH'}",DEPTH
2025-11-14 02:50:42.189000-05:00,MNQZ5.CME@RITHMIC,72673814910300,BUY,24977.0,153,DEPTH,DEPTH,MNQZ5.CME@RITHMIC_20251113_230640_bedbcb11,NONE,,"{'size': 153, 'isBid': True, 'price': 99908, 'data_type': 'DEPTH'}",DEPTH
2025-11-14 02:50:42.132000-05:00,MNQZ5.CME@RITHMIC,72673758547300,BUY,24965.25,25,DEPTH,DEPTH,MNQZ5.CME@RITHMIC_20251113_230640_bedbcb11,NONE,,"{'size': 25, 'isBid': True, 'price': 99861, 'data_type': 'DEPTH'}",DEPTH
2025-11-14 02:50:42.082000-05:00,MNQZ5.CME@RITHMIC,72673708882800,BUY,24920.0,28,DEPTH,DEPTH,MNQZ5.CME@RITHMIC_20251113_230640_bedbcb11,NONE,,"{'size': 28, 'isBid': True, 'price': 99680, 'data_type': 'DEPTH'}",DEPTH
2025-11-14 02:50:41.964000-05:00,MNQZ5.CME@RITHMIC,72673590327400,BUY,24300.0,25,DEPTH,DEPTH,MNQZ5.CME@RITHMIC_20251113_230640_bedbcb11,NONE,,"{'size': 25, 'isBid': True, 'price': 97200, 'data_type': 'DEPTH'}",DEPTH
2025-11-14 02:50:36.695000-05:00,MNQZ5.CME@RITHMIC,6868909311158,SELL,25017.25,20,LIMIT,UPDATE,MNQZ5.CME@RITHMIC_20251113_230640_bedbcb11,NONE,,"{'size': 20, 'price': 100069, 'orderId': '6868909311158', 'event_type': 'REPLACE'}",MBO
2025-11-14 02:50:23.086000-05:00,MNQZ5.CME@RITHMIC,6868909353165,BUY,24958.5,20,LIMIT,UPDATE,MNQZ5.CME@RITHMIC_20251113_230640_bedbcb11,NONE,,"{'size': 20, 'price': 99834, 'orderId': '6868909353165', 'event_type': 'REPLACE'}",MBO
2025-11-14 02:50:14.290000-05:00,MNQZ5.CME@RITHMIC,72645915982500,SELL,25017.25,31,DEPTH,DEPTH,MNQZ5.CME@RITHMIC_20251113_230640_bedbcb11,NONE,,"{'size': 31, 'isBid': False, 'price': 100069, 'data_type': 'DEPTH'}",DEPTH
2025-11-14 02:50:14.032000-05:00,MNQZ5.CME@RITHMIC,72645658084300,BUY,24977.0,155,DEPTH,DEPTH,MNQZ5.CME@RITHMIC_20251113_230640_bedbcb11,NONE,,"{'size': 155, 'isBid': True, 'price': 99908, 'data_type': 'DEPTH'}",DEPTH
2025-11-14 02:50:13.912000-05:00,MNQZ5.CME@RITHMIC,72645538394700,BUY,24958.5,22,DEPTH,DEPTH,MNQZ5.CME@RITHMIC_20251113_230640_bedbcb11,NONE,,"{'size': 22, 'isBid': True, 'price': 99834, 'data_type': 'DEPTH'}",DEPTH
2025-11-14 02:50:13.862000-05:00,MNQZ5.CME@RITHMIC,72645488315800,BUY,24915.0,20,DEPTH,DEPTH,MNQZ5.CME@RITHMIC_20251113_230640_bedbcb11,NONE,,"{'size': 20, 'isBid': True, 'price': 99660, 'data_type': 'DEPTH'}",DEPTH
2025-11-14 02:50:13.825000-05:00,MNQZ5.CME@RITHMIC,72645450770800,BUY,24910.0,22,DEPTH,DEPTH,MNQZ5.CME@RITHMIC_20251113_230640_bedbcb11,NONE,,"{'size': 22, 'isBid': True, 'price': 99640, 'data_type': 'DEPTH'}",DEPTH
2025-11-14 02:50:06.671000-05:00,MNQZ5.CME@RITHMIC,6868909311158,SELL,25012.5,20,LIMIT,UPDATE,MNQZ5.CME@RITHMIC_20251113_230640_bedbcb11,NONE,,"{'size': 20, 'price': 100050, 'orderId': '6868909311158', 'event_type': 'REPLACE'}",MBO
2025-11-14 02:49:57.808000-05:00,MNQZ5.CME@RITHMIC,6868909353165,BUY,24954.25,20,LIMIT,UPDATE,MNQZ5.CME@RITHMIC_20251113_230640_bedbcb11,NONE,,"{'size': 20, 'price': 99817, 'orderId': '6868909353165', 'event_type': 'REPLACE'}",MBO
2025-11-14 02:49:46.876000-05:00,MNQZ5.CME@RITHMIC,72618502533900,SELL,25000.0,21,DEPTH,DEPTH,MNQZ5.CME@RITHMIC_20251113_230640_bedbcb11,NONE,,"{'size': 21, 'isBid': False, 'price': 100000, 'data_type': 'DEPTH'}",DEPTH
2025-11-14 02:49:46.811000-05:00,MNQZ5.CME@RITHMIC,72618437025200,SELL,25012.5,26,DEPTH,DEPTH,MNQZ5.CME@RITHMIC_20251113_230640_bedbcb11,NONE,,"{'size': 26, 'isBid': False, 'price': 100050, 'data_type': 'DEPTH'}",DEPTH
2025-11-14 02:49:46.670000-05:00,MNQZ5.CME@RITHMIC,72618296655200,SELL,25100.0,42,DEPTH,DEPTH,MNQZ5.CME@RITHMIC_20251113_230640_bedbcb11,NONE,,"{'size': 42, 'isBid': False, 'price': 100400, 'data_type': 'DEPTH'}",DEPTH
2025-11-14 02:49:46.655000-05:00,MNQZ5.CME@RITHMIC,72618281473100,SELL,25280.0,24,DEPTH,DEPTH,MNQZ5.CME@RITHMIC_20251113_230640_bedbcb11,NONE,,"{'size': 24, 'isBid': False, 'price': 101120, 'data_type': 'DEPTH'}",DEPTH
2025-11-14 02:49:46.519000-05:00,MNQZ5.CME@RITHMIC,72618145375100,BUY,24977.0,157,DEPTH,DEPTH,MNQZ5.CME@RITHMIC_20251113_230640_bedbcb11,NONE,,"{'size': 157, 'isBid': True, 'price': 99908, 'data_type': 'DEPTH'}",DEPTH
2025-11-14 02:49:46.391000-05:00,MNQZ5.CME@RITHMIC,72618017284500,BUY,24954.25,23,DEPTH,DEPTH,MNQZ5.CME@RITHMIC_20251113_230640_bedbcb11,NONE,,"{'size': 23, 'isBid': True, 'price': 99817, 'data_type': 'DEPTH'}",DEPTH
2025-11-14 02:49:46.384000-05:00,MNQZ5.CME@RITHMIC,72618009657400,BUY,24940.0,38,DEPTH,DEPTH,MNQZ5.CME@RITHMIC_20251113_230640_bedbcb11,NONE,,"{'size': 38, 'isBid': True, 'price': 99760, 'data_type': 'DEPTH'}",DEPTH
2025-11-14 02:49:46.373000-05:00,MNQZ5.CME@RITHMIC,72617999604500,BUY,24920.0,31,DEPTH,DEPTH,MNQZ5.CME@RITHMIC_20251113_230640_bedbcb11,NONE,,"{'size': 31, 'isBid': True, 'price': 99680, 'data_type': 'DEPTH'}",DEPTH
2025-11-14 02:49:46.339000-05:00,MNQZ5.CME@RITHMIC,72617965085500,BUY,24915.0,20,DEPTH,DEPTH,MNQZ5.CME@RITHMIC_20251113_230640_bedbcb11,NONE,,"{'size': 20, 'isBid': True, 'price': 99660, 'data_type': 'DEPTH'}",DEPTH
2025-11-14 02:49:46.308000-05:00,MNQZ5.CME@RITHMIC,72617933685900,BUY,24910.0,21,DEPTH,DEPTH,MNQZ5.CME@RITHMIC_20251113_230640_bedbcb11,NONE,,"{'size': 21, 'isBid': True, 'price': 99640, 'data_type': 'DEPTH'}",DEPTH
2025-11-14 02:49:46.301000-05:00,MNQZ5.CME@RITHMIC,72617927255700,BUY,24909.0,21,DEPTH,DEPTH,MNQZ5.CME@RITHMIC_20251113_230640_bedbcb11,NONE,,"{'size': 21, 'isBid': True, 'price': 99636, 'data_type': 'DEPTH'}",DEPTH
2025-11-14 02:49:46.281000-05:00,MNQZ5.CME@RITHMIC,72617907478500,BUY,24900.0,121,DEPTH,DEPTH,MNQZ5.CME@RITHMIC_20251113_230640_bedbcb11,NONE,,"{'size': 121, 'isBid': True, 'price': 99600, 'data_type': 'DEPTH'}",DEPTH
2025-11-14 02:49:46.280000-05:00,MNQZ5.CME@RITHMIC,72617906073900,BUY,24880.0,33,DEPTH,DEPTH,MNQZ5.CME@RITHMIC_20251113_230640_bedbcb11,NONE,,"{'size': 33, 'isBid': True, 'price': 99520, 'data_type': 'DEPTH'}",DEPTH
2025-11-14 02:49:46.278000-05:00,MNQZ5.CME@RITHMIC,72617904516800,BUY,24870.0,29,DEPTH,DEPTH,MNQZ5.CME@RITHMIC_20251113_230640_bedbcb11,NONE,,"{'size': 29, 'isBid': True, 'price': 99480, 'data_type': 'DEPTH'}",DEPTH
2025-11-14 02:49:38.985000-05:00,MNQZ5.CME@RITHMIC,6868909311158,SELL,25025.5,20,LIMIT,UPDATE,MNQZ5.CME@RITHMIC_20251113_230640_bedbcb11,NONE,,"{'size': 20, 'price': 100102, 'orderId': '6868909311158', 'event_type': 'REPLACE'}",MBO
2025-11-14 02:49:25.917000-05:00,MNQZ5.CME@RITHMIC,6868909353165,BUY,24966.0,20,LIMIT,UPDATE,MNQZ5.CME@RITHMIC_20251113_230640_bedbcb11,NONE,,"{'size': 20, 'price': 99864, 'orderId': '6868909353165', 'event_type': 'REPLACE'}",MBO
2025-11-14 02:49:18.831000-05:00,MNQZ5.CME@RITHMIC,72590457362000,SELL,25006.0,20,DEPTH,DEPTH,MNQZ5.CME@RITHMIC_20251113_230640_bedbcb11,NONE,,"{'size': 20, 'isBid': False, 'price': 100024, 'data_type': 'DEPTH'}",DEPTH
2025-11-14 02:49:18.781000-05:00,MNQZ5.CME@RITHMIC,72590406808600,SELL,25025.5,23,DEPTH,DEPTH,MNQZ5.CME@RITHMIC_20251113_230640_bedbcb11,NONE,,"{'size': 23, 'isBid': False, 'price': 100102, 'data_type': 'DEPTH'}",DEPTH
2025-11-14 02:49:18.682000-05:00,MNQZ5.CME@RITHMIC,72590308514300,SELL,25230.0,43,DEPTH,DEPTH,MNQZ5.CME@RITHMIC_20251113_230640_bedbcb11,NONE,,"{'size': 43, 'isBid': False, 'price': 100920, 'data_type': 'DEPTH'}",DEPTH
2025-11-14 02:49:18.681000-05:00,MNQZ5.CME@RITHMIC,72590307015200,SELL,25270.0,20,DEPTH,DEPTH,MNQZ5.CME@RITHMIC_20251113_230640_bedbcb11,NONE,,"{'size': 20, 'isBid': False, 'price': 101080, 'data_type': 'DEPTH'}",DEPTH
2025-11-14 02:49:18.670000-05:00,MNQZ5.CME@RITHMIC,72590295964500,SELL,25280.0,25,DEPTH,DEPTH,MNQZ5.CME@RITHMIC_20251113_230640_bedbcb11,NONE,,"{'size': 25, 'isBid': False, 'price': 101120, 'data_type': 'DEPTH'}",DEPTH
2025-11-14 02:49:18.536000-05:00,MNQZ5.CME@RITHMIC,72590162123700,BUY,24980.0,28,DEPTH,DEPTH,MNQZ5.CME@RITHMIC_20251113_230640_bedbcb11,NONE,,"{'size': 28, 'isBid': True, 'price': 99920, 'data_type': 'DEPTH'}",DEPTH
2025-11-14 02:49:18.516000-05:00,MNQZ5.CME@RITHMIC,72590142657900,BUY,24977.0,155,DEPTH,DEPTH,MNQZ5.CME@RITHMIC_20251113_230640_bedbcb11,NONE,,"{'size': 155, 'isBid': True, 'price': 99908, 'data_type': 'DEPTH'}",DEPTH
2025-11-14 02:49:18.464000-05:00,MNQZ5.CME@RITHMIC,72590089738600,BUY,24966.0,28,DEPTH,DEPTH,MNQZ5.CME@RITHMIC_20251113_230640_bedbcb11,NONE,,"{'size': 28, 'isBid': True, 'price': 99864, 'data_type': 'DEPTH'}",DEPTH
2025-11-14 02:49:18.388000-05:00,MNQZ5.CME@RITHMIC,72590014610500,BUY,24920.0,30,DEPTH,DEPTH,MNQZ5.CME@RITHMIC_20251113_230640_bedbcb11,NONE,,"{'size': 30, 'isBid': True, 'price': 99680, 'data_type': 'DEPTH'}",DEPTH
2025-11-14 02:49:18.288000-05:00,MNQZ5.CME@RITHMIC,72589914230900,BUY,24900.0,120,DEPTH,DEPTH,MNQZ5.CME@RITHMIC_20251113_230640_bedbcb11,NONE,,"{'size': 120, 'isBid': True, 'price': 99600, 'data_type': 'DEPTH'}",DEPTH
2025-11-14 02:49:18.269000-05:00,MNQZ5.CME@RITHMIC,72589895539100,BUY,24700.0,88,DEPTH,DEPTH,MNQZ5.CME@RITHMIC_20251113_230640_bedbcb11,NONE,,"{'size': 88, 'isBid': True, 'price': 98800, 'data_type': 'DEPTH'}",DEPTH
2025-11-14 02:49:18.262000-05:00,MNQZ5.CME@RITHMIC,72589888792500,BUY,24600.0,33,DEPTH,DEPTH,MNQZ5.CME@RITHMIC_20251113_230640_bedbcb11,NONE,,"{'size': 33, 'isBid': True, 'price': 98400, 'data_type': 'DEPTH'}",DEPTH
2025-11-14 02:49:10.204000-05:00,MNQZ5.CME@RITHMIC,72581830755800,BUY,24954.25,23,DEPTH,DEPTH,MNQZ5.CME@RITHMIC_20251113_230640_bedbcb11,NONE,,"{'size': 23, 'isBid': True, 'price': 99817, 'data_type': 'DEPTH'}",DEPTH
2025-11-14 02:49:10.201000-05:00,MNQZ5.CME@RITHMIC,6868909353165,BUY,24954.25,20,LIMIT,UPDATE,MNQZ5.CME@RITHMIC_20251113_230640_bedbcb11,NONE,,"{'size': 20, 'price': 99817, 'orderId': '6868909353165', 'event_type': 'REPLACE'}",MBO
2025-11-14 02:49:06.500000-05:00,MNQZ5.CME@RITHMIC,72578126149800,BUY,24910.0,21,DEPTH,DEPTH,MNQZ5.CME@RITHMIC_20251113_230640_bedbcb11,NONE,,"{'size': 21, 'isBid': True, 'price': 99640, 'data_type': 'DEPTH'}",DEPTH
2025-11-14 02:49:02.883000-05:00,MNQZ5.CME@RITHMIC,72574509736900,SELL,25013.5,23,DEPTH,DEPTH,MNQZ5.CME@RITHMIC_20251113_230640_bedbcb11,NONE,,"{'size': 23, 'isBid': False, 'price': 100054, 'data_type': 'DEPTH'}",DEPTH
2025-11-14 02:49:02.880000-05:00,MNQZ5.CME@RITHMIC,6868909311158,SELL,25013.5,20,LIMIT,UPDATE,MNQZ5.CME@RITHMIC_20251113_230640_bedbcb11,NONE,,"{'size': 20, 'price': 100054, 'orderId': '6868909311158', 'event_type': 'REPLACE'}",MBO
2025-11-14 02:49:01.093000-05:00,MNQZ5.CME@RITHMIC,72572719084500,BUY,24909.0,20,DEPTH,DEPTH,MNQZ5.CME@RITHMIC_20251113_230640_bedbcb11,NONE,,"{'size': 20, 'isBid': True, 'price': 99636, 'data_type': 'DEPTH'}",DEPTH
2025-11-14 02:48:59.951000-05:00,MNQZ5.CME@RITHMIC,72571577475800,SELL,25080.0,22,DEPTH,DEPTH,MNQZ5.CME@RITHMIC_20251113_230640_bedbcb11,NONE,,"{'size': 22, 'isBid': False, 'price': 100320, 'data_type': 'DEPTH'}",DEPTH
2025-11-14 02:48:57.930000-05:00,MNQZ5.CME@RITHMIC,72569556551800,BUY,24980.0,27,DEPTH,DEPTH,MNQZ5.CME@RITHMIC_20251113_230640_bedbcb11,NONE,,"{'size': 27, 'isBid': True, 'price': 99920, 'data_type': 'DEPTH'}",DEPTH
2025-11-14 02:48:57.303000-05:00,MNQZ5.CME@RITHMIC,72568929081500,BUY,24980.0,20,DEPTH,DEPTH,MNQZ5.CME@RITHMIC_20251113_230640_bedbcb11,NONE,,"{'size': 20, 'isBid': True, 'price': 99920, 'data_type': 'DEPTH'}",DEPTH
2025-11-14 02:48:56.920000-05:00,MNQZ5.CME@RITHMIC,72568546804300,BUY,24909.0,20,DEPTH,DEPTH,MNQZ5.CME@RITHMIC_20251113_230640_bedbcb11,NONE,,"{'size': 20, 'isBid': True, 'price': 99636, 'data_type': 'DEPTH'}",DEPTH
2025-11-14 02:48:54.905000-05:00,MNQZ5.CME@RITHMIC,72566531786100,BUY,24910.0,21,DEPTH,DEPTH,MNQZ5.CME@RITHMIC_20251113_230640_bedbcb11,NONE,,"{'size': 21, 'isBid': True, 'price': 99640, 'data_type': 'DEPTH'}",DEPTH
2025-11-14 02:48:48.156000-05:00,MNQZ5.CME@RITHMIC,6868909353165,BUY,24956.5,20,LIMIT,UPDATE,MNQZ5.CME@RITHMIC_20251113_230640_bedbcb11,NONE,,"{'size': 20, 'price': 99826, 'orderId': '6868909353165', 'event_type': 'REPLACE'}",MBO
2025-11-14 02:48:47.375000-05:00,MNQZ5.CME@RITHMIC,6868909311158,SELL,25015.75,20,LIMIT,UPDATE,MNQZ5.CME@RITHMIC_20251113_230640_bedbcb11,NONE,,"{'size': 20, 'price': 100063, 'orderId': '6868909311158', 'event_type': 'REPLACE'}",MBO
2025-11-14 02:48:38.801000-05:00,MNQZ5.CME@RITHMIC,72550427603000,SELL,25015.75,25,DEPTH,DEPTH,MNQZ5.CME@RITHMIC_20251113_230640_bedbcb11,NONE,,"{'size': 25, 'isBid': False, 'price': 100063, 'data_type': 'DEPTH'}",DEPTH
2025-11-14 02:48:38.784000-05:00,MNQZ5.CME@RITHMIC,72550409785600,SELL,25050.0,62,DEPTH,DEPTH,MNQZ5.CME@RITHMIC_20251113_230640_bedbcb11,NONE,,"{'size': 62, 'isBid': False, 'price': 100200, 'data_type': 'DEPTH'}",DEPTH
2025-11-14 02:48:38.625000-05:00,MNQZ5.CME@RITHMIC,72550251258500,BUY,24956.5,24,DEPTH,DEPTH,MNQZ5.CME@RITHMIC_20251113_230640_bedbcb11,NONE,,"{'size': 24, 'isBid': True, 'price': 99826, 'data_type': 'DEPTH'}",DEPTH
2025-11-14 02:48:38.604000-05:00,MNQZ5.CME@RITHMIC,72550230429200,BUY,24910.0,22,DEPTH,DEPTH,MNQZ5.CME@RITHMIC_20251113_230640_bedbcb11,NONE,,"{'size': 22, 'isBid': True, 'price': 99640, 'data_type': 'DEPTH'}",DEPTH
2025-11-14 02:48:35.140000-05:00,MNQZ5.CME@RITHMIC,6868909353165,BUY,24954.25,20,LIMIT,UPDATE,MNQZ5.CME@RITHMIC_20251113_230640_bedbcb11,NONE,,"{'size': 20, 'price': 99817, 'orderId': '6868909353165', 'event_type': 'REPLACE'}",MBO
2025-11-14 02:48:34.550000-05:00,MNQZ5.CME@RITHMIC,6868909311158,SELL,25013.25,20,LIMIT,UPDATE,MNQZ5.CME@RITHMIC_20251113_230640_bedbcb11,NONE,,"{'size': 20, 'price': 100053, 'orderId': '6868909311158', 'event_type': 'REPLACE'}",MBO
2025-11-14 02:48:25.496000-05:00,MNQZ5.CME@RITHMIC,72537122432100,SELL,25013.25,24,DEPTH,DEPTH,MNQZ5.CME@RITHMIC_20251113_230640_bedbcb11,NONE,,"{'size': 24, 'isBid': False, 'price': 100053, 'data_type': 'DEPTH'}",DEPTH
2025-11-14 02:48:25.471000-05:00,MNQZ5.CME@RITHMIC,72537097229000,SELL,25050.0,61,DEPTH,DEPTH,MNQZ5.CME@RITHMIC_20251113_230640_bedbcb11,NONE,,"{'size': 61, 'isBid': False, 'price': 100200, 'data_type': 'DEPTH'}",DEPTH
2025-11-14 02:48:25.434000-05:00,MNQZ5.CME@RITHMIC,72537060411400,SELL,25150.0,43,DEPTH,DEPTH,MNQZ5.CME@RITHMIC_20251113_230640_bedbcb11,NONE,,"{'size': 43, 'isBid': False, 'price': 100600, 'data_type': 'DEPTH'}",DEPTH
2025-11-14 02:48:25.374000-05:00,MNQZ5.CME@RITHMIC,72537000633800,BUY,24977.0,157,DEPTH,DEPTH,MNQZ5.CME@RITHMIC_20251113_230640_bedbcb11,NONE,,"{'size': 157, 'isBid': True, 'price': 99908, 'data_type': 'DEPTH'}",DEPTH
2025-11-14 02:48:25.314000-05:00,MNQZ5.CME@RITHMIC,72536940348800,BUY,24954.25,23,DEPTH,DEPTH,MNQZ5.CME@RITHMIC_20251113_230640_bedbcb11,NONE,,"{'size': 23, 'isBid': True, 'price': 99817, 'data_type': 'DEPTH'}",DEPTH
2025-11-14 02:48:25.300000-05:00,MNQZ5.CME@RITHMIC,72536926648900,BUY,24910.0,21,DEPTH,DEPTH,MNQZ5.CME@RITHMIC_20251113_230640_bedbcb11,NONE,,"{'size': 21, 'isBid': True, 'price': 99640, 'data_type': 'DEPTH'}",DEPTH
2025-11-14 02:48:25.293000-05:00,MNQZ5.CME@RITHMIC,72536919828100,BUY,24909.0,20,DEPTH,DEPTH,MNQZ5.CME@RITHMIC_20251113_230640_bedbcb11,NONE,,"{'size': 20, 'isBid': True, 'price': 99636, 'data_type': 'DEPTH'}",DEPTH
2025-11-14 02:48:20.996000-05:00,MNQZ5.CME@RITHMIC,72532622445000,BUY,24909.0,20,DEPTH,DEPTH,MNQZ5.CME@RITHMIC_20251113_230640_bedbcb11,NONE,,"{'size': 20, 'isBid': True, 'price': 99636, 'data_type': 'DEPTH'}",DEPTH
2025-11-14 02:48:15.859000-05:00,MNQZ5.CME@RITHMIC,72527485546400,BUY,24910.0,21,DEPTH,DEPTH,MNQZ5.CME@RITHMIC_20251113_230640_bedbcb11,NONE,,"{'size': 21, 'isBid': True, 'price': 99640, 'data_type': 'DEPTH'}",DEPTH
2025-11-14 02:48:12.424000-05:00,MNQZ5.CME@RITHMIC,6868909353165,BUY,24956.5,20,LIMIT,UPDATE,MNQZ5.CME@RITHMIC_20251113_230640_bedbcb11,NONE,,"{'size': 20, 'price': 99826, 'orderId': '6868909353165', 'event_type': 'REPLACE'}",MBO
2025-11-14 02:48:11.975000-05:00,MNQZ5.CME@RITHMIC,6868909311158,SELL,25015.5,20,LIMIT,UPDATE,MNQZ5.CME@RITHMIC_20251113_230640_bedbcb11,NONE,,"{'size': 20, 'price': 100062, 'orderId': '6868909311158', 'event_type': 'REPLACE'}",MBO
2025-11-14 02:48:07.488000-05:00,MNQZ5.CME@RITHMIC,72519114737300,SELL,25003.0,20,DEPTH,DEPTH,MNQZ5.CME@RITHMIC_20251113_230640_bedbcb11,NONE,,"{'size': 20, 'isBid': False, 'price': 100012, 'data_type': 'DEPTH'}",DEPTH
2025-11-14 02:48:07.468000-05:00,MNQZ5.CME@RITHMIC,72519094595100,SELL,25015.5,23,DEPTH,DEPTH,MNQZ5.CME@RITHMIC_20251113_230640_bedbcb11,NONE,,"{'size': 23, 'isBid': False, 'price': 100062, 'data_type': 'DEPTH'}",DEPTH
2025-11-14 02:48:07.418000-05:00,MNQZ5.CME@RITHMIC,72519043974300,SELL,25175.0,21,DEPTH,DEPTH,MNQZ5.CME@RITHMIC_20251113_230640_bedbcb11,NONE,,"{'size': 21, 'isBid': False, 'price': 100700, 'data_type': 'DEPTH'}",DEPTH
2025-11-14 02:48:07.416000-05:00,MNQZ5.CME@RITHMIC,72519041773100,SELL,25280.0,25,DEPTH,DEPTH,MNQZ5.CME@RITHMIC_20251113_230640_bedbcb11,NONE,,"{'size': 25, 'isBid': False, 'price': 101120, 'data_type': 'DEPTH'}",DEPTH
2025-11-14 02:48:07.346000-05:00,MNQZ5.CME@RITHMIC,72518973367300,BUY,24977.0,155,DEPTH,DEPTH,MNQZ5.CME@RITHMIC_20251113_230640_bedbcb11,NONE,,"{'size': 155, 'isBid': True, 'price': 99908, 'data_type': 'DEPTH'}",DEPTH
2025-11-14 02:48:07.310000-05:00,MNQZ5.CME@RITHMIC,72518935970400,BUY,24956.5,23,DEPTH,DEPTH,MNQZ5.CME@RITHMIC_20251113_230640_bedbcb11,NONE,,"{'size': 23, 'isBid': True, 'price': 99826, 'data_type': 'DEPTH'}",DEPTH
2025-11-14 02:48:07.299000-05:00,MNQZ5.CME@RITHMIC,72518925892600,BUY,24915.0,20,DEPTH,DEPTH,MNQZ5.CME@RITHMIC_20251113_230640_bedbcb11,NONE,,"{'size': 20, 'isBid': True, 'price': 99660, 'data_type': 'DEPTH'}",DEPTH
2025-11-14 02:48:04.756000-05:00,MNQZ5.CME@RITHMIC,6868909311158,SELL,25017.75,20,LIMIT,UPDATE,MNQZ5.CME@RITHMIC_20251113_230640_bedbcb11,NONE,,"{'size': 20, 'price': 100071, 'orderId': '6868909311158', 'event_type': 'REPLACE'}",MBO
2025-11-14 02:48:00.019000-05:00,MNQZ5.CME@RITHMIC,6868909353165,BUY,24958.75,20,LIMIT,UPDATE,MNQZ5.CME@RITHMIC_20251113_230640_bedbcb11,NONE,,"{'size': 20, 'price': 99835, 'orderId': '6868909353165', 'event_type': 'REPLACE'}",MBO
2025-11-14 02:47:57.132000-05:00,MNQZ5.CME@RITHMIC,72508758545500,SELL,25017.75,22,DEPTH,DEPTH,MNQZ5.CME@RITHMIC_20251113_230640_bedbcb11,NONE,,"{'size': 22, 'isBid': False, 'price': 100071, 'data_type': 'DEPTH'}",DEPTH
2025-11-14 02:47:56.923000-05:00,MNQZ5.CME@RITHMIC,72508550064000,BUY,24958.75,22,DEPTH,DEPTH,MNQZ5.CME@RITHMIC_20251113_230640_bedbcb11,NONE,,"{'size': 22, 'isBid': True, 'price': 99835, 'data_type': 'DEPTH'}",DEPTH
2025-11-14 02:47:56.915000-05:00,MNQZ5.CME@RITHMIC,72508540867300,BUY,24920.0,33,DEPTH,DEPTH,MNQZ5.CME@RITHMIC_20251113_230640_bedbcb11,NONE,,"{'size': 33, 'isBid': True, 'price': 99680, 'data_type': 'DEPTH'}",DEPTH
2025-11-14 02:47:56.892000-05:00,MNQZ5.CME@RITHMIC,72508517772800,BUY,24915.0,20,DEPTH,DEPTH,MNQZ5.CME@RITHMIC_20251113_230640_bedbcb11,NONE,,"{'size': 20, 'isBid': True, 'price': 99660, 'data_type': 'DEPTH'}",DEPTH
2025-11-14 02:47:56.863000-05:00,MNQZ5.CME@RITHMIC,72508489799900,BUY,24700.0,88,DEPTH,DEPTH,MNQZ5.CME@RITHMIC_20251113_230640_bedbcb11,NONE,,"{'size': 88, 'isBid': True, 'price': 98800, 'data_type': 'DEPTH'}",DEPTH
2025-11-14 02:47:55.927000-05:00,MNQZ5.CME@RITHMIC,72507553862800,BUY,24920.0,30,DEPTH,DEPTH,MNQZ5.CME@RITHMIC_20251113_230640_bedbcb11,NONE,,"{'size': 30, 'isBid': True, 'price': 99680, 'data_type': 'DEPTH'}",DEPTH
2025-11-14 02:47:54.583000-05:00,MNQZ5.CME@RITHMIC,72506208971200,BUY,99989.0,21,TRADE,TRADE,MNQZ5.CME@RITHMIC_20251113_230640_bedbcb11,NONE,,"{'size': 21, 'isOtc': False, 'price': 99989.0, 'data_type': 'TRADE', 'isBidAggressor': False, 'isExecutionEnd': True, 'passiveOrderId': None, 'aggressorOrderId': None, 'isExecutionStart': True, 'serialVersionUID': -5266538964320734421}",TRADE
2025-11-14 02:47:52.166000-05:00,MNQZ5.CME@RITHMIC,6868909311158,SELL,25024.25,20,LIMIT,UPDATE,MNQZ5.CME@RITHMIC_20251113_230640_bedbcb11,NONE,,"{'size': 20, 'price': 100097, 'orderId': '6868909311158', 'event_type': 'REPLACE'}",MBO
2025-11-14 02:47:48.810000-05:00,MNQZ5.CME@RITHMIC,6868909353165,BUY,24965.75,20,LIMIT,UPDATE,MNQZ5.CME@RITHMIC_20251113_230640_bedbcb11,NONE,,"{'size': 20, 'price': 99863, 'orderId': '6868909353165', 'event_type': 'REPLACE'}",MBO
2025-11-14 02:47:45.504000-05:00,MNQZ5.CME@RITHMIC,72497131055100,SELL,25024.25,28,DEPTH,DEPTH,MNQZ5.CME@RITHMIC_20251113_230640_bedbcb11,NONE,,"{'size': 28, 'isBid': False, 'price': 100097, 'data_type': 'DEPTH'}",DEPTH
2025-11-14 02:47:45.322000-05:00,MNQZ5.CME@RITHMIC,72496948775200,BUY,24965.75,26,DEPTH,DEPTH,MNQZ5.CME@RITHMIC_20251113_230640_bedbcb11,NONE,,"{'size': 26, 'isBid': True, 'price': 99863, 'data_type': 'DEPTH'}",DEPTH
2025-11-14 02:47:45.297000-05:00,MNQZ5.CME@RITHMIC,72496923918900,BUY,24920.0,32,DEPTH,DEPTH,MNQZ5.CME@RITHMIC_20251113_230640_bedbcb11,NONE,,"{'size': 32, 'isBid': True, 'price': 99680, 'data_type': 'DEPTH'}",DEPTH
2025-11-14 02:47:45.266000-05:00,MNQZ5.CME@RITHMIC,72496893056800,BUY,24800.0,176,DEPTH,DEPTH,MNQZ5.CME@RITHMIC_20251113_230640_bedbcb11,NONE,,"{'size': 176, 'isBid': True, 'price': 99200, 'data_type': 'DEPTH'}",DEPTH
2025-11-14 02:47:42.336000-05:00,MNQZ5.CME@RITHMIC,72493963167100,SELL,25280.0,25,DEPTH,DEPTH,MNQZ5.CME@RITHMIC_20251113_230640_bedbcb11,NONE,,"{'size': 25, 'isBid': False, 'price': 101120, 'data_type': 'DEPTH'}",DEPTH
2025-11-14 02:47:33.325000-05:00,MNQZ5.CME@RITHMIC,72484950669700,SELL,25022.0,27,DEPTH,DEPTH,MNQZ5.CME@RITHMIC_20251113_230640_bedbcb11,NONE,,"{'size': 27, 'isBid': False, 'price': 100088, 'data_type': 'DEPTH'}",DEPTH
2025-11-14 02:47:33.322000-05:00,MNQZ5.CME@RITHMIC,6868909311158,SELL,25022.0,20,LIMIT,UPDATE,MNQZ5.CME@RITHMIC_20251113_230640_bedbcb11,NONE,,"{'size': 20, 'price': 100088, 'orderId': '6868909311158', 'event_type': 'REPLACE'}",MBO
2025-11-14 02:47:28.150000-05:00,MNQZ5.CME@RITHMIC,6868909353165,BUY,24963.5,20,LIMIT,UPDATE,MNQZ5.CME@RITHMIC_20251113_230640_bedbcb11,NONE,,"{'size': 20, 'price': 99854, 'orderId': '6868909353165', 'event_type': 'REPLACE'}",MBO
2025-11-14 02:47:27.817000-05:00,MNQZ5.CME@RITHMIC,6868909311158,SELL,25024.25,20,LIMIT,UPDATE,MNQZ5.CME@RITHMIC_20251113_230640_bedbcb11,NONE,,"{'size': 20, 'price': 100097, 'orderId': '6868909311158', 'event_type': 'REPLACE'}",MBO
2025-11-14 02:47:22.531000-05:00,MNQZ5.CME@RITHMIC,72474157597100,SELL,25024.25,28,DEPTH,DEPTH,MNQZ5.CME@RITHMIC_20251113_230640_bedbcb11,NONE,,"{'size': 28, 'isBid': False, 'price': 100097, 'data_type': 'DEPTH'}",DEPTH
2025-11-14 02:47:22.326000-05:00,MNQZ5.CME@RITHMIC,72473953196500,BUY,24963.5,24,DEPTH,DEPTH,MNQZ5.CME@RITHMIC_20251113_230640_bedbcb11,NONE,,"{'size': 24, 'isBid': True, 'price': 99854, 'data_type': 'DEPTH'}",DEPTH
2025-11-14 02:47:22.297000-05:00,MNQZ5.CME@RITHMIC,72473922954600,BUY,24920.0,32,DEPTH,DEPTH,MNQZ5.CME@RITHMIC_20251113_230640_bedbcb11,NONE,,"{'size': 32, 'isBid': True, 'price': 99680, 'data_type': 'DEPTH'}",DEPTH
2025-11-14 02:47:22.273000-05:00,MNQZ5.CME@RITHMIC,72473900195300,BUY,24870.0,28,DEPTH,DEPTH,MNQZ5.CME@RITHMIC_20251113_230640_bedbcb11,NONE,,"{'size': 28, 'isBid': True, 'price': 99480, 'data_type': 'DEPTH'}",DEPTH
2025-11-14 02:47:22.271000-05:00,MNQZ5.CME@RITHMIC,72473897771900,BUY,24820.0,26,DEPTH,DEPTH,MNQZ5.CME@RITHMIC_20251113_230640_bedbcb11,NONE,,"{'size': 26, 'isBid': True, 'price': 99280, 'data_type': 'DEPTH'}",DEPTH
2025-11-14 02:47:22.270000-05:00,MNQZ5.CME@RITHMIC,72473896471200,BUY,24800.0,177,DEPTH,DEPTH,MNQZ5.CME@RITHMIC_20251113_230640_bedbcb11,NONE,,"{'size': 177, 'isBid': True, 'price': 99200, 'data_type': 'DEPTH'}",DEPTH
2025-11-14 02:47:21.688000-05:00,MNQZ5.CME@RITHMIC,72473314414100,BUY,99994.0,26,TRADE,TRADE,MNQZ5.CME@RITHMIC_20251113_230640_bedbcb11,NONE,,"{'size': 26, 'isOtc': False, 'price': 99994.0, 'data_type': 'TRADE', 'isBidAggressor': False, 'isExecutionEnd': True, 'passiveOrderId': None, 'aggressorOrderId': None, 'isExecutionStart': True, 'serialVersionUID': -5266538964320734421}",TRADE
2025-11-14 02:47:21.666000-05:00,MNQZ5.CME@RITHMIC,72473291759600,SELL,100000.0,70,TRADE,TRADE,MNQZ5.CME@RITHMIC_20251113_230640_bedbcb11,NONE,,"{'size': 70, 'isOtc': False, 'price': 100000.0, 'data_type': 'TRADE', 'isBidAggressor': True, 'isExecutionEnd': True, 'passiveOrderId': None, 'aggressorOrderId': None, 'isExecutionStart': True, 'serialVersionUID': -5266538964320734421}",TRADE
2025-11-14 02:47:21.633000-05:00,MNQZ5.CME@RITHMIC,72473258834400,SELL,100002.0,21,TRADE,TRADE,MNQZ5.CME@RITHMIC_20251113_230640_bedbcb11,NONE,,"{'size': 21, 'isOtc': False, 'price': 100002.0, 'data_type': 'TRADE', 'isBidAggressor': True, 'isExecutionEnd': True, 'passiveOrderId': None, 'aggressorOrderId': None, 'isExecutionStart': True, 'serialVersionUID': -5266538964320734421}",TRADE
2025-11-14 02:47:21.075000-05:00,MNQZ5.CME@RITHMIC,6868909353165,BUY,24968.25,20,LIMIT,ADD,MNQZ5.CME@RITHMIC_20251113_230640_bedbcb11,NONE,,"{'size': 20, 'isBid': True, 'price': 99873, 'orderId': '6868909353165', 'event_type': 'SEND'}",MBO
2025-11-14 02:47:18.152000-05:00,MNQZ5.CME@RITHMIC,6868909311158,SELL,25028.75,20,LIMIT,UPDATE,MNQZ5.CME@RITHMIC_20251113_230640_bedbcb11,NONE,,"{'size': 20, 'price': 100115, 'orderId': '6868909311158', 'event_type': 'REPLACE'}",MBO
2025-11-14 02:47:06.513000-05:00,MNQZ5.CME@RITHMIC,72458139385500,SELL,25012.0,21,DEPTH,DEPTH,MNQZ5.CME@RITHMIC_20251113_230640_bedbcb11,NONE,,"{'size': 21, 'isBid': False, 'price': 100048, 'data_type': 'DEPTH'}",DEPTH
2025-11-14 02:47:06.490000-05:00,MNQZ5.CME@RITHMIC,72458116671300,SELL,25028.75,24,DEPTH,DEPTH,MNQZ5.CME@RITHMIC_20251113_230640_bedbcb11,NONE,,"{'size': 24, 'isBid': False, 'price': 100115, 'data_type': 'DEPTH'}",DEPTH
2025-11-14 02:47:06.483000-05:00,MNQZ5.CME@RITHMIC,72458110084600,SELL,25050.0,62,DEPTH,DEPTH,MNQZ5.CME@RITHMIC_20251113_230640_bedbcb11,NONE,,"{'size': 62, 'isBid': False, 'price': 100200, 'data_type': 'DEPTH'}",DEPTH
2025-11-14 02:47:06.427000-05:00,MNQZ5.CME@RITHMIC,72458054002100,SELL,25200.0,92,DEPTH,DEPTH,MNQZ5.CME@RITHMIC_20251113_230640_bedbcb11,NONE,,"{'size': 92, 'isBid': False, 'price': 100800, 'data_type': 'DEPTH'}",DEPTH
2025-11-14 02:47:05.916000-05:00,MNQZ5.CME@RITHMIC,72457542642100,BUY,24977.0,153,DEPTH,DEPTH,MNQZ5.CME@RITHMIC_20251113_230640_bedbcb11,NONE,,"{'size': 153, 'isBid': True, 'price': 99908, 'data_type': 'DEPTH'}",DEPTH
2025-11-14 02:47:05.876000-05:00,MNQZ5.CME@RITHMIC,72457502618000,BUY,24968.25,24,DEPTH,DEPTH,MNQZ5.CME@RITHMIC_20251113_230640_bedbcb11,NONE,,"{'size': 24, 'isBid': True, 'price': 99873, 'data_type': 'DEPTH'}",DEPTH
2025-11-14 02:47:05.823000-05:00,MNQZ5.CME@RITHMIC,72457449691400,BUY,24926.0,22,DEPTH,DEPTH,MNQZ5.CME@RITHMIC_20251113_230640_bedbcb11,NONE,,"{'size': 22, 'isBid': True, 'price': 99704, 'data_type': 'DEPTH'}",DEPTH
2025-11-14 02:47:05.796000-05:00,MNQZ5.CME@RITHMIC,72457422661500,BUY,24920.0,31,DEPTH,DEPTH,MNQZ5.CME@RITHMIC_20251113_230640_bedbcb11,NONE,,"{'size': 31, 'isBid': True, 'price': 99680, 'data_type': 'DEPTH'}",DEPTH
2025-11-14 02:47:05.776000-05:00,MNQZ5.CME@RITHMIC,72457402436300,BUY,24880.0,37,DEPTH,DEPTH,MNQZ5.CME@RITHMIC_20251113_230640_bedbcb11,NONE,,"{'size': 37, 'isBid': True, 'price': 99520, 'data_type': 'DEPTH'}",DEPTH
2025-11-14 02:47:05.763000-05:00,MNQZ5.CME@RITHMIC,72457390033400,BUY,24000.0,44,DEPTH,DEPTH,MNQZ5.CME@RITHMIC_20251113_230640_bedbcb11,NONE,,"{'size': 44, 'isBid': True, 'price': 96000, 'data_type': 'DEPTH'}",DEPTH
2025-11-14 02:47:05.434000-05:00,MNQZ5.CME@RITHMIC,6868909343433,BUY,24977.0,147,LIMIT,ADD,MNQZ5.CME@RITHMIC_20251113_230640_bedbcb11,NONE,,"{'size': 147, 'isBid': True, 'price': 99908, 'orderId': '6868909343433', 'event_type': 'SEND'}",MBO
2025-11-14 02:47:05.057000-05:00,MNQZ5.CME@RITHMIC,6868909162671,BUY,24963.25,20,LIMIT,UPDATE,MNQZ5.CME@RITHMIC_20251113_230640_bedbcb11,NONE,,"{'size': 20, 'price': 99853, 'orderId': '6868909162671', 'event_type': 'REPLACE'}",MBO
2025-11-14 02:47:03.056000-05:00,MNQZ5.CME@RITHMIC,6868909311158,SELL,25021.75,20,LIMIT,UPDATE,MNQZ5.CME@RITHMIC_20251113_230640_bedbcb11,NONE,,"{'size': 20, 'price': 100087, 'orderId': '6868909311158', 'event_type': 'REPLACE'}",MBO
2025-11-14 02:46:59.074000-05:00,MNQZ5.CME@RITHMIC,72450700489900,SELL,25000.0,64,DEPTH,DEPTH,MNQZ5.CME@RITHMIC_20251113_230640_bedbcb11,NONE,,"{'size': 64, 'isBid': False, 'price': 100000, 'data_type': 'DEPTH'}",DEPTH
2025-11-14 02:46:59.037000-05:00,MNQZ5.CME@RITHMIC,72450663445700,SELL,25021.75,22,DEPTH,DEPTH,MNQZ5.CME@RITHMIC_20251113_230640_bedbcb11,NONE,,"{'size': 22, 'isBid': False, 'price': 100087, 'data_type': 'DEPTH'}",DEPTH
2025-11-14 02:46:59-05:00,MNQZ5.CME@RITHMIC,72450625791800,SELL,25100.0,43,DEPTH,DEPTH,MNQZ5.CME@RITHMIC_20251113_230640_bedbcb11,NONE,,"{'size': 43, 'isBid': False, 'price': 100400, 'data_type': 'DEPTH'}",DEPTH
2025-11-14 02:46:58.936000-05:00,MNQZ5.CME@RITHMIC,72450562505000,BUY,24977.0,154,DEPTH,DEPTH,MNQZ5.CME@RITHMIC_20251113_230640_bedbcb11,NONE,,"{'size': 154, 'isBid': True, 'price': 99908, 'data_type': 'DEPTH'}",DEPTH
2025-11-14 02:46:58.912000-05:00,MNQZ5.CME@RITHMIC,72450538414800,BUY,24963.25,25,DEPTH,DEPTH,MNQZ5.CME@RITHMIC_20251113_230640_bedbcb11,NONE,,"{'size': 25, 'isBid': True, 'price': 99853, 'data_type': 'DEPTH'}",DEPTH
2025-11-14 02:46:57.146000-05:00,MNQZ5.CME@RITHMIC,72448772435200,BUY,24915.0,20,DEPTH,DEPTH,MNQZ5.CME@RITHMIC_20251113_230640_bedbcb11,NONE,,"{'size': 20, 'isBid': True, 'price': 99660, 'data_type': 'DEPTH'}",DEPTH
2025-11-14 02:46:51.638000-05:00,MNQZ5.CME@RITHMIC,72443264600100,BUY,24915.0,20,DEPTH,DEPTH,MNQZ5.CME@RITHMIC_20251113_230640_bedbcb11,NONE,,"{'size': 20, 'isBid': True, 'price': 99660, 'data_type': 'DEPTH'}",DEPTH
2025-11-14 02:46:50.939000-05:00,MNQZ5.CME@RITHMIC,72442565612500,SELL,25019.5,22,DEPTH,DEPTH,MNQZ5.CME@RITHMIC_20251113_230640_bedbcb11,NONE,,"{'size': 22, 'isBid': False, 'price': 100078, 'data_type': 'DEPTH'}",DEPTH
2025-11-14 02:46:50.937000-05:00,MNQZ5.CME@RITHMIC,6868909311158,SELL,25019.5,20,LIMIT,UPDATE,MNQZ5.CME@RITHMIC_20251113_230640_bedbcb11,NONE,,"{'size': 20, 'price': 100078, 'orderId': '6868909311158', 'event_type': 'REPLACE'}",MBO
2025-11-14 02:46:50.401000-05:00,MNQZ5.CME@RITHMIC,72442027317500,SELL,25000.0,64,DEPTH,DEPTH,MNQZ5.CME@RITHMIC_20251113_230640_bedbcb11,NONE,,"{'size': 64, 'isBid': False, 'price': 100000, 'data_type': 'DEPTH'}",DEPTH
2025-11-14 02:46:48.870000-05:00,MNQZ5.CME@RITHMIC,72440497260600,BUY,24961.0,25,DEPTH,DEPTH,MNQZ5.CME@RITHMIC_20251113_230640_bedbcb11,NONE,,"{'size': 25, 'isBid': True, 'price': 99844, 'data_type': 'DEPTH'}",DEPTH
2025-11-14 02:46:48.868000-05:00,MNQZ5.CME@RITHMIC,6868909162671,BUY,24961.0,20,LIMIT,UPDATE,MNQZ5.CME@RITHMIC_20251113_230640_bedbcb11,NONE,,"{'size': 20, 'price': 99844, 'orderId': '6868909162671', 'event_type': 'REPLACE'}",MBO
2025-11-14 02:46:45.292000-05:00,MNQZ5.CME@RITHMIC,72436918001000,BUY,24963.25,25,DEPTH,DEPTH,MNQZ5.CME@RITHMIC_20251113_230640_bedbcb11,NONE,,"{'size': 25, 'isBid': True, 'price': 99853, 'data_type': 'DEPTH'}",DEPTH
2025-11-14 02:46:45.289000-05:00,MNQZ5.CME@RITHMIC,6868909162671,BUY,24963.25,20,LIMIT,UPDATE,MNQZ5.CME@RITHMIC_20251113_230640_bedbcb11,NONE,,"{'size': 20, 'price': 99853, 'orderId': '6868909162671', 'event_type': 'REPLACE'}",MBO
2025-11-14 02:46:42.743000-05:00,MNQZ5.CME@RITHMIC,72434370159200,BUY,24961.0,25,DEPTH,DEPTH,MNQZ5.CME@RITHMIC_20251113_230640_bedbcb11,NONE,,"{'size': 25, 'isBid': True, 'price': 99844, 'data_type': 'DEPTH'}",DEPTH
2025-11-14 02:46:42.740000-05:00,MNQZ5.CME@RITHMIC,6868909162671,BUY,24961.0,20,LIMIT,UPDATE,MNQZ5.CME@RITHMIC_20251113_230640_bedbcb11,NONE,,"{'size': 20, 'price': 99844, 'orderId': '6868909162671', 'event_type': 'REPLACE'}",MBO
2025-11-14 02:46:39.576000-05:00,MNQZ5.CME@RITHMIC,72431202141500,SELL,25000.0,65,DEPTH,DEPTH,MNQZ5.CME@RITHMIC_20251113_230640_bedbcb11,NONE,,"{'size': 65, 'isBid': False, 'price': 100000, 'data_type': 'DEPTH'}",DEPTH
2025-11-14 02:46:39.359000-05:00,MNQZ5.CME@RITHMIC,72430984805200,SELL,25000.0,64,DEPTH,DEPTH,MNQZ5.CME@RITHMIC_20251113_230640_bedbcb11,NONE,,"{'size': 64, 'isBid': False, 'price': 100000, 'data_type': 'DEPTH'}",DEPTH
2025-11-14 02:46:38.378000-05:00,MNQZ5.CME@RITHMIC,72430004294500,BUY,24963.25,25,DEPTH,DEPTH,MNQZ5.CME@RITHMIC_20251113_230640_bedbcb11,NONE,,"{'size': 25, 'isBid': True, 'price': 99853, 'data_type': 'DEPTH'}",DEPTH
2025-11-14 02:46:38.375000-05:00,MNQZ5.CME@RITHMIC,6868909162671,BUY,24963.25,20,LIMIT,UPDATE,MNQZ5.CME@RITHMIC_20251113_230640_bedbcb11,NONE,,"{'size': 20, 'price': 99853, 'orderId': '6868909162671', 'event_type': 'REPLACE'}",MBO
2025-11-14 02:46:38.054000-05:00,MNQZ5.CME@RITHMIC,72429680236700,SELL,25021.75,22,DEPTH,DEPTH,MNQZ5.CME@RITHMIC_20251113_230640_bedbcb11,NONE,,"{'size': 22, 'isBid': False, 'price': 100087, 'data_type': 'DEPTH'}",DEPTH
2025-11-14 02:46:38.051000-05:00,MNQZ5.CME@RITHMIC,6868909311158,SELL,25021.75,20,LIMIT,UPDATE,MNQZ5.CME@RITHMIC_20251113_230640_bedbcb11,NONE,,"{'size': 20, 'price': 100087, 'orderId': '6868909311158', 'event_type': 'REPLACE'}",MBO
2025-11-14 02:46:36.392000-05:00,MNQZ5.CME@RITHMIC,72428019178100,BUY,24915.0,20,DEPTH,DEPTH,MNQZ5.CME@RITHMIC_20251113_230640_bedbcb11,NONE,,"{'size': 20, 'isBid': True, 'price': 99660, 'data_type': 'DEPTH'}",DEPTH
2025-11-14 02:46:32.842000-05:00,MNQZ5.CME@RITHMIC,6868909162671,BUY,24961.0,20,LIMIT,UPDATE,MNQZ5.CME@RITHMIC_20251113_230640_bedbcb11,NONE,,"{'size': 20, 'price': 99844, 'orderId': '6868909162671', 'event_type': 'REPLACE'}",MBO
2025-11-14 02:46:30.813000-05:00,MNQZ5.CME@RITHMIC,6868909311158,SELL,25019.5,20,LIMIT,UPDATE,MNQZ5.CME@RITHMIC_20251113_230640_bedbcb11,NONE,,"{'size': 20, 'price': 100078, 'orderId': '6868909311158', 'event_type': 'REPLACE'}",MBO
2025-11-14 02:46:26.395000-05:00,MNQZ5.CME@RITHMIC,72418021616700,SELL,25000.0,63,DEPTH,DEPTH,MNQZ5.CME@RITHMIC_20251113_230640_bedbcb11,NONE,,"{'size': 63, 'isBid': False, 'price': 100000, 'data_type': 'DEPTH'}",DEPTH
2025-11-14 02:46:26.363000-05:00,MNQZ5.CME@RITHMIC,72417988921800,SELL,25019.5,22,DEPTH,DEPTH,MNQZ5.CME@RITHMIC_20251113_230640_bedbcb11,NONE,,"{'size': 22, 'isBid': False, 'price': 100078, 'data_type': 'DEPTH'}",DEPTH
2025-11-14 02:46:26.211000-05:00,MNQZ5.CME@RITHMIC,72417837730700,BUY,24961.0,25,DEPTH,DEPTH,MNQZ5.CME@RITHMIC_20251113_230640_bedbcb11,NONE,,"{'size': 25, 'isBid': True, 'price': 99844, 'data_type': 'DEPTH'}",DEPTH
2025-11-14 02:46:26.204000-05:00,MNQZ5.CME@RITHMIC,72417831197300,BUY,24920.0,33,DEPTH,DEPTH,MNQZ5.CME@RITHMIC_20251113_230640_bedbcb11,NONE,,"{'size': 33, 'isBid': True, 'price': 99680, 'data_type': 'DEPTH'}",DEPTH
2025-11-14 02:46:26.194000-05:00,MNQZ5.CME@RITHMIC,72417820539300,BUY,24915.0,20,DEPTH,DEPTH,MNQZ5.CME@RITHMIC_20251113_230640_bedbcb11,NONE,,"{'size': 20, 'isBid': True, 'price': 99660, 'data_type': 'DEPTH'}",DEPTH
2025-11-14 02:46:25.642000-05:00,MNQZ5.CME@RITHMIC,72417268422900,BUY,24963.75,24,DEPTH,DEPTH,MNQZ5.CME@RITHMIC_20251113_230640_bedbcb11,NONE,,"{'size': 24, 'isBid': True, 'price': 99855, 'data_type': 'DEPTH'}",DEPTH
2025-11-14 02:46:25.639000-05:00,MNQZ5.CME@RITHMIC,6868909162671,BUY,24963.75,20,LIMIT,UPDATE,MNQZ5.CME@RITHMIC_20251113_230640_bedbcb11,NONE,,"{'size': 20, 'price': 99855, 'orderId': '6868909162671', 'event_type': 'REPLACE'}",MBO
2025-11-14 02:46:25.638000-05:00,MNQZ5.CME@RITHMIC,72417264409900,BUY,24976.25,21,DEPTH,DEPTH,MNQZ5.CME@RITHMIC_20251113_230640_bedbcb11,NONE,,"{'size': 21, 'isBid': True, 'price': 99905, 'data_type': 'DEPTH'}",DEPTH
2025-11-14 02:46:21.699000-05:00,MNQZ5.CME@RITHMIC,72413325672800,BUY,24700.0,87,DEPTH,DEPTH,MNQZ5.CME@RITHMIC_20251113_230640_bedbcb11,NONE,,"{'size': 87, 'isBid': True, 'price': 98800, 'data_type': 'DEPTH'}",DEPTH
2025-11-14 02:46:20.476000-05:00,MNQZ5.CME@RITHMIC,72412102155500,SELL,25021.25,22,DEPTH,DEPTH,MNQZ5.CME@RITHMIC_20251113_230640_bedbcb11,NONE,,"{'size': 22, 'isBid': False, 'price': 100085, 'data_type': 'DEPTH'}",DEPTH
2025-11-14 02:46:20.473000-05:00,MNQZ5.CME@RITHMIC,6868909311158,SELL,25021.25,20,LIMIT,UPDATE,MNQZ5.CME@RITHMIC_20251113_230640_bedbcb11,NONE,,"{'size': 20, 'price': 100085, 'orderId': '6868909311158', 'event_type': 'REPLACE'}",MBO
2025-11-14 02:46:18.012000-05:00,MNQZ5.CME@RITHMIC,72409638724400,SELL,25019.0,23,DEPTH,DEPTH,MNQZ5.CME@RITHMIC_20251113_230640_bedbcb11,NONE,,"{'size': 23, 'isBid': False, 'price': 100076, 'data_type': 'DEPTH'}",DEPTH
2025-11-14 02:46:18.009000-05:00,MNQZ5.CME@RITHMIC,6868909311158,SELL,25019.0,20,LIMIT,UPDATE,MNQZ5.CME@RITHMIC_20251113_230640_bedbcb11,NONE,,"{'size': 20, 'price': 100076, 'orderId': '6868909311158', 'event_type': 'REPLACE'}",MBO
2025-11-14 02:46:15.371000-05:00,MNQZ5.CME@RITHMIC,6868909162671,BUY,24961.5,20,LIMIT,UPDATE,MNQZ5.CME@RITHMIC_20251113_230640_bedbcb11,NONE,,"{'size': 20, 'price': 99846, 'orderId': '6868909162671', 'event_type': 'REPLACE'}",MBO
2025-11-14 02:46:14.287000-05:00,MNQZ5.CME@RITHMIC,6868909311158,SELL,25021.25,20,LIMIT,UPDATE,MNQZ5.CME@RITHMIC_20251113_230640_bedbcb11,NONE,,"{'size': 20, 'price': 100085, 'orderId': '6868909311158', 'event_type': 'REPLACE'}",MBO
2025-11-14 02:46:06.751000-05:00,MNQZ5.CME@RITHMIC,72398377081700,SELL,25000.0,65,DEPTH,DEPTH,MNQZ5.CME@RITHMIC_20251113_230640_bedbcb11,NONE,,"{'size': 65, 'isBid': False, 'price': 100000, 'data_type': 'DEPTH'}",DEPTH
2025-11-14 02:46:06.703000-05:00,MNQZ5.CME@RITHMIC,72398329436700,SELL,25021.25,22,DEPTH,DEPTH,MNQZ5.CME@RITHMIC_20251113_230640_bedbcb11,NONE,,"{'size': 22, 'isBid': False, 'price': 100085, 'data_type': 'DEPTH'}",DEPTH
2025-11-14 02:46:06.551000-05:00,MNQZ5.CME@RITHMIC,72398177161700,BUY,24966.75,34,DEPTH,DEPTH,MNQZ5.CME@RITHMIC_20251113_230640_bedbcb11,NONE,,"{'size': 34, 'isBid': True, 'price': 99867, 'data_type': 'DEPTH'}",DEPTH
2025-11-14 02:46:06.528000-05:00,MNQZ5.CME@RITHMIC,72398154852400,BUY,24961.5,25,DEPTH,DEPTH,MNQZ5.CME@RITHMIC_20251113_230640_bedbcb11,NONE,,"{'size': 25, 'isBid': True, 'price': 99846, 'data_type': 'DEPTH'}",DEPTH
2025-11-14 02:46:06.507000-05:00,MNQZ5.CME@RITHMIC,72398133588900,BUY,24940.0,38,DEPTH,DEPTH,MNQZ5.CME@RITHMIC_20251113_230640_bedbcb11,NONE,,"{'size': 38, 'isBid': True, 'price': 99760, 'data_type': 'DEPTH'}",DEPTH
2025-11-14 02:46:06.497000-05:00,MNQZ5.CME@RITHMIC,72398123699800,BUY,24915.0,20,DEPTH,DEPTH,MNQZ5.CME@RITHMIC_20251113_230640_bedbcb11,NONE,,"{'size': 20, 'isBid': True, 'price': 99660, 'data_type': 'DEPTH'}",DEPTH
2025-11-14 02:46:06.467000-05:00,MNQZ5.CME@RITHMIC,72398093405700,BUY,24750.0,36,DEPTH,DEPTH,MNQZ5.CME@RITHMIC_20251113_230640_bedbcb11,NONE,,"{'size': 36, 'isBid': True, 'price': 99000, 'data_type': 'DEPTH'}",DEPTH
2025-11-14 02:46:05.256000-05:00,MNQZ5.CME@RITHMIC,6868909162671,BUY,24954.25,20,LIMIT,UPDATE,MNQZ5.CME@RITHMIC_20251113_230640_bedbcb11,NONE,,"{'size': 20, 'price': 99817, 'orderId': '6868909162671', 'event_type': 'REPLACE'}",MBO
2025-11-14 02:46:03.136000-05:00,MNQZ5.CME@RITHMIC,6868909311158,SELL,25014.0,20,LIMIT,UPDATE,MNQZ5.CME@RITHMIC_20251113_230640_bedbcb11,NONE,,"{'size': 20, 'price': 100056, 'orderId': '6868909311158', 'event_type': 'REPLACE'}",MBO
2025-11-14 02:45:54.985000-05:00,MNQZ5.CME@RITHMIC,72386610578200,SELL,25000.0,68,DEPTH,DEPTH,MNQZ5.CME@RITHMIC_20251113_230640_bedbcb11,NONE,,"{'size': 68, 'isBid': False, 'price': 100000, 'data_type': 'DEPTH'}",DEPTH
2025-11-14 02:45:54.956000-05:00,MNQZ5.CME@RITHMIC,72386582734700,SELL,25014.0,23,DEPTH,DEPTH,MNQZ5.CME@RITHMIC_20251113_230640_bedbcb11,NONE,,"{'size': 23, 'isBid': False, 'price': 100056, 'data_type': 'DEPTH'}",DEPTH
2025-11-14 02:45:54.891000-05:00,MNQZ5.CME@RITHMIC,72386517683500,SELL,25230.0,42,DEPTH,DEPTH,MNQZ5.CME@RITHMIC_20251113_230640_bedbcb11,NONE,,"{'size': 42, 'isBid': False, 'price': 100920, 'data_type': 'DEPTH'}",DEPTH
2025-11-14 02:45:54.888000-05:00,MNQZ5.CME@RITHMIC,72386514387000,SELL,25275.0,22,DEPTH,DEPTH,MNQZ5.CME@RITHMIC_20251113_230640_bedbcb11,NONE,,"{'size': 22, 'isBid': False, 'price': 101100, 'data_type': 'DEPTH'}",DEPTH
2025-11-14 02:45:54.887000-05:00,MNQZ5.CME@RITHMIC,72386513336900,SELL,25300.0,88,DEPTH,DEPTH,MNQZ5.CME@RITHMIC_20251113_230640_bedbcb11,NONE,,"{'size': 88, 'isBid': False, 'price': 101200, 'data_type': 'DEPTH'}",DEPTH
2025-11-14 02:45:54.784000-05:00,MNQZ5.CME@RITHMIC,72386410919100,BUY,24966.75,44,DEPTH,DEPTH,MNQZ5.CME@RITHMIC_20251113_230640_bedbcb11,NONE,,"{'size': 44, 'isBid': True, 'price': 99867, 'data_type': 'DEPTH'}",DEPTH
2025-11-14 02:45:54.742000-05:00,MNQZ5.CME@RITHMIC,72386368457500,BUY,24954.25,25,DEPTH,DEPTH,MNQZ5.CME@RITHMIC_20251113_230640_bedbcb11,NONE,,"{'size': 25, 'isBid': True, 'price': 99817, 'data_type': 'DEPTH'}",DEPTH
2025-11-14 02:45:54.731000-05:00,MNQZ5.CME@RITHMIC,72386357163700,BUY,24915.0,20,DEPTH,DEPTH,MNQZ5.CME@RITHMIC_20251113_230640_bedbcb11,NONE,,"{'size': 20, 'isBid': True, 'price': 99660, 'data_type': 'DEPTH'}",DEPTH
2025-11-14 02:45:54.708000-05:00,MNQZ5.CME@RITHMIC,72386334815500,BUY,24910.0,21,DEPTH,DEPTH,MNQZ5.CME@RITHMIC_20251113_230640_bedbcb11,NONE,,"{'size': 21, 'isBid': True, 'price': 99640, 'data_type': 'DEPTH'}",DEPTH
2025-11-14 02:45:54.680000-05:00,MNQZ5.CME@RITHMIC,72386306334100,BUY,24850.0,45,DEPTH,DEPTH,MNQZ5.CME@RITHMIC_20251113_230640_bedbcb11,NONE,,"{'size': 45, 'isBid': True, 'price': 99400, 'data_type': 'DEPTH'}",DEPTH
2025-11-14 02:45:54.675000-05:00,MNQZ5.CME@RITHMIC,72386301652900,BUY,24800.0,178,DEPTH,DEPTH,MNQZ5.CME@RITHMIC_20251113_230640_bedbcb11,NONE,,"{'size': 178, 'isBid': True, 'price': 99200, 'data_type': 'DEPTH'}",DEPTH
2025-11-14 02:45:54.670000-05:00,MNQZ5.CME@RITHMIC,72386296713700,BUY,24700.0,86,DEPTH,DEPTH,MNQZ5.CME@RITHMIC_20251113_230640_bedbcb11,NONE,,"{'size': 86, 'isBid': True, 'price': 98800, 'data_type': 'DEPTH'}",DEPTH
2025-11-14 02:45:53.905000-05:00,MNQZ5.CME@RITHMIC,72385531239800,BUY,24909.0,20,DEPTH,DEPTH,MNQZ5.CME@RITHMIC_20251113_230640_bedbcb11,NONE,,"{'size': 20, 'isBid': True, 'price': 99636, 'data_type': 'DEPTH'}",DEPTH
2025-11-14 02:45:50.189000-05:00,MNQZ5.CME@RITHMIC,72381815365800,BUY,24910.0,21,DEPTH,DEPTH,MNQZ5.CME@RITHMIC_20251113_230640_bedbcb11,NONE,,"{'size': 21, 'isBid': True, 'price': 99640, 'data_type': 'DEPTH'}",DEPTH
2025-11-14 02:45:47.137000-05:00,MNQZ5.CME@RITHMIC,72378763838300,BUY,24909.0,20,DEPTH,DEPTH,MNQZ5.CME@RITHMIC_20251113_230640_bedbcb11,NONE,,"{'size': 20, 'isBid': True, 'price': 99636, 'data_type': 'DEPTH'}",DEPTH
2025-11-14 02:45:46.997000-05:00,MNQZ5.CME@RITHMIC,72378622961900,BUY,24910.0,21,DEPTH,DEPTH,MNQZ5.CME@RITHMIC_20251113_230640_bedbcb11,NONE,,"{'size': 21, 'isBid': True, 'price': 99640, 'data_type': 'DEPTH'}",DEPTH
2025-11-14 02:45:45.773000-05:00,MNQZ5.CME@RITHMIC,72377399753000,BUY,24910.0,21,DEPTH,DEPTH,MNQZ5.CME@RITHMIC_20251113_230640_bedbcb11,NONE,,"{'size': 21, 'isBid': True, 'price': 99640, 'data_type': 'DEPTH'}",DEPTH
2025-11-14 02:45:44.746000-05:00,MNQZ5.CME@RITHMIC,72376373159600,BUY,24909.0,20,DEPTH,DEPTH,MNQZ5.CME@RITHMIC_20251113_230640_bedbcb11,NONE,,"{'size': 20, 'isBid': True, 'price': 99636, 'data_type': 'DEPTH'}",DEPTH
2025-11-14 02:45:43.730000-05:00,MNQZ5.CME@RITHMIC,72375357191200,SELL,25275.0,23,DEPTH,DEPTH,MNQZ5.CME@RITHMIC_20251113_230640_bedbcb11,NONE,,"{'size': 23, 'isBid': False, 'price': 101100, 'data_type': 'DEPTH'}",DEPTH
2025-11-14 02:45:43.315000-05:00,MNQZ5.CME@RITHMIC,72374942301400,BUY,24955.5,25,DEPTH,DEPTH,MNQZ5.CME@RITHMIC_20251113_230640_bedbcb11,NONE,,"{'size': 25, 'isBid': True, 'price': 99822, 'data_type': 'DEPTH'}",DEPTH
2025-11-14 02:45:43.313000-05:00,MNQZ5.CME@RITHMIC,6868909162671,BUY,24955.5,20,LIMIT,UPDATE,MNQZ5.CME@RITHMIC_20251113_230640_bedbcb11,NONE,,"{'size': 20, 'price': 99822, 'orderId': '6868909162671', 'event_type': 'REPLACE'}",MBO
2025-11-14 02:45:43.312000-05:00,MNQZ5.CME@RITHMIC,72374938625300,BUY,24968.0,21,DEPTH,DEPTH,MNQZ5.CME@RITHMIC_20251113_230640_bedbcb11,NONE,,"{'size': 21, 'isBid': True, 'price': 99872, 'data_type': 'DEPTH'}",DEPTH
2025-11-14 02:45:42.969000-05:00,MNQZ5.CME@RITHMIC,72374594696600,SELL,25014.0,23,DEPTH,DEPTH,MNQZ5.CME@RITHMIC_20251113_230640_bedbcb11,NONE,,"{'size': 23, 'isBid': False, 'price': 100056, 'data_type': 'DEPTH'}",DEPTH
2025-11-14 02:45:42.965000-05:00,MNQZ5.CME@RITHMIC,6868909311158,SELL,25014.0,20,LIMIT,UPDATE,MNQZ5.CME@RITHMIC_20251113_230640_bedbcb11,NONE,,"{'size': 20, 'price': 100056, 'orderId': '6868909311158', 'event_type': 'REPLACE'}",MBO
2025-11-14 02:45:39.962000-05:00,MNQZ5.CME@RITHMIC,72371588580200,SELL,25000.0,68,DEPTH,DEPTH,MNQZ5.CME@RITHMIC_20251113_230640_bedbcb11,NONE,,"{'size': 68, 'isBid': False, 'price': 100000, 'data_type': 'DEPTH'}",DEPTH
2025-11-14 02:45:38.124000-05:00,MNQZ5.CME@RITHMIC,72369751021000,BUY,24850.0,46,DEPTH,DEPTH,MNQZ5.CME@RITHMIC_20251113_230640_bedbcb11,NONE,,"{'size': 46, 'isBid': True, 'price': 99400, 'data_type': 'DEPTH'}",DEPTH
2025-11-14 02:45:33.321000-05:00,MNQZ5.CME@RITHMIC,6868909162671,BUY,24953.25,20,LIMIT,UPDATE,MNQZ5.CME@RITHMIC_20251113_230640_bedbcb11,NONE,,"{'size': 20, 'price': 99813, 'orderId': '6868909162671', 'event_type': 'REPLACE'}",MBO
2025-11-14 02:45:30.693000-05:00,MNQZ5.CME@RITHMIC,6868909311158,SELL,25011.75,20,LIMIT,UPDATE,MNQZ5.CME@RITHMIC_20251113_230640_bedbcb11,NONE,,"{'size': 20, 'price': 100047, 'orderId': '6868909311158', 'event_type': 'REPLACE'}",MBO
2025-11-14 02:45:29.475000-05:00,MNQZ5.CME@RITHMIC,72361101605700,SELL,25011.75,23,DEPTH,DEPTH,MNQZ5.CME@RITHMIC_20251113_230640_bedbcb11,NONE,,"{'size': 23, 'isBid': False, 'price': 100047, 'data_type': 'DEPTH'}",DEPTH
2025-11-14 02:45:29.429000-05:00,MNQZ5.CME@RITHMIC,72361055192500,SELL,25275.0,22,DEPTH,DEPTH,MNQZ5.CME@RITHMIC_20251113_230640_bedbcb11,NONE,,"{'size': 22, 'isBid': False, 'price': 101100, 'data_type': 'DEPTH'}",DEPTH
2025-11-14 02:45:29.324000-05:00,MNQZ5.CME@RITHMIC,72360949933700,BUY,24953.25,25,DEPTH,DEPTH,MNQZ5.CME@RITHMIC_20251113_230640_bedbcb11,NONE,,"{'size': 25, 'isBid': True, 'price': 99813, 'data_type': 'DEPTH'}",DEPTH
2025-11-14 02:45:29.311000-05:00,MNQZ5.CME@RITHMIC,72360937394000,BUY,24910.0,20,DEPTH,DEPTH,MNQZ5.CME@RITHMIC_20251113_230640_bedbcb11,NONE,,"{'size': 20, 'isBid': True, 'price': 99640, 'data_type': 'DEPTH'}",DEPTH
2025-11-14 02:45:29.306000-05:00,MNQZ5.CME@RITHMIC,72360932527500,BUY,24909.0,20,DEPTH,DEPTH,MNQZ5.CME@RITHMIC_20251113_230640_bedbcb11,NONE,,"{'size': 20, 'isBid': True, 'price': 99636, 'data_type': 'DEPTH'}",DEPTH
2025-11-14 02:45:29.281000-05:00,MNQZ5.CME@RITHMIC,72360906904400,BUY,24870.0,29,DEPTH,DEPTH,MNQZ5.CME@RITHMIC_20251113_230640_bedbcb11,NONE,,"{'size': 29, 'isBid': True, 'price': 99480, 'data_type': 'DEPTH'}",DEPTH
2025-11-14 02:45:29.272000-05:00,MNQZ5.CME@RITHMIC,72360898329500,BUY,24700.0,87,DEPTH,DEPTH,MNQZ5.CME@RITHMIC_20251113_230640_bedbcb11,NONE,,"{'size': 87, 'isBid': True, 'price': 98800, 'data_type': 'DEPTH'}",DEPTH
2025-11-14 02:45:26.253000-05:00,MNQZ5.CME@RITHMIC,72357880105200,BUY,24909.0,20,DEPTH,DEPTH,MNQZ5.CME@RITHMIC_20251113_230640_bedbcb11,NONE,,"{'size': 20, 'isBid': True, 'price': 99636, 'data_type': 'DEPTH'}",DEPTH
2025-11-14 02:45:25.228000-05:00,MNQZ5.CME@RITHMIC,72356854575800,SELL,25000.0,69,DEPTH,DEPTH,MNQZ5.CME@RITHMIC_20251113_230640_bedbcb11,NONE,,"{'size': 69, 'isBid': False, 'price': 100000, 'data_type': 'DEPTH'}",DEPTH
2025-11-14 02:45:22.317000-05:00,MNQZ5.CME@RITHMIC,72353943492100,BUY,24953.25,25,DEPTH,DEPTH,MNQZ5.CME@RITHMIC_20251113_230640_bedbcb11,NONE,,"{'size': 25, 'isBid': True, 'price': 99813, 'data_type': 'DEPTH'}",DEPTH
2025-11-14 02:45:22.314000-05:00,MNQZ5.CME@RITHMIC,6868909162671,BUY,24953.25,20,LIMIT,UPDATE,MNQZ5.CME@RITHMIC_20251113_230640_bedbcb11,NONE,,"{'size': 20, 'price': 99813, 'orderId': '6868909162671', 'event_type': 'REPLACE'}",MBO
2025-11-14 02:45:19.923000-05:00,MNQZ5.CME@RITHMIC,72351549314700,SELL,25011.75,23,DEPTH,DEPTH,MNQZ5.CME@RITHMIC_20251113_230640_bedbcb11,NONE,,"{'size': 23, 'isBid': False, 'price': 100047, 'data_type': 'DEPTH'}",DEPTH
2025-11-14 02:45:19.920000-05:00,MNQZ5.CME@RITHMIC,6868909311158,SELL,25011.75,20,LIMIT,UPDATE,MNQZ5.CME@RITHMIC_20251113_230640_bedbcb11,NONE,,"{'size': 20, 'price': 100047, 'orderId': '6868909311158', 'event_type': 'REPLACE'}",MBO
2025-11-14 02:45:11.213000-05:00,MNQZ5.CME@RITHMIC,72342839195400,SELL,25400.0,63,DEPTH,DEPTH,MNQZ5.CME@RITHMIC_20251113_230640_bedbcb11,NONE,,"{'size': 63, 'isBid': False, 'price': 101600, 'data_type': 'DEPTH'}",DEPTH
2025-11-14 02:45:08.620000-05:00,MNQZ5.CME@RITHMIC,72340245878200,SELL,25009.25,24,DEPTH,DEPTH,MNQZ5.CME@RITHMIC_20251113_230640_bedbcb11,NONE,,"{'size': 24, 'isBid': False, 'price': 100037, 'data_type': 'DEPTH'}",DEPTH
2025-11-14 02:45:08.617000-05:00,MNQZ5.CME@RITHMIC,6868909311158,SELL,25009.25,20,LIMIT,UPDATE,MNQZ5.CME@RITHMIC_20251113_230640_bedbcb11,NONE,,"{'size': 20, 'price': 100037, 'orderId': '6868909311158', 'event_type': 'REPLACE'}",MBO
2025-11-14 02:45:04.801000-05:00,MNQZ5.CME@RITHMIC,72336428131900,SELL,25011.5,24,DEPTH,DEPTH,MNQZ5.CME@RITHMIC_20251113_230640_bedbcb11,NONE,,"{'size': 24, 'isBid': False, 'price': 100046, 'data_type': 'DEPTH'}",DEPTH
2025-11-14 02:45:04.799000-05:00,MNQZ5.CME@RITHMIC,6868909311158,SELL,25011.5,20,LIMIT,UPDATE,MNQZ5.CME@RITHMIC_20251113_230640_bedbcb11,NONE,,"{'size': 20, 'price': 100046, 'orderId': '6868909311158', 'event_type': 'REPLACE'}",MBO
2025-11-14 02:45:04.798000-05:00,MNQZ5.CME@RITHMIC,72336424304600,SELL,24999.0,21,DEPTH,DEPTH,MNQZ5.CME@RITHMIC_20251113_230640_bedbcb11,NONE,,"{'size': 21, 'isBid': False, 'price': 99996, 'data_type': 'DEPTH'}",DEPTH
2025-11-14 02:45:01.283000-05:00,MNQZ5.CME@RITHMIC,72332909560000,SELL,25009.25,24,DEPTH,DEPTH,MNQZ5.CME@RITHMIC_20251113_230640_bedbcb11,NONE,,"{'size': 24, 'isBid': False, 'price': 100037, 'data_type': 'DEPTH'}",DEPTH
2025-11-14 02:45:01.281000-05:00,MNQZ5.CME@RITHMIC,6868909311158,SELL,25009.25,20,LIMIT,UPDATE,MNQZ5.CME@RITHMIC_20251113_230640_bedbcb11,NONE,,"{'size': 20, 'price': 100037, 'orderId': '6868909311158', 'event_type': 'REPLACE'}",MBO
2025-11-14 02:44:59.452000-05:00,MNQZ5.CME@RITHMIC,72331078400800,BUY,24951.0,24,DEPTH,DEPTH,MNQZ5.CME@RITHMIC_20251113_230640_bedbcb11,NONE,,"{'size': 24, 'isBid': True, 'price': 99804, 'data_type': 'DEPTH'}",DEPTH
2025-11-14 02:44:59.449000-05:00,MNQZ5.CME@RITHMIC,6868909162671,BUY,24951.0,20,LIMIT,UPDATE,MNQZ5.CME@RITHMIC_20251113_230640_bedbcb11,NONE,,"{'size': 20, 'price': 99804, 'orderId': '6868909162671', 'event_type': 'REPLACE'}",MBO
2025-11-14 02:44:54.672000-05:00,MNQZ5.CME@RITHMIC,72326298785300,SELL,25011.5,24,DEPTH,DEPTH,MNQZ5.CME@RITHMIC_20251113_230640_bedbcb11,NONE,,"{'size': 24, 'isBid': False, 'price': 100046, 'data_type': 'DEPTH'}",DEPTH
2025-11-14 02:44:54.669000-05:00,MNQZ5.CME@RITHMIC,6868909311158,SELL,25011.5,20,LIMIT,UPDATE,MNQZ5.CME@RITHMIC_20251113_230640_bedbcb11,NONE,,"{'size': 20, 'price': 100046, 'orderId': '6868909311158', 'event_type': 'REPLACE'}",MBO
2025-11-14 02:44:54.668000-05:00,MNQZ5.CME@RITHMIC,72326294909300,SELL,24999.0,21,DEPTH,DEPTH,MNQZ5.CME@RITHMIC_20251113_230640_bedbcb11,NONE,,"{'size': 21, 'isBid': False, 'price': 99996, 'data_type': 'DEPTH'}",DEPTH
2025-11-14 02:44:49.344000-05:00,MNQZ5.CME@RITHMIC,6868909311158,SELL,25013.75,20,LIMIT,ADD,MNQZ5.CME@RITHMIC_20251113_230640_bedbcb11,NONE,,"{'size': 20, 'isBid': False, 'price': 100055, 'orderId': '6868909311158', 'event_type': 'SEND'}",MBO
2025-11-14 02:44:49.032000-05:00,MNQZ5.CME@RITHMIC,6868909162671,BUY,24953.5,20,LIMIT,UPDATE,MNQZ5.CME@RITHMIC_20251113_230640_bedbcb11,NONE,,"{'size': 20, 'price': 99814, 'orderId': '6868909162671', 'event_type': 'REPLACE'}",MBO
2025-11-14 02:44:43.040000-05:00,MNQZ5.CME@RITHMIC,72314665809600,SELL,25013.75,24,DEPTH,DEPTH,MNQZ5.CME@RITHMIC_20251113_230640_bedbcb11,NONE,,"{'size': 24, 'isBid': False, 'price': 100055, 'data_type': 'DEPTH'}",DEPTH
2025-11-14 02:44:42.950000-05:00,MNQZ5.CME@RITHMIC,72314576737700,BUY,24966.75,34,DEPTH,DEPTH,MNQZ5.CME@RITHMIC_20251113_230640_bedbcb11,NONE,,"{'size': 34, 'isBid': True, 'price': 99867, 'data_type': 'DEPTH'}",DEPTH
2025-11-14 02:44:42.918000-05:00,MNQZ5.CME@RITHMIC,72314543914300,BUY,24953.5,24,DEPTH,DEPTH,MNQZ5.CME@RITHMIC_20251113_230640_bedbcb11,NONE,,"{'size': 24, 'isBid': True, 'price': 99814, 'data_type': 'DEPTH'}",DEPTH
2025-11-14 02:44:42.906000-05:00,MNQZ5.CME@RITHMIC,72314532381800,BUY,24910.0,20,DEPTH,DEPTH,MNQZ5.CME@RITHMIC_20251113_230640_bedbcb11,NONE,,"{'size': 20, 'isBid': True, 'price': 99640, 'data_type': 'DEPTH'}",DEPTH
2025-11-14 02:44:42.900000-05:00,MNQZ5.CME@RITHMIC,72314527062400,BUY,24909.0,20,DEPTH,DEPTH,MNQZ5.CME@RITHMIC_20251113_230640_bedbcb11,NONE,,"{'size': 20, 'isBid': True, 'price': 99636, 'data_type': 'DEPTH'}",DEPTH
2025-11-14 02:44:41.532000-05:00,MNQZ5.CME@RITHMIC,72313157958800,SELL,25300.0,87,DEPTH,DEPTH,MNQZ5.CME@RITHMIC_20251113_230640_bedbcb11,NONE,,"{'size': 87, 'isBid': False, 'price': 101200, 'data_type': 'DEPTH'}",DEPTH
2025-11-14 02:44:32.202000-05:00,MNQZ5.CME@RITHMIC,72303828877200,SELL,25000.0,66,DEPTH,DEPTH,MNQZ5.CME@RITHMIC_20251113_230640_bedbcb11,NONE,,"{'size': 66, 'isBid': False, 'price': 100000, 'data_type': 'DEPTH'}",DEPTH
2025-11-14 02:44:30.984000-05:00,MNQZ5.CME@RITHMIC,72302610497500,BUY,24980.0,20,DEPTH,DEPTH,MNQZ5.CME@RITHMIC_20251113_230640_bedbcb11,NONE,,"{'size': 20, 'isBid': True, 'price': 99920, 'data_type': 'DEPTH'}",DEPTH
2025-11-14 02:44:26.567000-05:00,MNQZ5.CME@RITHMIC,72298193609800,BUY,24900.0,121,DEPTH,DEPTH,MNQZ5.CME@RITHMIC_20251113_230640_bedbcb11,NONE,,"{'size': 121, 'isBid': True, 'price': 99600, 'data_type': 'DEPTH'}",DEPTH
2025-11-14 02:44:26.558000-05:00,MNQZ5.CME@RITHMIC,72298184125000,BUY,24980.0,21,DEPTH,DEPTH,MNQZ5.CME@RITHMIC_20251113_230640_bedbcb11,NONE,,"{'size': 21, 'isBid': True, 'price': 99920, 'data_type': 'DEPTH'}",DEPTH
2025-11-14 02:44:25.359000-05:00,MNQZ5.CME@RITHMIC,72296984930700,SELL,25012.75,22,DEPTH,DEPTH,MNQZ5.CME@RITHMIC_20251113_230640_bedbcb11,NONE,,"{'size': 22, 'isBid': False, 'price': 100051, 'data_type': 'DEPTH'}",DEPTH
2025-11-14 02:44:25.356000-05:00,MNQZ5.CME@RITHMIC,6868909183450,SELL,25012.75,20,LIMIT,UPDATE,MNQZ5.CME@RITHMIC_20251113_230640_bedbcb11,NONE,,"{'size': 20, 'price': 100051, 'orderId': '6868909183450', 'event_type': 'REPLACE'}",MBO
2025-11-14 02:44:25.030000-05:00,MNQZ5.CME@RITHMIC,72296656119700,BUY,24954.25,24,DEPTH,DEPTH,MNQZ5.CME@RITHMIC_20251113_230640_bedbcb11,NONE,,"{'size': 24, 'isBid': True, 'price': 99817, 'data_type': 'DEPTH'}",DEPTH
2025-11-14 02:44:25.026000-05:00,MNQZ5.CME@RITHMIC,6868909162671,BUY,24954.25,20,LIMIT,UPDATE,MNQZ5.CME@RITHMIC_20251113_230640_bedbcb11,NONE,,"{'size': 20, 'price': 99817, 'orderId': '6868909162671', 'event_type': 'REPLACE'}",MBO
2025-11-14 02:44:25.025000-05:00,MNQZ5.CME@RITHMIC,72296651836800,BUY,24966.75,44,DEPTH,DEPTH,MNQZ5.CME@RITHMIC_20251113_230640_bedbcb11,NONE,,"{'size': 44, 'isBid': True, 'price': 99867, 'data_type': 'DEPTH'}",DEPTH
2025-11-14 02:44:23.530000-05:00,MNQZ5.CME@RITHMIC,72295156403700,BUY,24909.0,21,DEPTH,DEPTH,MNQZ5.CME@RITHMIC_20251113_230640_bedbcb11,NONE,,"{'size': 21, 'isBid': True, 'price': 99636, 'data_type': 'DEPTH'}",DEPTH
2025-11-14 02:44:22.894000-05:00,MNQZ5.CME@RITHMIC,72294520261400,BUY,24910.0,20,DEPTH,DEPTH,MNQZ5.CME@RITHMIC_20251113_230640_bedbcb11,NONE,,"{'size': 20, 'isBid': True, 'price': 99640, 'data_type': 'DEPTH'}",DEPTH
2025-11-14 02:44:21.798000-05:00,MNQZ5.CME@RITHMIC,72293424124400,BUY,24910.0,20,DEPTH,DEPTH,MNQZ5.CME@RITHMIC_20251113_230640_bedbcb11,NONE,,"{'size': 20, 'isBid': True, 'price': 99640, 'data_type': 'DEPTH'}",DEPTH
2025-11-14 02:44:21.227000-05:00,MNQZ5.CME@RITHMIC,72292853216100,BUY,24909.0,21,DEPTH,DEPTH,MNQZ5.CME@RITHMIC_20251113_230640_bedbcb11,NONE,,"{'size': 21, 'isBid': True, 'price': 99636, 'data_type': 'DEPTH'}",DEPTH
2025-11-14 02:44:19.252000-05:00,MNQZ5.CME@RITHMIC,6868909162671,BUY,24956.5,20,LIMIT,UPDATE,MNQZ5.CME@RITHMIC_20251113_230640_bedbcb11,NONE,,"{'size': 20, 'price': 99826, 'orderId': '6868909162671', 'event_type': 'REPLACE'}",MBO
2025-11-14 02:44:17.114000-05:00,MNQZ5.CME@RITHMIC,6868909183450,SELL,25015.0,20,LIMIT,UPDATE,MNQZ5.CME@RITHMIC_20251113_230640_bedbcb11,NONE,,"{'size': 20, 'price': 100060, 'orderId': '6868909183450', 'event_type': 'REPLACE'}",MBO
2025-11-14 02:44:12.662000-05:00,MNQZ5.CME@RITHMIC,72284288612600,SELL,25000.0,67,DEPTH,DEPTH,MNQZ5.CME@RITHMIC_20251113_230640_bedbcb11,NONE,,"{'size': 67, 'isBid': False, 'price': 100000, 'data_type': 'DEPTH'}",DEPTH
2025-11-14 02:44:12.636000-05:00,MNQZ5.CME@RITHMIC,72284263066800,SELL,25015.0,28,DEPTH,DEPTH,MNQZ5.CME@RITHMIC_20251113_230640_bedbcb11,NONE,,"{'size': 28, 'isBid': False, 'price': 100060, 'data_type': 'DEPTH'}",DEPTH
2025-11-14 02:44:12.523000-05:00,MNQZ5.CME@RITHMIC,72284149701800,BUY,24966.75,34,DEPTH,DEPTH,MNQZ5.CME@RITHMIC_20251113_230640_bedbcb11,NONE,,"{'size': 34, 'isBid': True, 'price': 99867, 'data_type': 'DEPTH'}",DEPTH
2025-11-14 02:44:12.499000-05:00,MNQZ5.CME@RITHMIC,72284125054100,BUY,24956.5,24,DEPTH,DEPTH,MNQZ5.CME@RITHMIC_20251113_230640_bedbcb11,NONE,,"{'size': 24, 'isBid': True, 'price': 99826, 'data_type': 'DEPTH'}",DEPTH
2025-11-14 02:44:12.480000-05:00,MNQZ5.CME@RITHMIC,72284106041600,BUY,24910.0,20,DEPTH,DEPTH,MNQZ5.CME@RITHMIC_20251113_230640_bedbcb11,NONE,,"{'size': 20, 'isBid': True, 'price': 99640, 'data_type': 'DEPTH'}",DEPTH
2025-11-14 02:44:12.459000-05:00,MNQZ5.CME@RITHMIC,72284085687300,BUY,24000.0,45,DEPTH,DEPTH,MNQZ5.CME@RITHMIC_20251113_230640_bedbcb11,NONE,,"{'size': 45, 'isBid': True, 'price': 96000, 'data_type': 'DEPTH'}",DEPTH
2025-11-14 02:44:09.087000-05:00,MNQZ5.CME@RITHMIC,72280713549600,BUY,24909.0,20,DEPTH,DEPTH,MNQZ5.CME@RITHMIC_20251113_230640_bedbcb11,NONE,,"{'size': 20, 'isBid': True, 'price': 99636, 'data_type': 'DEPTH'}",DEPTH
2025-11-14 02:44:08.170000-05:00,MNQZ5.CME@RITHMIC,72279796534500,SELL,25015.0,28,DEPTH,DEPTH,MNQZ5.CME@RITHMIC_20251113_230640_bedbcb11,NONE,,"{'size': 28, 'isBid': False, 'price': 100060, 'data_type': 'DEPTH'}",DEPTH
2025-11-14 02:44:08.167000-05:00,MNQZ5.CME@RITHMIC,6868909183450,SELL,25015.0,20,LIMIT,UPDATE,MNQZ5.CME@RITHMIC_20251113_230640_bedbcb11,NONE,,"{'size': 20, 'price': 100060, 'orderId': '6868909183450', 'event_type': 'REPLACE'}",MBO
2025-11-14 02:44:05.989000-05:00,MNQZ5.CME@RITHMIC,72277615805600,BUY,24956.5,24,DEPTH,DEPTH,MNQZ5.CME@RITHMIC_20251113_230640_bedbcb11,NONE,,"{'size': 24, 'isBid': True, 'price': 99826, 'data_type': 'DEPTH'}",DEPTH
2025-11-14 02:44:05.987000-05:00,MNQZ5.CME@RITHMIC,6868909162671,BUY,24956.5,20,LIMIT,UPDATE,MNQZ5.CME@RITHMIC_20251113_230640_bedbcb11,NONE,,"{'size': 20, 'price': 99826, 'orderId': '6868909162671', 'event_type': 'REPLACE'}",MBO
2025-11-14 02:44:05.793000-05:00,MNQZ5.CME@RITHMIC,72277418960100,BUY,24910.0,21,DEPTH,DEPTH,MNQZ5.CME@RITHMIC_20251113_230640_bedbcb11,NONE,,"{'size': 21, 'isBid': True, 'price': 99640, 'data_type': 'DEPTH'}",DEPTH
2025-11-14 02:43:54.639000-05:00,MNQZ5.CME@RITHMIC,72266265412500,BUY,24959.0,23,DEPTH,DEPTH,MNQZ5.CME@RITHMIC_20251113_230640_bedbcb11,NONE,,"{'size': 23, 'isBid': True, 'price': 99836, 'data_type': 'DEPTH'}",DEPTH
2025-11-14 02:43:54.636000-05:00,MNQZ5.CME@RITHMIC,6868909162671,BUY,24959.0,20,LIMIT,UPDATE,MNQZ5.CME@RITHMIC_20251113_230640_bedbcb11,NONE,,"{'size': 20, 'price': 99836, 'orderId': '6868909162671', 'event_type': 'REPLACE'}",MBO
2025-11-14 02:43:52.552000-05:00,MNQZ5.CME@RITHMIC,72264178255800,SELL,25000.0,68,DEPTH,DEPTH,MNQZ5.CME@RITHMIC_20251113_230640_bedbcb11,NONE,,"{'size': 68, 'isBid': False, 'price': 100000, 'data_type': 'DEPTH'}",DEPTH
2025-11-14 02:43:51.179000-05:00,MNQZ5.CME@RITHMIC,72262805758100,SELL,25017.25,31,DEPTH,DEPTH,MNQZ5.CME@RITHMIC_20251113_230640_bedbcb11,NONE,,"{'size': 31, 'isBid': False, 'price': 100069, 'data_type': 'DEPTH'}",DEPTH
2025-11-14 02:43:51.177000-05:00,MNQZ5.CME@RITHMIC,6868909183450,SELL,25017.25,20,LIMIT,UPDATE,MNQZ5.CME@RITHMIC_20251113_230640_bedbcb11,NONE,,"{'size': 20, 'price': 100069, 'orderId': '6868909183450', 'event_type': 'REPLACE'}",MBO
2025-11-14 02:43:49.603000-05:00,MNQZ5.CME@RITHMIC,6868909162671,BUY,24956.75,20,LIMIT,UPDATE,MNQZ5.CME@RITHMIC_20251113_230640_bedbcb11,NONE,,"{'size': 20, 'price': 99827, 'orderId': '6868909162671', 'event_type': 'REPLACE'}",MBO
2025-11-14 02:43:48.336000-05:00,MNQZ5.CME@RITHMIC,6868909183450,SELL,25015.0,20,LIMIT,UPDATE,MNQZ5.CME@RITHMIC_20251113_230640_bedbcb11,NONE,,"{'size': 20, 'price': 100060, 'orderId': '6868909183450', 'event_type': 'REPLACE'}",MBO
2025-11-14 02:43:45.903000-05:00,MNQZ5.CME@RITHMIC,72257529724200,SELL,25015.0,28,DEPTH,DEPTH,MNQZ5.CME@RITHMIC_20251113_230640_bedbcb11,NONE,,"{'size': 28, 'isBid': False, 'price': 100060, 'data_type': 'DEPTH'}",DEPTH
2025-11-14 02:43:45.865000-05:00,MNQZ5.CME@RITHMIC,72257491645500,SELL,25280.0,24,DEPTH,DEPTH,MNQZ5.CME@RITHMIC_20251113_230640_bedbcb11,NONE,,"{'size': 24, 'isBid': False, 'price': 101120, 'data_type': 'DEPTH'}",DEPTH
2025-11-14 02:43:45.798000-05:00,MNQZ5.CME@RITHMIC,72257424494600,BUY,24956.75,22,DEPTH,DEPTH,MNQZ5.CME@RITHMIC_20251113_230640_bedbcb11,NONE,,"{'size': 22, 'isBid': True, 'price': 99827, 'data_type': 'DEPTH'}",DEPTH
2025-11-14 02:43:43.910000-05:00,MNQZ5.CME@RITHMIC,72255535988100,BUY,24910.0,21,DEPTH,DEPTH,MNQZ5.CME@RITHMIC_20251113_230640_bedbcb11,NONE,,"{'size': 21, 'isBid': True, 'price': 99640, 'data_type': 'DEPTH'}",DEPTH
2025-11-14 02:43:40.255000-05:00,MNQZ5.CME@RITHMIC,72251880927300,BUY,24956.75,22,DEPTH,DEPTH,MNQZ5.CME@RITHMIC_20251113_230640_bedbcb11,NONE,,"{'size': 22, 'isBid': True, 'price': 99827, 'data_type': 'DEPTH'}",DEPTH
2025-11-14 02:43:40.252000-05:00,MNQZ5.CME@RITHMIC,6868909162671,BUY,24956.75,20,LIMIT,UPDATE,MNQZ5.CME@RITHMIC_20251113_230640_bedbcb11,NONE,,"{'size': 20, 'price': 99827, 'orderId': '6868909162671', 'event_type': 'REPLACE'}",MBO
2025-11-14 02:43:39.161000-05:00,MNQZ5.CME@RITHMIC,72250787036100,BUY,24910.0,20,DEPTH,DEPTH,MNQZ5.CME@RITHMIC_20251113_230640_bedbcb11,NONE,,"{'size': 20, 'isBid': True, 'price': 99640, 'data_type': 'DEPTH'}",DEPTH
2025-11-14 02:43:26.475000-05:00,MNQZ5.CME@RITHMIC,6868909162671,BUY,24959.0,20,LIMIT,UPDATE,MNQZ5.CME@RITHMIC_20251113_230640_bedbcb11,NONE,,"{'size': 20, 'price': 99836, 'orderId': '6868909162671', 'event_type': 'REPLACE'}",MBO
2025-11-14 02:43:24.097000-05:00,MNQZ5.CME@RITHMIC,6868909183450,SELL,25017.25,20,LIMIT,UPDATE,MNQZ5.CME@RITHMIC_20251113_230640_bedbcb11,NONE,,"{'size': 20, 'price': 100069, 'orderId': '6868909183450', 'event_type': 'REPLACE'}",MBO
2025-11-14 02:43:21.154000-05:00,MNQZ5.CME@RITHMIC,72232780386900,SELL,25000.0,67,DEPTH,DEPTH,MNQZ5.CME@RITHMIC_20251113_230640_bedbcb11,NONE,,"{'size': 67, 'isBid': False, 'price': 100000, 'data_type': 'DEPTH'}",DEPTH
2025-11-14 02:43:21.128000-05:00,MNQZ5.CME@RITHMIC,72232754549100,SELL,25017.25,31,DEPTH,DEPTH,MNQZ5.CME@RITHMIC_20251113_230640_bedbcb11,NONE,,"{'size': 31, 'isBid': False, 'price': 100069, 'data_type': 'DEPTH'}",DEPTH
2025-11-14 02:43:21.007000-05:00,MNQZ5.CME@RITHMIC,72232633338100,BUY,24959.0,23,DEPTH,DEPTH,MNQZ5.CME@RITHMIC_20251113_230640_bedbcb11,NONE,,"{'size': 23, 'isBid': True, 'price': 99836, 'data_type': 'DEPTH'}",DEPTH
2025-11-14 02:43:20.073000-05:00,MNQZ5.CME@RITHMIC,72231698982600,SELL,25019.5,22,DEPTH,DEPTH,MNQZ5.CME@RITHMIC_20251113_230640_bedbcb11,NONE,,"{'size': 22, 'isBid': False, 'price': 100078, 'data_type': 'DEPTH'}",DEPTH
2025-11-14 02:43:20.069000-05:00,MNQZ5.CME@RITHMIC,6868909183450,SELL,25019.5,20,LIMIT,UPDATE,MNQZ5.CME@RITHMIC_20251113_230640_bedbcb11,NONE,,"{'size': 20, 'price': 100078, 'orderId': '6868909183450', 'event_type': 'REPLACE'}",MBO
2025-11-14 02:43:14.508000-05:00,MNQZ5.CME@RITHMIC,72226134911900,SELL,25000.0,71,DEPTH,DEPTH,MNQZ5.CME@RITHMIC_20251113_230640_bedbcb11,NONE,,"{'size': 71, 'isBid': False, 'price': 100000, 'data_type': 'DEPTH'}",DEPTH
2025-11-14 02:43:14.443000-05:00,MNQZ5.CME@RITHMIC,72226069803700,SELL,25000.0,72,DEPTH,DEPTH,MNQZ5.CME@RITHMIC_20251113_230640_bedbcb11,NONE,,"{'size': 72, 'isBid': False, 'price': 100000, 'data_type': 'DEPTH'}",DEPTH
2025-11-14 02:43:11.986000-05:00,MNQZ5.CME@RITHMIC,6868909162671,BUY,24959.25,20,LIMIT,UPDATE,MNQZ5.CME@RITHMIC_20251113_230640_bedbcb11,NONE,,"{'size': 20, 'price': 99837, 'orderId': '6868909162671', 'event_type': 'REPLACE'}",MBO
2025-11-14 02:43:10.056000-05:00,MNQZ5.CME@RITHMIC,6868909183450,SELL,25017.25,20,LIMIT,UPDATE,MNQZ5.CME@RITHMIC_20251113_230640_bedbcb11,NONE,,"{'size': 20, 'price': 100069, 'orderId': '6868909183450', 'event_type': 'REPLACE'}",MBO
2025-11-14 02:43:05.618000-05:00,MNQZ5.CME@RITHMIC,72217244173300,SELL,25000.0,73,DEPTH,DEPTH,MNQZ5.CME@RITHMIC_20251113_230640_bedbcb11,NONE,,"{'size': 73, 'isBid': False, 'price': 100000, 'data_type': 'DEPTH'}",DEPTH
2025-11-14 02:43:05.591000-05:00,MNQZ5.CME@RITHMIC,72217217986700,SELL,25017.25,31,DEPTH,DEPTH,MNQZ5.CME@RITHMIC_20251113_230640_bedbcb11,NONE,,"{'size': 31, 'isBid': False, 'price': 100069, 'data_type': 'DEPTH'}",DEPTH
2025-11-14 02:43:05.527000-05:00,MNQZ5.CME@RITHMIC,72217153441200,SELL,25800.0,98,DEPTH,DEPTH,MNQZ5.CME@RITHMIC_20251113_230640_bedbcb11,NONE,,"{'size': 98, 'isBid': False, 'price': 103200, 'data_type': 'DEPTH'}",DEPTH
2025-11-14 02:43:05.447000-05:00,MNQZ5.CME@RITHMIC,72217073877700,BUY,24966.75,34,DEPTH,DEPTH,MNQZ5.CME@RITHMIC_20251113_230640_bedbcb11,NONE,,"{'size': 34, 'isBid': True, 'price': 99867, 'data_type': 'DEPTH'}",DEPTH
2025-11-14 02:43:05.420000-05:00,MNQZ5.CME@RITHMIC,72217047056700,BUY,24959.25,23,DEPTH,DEPTH,MNQZ5.CME@RITHMIC_20251113_230640_bedbcb11,NONE,,"{'size': 23, 'isBid': True, 'price': 99837, 'data_type': 'DEPTH'}",DEPTH
2025-11-14 02:43:05.399000-05:00,MNQZ5.CME@RITHMIC,72217025385700,BUY,24915.0,20,DEPTH,DEPTH,MNQZ5.CME@RITHMIC_20251113_230640_bedbcb11,NONE,,"{'size': 20, 'isBid': True, 'price': 99660, 'data_type': 'DEPTH'}",DEPTH
2025-11-14 02:42:52.804000-05:00,MNQZ5.CME@RITHMIC,6868909162671,BUY,24959.25,20,LIMIT,UPDATE,MNQZ5.CME@RITHMIC_20251113_230640_bedbcb11,NONE,,"{'size': 20, 'price': 99837, 'orderId': '6868909162671', 'event_type': 'REPLACE'}",MBO
2025-11-14 02:42:50.432000-05:00,MNQZ5.CME@RITHMIC,6868909183450,SELL,25017.0,20,LIMIT,UPDATE,MNQZ5.CME@RITHMIC_20251113_230640_bedbcb11,NONE,,"{'size': 20, 'price': 100068, 'orderId': '6868909183450', 'event_type': 'REPLACE'}",MBO
2025-11-14 02:42:46.131000-05:00,MNQZ5.CME@RITHMIC,72197757276800,SELL,25000.0,70,DEPTH,DEPTH,MNQZ5.CME@RITHMIC_20251113_230640_bedbcb11,NONE,,"{'size': 70, 'isBid': False, 'price': 100000, 'data_type': 'DEPTH'}",DEPTH
2025-11-14 02:42:46.096000-05:00,MNQZ5.CME@RITHMIC,72197722168600,SELL,25017.0,24,DEPTH,DEPTH,MNQZ5.CME@RITHMIC_20251113_230640_bedbcb11,NONE,,"{'size': 24, 'isBid': False, 'price': 100068, 'data_type': 'DEPTH'}",DEPTH
2025-11-14 02:42:46.047000-05:00,MNQZ5.CME@RITHMIC,72197673861600,SELL,25080.0,21,DEPTH,DEPTH,MNQZ5.CME@RITHMIC_20251113_230640_bedbcb11,NONE,,"{'size': 21, 'isBid': False, 'price': 100320, 'data_type': 'DEPTH'}",DEPTH
2025-11-14 02:42:45.921000-05:00,MNQZ5.CME@RITHMIC,72197547781900,BUY,24959.25,23,DEPTH,DEPTH,MNQZ5.CME@RITHMIC_20251113_230640_bedbcb11,NONE,,"{'size': 23, 'isBid': True, 'price': 99837, 'data_type': 'DEPTH'}",DEPTH
2025-11-14 02:42:45.904000-05:00,MNQZ5.CME@RITHMIC,72197530548800,BUY,24940.0,37,DEPTH,DEPTH,MNQZ5.CME@RITHMIC_20251113_230640_bedbcb11,NONE,,"{'size': 37, 'isBid': True, 'price': 99760, 'data_type': 'DEPTH'}",DEPTH
2025-11-14 02:42:45.899000-05:00,MNQZ5.CME@RITHMIC,72197525225600,BUY,24915.0,21,DEPTH,DEPTH,MNQZ5.CME@RITHMIC_20251113_230640_bedbcb11,NONE,,"{'size': 21, 'isBid': True, 'price': 99660, 'data_type': 'DEPTH'}",DEPTH
2025-11-14 02:42:45.861000-05:00,MNQZ5.CME@RITHMIC,72197488086400,BUY,24000.0,44,DEPTH,DEPTH,MNQZ5.CME@RITHMIC_20251113_230640_bedbcb11,NONE,,"{'size': 44, 'isBid': True, 'price': 96000, 'data_type': 'DEPTH'}",DEPTH
2025-11-14 02:42:45.462000-05:00,MNQZ5.CME@RITHMIC,72197088290100,SELL,99944.0,141,TRADE,TRADE,MNQZ5.CME@RITHMIC_20251113_230640_bedbcb11,NONE,,"{'size': 141, 'isOtc': False, 'price': 99944.0, 'data_type': 'TRADE', 'isBidAggressor': True, 'isExecutionEnd': True, 'passiveOrderId': None, 'aggressorOrderId': None, 'isExecutionStart': True, 'serialVersionUID': -5266538964320734421}",TRADE
2025-11-14 02:42:45.433000-05:00,MNQZ5.CME@RITHMIC,72197058958800,SELL,99942.0,24,TRADE,TRADE,MNQZ5.CME@RITHMIC_20251113_230640_bedbcb11,NONE,,"{'size': 24, 'isOtc': False, 'price': 99942.0, 'data_type': 'TRADE', 'isBidAggressor': True, 'isExecutionEnd': True, 'passiveOrderId': None, 'aggressorOrderId': None, 'isExecutionStart': True, 'serialVersionUID': -5266538964320734421}",TRADE
2025-11-14 02:42:44.735000-05:00,MNQZ5.CME@RITHMIC,6868909162671,BUY,24957.0,20,LIMIT,UPDATE,MNQZ5.CME@RITHMIC_20251113_230640_bedbcb11,NONE,,"{'size': 20, 'price': 99828, 'orderId': '6868909162671', 'event_type': 'REPLACE'}",MBO
2025-11-14 02:42:42.343000-05:00,MNQZ5.CME@RITHMIC,6868909183450,SELL,25016.25,20,LIMIT,UPDATE,MNQZ5.CME@RITHMIC_20251113_230640_bedbcb11,NONE,,"{'size': 20, 'price': 100065, 'orderId': '6868909183450', 'event_type': 'REPLACE'}",MBO
2025-11-14 02:42:33.068000-05:00,MNQZ5.CME@RITHMIC,72184694838600,SELL,25016.25,23,DEPTH,DEPTH,MNQZ5.CME@RITHMIC_20251113_230640_bedbcb11,NONE,,"{'size': 23, 'isBid': False, 'price': 100065, 'data_type': 'DEPTH'}",DEPTH
2025-11-14 02:42:32.860000-05:00,MNQZ5.CME@RITHMIC,72184487203300,BUY,24957.0,27,DEPTH,DEPTH,MNQZ5.CME@RITHMIC_20251113_230640_bedbcb11,NONE,,"{'size': 27, 'isBid': True, 'price': 99828, 'data_type': 'DEPTH'}",DEPTH
2025-11-14 02:42:32.768000-05:00,MNQZ5.CME@RITHMIC,72184393761200,BUY,24800.0,176,DEPTH,DEPTH,MNQZ5.CME@RITHMIC_20251113_230640_bedbcb11,NONE,,"{'size': 176, 'isBid': True, 'price': 99200, 'data_type': 'DEPTH'}",DEPTH
2025-11-14 02:42:31.921000-05:00,MNQZ5.CME@RITHMIC,72183547386200,BUY,24966.75,35,DEPTH,DEPTH,MNQZ5.CME@RITHMIC_20251113_230640_bedbcb11,NONE,,"{'size': 35, 'isBid': True, 'price': 99867, 'data_type': 'DEPTH'}",DEPTH
2025-11-14 02:42:30.748000-05:00,MNQZ5.CME@RITHMIC,72182374405500,BUY,24966.75,36,DEPTH,DEPTH,MNQZ5.CME@RITHMIC_20251113_230640_bedbcb11,NONE,,"{'size': 36, 'isBid': True, 'price': 99867, 'data_type': 'DEPTH'}",DEPTH
2025-11-14 02:42:28.584000-05:00,MNQZ5.CME@RITHMIC,72180210600000,SELL,25006.75,23,DEPTH,DEPTH,MNQZ5.CME@RITHMIC_20251113_230640_bedbcb11,NONE,,"{'size': 23, 'isBid': False, 'price': 100027, 'data_type': 'DEPTH'}",DEPTH
2025-11-14 02:42:28.581000-05:00,MNQZ5.CME@RITHMIC,6868909183450,SELL,25006.75,20,LIMIT,UPDATE,MNQZ5.CME@RITHMIC_20251113_230640_bedbcb11,NONE,,"{'size': 20, 'price': 100027, 'orderId': '6868909183450', 'event_type': 'REPLACE'}",MBO
2025-11-14 02:42:28.364000-05:00,MNQZ5.CME@RITHMIC,72179991181300,BUY,24947.75,24,DEPTH,DEPTH,MNQZ5.CME@RITHMIC_20251113_230640_bedbcb11,NONE,,"{'size': 24, 'isBid': True, 'price': 99791, 'data_type': 'DEPTH'}",DEPTH
2025-11-14 02:42:28.362000-05:00,MNQZ5.CME@RITHMIC,6868909162671,BUY,24947.75,20,LIMIT,UPDATE,MNQZ5.CME@RITHMIC_20251113_230640_bedbcb11,NONE,,"{'size': 20, 'price': 99791, 'orderId': '6868909162671', 'event_type': 'REPLACE'}",MBO
2025-11-14 02:42:28.355000-05:00,MNQZ5.CME@RITHMIC,72179982074200,BUY,24900.0,123,DEPTH,DEPTH,MNQZ5.CME@RITHMIC_20251113_230640_bedbcb11,NONE,,"{'size': 123, 'isBid': True, 'price': 99600, 'data_type': 'DEPTH'}",DEPTH
2025-11-14 02:42:27.228000-05:00,MNQZ5.CME@RITHMIC,72178854766200,BUY,24800.0,175,DEPTH,DEPTH,MNQZ5.CME@RITHMIC_20251113_230640_bedbcb11,NONE,,"{'size': 175, 'isBid': True, 'price': 99200, 'data_type': 'DEPTH'}",DEPTH
2025-11-14 02:42:27.198000-05:00,MNQZ5.CME@RITHMIC,72178824980500,BUY,24850.0,47,DEPTH,DEPTH,MNQZ5.CME@RITHMIC_20251113_230640_bedbcb11,NONE,,"{'size': 47, 'isBid': True, 'price': 99400, 'data_type': 'DEPTH'}",DEPTH
2025-11-14 02:42:26.438000-05:00,MNQZ5.CME@RITHMIC,72178064243200,BUY,24850.0,48,DEPTH,DEPTH,MNQZ5.CME@RITHMIC_20251113_230640_bedbcb11,NONE,,"{'size': 48, 'isBid': True, 'price': 99400, 'data_type': 'DEPTH'}",DEPTH
2025-11-14 02:42:26.326000-05:00,MNQZ5.CME@RITHMIC,72177952394000,BUY,24900.0,125,DEPTH,DEPTH,MNQZ5.CME@RITHMIC_20251113_230640_bedbcb11,NONE,,"{'size': 125, 'isBid': True, 'price': 99600, 'data_type': 'DEPTH'}",DEPTH
2025-11-14 02:42:25.867000-05:00,MNQZ5.CME@RITHMIC,72177493575800,BUY,24900.0,123,DEPTH,DEPTH,MNQZ5.CME@RITHMIC_20251113_230640_bedbcb11,NONE,,"{'size': 123, 'isBid': True, 'price': 99600, 'data_type': 'DEPTH'}",DEPTH
2025-11-14 02:42:23.628000-05:00,MNQZ5.CME@RITHMIC,72175254166300,BUY,24900.0,125,DEPTH,DEPTH,MNQZ5.CME@RITHMIC_20251113_230640_bedbcb11,NONE,,"{'size': 125, 'isBid': True, 'price': 99600, 'data_type': 'DEPTH'}",DEPTH
2025-11-14 02:42:22.999000-05:00,MNQZ5.CME@RITHMIC,72174625941700,BUY,24900.0,123,DEPTH,DEPTH,MNQZ5.CME@RITHMIC_20251113_230640_bedbcb11,NONE,,"{'size': 123, 'isBid': True, 'price': 99600, 'data_type': 'DEPTH'}",DEPTH
2025-11-14 02:42:19.365000-05:00,MNQZ5.CME@RITHMIC,6868909162671,BUY,24945.5,20,LIMIT,UPDATE,MNQZ5.CME@RITHMIC_20251113_230640_bedbcb11,NONE,,"{'size': 20, 'price': 99782, 'orderId': '6868909162671', 'event_type': 'REPLACE'}",MBO
2025-11-14 02:42:17.825000-05:00,MNQZ5.CME@RITHMIC,6868909183450,SELL,25004.25,20,LIMIT,UPDATE,MNQZ5.CME@RITHMIC_20251113_230640_bedbcb11,NONE,,"{'size': 20, 'price': 100017, 'orderId': '6868909183450', 'event_type': 'REPLACE'}",MBO
2025-11-14 02:42:14.323000-05:00,MNQZ5.CME@RITHMIC,72165949433500,SELL,24991.75,26,DEPTH,DEPTH,MNQZ5.CME@RITHMIC_20251113_230640_bedbcb11,NONE,,"{'size': 26, 'isBid': False, 'price': 99967, 'data_type': 'DEPTH'}",DEPTH
2025-11-14 02:42:14.314000-05:00,MNQZ5.CME@RITHMIC,72165940487000,SELL,25000.0,71,DEPTH,DEPTH,MNQZ5.CME@RITHMIC_20251113_230640_bedbcb11,NONE,,"{'size': 71, 'isBid': False, 'price': 100000, 'data_type': 'DEPTH'}",DEPTH
2025-11-14 02:42:14.310000-05:00,MNQZ5.CME@RITHMIC,72165936795200,SELL,25004.25,37,DEPTH,DEPTH,MNQZ5.CME@RITHMIC_20251113_230640_bedbcb11,NONE,,"{'size': 37, 'isBid': False, 'price': 100017, 'data_type': 'DEPTH'}",DEPTH
2025-11-14 02:42:14.234000-05:00,MNQZ5.CME@RITHMIC,72165859919800,BUY,24970.0,21,DEPTH,DEPTH,MNQZ5.CME@RITHMIC_20251113_230640_bedbcb11,NONE,,"{'size': 21, 'isBid': True, 'price': 99880, 'data_type': 'DEPTH'}",DEPTH
2025-11-14 02:42:14.225000-05:00,MNQZ5.CME@RITHMIC,72165851390800,BUY,24966.75,37,DEPTH,DEPTH,MNQZ5.CME@RITHMIC_20251113_230640_bedbcb11,NONE,,"{'size': 37, 'isBid': True, 'price': 99867, 'data_type': 'DEPTH'}",DEPTH
2025-11-14 02:42:14.202000-05:00,MNQZ5.CME@RITHMIC,72165828623100,BUY,24950.0,20,DEPTH,DEPTH,MNQZ5.CME@RITHMIC_20251113_230640_bedbcb11,NONE,,"{'size': 20, 'isBid': True, 'price': 99800, 'data_type': 'DEPTH'}",DEPTH
2025-11-14 02:42:14.198000-05:00,MNQZ5.CME@RITHMIC,72165824198100,BUY,24945.5,23,DEPTH,DEPTH,MNQZ5.CME@RITHMIC_20251113_230640_bedbcb11,NONE,,"{'size': 23, 'isBid': True, 'price': 99782, 'data_type': 'DEPTH'}",DEPTH
2025-11-14 02:42:14.196000-05:00,MNQZ5.CME@RITHMIC,72165822639300,BUY,24915.0,21,DEPTH,DEPTH,MNQZ5.CME@RITHMIC_20251113_230640_bedbcb11,NONE,,"{'size': 21, 'isBid': True, 'price': 99660, 'data_type': 'DEPTH'}",DEPTH
2025-11-14 02:42:14.175000-05:00,MNQZ5.CME@RITHMIC,72165800738400,BUY,24900.0,125,DEPTH,DEPTH,MNQZ5.CME@RITHMIC_20251113_230640_bedbcb11,NONE,,"{'size': 125, 'isBid': True, 'price': 99600, 'data_type': 'DEPTH'}",DEPTH
2025-11-14 02:42:12.997000-05:00,MNQZ5.CME@RITHMIC,6868909162671,BUY,24947.75,20,LIMIT,UPDATE,MNQZ5.CME@RITHMIC_20251113_230640_bedbcb11,NONE,,"{'size': 20, 'price': 99791, 'orderId': '6868909162671', 'event_type': 'REPLACE'}",MBO
2025-11-14 02:42:10.996000-05:00,MNQZ5.CME@RITHMIC,6868909183450,SELL,25008.5,20,LIMIT,UPDATE,MNQZ5.CME@RITHMIC_20251113_230640_bedbcb11,NONE,,"{'size': 20, 'price': 100034, 'orderId': '6868909183450', 'event_type': 'REPLACE'}",MBO
2025-11-14 02:42:04.044000-05:00,MNQZ5.CME@RITHMIC,72155670136100,SELL,24985.5,27,DEPTH,DEPTH,MNQZ5.CME@RITHMIC_20251113_230640_bedbcb11,NONE,,"{'size': 27, 'isBid': False, 'price': 99942, 'data_type': 'DEPTH'}",DEPTH
2025-11-14 02:42:04.041000-05:00,MNQZ5.CME@RITHMIC,72155668020400,SELL,24986.0,145,DEPTH,DEPTH,MNQZ5.CME@RITHMIC_20251113_230640_bedbcb11,NONE,,"{'size': 145, 'isBid': False, 'price': 99944, 'data_type': 'DEPTH'}",DEPTH
2025-11-14 02:42:04.013000-05:00,MNQZ5.CME@RITHMIC,72155639549700,SELL,25000.0,70,DEPTH,DEPTH,MNQZ5.CME@RITHMIC_20251113_230640_bedbcb11,NONE,,"{'size': 70, 'isBid': False, 'price': 100000, 'data_type': 'DEPTH'}",DEPTH
2025-11-14 02:42:03.996000-05:00,MNQZ5.CME@RITHMIC,72155622620700,SELL,25008.5,24,DEPTH,DEPTH,MNQZ5.CME@RITHMIC_20251113_230640_bedbcb11,NONE,,"{'size': 24, 'isBid': False, 'price': 100034, 'data_type': 'DEPTH'}",DEPTH
2025-11-14 02:42:03.972000-05:00,MNQZ5.CME@RITHMIC,72155598824000,SELL,25050.0,61,DEPTH,DEPTH,MNQZ5.CME@RITHMIC_20251113_230640_bedbcb11,NONE,,"{'size': 61, 'isBid': False, 'price': 100200, 'data_type': 'DEPTH'}",DEPTH
2025-11-14 02:42:03.892000-05:00,MNQZ5.CME@RITHMIC,72155518542400,BUY,24970.0,21,DEPTH,DEPTH,MNQZ5.CME@RITHMIC_20251113_230640_bedbcb11,NONE,,"{'size': 21, 'isBid': True, 'price': 99880, 'data_type': 'DEPTH'}",DEPTH
2025-11-14 02:42:03.878000-05:00,MNQZ5.CME@RITHMIC,72155504776800,BUY,24966.75,35,DEPTH,DEPTH,MNQZ5.CME@RITHMIC_20251113_230640_bedbcb11,NONE,,"{'size': 35, 'isBid': True, 'price': 99867, 'data_type': 'DEPTH'}",DEPTH
2025-11-14 02:42:03.830000-05:00,MNQZ5.CME@RITHMIC,72155456980700,BUY,24947.75,24,DEPTH,DEPTH,MNQZ5.CME@RITHMIC_20251113_230640_bedbcb11,NONE,,"{'size': 24, 'isBid': True, 'price': 99791, 'data_type': 'DEPTH'}",DEPTH
2025-11-14 02:42:03.798000-05:00,MNQZ5.CME@RITHMIC,72155424736200,BUY,24900.0,123,DEPTH,DEPTH,MNQZ5.CME@RITHMIC_20251113_230640_bedbcb11,NONE,,"{'size': 123, 'isBid': True, 'price': 99600, 'data_type': 'DEPTH'}",DEPTH
2025-11-14 02:42:03.775000-05:00,MNQZ5.CME@RITHMIC,72155401288400,BUY,24750.0,35,DEPTH,DEPTH,MNQZ5.CME@RITHMIC_20251113_230640_bedbcb11,NONE,,"{'size': 35, 'isBid': True, 'price': 99000, 'data_type': 'DEPTH'}",DEPTH
2025-11-14 02:42:03.366000-05:00,MNQZ5.CME@RITHMIC,72154993216700,BUY,99896.0,22,TRADE,TRADE,MNQZ5.CME@RITHMIC_20251113_230640_bedbcb11,NONE,,"{'size': 22, 'isOtc': False, 'price': 99896.0, 'data_type': 'TRADE', 'isBidAggressor': False, 'isExecutionEnd': True, 'passiveOrderId': None, 'aggressorOrderId': None, 'isExecutionStart': True, 'serialVersionUID': -5266538964320734421}",TRADE
2025-11-14 02:42:02.725000-05:00,MNQZ5.CME@RITHMIC,6868909162671,BUY,24945.5,20,LIMIT,UPDATE,MNQZ5.CME@RITHMIC_20251113_230640_bedbcb11,NONE,,"{'size': 20, 'price': 99782, 'orderId': '6868909162671', 'event_type': 'REPLACE'}",MBO
2025-11-14 02:42:00.767000-05:00,MNQZ5.CME@RITHMIC,6868909183450,SELL,25004.0,20,LIMIT,UPDATE,MNQZ5.CME@RITHMIC_20251113_230640_bedbcb11,NONE,,"{'size': 20, 'price': 100016, 'orderId': '6868909183450', 'event_type': 'REPLACE'}",MBO
2025-11-14 02:41:53.858000-05:00,MNQZ5.CME@RITHMIC,72145484716900,SELL,24985.5,26,DEPTH,DEPTH,MNQZ5.CME@RITHMIC_20251113_230640_bedbcb11,NONE,,"{'size': 26, 'isBid': False, 'price': 99942, 'data_type': 'DEPTH'}",DEPTH
2025-11-14 02:41:53.856000-05:00,MNQZ5.CME@RITHMIC,72145482301100,SELL,24986.0,143,DEPTH,DEPTH,MNQZ5.CME@RITHMIC_20251113_230640_bedbcb11,NONE,,"{'size': 143, 'isBid': False, 'price': 99944, 'data_type': 'DEPTH'}",DEPTH
2025-11-14 02:41:53.827000-05:00,MNQZ5.CME@RITHMIC,72145453630300,SELL,25000.0,69,DEPTH,DEPTH,MNQZ5.CME@RITHMIC_20251113_230640_bedbcb11,NONE,,"{'size': 69, 'isBid': False, 'price': 100000, 'data_type': 'DEPTH'}",DEPTH
2025-11-14 02:41:53.819000-05:00,MNQZ5.CME@RITHMIC,72145445584000,SELL,25002.0,20,DEPTH,DEPTH,MNQZ5.CME@RITHMIC_20251113_230640_bedbcb11,NONE,,"{'size': 20, 'isBid': False, 'price': 100008, 'data_type': 'DEPTH'}",DEPTH
2025-11-14 02:41:53.810000-05:00,MNQZ5.CME@RITHMIC,72145436193700,SELL,25004.0,27,DEPTH,DEPTH,MNQZ5.CME@RITHMIC_20251113_230640_bedbcb11,NONE,,"{'size': 27, 'isBid': False, 'price': 100016, 'data_type': 'DEPTH'}",DEPTH
2025-11-14 02:41:53.773000-05:00,MNQZ5.CME@RITHMIC,72145399218300,SELL,25050.0,61,DEPTH,DEPTH,MNQZ5.CME@RITHMIC_20251113_230640_bedbcb11,NONE,,"{'size': 61, 'isBid': False, 'price': 100200, 'data_type': 'DEPTH'}",DEPTH
2025-11-14 02:41:53.740000-05:00,MNQZ5.CME@RITHMIC,72145365864700,SELL,25100.0,42,DEPTH,DEPTH,MNQZ5.CME@RITHMIC_20251113_230640_bedbcb11,NONE,,"{'size': 42, 'isBid': False, 'price': 100400, 'data_type': 'DEPTH'}",DEPTH
2025-11-14 02:41:53.737000-05:00,MNQZ5.CME@RITHMIC,72145363469700,SELL,25177.0,20,DEPTH,DEPTH,MNQZ5.CME@RITHMIC_20251113_230640_bedbcb11,NONE,,"{'size': 20, 'isBid': False, 'price': 100708, 'data_type': 'DEPTH'}",DEPTH
2025-11-14 02:41:53.676000-05:00,MNQZ5.CME@RITHMIC,72145303327100,BUY,24966.75,37,DEPTH,DEPTH,MNQZ5.CME@RITHMIC_20251113_230640_bedbcb11,NONE,,"{'size': 37, 'isBid': True, 'price': 99867, 'data_type': 'DEPTH'}",DEPTH
2025-11-14 02:41:53.633000-05:00,MNQZ5.CME@RITHMIC,72145259043400,BUY,24950.0,20,DEPTH,DEPTH,MNQZ5.CME@RITHMIC_20251113_230640_bedbcb11,NONE,,"{'size': 20, 'isBid': True, 'price': 99800, 'data_type': 'DEPTH'}",DEPTH
2025-11-14 02:41:53.624000-05:00,MNQZ5.CME@RITHMIC,72145251035300,BUY,24945.5,23,DEPTH,DEPTH,MNQZ5.CME@RITHMIC_20251113_230640_bedbcb11,NONE,,"{'size': 23, 'isBid': True, 'price': 99782, 'data_type': 'DEPTH'}",DEPTH
2025-11-14 02:41:53.591000-05:00,MNQZ5.CME@RITHMIC,72145217710900,BUY,24900.0,125,DEPTH,DEPTH,MNQZ5.CME@RITHMIC_20251113_230640_bedbcb11,NONE,,"{'size': 125, 'isBid': True, 'price': 99600, 'data_type': 'DEPTH'}",DEPTH
2025-11-14 02:41:51.363000-05:00,MNQZ5.CME@RITHMIC,72142989050600,SELL,25250.0,69,DEPTH,DEPTH,MNQZ5.CME@RITHMIC_20251113_230640_bedbcb11,NONE,,"{'size': 69, 'isBid': False, 'price': 101000, 'data_type': 'DEPTH'}",DEPTH
2025-11-14 02:41:50.798000-05:00,MNQZ5.CME@RITHMIC,72142424642300,SELL,25009.5,22,DEPTH,DEPTH,MNQZ5.CME@RITHMIC_20251113_230640_bedbcb11,NONE,,"{'size': 22, 'isBid': False, 'price': 100038, 'data_type': 'DEPTH'}",DEPTH
2025-11-14 02:41:50.796000-05:00,MNQZ5.CME@RITHMIC,6868909183450,SELL,25009.5,20,LIMIT,UPDATE,MNQZ5.CME@RITHMIC_20251113_230640_bedbcb11,NONE,,"{'size': 20, 'price': 100038, 'orderId': '6868909183450', 'event_type': 'REPLACE'}",MBO
2025-11-14 02:41:47.492000-05:00,MNQZ5.CME@RITHMIC,72139118463500,BUY,24950.0,40,DEPTH,DEPTH,MNQZ5.CME@RITHMIC_20251113_230640_bedbcb11,NONE,,"{'size': 40, 'isBid': True, 'price': 99800, 'data_type': 'DEPTH'}",DEPTH
2025-11-14 02:41:47.490000-05:00,MNQZ5.CME@RITHMIC,6868909162671,BUY,24950.0,20,LIMIT,UPDATE,MNQZ5.CME@RITHMIC_20251113_230640_bedbcb11,NONE,,"{'size': 20, 'price': 99800, 'orderId': '6868909162671', 'event_type': 'REPLACE'}",MBO
2025-11-14 02:41:46.578000-05:00,MNQZ5.CME@RITHMIC,72138203601000,BUY,24950.0,20,DEPTH,DEPTH,MNQZ5.CME@RITHMIC_20251113_230640_bedbcb11,NONE,,"{'size': 20, 'isBid': True, 'price': 99800, 'data_type': 'DEPTH'}",DEPTH
2025-11-14 02:41:45.812000-05:00,MNQZ5.CME@RITHMIC,72137437602400,BUY,99912.0,20,TRADE,TRADE,MNQZ5.CME@RITHMIC_20251113_230640_bedbcb11,NONE,,"{'size': 20, 'isOtc': False, 'price': 99912.0, 'data_type': 'TRADE', 'isBidAggressor': False, 'isExecutionEnd': True, 'passiveOrderId': None, 'aggressorOrderId': None, 'isExecutionStart': True, 'serialVersionUID': -5266538964320734421}",TRADE
2025-11-14 02:41:45.129000-05:00,MNQZ5.CME@RITHMIC,6868909162671,BUY,24947.75,20,LIMIT,UPDATE,MNQZ5.CME@RITHMIC_20251113_230640_bedbcb11,NONE,,"{'size': 20, 'price': 99791, 'orderId': '6868909162671', 'event_type': 'REPLACE'}",MBO
2025-11-14 02:41:41.899000-05:00,MNQZ5.CME@RITHMIC,6868909183450,SELL,25007.25,20,LIMIT,UPDATE,MNQZ5.CME@RITHMIC_20251113_230640_bedbcb11,NONE,,"{'size': 20, 'price': 100029, 'orderId': '6868909183450', 'event_type': 'REPLACE'}",MBO
2025-11-14 02:41:37.225000-05:00,MNQZ5.CME@RITHMIC,72128851159100,SELL,24985.5,27,DEPTH,DEPTH,MNQZ5.CME@RITHMIC_20251113_230640_bedbcb11,NONE,,"{'size': 27, 'isBid': False, 'price': 99942, 'data_type': 'DEPTH'}",DEPTH
2025-11-14 02:41:37.222000-05:00,MNQZ5.CME@RITHMIC,72128848405900,SELL,24986.0,149,DEPTH,DEPTH,MNQZ5.CME@RITHMIC_20251113_230640_bedbcb11,NONE,,"{'size': 149, 'isBid': False, 'price': 99944, 'data_type': 'DEPTH'}",DEPTH
2025-11-14 02:41:37.140000-05:00,MNQZ5.CME@RITHMIC,72128766636500,SELL,25000.0,70,DEPTH,DEPTH,MNQZ5.CME@RITHMIC_20251113_230640_bedbcb11,NONE,,"{'size': 70, 'isBid': False, 'price': 100000, 'data_type': 'DEPTH'}",DEPTH
2025-11-14 02:41:37.110000-05:00,MNQZ5.CME@RITHMIC,72128736701400,SELL,25007.25,24,DEPTH,DEPTH,MNQZ5.CME@RITHMIC_20251113_230640_bedbcb11,NONE,,"{'size': 24, 'isBid': False, 'price': 100029, 'data_type': 'DEPTH'}",DEPTH
2025-11-14 02:41:37.027000-05:00,MNQZ5.CME@RITHMIC,72128653007400,SELL,25210.0,41,DEPTH,DEPTH,MNQZ5.CME@RITHMIC_20251113_230640_bedbcb11,NONE,,"{'size': 41, 'isBid': False, 'price': 100840, 'data_type': 'DEPTH'}",DEPTH
2025-11-14 02:41:37.023000-05:00,MNQZ5.CME@RITHMIC,72128649398500,SELL,25280.0,23,DEPTH,DEPTH,MNQZ5.CME@RITHMIC_20251113_230640_bedbcb11,NONE,,"{'size': 23, 'isBid': False, 'price': 101120, 'data_type': 'DEPTH'}",DEPTH
2025-11-14 02:41:36.943000-05:00,MNQZ5.CME@RITHMIC,72128569098800,BUY,24974.0,24,DEPTH,DEPTH,MNQZ5.CME@RITHMIC_20251113_230640_bedbcb11,NONE,,"{'size': 24, 'isBid': True, 'price': 99896, 'data_type': 'DEPTH'}",DEPTH
2025-11-14 02:41:36.900000-05:00,MNQZ5.CME@RITHMIC,72128526152500,BUY,24966.0,20,DEPTH,DEPTH,MNQZ5.CME@RITHMIC_20251113_230640_bedbcb11,NONE,,"{'size': 20, 'isBid': True, 'price': 99864, 'data_type': 'DEPTH'}",DEPTH
2025-11-14 02:41:36.846000-05:00,MNQZ5.CME@RITHMIC,72128472300400,BUY,24950.0,22,DEPTH,DEPTH,MNQZ5.CME@RITHMIC_20251113_230640_bedbcb11,NONE,,"{'size': 22, 'isBid': True, 'price': 99800, 'data_type': 'DEPTH'}",DEPTH
2025-11-14 02:41:36.843000-05:00,MNQZ5.CME@RITHMIC,72128469136600,BUY,24947.75,23,DEPTH,DEPTH,MNQZ5.CME@RITHMIC_20251113_230640_bedbcb11,NONE,,"{'size': 23, 'isBid': True, 'price': 99791, 'data_type': 'DEPTH'}",DEPTH
2025-11-14 02:41:36.774000-05:00,MNQZ5.CME@RITHMIC,72128399877700,BUY,24900.0,123,DEPTH,DEPTH,MNQZ5.CME@RITHMIC_20251113_230640_bedbcb11,NONE,,"{'size': 123, 'isBid': True, 'price': 99600, 'data_type': 'DEPTH'}",DEPTH
2025-11-14 02:41:35.383000-05:00,MNQZ5.CME@RITHMIC,6868909162671,BUY,24954.5,20,LIMIT,UPDATE,MNQZ5.CME@RITHMIC_20251113_230640_bedbcb11,NONE,,"{'size': 20, 'price': 99818, 'orderId': '6868909162671', 'event_type': 'REPLACE'}",MBO
2025-11-14 02:41:28.973000-05:00,MNQZ5.CME@RITHMIC,6868909183450,SELL,25011.75,20,LIMIT,UPDATE,MNQZ5.CME@RITHMIC_20251113_230640_bedbcb11,NONE,,"{'size': 20, 'price': 100047, 'orderId': '6868909183450', 'event_type': 'REPLACE'}",MBO
2025-11-14 02:41:19.316000-05:00,MNQZ5.CME@RITHMIC,72110942614100,SELL,25000.0,67,DEPTH,DEPTH,MNQZ5.CME@RITHMIC_20251113_230640_bedbcb11,NONE,,"{'size': 67, 'isBid': False, 'price': 100000, 'data_type': 'DEPTH'}",DEPTH
2025-11-14 02:41:19.299000-05:00,MNQZ5.CME@RITHMIC,72110925310300,SELL,25011.75,22,DEPTH,DEPTH,MNQZ5.CME@RITHMIC_20251113_230640_bedbcb11,NONE,,"{'size': 22, 'isBid': False, 'price': 100047, 'data_type': 'DEPTH'}",DEPTH
2025-11-14 02:41:19.238000-05:00,MNQZ5.CME@RITHMIC,72110864353700,SELL,25250.0,70,DEPTH,DEPTH,MNQZ5.CME@RITHMIC_20251113_230640_bedbcb11,NONE,,"{'size': 70, 'isBid': False, 'price': 101000, 'data_type': 'DEPTH'}",DEPTH
2025-11-14 02:41:19.164000-05:00,MNQZ5.CME@RITHMIC,72110790320800,BUY,24974.0,25,DEPTH,DEPTH,MNQZ5.CME@RITHMIC_20251113_230640_bedbcb11,NONE,,"{'size': 25, 'isBid': True, 'price': 99896, 'data_type': 'DEPTH'}",DEPTH
2025-11-14 02:41:19.150000-05:00,MNQZ5.CME@RITHMIC,72110776388900,BUY,24970.5,20,DEPTH,DEPTH,MNQZ5.CME@RITHMIC_20251113_230640_bedbcb11,NONE,,"{'size': 20, 'isBid': True, 'price': 99882, 'data_type': 'DEPTH'}",DEPTH
2025-11-14 02:41:19.087000-05:00,MNQZ5.CME@RITHMIC,72110713429300,BUY,24954.5,25,DEPTH,DEPTH,MNQZ5.CME@RITHMIC_20251113_230640_bedbcb11,NONE,,"{'size': 25, 'isBid': True, 'price': 99818, 'data_type': 'DEPTH'}",DEPTH
2025-11-14 02:41:19.064000-05:00,MNQZ5.CME@RITHMIC,72110690918700,BUY,24950.0,22,DEPTH,DEPTH,MNQZ5.CME@RITHMIC_20251113_230640_bedbcb11,NONE,,"{'size': 22, 'isBid': True, 'price': 99800, 'data_type': 'DEPTH'}",DEPTH
2025-11-14 02:41:19.050000-05:00,MNQZ5.CME@RITHMIC,72110675974500,BUY,24940.0,26,DEPTH,DEPTH,MNQZ5.CME@RITHMIC_20251113_230640_bedbcb11,NONE,,"{'size': 26, 'isBid': True, 'price': 99760, 'data_type': 'DEPTH'}",DEPTH
2025-11-14 02:41:18.973000-05:00,MNQZ5.CME@RITHMIC,72110599125800,BUY,24750.0,34,DEPTH,DEPTH,MNQZ5.CME@RITHMIC_20251113_230640_bedbcb11,NONE,,"{'size': 34, 'isBid': True, 'price': 99000, 'data_type': 'DEPTH'}",DEPTH
2025-11-14 02:41:18.962000-05:00,MNQZ5.CME@RITHMIC,72110588071500,BUY,24400.0,24,DEPTH,DEPTH,MNQZ5.CME@RITHMIC_20251113_230640_bedbcb11,NONE,,"{'size': 24, 'isBid': True, 'price': 97600, 'data_type': 'DEPTH'}",DEPTH
2025-11-14 02:41:17.978000-05:00,MNQZ5.CME@RITHMIC,6868909236200,SELL,24986.0,140,LIMIT,ADD,MNQZ5.CME@RITHMIC_20251113_230640_bedbcb11,NONE,,"{'size': 140, 'isBid': False, 'price': 99944, 'orderId': '6868909236200', 'event_type': 'SEND'}",MBO
2025-11-14 02:41:17.717000-05:00,MNQZ5.CME@RITHMIC,6868909239638,SELL,24985.5,20,LIMIT,ADD,MNQZ5.CME@RITHMIC_20251113_230640_bedbcb11,NONE,,"{'size': 20, 'isBid': False, 'price': 99942, 'orderId': '6868909239638', 'event_type': 'SEND'}",MBO
2025-11-14 02:41:16.867000-05:00,MNQZ5.CME@RITHMIC,6868909162671,BUY,24947.5,20,LIMIT,UPDATE,MNQZ5.CME@RITHMIC_20251113_230640_bedbcb11,NONE,,"{'size': 20, 'price': 99790, 'orderId': '6868909162671', 'event_type': 'REPLACE'}",MBO
2025-11-14 02:41:12.981000-05:00,MNQZ5.CME@RITHMIC,6868909183450,SELL,25007.0,20,LIMIT,UPDATE,MNQZ5.CME@RITHMIC_20251113_230640_bedbcb11,NONE,,"{'size': 20, 'price': 100028, 'orderId': '6868909183450', 'event_type': 'REPLACE'}",MBO
2025-11-14 02:40:54.494000-05:00,MNQZ5.CME@RITHMIC,72086119796600,SELL,24985.5,29,DEPTH,DEPTH,MNQZ5.CME@RITHMIC_20251113_230640_bedbcb11,NONE,,"{'size': 29, 'isBid': False, 'price': 99942, 'data_type': 'DEPTH'}",DEPTH
2025-11-14 02:40:54.491000-05:00,MNQZ5.CME@RITHMIC,72086116741000,SELL,24986.0,149,DEPTH,DEPTH,MNQZ5.CME@RITHMIC_20251113_230640_bedbcb11,NONE,,"{'size': 149, 'isBid': False, 'price': 99944, 'data_type': 'DEPTH'}",DEPTH
2025-11-14 02:40:54.413000-05:00,MNQZ5.CME@RITHMIC,72086038708100,SELL,25000.0,66,DEPTH,DEPTH,MNQZ5.CME@RITHMIC_20251113_230640_bedbcb11,NONE,,"{'size': 66, 'isBid': False, 'price': 100000, 'data_type': 'DEPTH'}",DEPTH
2025-11-14 02:40:54.396000-05:00,MNQZ5.CME@RITHMIC,72086022626200,SELL,25007.0,26,DEPTH,DEPTH,MNQZ5.CME@RITHMIC_20251113_230640_bedbcb11,NONE,,"{'size': 26, 'isBid': False, 'price': 100028, 'data_type': 'DEPTH'}",DEPTH
2025-11-14 02:40:54.199000-05:00,MNQZ5.CME@RITHMIC,72085825062700,BUY,24974.0,24,DEPTH,DEPTH,MNQZ5.CME@RITHMIC_20251113_230640_bedbcb11,NONE,,"{'size': 24, 'isBid': True, 'price': 99896, 'data_type': 'DEPTH'}",DEPTH
2025-11-14 02:40:54.150000-05:00,MNQZ5.CME@RITHMIC,72085775542900,BUY,24966.75,35,DEPTH,DEPTH,MNQZ5.CME@RITHMIC_20251113_230640_bedbcb11,NONE,,"{'size': 35, 'isBid': True, 'price': 99867, 'data_type': 'DEPTH'}",DEPTH
2025-11-14 02:40:54.148000-05:00,MNQZ5.CME@RITHMIC,72085774045200,BUY,24966.0,20,DEPTH,DEPTH,MNQZ5.CME@RITHMIC_20251113_230640_bedbcb11,NONE,,"{'size': 20, 'isBid': True, 'price': 99864, 'data_type': 'DEPTH'}",DEPTH
2025-11-14 02:40:54.077000-05:00,MNQZ5.CME@RITHMIC,72085703184400,BUY,24947.5,25,DEPTH,DEPTH,MNQZ5.CME@RITHMIC_20251113_230640_bedbcb11,NONE,,"{'size': 25, 'isBid': True, 'price': 99790, 'data_type': 'DEPTH'}",DEPTH
2025-11-14 02:40:54.058000-05:00,MNQZ5.CME@RITHMIC,72085684281300,BUY,24910.0,20,DEPTH,DEPTH,MNQZ5.CME@RITHMIC_20251113_230640_bedbcb11,NONE,,"{'size': 20, 'isBid': True, 'price': 99640, 'data_type': 'DEPTH'}",DEPTH
2025-11-14 02:40:54.051000-05:00,MNQZ5.CME@RITHMIC,72085677574000,BUY,24909.0,20,DEPTH,DEPTH,MNQZ5.CME@RITHMIC_20251113_230640_bedbcb11,NONE,,"{'size': 20, 'isBid': True, 'price': 99636, 'data_type': 'DEPTH'}",DEPTH
2025-11-14 02:40:53.989000-05:00,MNQZ5.CME@RITHMIC,72085614997500,BUY,24900.0,123,DEPTH,DEPTH,MNQZ5.CME@RITHMIC_20251113_230640_bedbcb11,NONE,,"{'size': 123, 'isBid': True, 'price': 99600, 'data_type': 'DEPTH'}",DEPTH
2025-11-14 02:40:53.983000-05:00,MNQZ5.CME@RITHMIC,72085609485500,BUY,24880.0,38,DEPTH,DEPTH,MNQZ5.CME@RITHMIC_20251113_230640_bedbcb11,NONE,,"{'size': 38, 'isBid': True, 'price': 99520, 'data_type': 'DEPTH'}",DEPTH
2025-11-14 02:40:53.400000-05:00,MNQZ5.CME@RITHMIC,72085025911500,BUY,99920.0,20,TRADE,TRADE,MNQZ5.CME@RITHMIC_20251113_230640_bedbcb11,NONE,,"{'size': 20, 'isOtc': False, 'price': 99920.0, 'data_type': 'TRADE', 'isBidAggressor': False, 'isExecutionEnd': True, 'passiveOrderId': None, 'aggressorOrderId': None, 'isExecutionStart': True, 'serialVersionUID': -5266538964320734421}",TRADE
2025-11-14 02:40:51.958000-05:00,MNQZ5.CME@RITHMIC,6868909162671,BUY,24952.0,20,LIMIT,UPDATE,MNQZ5.CME@RITHMIC_20251113_230640_bedbcb11,NONE,,"{'size': 20, 'price': 99808, 'orderId': '6868909162671', 'event_type': 'REPLACE'}",MBO
2025-11-14 02:40:44.072000-05:00,MNQZ5.CME@RITHMIC,6868909183450,SELL,25011.5,20,LIMIT,UPDATE,MNQZ5.CME@RITHMIC_20251113_230640_bedbcb11,NONE,,"{'size': 20, 'price': 100046, 'orderId': '6868909183450', 'event_type': 'REPLACE'}",MBO
2025-11-14 02:40:27.480000-05:00,MNQZ5.CME@RITHMIC,72059106337700,SELL,24999.0,21,DEPTH,DEPTH,MNQZ5.CME@RITHMIC_20251113_230640_bedbcb11,NONE,,"{'size': 21, 'isBid': False, 'price': 99996, 'data_type': 'DEPTH'}",DEPTH
2025-11-14 02:40:27.419000-05:00,MNQZ5.CME@RITHMIC,72059044951500,SELL,25011.5,24,DEPTH,DEPTH,MNQZ5.CME@RITHMIC_20251113_230640_bedbcb11,NONE,,"{'size': 24, 'isBid': False, 'price': 100046, 'data_type': 'DEPTH'}",DEPTH
2025-11-14 02:40:27.149000-05:00,MNQZ5.CME@RITHMIC,72058775237200,BUY,24974.0,23,DEPTH,DEPTH,MNQZ5.CME@RITHMIC_20251113_230640_bedbcb11,NONE,,"{'size': 23, 'isBid': True, 'price': 99896, 'data_type': 'DEPTH'}",DEPTH
2025-11-14 02:40:27.011000-05:00,MNQZ5.CME@RITHMIC,72058637767600,BUY,24952.0,24,DEPTH,DEPTH,MNQZ5.CME@RITHMIC_20251113_230640_bedbcb11,NONE,,"{'size': 24, 'isBid': True, 'price': 99808, 'data_type': 'DEPTH'}",DEPTH
2025-11-14 02:40:27.008000-05:00,MNQZ5.CME@RITHMIC,72058634037200,BUY,24950.0,20,DEPTH,DEPTH,MNQZ5.CME@RITHMIC_20251113_230640_bedbcb11,NONE,,"{'size': 20, 'isBid': True, 'price': 99800, 'data_type': 'DEPTH'}",DEPTH
2025-11-14 02:40:26.962000-05:00,MNQZ5.CME@RITHMIC,72058587877400,BUY,24910.0,21,DEPTH,DEPTH,MNQZ5.CME@RITHMIC_20251113_230640_bedbcb11,NONE,,"{'size': 21, 'isBid': True, 'price': 99640, 'data_type': 'DEPTH'}",DEPTH
2025-11-14 02:40:26.954000-05:00,MNQZ5.CME@RITHMIC,72058580283300,BUY,24909.0,20,DEPTH,DEPTH,MNQZ5.CME@RITHMIC_20251113_230640_bedbcb11,NONE,,"{'size': 20, 'isBid': True, 'price': 99636, 'data_type': 'DEPTH'}",DEPTH
2025-11-14 02:40:24.823000-05:00,MNQZ5.CME@RITHMIC,6868909162671,BUY,24954.75,20,LIMIT,UPDATE,MNQZ5.CME@RITHMIC_20251113_230640_bedbcb11,NONE,,"{'size': 20, 'price': 99819, 'orderId': '6868909162671', 'event_type': 'REPLACE'}",MBO
2025-11-14 02:40:19.060000-05:00,MNQZ5.CME@RITHMIC,6868909183450,SELL,25013.75,20,LIMIT,UPDATE,MNQZ5.CME@RITHMIC_20251113_230640_bedbcb11,NONE,,"{'size': 20, 'price': 100055, 'orderId': '6868909183450', 'event_type': 'REPLACE'}",MBO
2025-11-14 02:40:11.772000-05:00,MNQZ5.CME@RITHMIC,72043398707300,SELL,24988.0,20,DEPTH,DEPTH,MNQZ5.CME@RITHMIC_20251113_230640_bedbcb11,NONE,,"{'size': 20, 'isBid': False, 'price': 99952, 'data_type': 'DEPTH'}",DEPTH
2025-11-14 02:40:11.678000-05:00,MNQZ5.CME@RITHMIC,72043305030900,SELL,25013.75,24,DEPTH,DEPTH,MNQZ5.CME@RITHMIC_20251113_230640_bedbcb11,NONE,,"{'size': 24, 'isBid': False, 'price': 100055, 'data_type': 'DEPTH'}",DEPTH
2025-11-14 02:40:11.608000-05:00,MNQZ5.CME@RITHMIC,72043234412400,SELL,25100.0,41,DEPTH,DEPTH,MNQZ5.CME@RITHMIC_20251113_230640_bedbcb11,NONE,,"{'size': 41, 'isBid': False, 'price': 100400, 'data_type': 'DEPTH'}",DEPTH
2025-11-14 02:40:11.519000-05:00,MNQZ5.CME@RITHMIC,72043144929800,BUY,24974.0,24,DEPTH,DEPTH,MNQZ5.CME@RITHMIC_20251113_230640_bedbcb11,NONE,,"{'size': 24, 'isBid': True, 'price': 99896, 'data_type': 'DEPTH'}",DEPTH
2025-11-14 02:40:11.444000-05:00,MNQZ5.CME@RITHMIC,72043070768700,BUY,24954.75,23,DEPTH,DEPTH,MNQZ5.CME@RITHMIC_20251113_230640_bedbcb11,NONE,,"{'size': 23, 'isBid': True, 'price': 99819, 'data_type': 'DEPTH'}",DEPTH
2025-11-14 02:40:11.442000-05:00,MNQZ5.CME@RITHMIC,72043067798500,BUY,24950.0,20,DEPTH,DEPTH,MNQZ5.CME@RITHMIC_20251113_230640_bedbcb11,NONE,,"{'size': 20, 'isBid': True, 'price': 99800, 'data_type': 'DEPTH'}",DEPTH
2025-11-14 02:40:11.427000-05:00,MNQZ5.CME@RITHMIC,72043053282300,BUY,24910.0,21,DEPTH,DEPTH,MNQZ5.CME@RITHMIC_20251113_230640_bedbcb11,NONE,,"{'size': 21, 'isBid': True, 'price': 99640, 'data_type': 'DEPTH'}",DEPTH
2025-11-14 02:40:11.369000-05:00,MNQZ5.CME@RITHMIC,72042995630300,BUY,24700.0,86,DEPTH,DEPTH,MNQZ5.CME@RITHMIC_20251113_230640_bedbcb11,NONE,,"{'size': 86, 'isBid': True, 'price': 98800, 'data_type': 'DEPTH'}",DEPTH
2025-11-14 02:40:10.430000-05:00,MNQZ5.CME@RITHMIC,6868909162671,BUY,24954.75,20,LIMIT,UPDATE,MNQZ5.CME@RITHMIC_20251113_230640_bedbcb11,NONE,,"{'size': 20, 'price': 99819, 'orderId': '6868909162671', 'event_type': 'REPLACE'}",MBO
2025-11-14 02:40:05-05:00,MNQZ5.CME@RITHMIC,6868909183450,SELL,25016.0,20,LIMIT,UPDATE,MNQZ5.CME@RITHMIC_20251113_230640_bedbcb11,NONE,,"{'size': 20, 'price': 100064, 'orderId': '6868909183450', 'event_type': 'REPLACE'}",MBO
2025-11-14 02:39:58.751000-05:00,MNQZ5.CME@RITHMIC,72030377819400,SELL,24988.0,20,DEPTH,DEPTH,MNQZ5.CME@RITHMIC_20251113_230640_bedbcb11,NONE,,"{'size': 20, 'isBid': False, 'price': 99952, 'data_type': 'DEPTH'}",DEPTH
2025-11-14 02:39:58.728000-05:00,MNQZ5.CME@RITHMIC,72030354056400,SELL,25000.0,72,DEPTH,DEPTH,MNQZ5.CME@RITHMIC_20251113_230640_bedbcb11,NONE,,"{'size': 72, 'isBid': False, 'price': 100000, 'data_type': 'DEPTH'}",DEPTH
2025-11-14 02:39:58.702000-05:00,MNQZ5.CME@RITHMIC,72030327901600,SELL,25016.0,28,DEPTH,DEPTH,MNQZ5.CME@RITHMIC_20251113_230640_bedbcb11,NONE,,"{'size': 28, 'isBid': False, 'price': 100064, 'data_type': 'DEPTH'}",DEPTH
2025-11-14 02:39:58.646000-05:00,MNQZ5.CME@RITHMIC,72030272479900,SELL,25350.0,80,DEPTH,DEPTH,MNQZ5.CME@RITHMIC_20251113_230640_bedbcb11,NONE,,"{'size': 80, 'isBid': False, 'price': 101400, 'data_type': 'DEPTH'}",DEPTH
2025-11-14 02:39:58.579000-05:00,MNQZ5.CME@RITHMIC,72030205643300,BUY,24974.0,24,DEPTH,DEPTH,MNQZ5.CME@RITHMIC_20251113_230640_bedbcb11,NONE,,"{'size': 24, 'isBid': True, 'price': 99896, 'data_type': 'DEPTH'}",DEPTH
2025-11-14 02:39:58.525000-05:00,MNQZ5.CME@RITHMIC,72030150835200,BUY,24954.75,23,DEPTH,DEPTH,MNQZ5.CME@RITHMIC_20251113_230640_bedbcb11,NONE,,"{'size': 23, 'isBid': True, 'price': 99819, 'data_type': 'DEPTH'}",DEPTH
2025-11-14 02:39:58.512000-05:00,MNQZ5.CME@RITHMIC,72030138139600,BUY,24910.0,20,DEPTH,DEPTH,MNQZ5.CME@RITHMIC_20251113_230640_bedbcb11,NONE,,"{'size': 20, 'isBid': True, 'price': 99640, 'data_type': 'DEPTH'}",DEPTH
2025-11-14 02:39:58.469000-05:00,MNQZ5.CME@RITHMIC,72030095560700,BUY,24850.0,49,DEPTH,DEPTH,MNQZ5.CME@RITHMIC_20251113_230640_bedbcb11,NONE,,"{'size': 49, 'isBid': True, 'price': 99400, 'data_type': 'DEPTH'}",DEPTH
2025-11-14 02:39:58.078000-05:00,MNQZ5.CME@RITHMIC,72029704154400,SELL,99940.0,20,TRADE,TRADE,MNQZ5.CME@RITHMIC_20251113_230640_bedbcb11,NONE,,"{'size': 20, 'isOtc': False, 'price': 99940.0, 'data_type': 'TRADE', 'isBidAggressor': True, 'isExecutionEnd': True, 'passiveOrderId': None, 'aggressorOrderId': None, 'isExecutionStart': True, 'serialVersionUID': -5266538964320734421}",TRADE
2025-11-14 02:39:57.420000-05:00,MNQZ5.CME@RITHMIC,6868909162671,BUY,24954.75,20,LIMIT,UPDATE,MNQZ5.CME@RITHMIC_20251113_230640_bedbcb11,NONE,,"{'size': 20, 'price': 99819, 'orderId': '6868909162671', 'event_type': 'REPLACE'}",MBO
2025-11-14 02:39:52.066000-05:00,MNQZ5.CME@RITHMIC,6868909183450,SELL,25013.5,20,LIMIT,UPDATE,MNQZ5.CME@RITHMIC_20251113_230640_bedbcb11,NONE,,"{'size': 20, 'price': 100054, 'orderId': '6868909183450', 'event_type': 'REPLACE'}",MBO
2025-11-14 02:39:44.838000-05:00,MNQZ5.CME@RITHMIC,72016463762900,SELL,25000.0,73,DEPTH,DEPTH,MNQZ5.CME@RITHMIC_20251113_230640_bedbcb11,NONE,,"{'size': 73, 'isBid': False, 'price': 100000, 'data_type': 'DEPTH'}",DEPTH
2025-11-14 02:39:44.834000-05:00,MNQZ5.CME@RITHMIC,72016460339300,SELL,25001.0,20,DEPTH,DEPTH,MNQZ5.CME@RITHMIC_20251113_230640_bedbcb11,NONE,,"{'size': 20, 'isBid': False, 'price': 100004, 'data_type': 'DEPTH'}",DEPTH
2025-11-14 02:39:44.815000-05:00,MNQZ5.CME@RITHMIC,72016441531400,SELL,25013.5,22,DEPTH,DEPTH,MNQZ5.CME@RITHMIC_20251113_230640_bedbcb11,NONE,,"{'size': 22, 'isBid': False, 'price': 100054, 'data_type': 'DEPTH'}",DEPTH
2025-11-14 02:39:44.804000-05:00,MNQZ5.CME@RITHMIC,72016430658200,SELL,25050.0,61,DEPTH,DEPTH,MNQZ5.CME@RITHMIC_20251113_230640_bedbcb11,NONE,,"{'size': 61, 'isBid': False, 'price': 100200, 'data_type': 'DEPTH'}",DEPTH
2025-11-14 02:39:44.761000-05:00,MNQZ5.CME@RITHMIC,72016387162400,SELL,25200.0,93,DEPTH,DEPTH,MNQZ5.CME@RITHMIC_20251113_230640_bedbcb11,NONE,,"{'size': 93, 'isBid': False, 'price': 100800, 'data_type': 'DEPTH'}",DEPTH
2025-11-14 02:39:44.626000-05:00,MNQZ5.CME@RITHMIC,72016252497600,BUY,24954.75,23,DEPTH,DEPTH,MNQZ5.CME@RITHMIC_20251113_230640_bedbcb11,NONE,,"{'size': 23, 'isBid': True, 'price': 99819, 'data_type': 'DEPTH'}",DEPTH
2025-11-14 02:39:44.616000-05:00,MNQZ5.CME@RITHMIC,72016242758800,BUY,24920.0,31,DEPTH,DEPTH,MNQZ5.CME@RITHMIC_20251113_230640_bedbcb11,NONE,,"{'size': 31, 'isBid': True, 'price': 99680, 'data_type': 'DEPTH'}",DEPTH
2025-11-14 02:39:44.607000-05:00,MNQZ5.CME@RITHMIC,72016233538100,BUY,24910.0,20,DEPTH,DEPTH,MNQZ5.CME@RITHMIC_20251113_230640_bedbcb11,NONE,,"{'size': 20, 'isBid': True, 'price': 99640, 'data_type': 'DEPTH'}",DEPTH
2025-11-14 02:39:44.600000-05:00,MNQZ5.CME@RITHMIC,72016226848000,BUY,24909.0,20,DEPTH,DEPTH,MNQZ5.CME@RITHMIC_20251113_230640_bedbcb11,NONE,,"{'size': 20, 'isBid': True, 'price': 99636, 'data_type': 'DEPTH'}",DEPTH
2025-11-14 02:39:43.550000-05:00,MNQZ5.CME@RITHMIC,6868909206803,SELL,24992.0,144,LIMIT,ADD,MNQZ5.CME@RITHMIC_20251113_230640_bedbcb11,NONE,,"{'size': 144, 'isBid': False, 'price': 99968, 'orderId': '6868909206803', 'event_type': 'SEND'}",MBO
2025-11-14 02:39:43.418000-05:00,MNQZ5.CME@RITHMIC,6868909162671,BUY,24952.5,20,LIMIT,UPDATE,MNQZ5.CME@RITHMIC_20251113_230640_bedbcb11,NONE,,"{'size': 20, 'price': 99810, 'orderId': '6868909162671', 'event_type': 'REPLACE'}",MBO
2025-11-14 02:39:38.670000-05:00,MNQZ5.CME@RITHMIC,6868909183450,SELL,25011.0,20,LIMIT,UPDATE,MNQZ5.CME@RITHMIC_20251113_230640_bedbcb11,NONE,,"{'size': 20, 'price': 100044, 'orderId': '6868909183450', 'event_type': 'REPLACE'}",MBO
2025-11-14 02:39:28.259000-05:00,MNQZ5.CME@RITHMIC,71999884925200,SELL,24992.0,154,DEPTH,DEPTH,MNQZ5.CME@RITHMIC_20251113_230640_bedbcb11,NONE,,"{'size': 154, 'isBid': False, 'price': 99968, 'data_type': 'DEPTH'}",DEPTH
2025-11-14 02:39:28.201000-05:00,MNQZ5.CME@RITHMIC,71999827587500,SELL,25011.0,36,DEPTH,DEPTH,MNQZ5.CME@RITHMIC_20251113_230640_bedbcb11,NONE,,"{'size': 36, 'isBid': False, 'price': 100044, 'data_type': 'DEPTH'}",DEPTH
2025-11-14 02:39:28.116000-05:00,MNQZ5.CME@RITHMIC,71999741960200,SELL,25100.0,40,DEPTH,DEPTH,MNQZ5.CME@RITHMIC_20251113_230640_bedbcb11,NONE,,"{'size': 40, 'isBid': False, 'price': 100400, 'data_type': 'DEPTH'}",DEPTH
2025-11-14 02:39:28.107000-05:00,MNQZ5.CME@RITHMIC,71999732952200,SELL,25225.0,21,DEPTH,DEPTH,MNQZ5.CME@RITHMIC_20251113_230640_bedbcb11,NONE,,"{'size': 21, 'isBid': False, 'price': 100900, 'data_type': 'DEPTH'}",DEPTH
2025-11-14 02:39:27.933000-05:00,MNQZ5.CME@RITHMIC,71999559528200,BUY,24952.5,24,DEPTH,DEPTH,MNQZ5.CME@RITHMIC_20251113_230640_bedbcb11,NONE,,"{'size': 24, 'isBid': True, 'price': 99810, 'data_type': 'DEPTH'}",DEPTH
2025-11-14 02:39:27.917000-05:00,MNQZ5.CME@RITHMIC,71999543330600,BUY,24910.0,20,DEPTH,DEPTH,MNQZ5.CME@RITHMIC_20251113_230640_bedbcb11,NONE,,"{'size': 20, 'isBid': True, 'price': 99640, 'data_type': 'DEPTH'}",DEPTH
2025-11-14 02:39:27.911000-05:00,MNQZ5.CME@RITHMIC,71999536728700,BUY,24909.0,20,DEPTH,DEPTH,MNQZ5.CME@RITHMIC_20251113_230640_bedbcb11,NONE,,"{'size': 20, 'isBid': True, 'price': 99636, 'data_type': 'DEPTH'}",DEPTH
2025-11-14 02:39:27.869000-05:00,MNQZ5.CME@RITHMIC,71999495016700,BUY,24800.0,176,DEPTH,DEPTH,MNQZ5.CME@RITHMIC_20251113_230640_bedbcb11,NONE,,"{'size': 176, 'isBid': True, 'price': 99200, 'data_type': 'DEPTH'}",DEPTH
2025-11-14 02:39:27.431000-05:00,MNQZ5.CME@RITHMIC,71999057408000,BUY,99936.0,22,TRADE,TRADE,MNQZ5.CME@RITHMIC_20251113_230640_bedbcb11,NONE,,"{'size': 22, 'isOtc': False, 'price': 99936.0, 'data_type': 'TRADE', 'isBidAggressor': False, 'isExecutionEnd': True, 'passiveOrderId': None, 'aggressorOrderId': None, 'isExecutionStart': True, 'serialVersionUID': -5266538964320734421}",TRADE
2025-11-14 02:39:26.965000-05:00,MNQZ5.CME@RITHMIC,6868909198947,BUY,24966.75,30,LIMIT,ADD,MNQZ5.CME@RITHMIC_20251113_230640_bedbcb11,NONE,,"{'size': 30, 'isBid': True, 'price': 99867, 'orderId': '6868909198947', 'event_type': 'SEND'}",MBO
2025-11-14 02:39:25.782000-05:00,MNQZ5.CME@RITHMIC,6868909162671,BUY,24954.75,20,LIMIT,UPDATE,MNQZ5.CME@RITHMIC_20251113_230640_bedbcb11,NONE,,"{'size': 20, 'price': 99819, 'orderId': '6868909162671', 'event_type': 'REPLACE'}",MBO
2025-11-14 02:39:20.726000-05:00,MNQZ5.CME@RITHMIC,6868909183450,SELL,25013.25,20,LIMIT,UPDATE,MNQZ5.CME@RITHMIC_20251113_230640_bedbcb11,NONE,,"{'size': 20, 'price': 100053, 'orderId': '6868909183450', 'event_type': 'REPLACE'}",MBO
2025-11-14 02:39:07.377000-05:00,MNQZ5.CME@RITHMIC,71979003703900,SELL,25000.0,71,DEPTH,DEPTH,MNQZ5.CME@RITHMIC_20251113_230640_bedbcb11,NONE,,"{'size': 71, 'isBid': False, 'price': 100000, 'data_type': 'DEPTH'}",DEPTH
2025-11-14 02:39:07.335000-05:00,MNQZ5.CME@RITHMIC,71978961059900,SELL,25013.25,25,DEPTH,DEPTH,MNQZ5.CME@RITHMIC_20251113_230640_bedbcb11,NONE,,"{'size': 25, 'isBid': False, 'price': 100053, 'data_type': 'DEPTH'}",DEPTH
2025-11-14 02:39:07.291000-05:00,MNQZ5.CME@RITHMIC,71978916749400,SELL,25050.0,60,DEPTH,DEPTH,MNQZ5.CME@RITHMIC_20251113_230640_bedbcb11,NONE,,"{'size': 60, 'isBid': False, 'price': 100200, 'data_type': 'DEPTH'}",DEPTH
2025-11-14 02:39:07.194000-05:00,MNQZ5.CME@RITHMIC,71978820496700,SELL,25350.0,82,DEPTH,DEPTH,MNQZ5.CME@RITHMIC_20251113_230640_bedbcb11,NONE,,"{'size': 82, 'isBid': False, 'price': 101400, 'data_type': 'DEPTH'}",DEPTH
2025-11-14 02:39:07.041000-05:00,MNQZ5.CME@RITHMIC,71978667146000,BUY,24966.75,35,DEPTH,DEPTH,MNQZ5.CME@RITHMIC_20251113_230640_bedbcb11,NONE,,"{'size': 35, 'isBid': True, 'price': 99867, 'data_type': 'DEPTH'}",DEPTH
2025-11-14 02:39:06.975000-05:00,MNQZ5.CME@RITHMIC,71978600871400,BUY,24954.75,23,DEPTH,DEPTH,MNQZ5.CME@RITHMIC_20251113_230640_bedbcb11,NONE,,"{'size': 23, 'isBid': True, 'price': 99819, 'data_type': 'DEPTH'}",DEPTH
2025-11-14 02:39:06.959000-05:00,MNQZ5.CME@RITHMIC,71978584933000,BUY,24940.0,27,DEPTH,DEPTH,MNQZ5.CME@RITHMIC_20251113_230640_bedbcb11,NONE,,"{'size': 27, 'isBid': True, 'price': 99760, 'data_type': 'DEPTH'}",DEPTH
2025-11-14 02:39:06.941000-05:00,MNQZ5.CME@RITHMIC,71978567711200,BUY,24915.0,20,DEPTH,DEPTH,MNQZ5.CME@RITHMIC_20251113_230640_bedbcb11,NONE,,"{'size': 20, 'isBid': True, 'price': 99660, 'data_type': 'DEPTH'}",DEPTH
2025-11-14 02:39:06.904000-05:00,MNQZ5.CME@RITHMIC,71978529942900,BUY,24910.0,20,DEPTH,DEPTH,MNQZ5.CME@RITHMIC_20251113_230640_bedbcb11,NONE,,"{'size': 20, 'isBid': True, 'price': 99640, 'data_type': 'DEPTH'}",DEPTH
2025-11-14 02:39:06.897000-05:00,MNQZ5.CME@RITHMIC,71978522748600,BUY,24909.0,20,DEPTH,DEPTH,MNQZ5.CME@RITHMIC_20251113_230640_bedbcb11,NONE,,"{'size': 20, 'isBid': True, 'price': 99636, 'data_type': 'DEPTH'}",DEPTH
2025-11-14 02:39:06.861000-05:00,MNQZ5.CME@RITHMIC,71978487462300,BUY,24500.0,81,DEPTH,DEPTH,MNQZ5.CME@RITHMIC_20251113_230640_bedbcb11,NONE,,"{'size': 81, 'isBid': True, 'price': 98000, 'data_type': 'DEPTH'}",DEPTH
2025-11-14 02:39:06.144000-05:00,MNQZ5.CME@RITHMIC,71977769685100,BUY,99968.0,29,TRADE,TRADE,MNQZ5.CME@RITHMIC_20251113_230640_bedbcb11,NONE,,"{'size': 29, 'isOtc': False, 'price': 99968.0, 'data_type': 'TRADE', 'isBidAggressor': False, 'isExecutionEnd': True, 'passiveOrderId': None, 'aggressorOrderId': None, 'isExecutionStart': True, 'serialVersionUID': -5266538964320734421}",TRADE
2025-11-14 02:39:06.102000-05:00,MNQZ5.CME@RITHMIC,71977727690400,BUY,99970.0,41,TRADE,TRADE,MNQZ5.CME@RITHMIC_20251113_230640_bedbcb11,NONE,,"{'size': 41, 'isOtc': False, 'price': 99970.0, 'data_type': 'TRADE', 'isBidAggressor': False, 'isExecutionEnd': True, 'passiveOrderId': None, 'aggressorOrderId': None, 'isExecutionStart': True, 'serialVersionUID': -5266538964320734421}",TRADE
2025-11-14 02:39:06.090000-05:00,MNQZ5.CME@RITHMIC,71977716713900,BUY,99966.0,40,TRADE,TRADE,MNQZ5.CME@RITHMIC_20251113_230640_bedbcb11,NONE,,"{'size': 40, 'isOtc': False, 'price': 99966.0, 'data_type': 'TRADE', 'isBidAggressor': False, 'isExecutionEnd': True, 'passiveOrderId': None, 'aggressorOrderId': None, 'isExecutionStart': True, 'serialVersionUID': -5266538964320734421}",TRADE
2025-11-14 02:39:06.051000-05:00,MNQZ5.CME@RITHMIC,71977677395200,BUY,99967.0,32,TRADE,TRADE,MNQZ5.CME@RITHMIC_20251113_230640_bedbcb11,NONE,,"{'size': 32, 'isOtc': False, 'price': 99967.0, 'data_type': 'TRADE', 'isBidAggressor': False, 'isExecutionEnd': True, 'passiveOrderId': None, 'aggressorOrderId': None, 'isExecutionStart': True, 'serialVersionUID': -5266538964320734421}",TRADE
2025-11-14 02:39:06.043000-05:00,MNQZ5.CME@RITHMIC,71977669609500,SELL,99960.0,21,TRADE,TRADE,MNQZ5.CME@RITHMIC_20251113_230640_bedbcb11,NONE,,"{'size': 21, 'isOtc': False, 'price': 99960.0, 'data_type': 'TRADE', 'isBidAggressor': True, 'isExecutionEnd': True, 'passiveOrderId': None, 'aggressorOrderId': None, 'isExecutionStart': True, 'serialVersionUID': -5266538964320734421}",TRADE
2025-11-14 02:39:06.001000-05:00,MNQZ5.CME@RITHMIC,71977627120600,SELL,99970.0,34,TRADE,TRADE,MNQZ5.CME@RITHMIC_20251113_230640_bedbcb11,NONE,,"{'size': 34, 'isOtc': False, 'price': 99970.0, 'data_type': 'TRADE', 'isBidAggressor': True, 'isExecutionEnd': True, 'passiveOrderId': None, 'aggressorOrderId': None, 'isExecutionStart': True, 'serialVersionUID': -5266538964320734421}",TRADE
2025-11-14 02:39:05.988000-05:00,MNQZ5.CME@RITHMIC,71977613877500,SELL,99971.0,23,TRADE,TRADE,MNQZ5.CME@RITHMIC_20251113_230640_bedbcb11,NONE,,"{'size': 23, 'isOtc': False, 'price': 99971.0, 'data_type': 'TRADE', 'isBidAggressor': True, 'isExecutionEnd': True, 'passiveOrderId': None, 'aggressorOrderId': None, 'isExecutionStart': True, 'serialVersionUID': -5266538964320734421}",TRADE
2025-11-14 02:39:05.980000-05:00,MNQZ5.CME@RITHMIC,71977606150100,SELL,99972.0,21,TRADE,TRADE,MNQZ5.CME@RITHMIC_20251113_230640_bedbcb11,NONE,,"{'size': 21, 'isOtc': False, 'price': 99972.0, 'data_type': 'TRADE', 'isBidAggressor': True, 'isExecutionEnd': True, 'passiveOrderId': None, 'aggressorOrderId': None, 'isExecutionStart': True, 'serialVersionUID': -5266538964320734421}",TRADE
2025-11-14 02:39:05.582000-05:00,MNQZ5.CME@RITHMIC,6868909183450,SELL,25022.25,20,LIMIT,ADD,MNQZ5.CME@RITHMIC_20251113_230640_bedbcb11,NONE,,"{'size': 20, 'isBid': False, 'price': 100089, 'orderId': '6868909183450', 'event_type': 'SEND'}",MBO
2025-11-14 02:39:05.479000-05:00,MNQZ5.CME@RITHMIC,6868909193668,BUY,24984.0,20,LIMIT,ADD,MNQZ5.CME@RITHMIC_20251113_230640_bedbcb11,NONE,,"{'size': 20, 'isBid': True, 'price': 99936, 'orderId': '6868909193668', 'event_type': 'SEND'}",MBO
2025-11-14 02:39:04.619000-05:00,MNQZ5.CME@RITHMIC,6868909162671,BUY,24961.75,20,LIMIT,UPDATE,MNQZ5.CME@RITHMIC_20251113_230640_bedbcb11,NONE,,"{'size': 20, 'price': 99847, 'orderId': '6868909162671', 'event_type': 'REPLACE'}",MBO
2025-11-14 02:38:35.165000-05:00,MNQZ5.CME@RITHMIC,71946791093600,SELL,25000.0,73,DEPTH,DEPTH,MNQZ5.CME@RITHMIC_20251113_230640_bedbcb11,NONE,,"{'size': 73, 'isBid': False, 'price': 100000, 'data_type': 'DEPTH'}",DEPTH
2025-11-14 02:38:35.049000-05:00,MNQZ5.CME@RITHMIC,71946675000600,SELL,25022.25,22,DEPTH,DEPTH,MNQZ5.CME@RITHMIC_20251113_230640_bedbcb11,NONE,,"{'size': 22, 'isBid': False, 'price': 100089, 'data_type': 'DEPTH'}",DEPTH
2025-11-14 02:38:34.937000-05:00,MNQZ5.CME@RITHMIC,71946562909200,SELL,25080.0,23,DEPTH,DEPTH,MNQZ5.CME@RITHMIC_20251113_230640_bedbcb11,NONE,,"{'size': 23, 'isBid': False, 'price': 100320, 'data_type': 'DEPTH'}",DEPTH
2025-11-14 02:38:34.831000-05:00,MNQZ5.CME@RITHMIC,71946456900400,BUY,24984.0,27,DEPTH,DEPTH,MNQZ5.CME@RITHMIC_20251113_230640_bedbcb11,NONE,,"{'size': 27, 'isBid': True, 'price': 99936, 'data_type': 'DEPTH'}",DEPTH
2025-11-14 02:38:34.692000-05:00,MNQZ5.CME@RITHMIC,71946318614400,BUY,24961.75,26,DEPTH,DEPTH,MNQZ5.CME@RITHMIC_20251113_230640_bedbcb11,NONE,,"{'size': 26, 'isBid': True, 'price': 99847, 'data_type': 'DEPTH'}",DEPTH
2025-11-14 02:38:34.587000-05:00,MNQZ5.CME@RITHMIC,71946213160000,BUY,24926.0,22,DEPTH,DEPTH,MNQZ5.CME@RITHMIC_20251113_230640_bedbcb11,NONE,,"{'size': 22, 'isBid': True, 'price': 99704, 'data_type': 'DEPTH'}",DEPTH
2025-11-14 02:38:34.585000-05:00,MNQZ5.CME@RITHMIC,71946211585500,BUY,24920.0,41,DEPTH,DEPTH,MNQZ5.CME@RITHMIC_20251113_230640_bedbcb11,NONE,,"{'size': 41, 'isBid': True, 'price': 99680, 'data_type': 'DEPTH'}",DEPTH
2025-11-14 02:38:34.497000-05:00,MNQZ5.CME@RITHMIC,71946122908900,BUY,24900.0,122,DEPTH,DEPTH,MNQZ5.CME@RITHMIC_20251113_230640_bedbcb11,NONE,,"{'size': 122, 'isBid': True, 'price': 99600, 'data_type': 'DEPTH'}",DEPTH
2025-11-14 02:38:34.489000-05:00,MNQZ5.CME@RITHMIC,71946114783000,BUY,24800.0,175,DEPTH,DEPTH,MNQZ5.CME@RITHMIC_20251113_230640_bedbcb11,NONE,,"{'size': 175, 'isBid': True, 'price': 99200, 'data_type': 'DEPTH'}",DEPTH
2025-11-14 02:38:34.471000-05:00,MNQZ5.CME@RITHMIC,71946097017400,BUY,24500.0,86,DEPTH,DEPTH,MNQZ5.CME@RITHMIC_20251113_230640_bedbcb11,NONE,,"{'size': 86, 'isBid': True, 'price': 98000, 'data_type': 'DEPTH'}",DEPTH
2025-11-14 02:38:32.377000-05:00,MNQZ5.CME@RITHMIC,6868909162671,BUY,24962.0,20,LIMIT,UPDATE,MNQZ5.CME@RITHMIC_20251113_230640_bedbcb11,NONE,,"{'size': 20, 'price': 99848, 'orderId': '6868909162671', 'event_type': 'REPLACE'}",MBO
2025-11-14 02:38:29.866000-05:00,MNQZ5.CME@RITHMIC,6868909162669,SELL,25020.75,20,LIMIT,UPDATE,MNQZ5.CME@RITHMIC_20251113_230640_bedbcb11,NONE,,"{'size': 20, 'price': 100083, 'orderId': '6868909162669', 'event_type': 'REPLACE'}",MBO
2025-11-14 02:38:01.758000-05:00,MNQZ5.CME@RITHMIC,71913384448900,SELL,24999.0,25,DEPTH,DEPTH,MNQZ5.CME@RITHMIC_20251113_230640_bedbcb11,NONE,,"{'size': 25, 'isBid': False, 'price': 99996, 'data_type': 'DEPTH'}",DEPTH
2025-11-14 02:38:01.752000-05:00,MNQZ5.CME@RITHMIC,71913378458200,SELL,25000.0,85,DEPTH,DEPTH,MNQZ5.CME@RITHMIC_20251113_230640_bedbcb11,NONE,,"{'size': 85, 'isBid': False, 'price': 100000, 'data_type': 'DEPTH'}",DEPTH
2025-11-14 02:38:01.717000-05:00,MNQZ5.CME@RITHMIC,71913343334500,SELL,25020.75,22,DEPTH,DEPTH,MNQZ5.CME@RITHMIC_20251113_230640_bedbcb11,NONE,,"{'size': 22, 'isBid': False, 'price': 100083, 'data_type': 'DEPTH'}",DEPTH
2025-11-14 02:38:01.307000-05:00,MNQZ5.CME@RITHMIC,71912933206900,BUY,24962.0,26,DEPTH,DEPTH,MNQZ5.CME@RITHMIC_20251113_230640_bedbcb11,NONE,,"{'size': 26, 'isBid': True, 'price': 99848, 'data_type': 'DEPTH'}",DEPTH
2025-11-14 02:38:01.235000-05:00,MNQZ5.CME@RITHMIC,71912861486900,BUY,24950.0,20,DEPTH,DEPTH,MNQZ5.CME@RITHMIC_20251113_230640_bedbcb11,NONE,,"{'size': 20, 'isBid': True, 'price': 99800, 'data_type': 'DEPTH'}",DEPTH
2025-11-14 02:38:00.439000-05:00,MNQZ5.CME@RITHMIC,71912065379300,SELL,99891.0,37,TRADE,TRADE,MNQZ5.CME@RITHMIC_20251113_230640_bedbcb11,NONE,,"{'size': 37, 'isOtc': False, 'price': 99891.0, 'data_type': 'TRADE', 'isBidAggressor': True, 'isExecutionEnd': True, 'passiveOrderId': None, 'aggressorOrderId': None, 'isExecutionStart': True, 'serialVersionUID': -5266538964320734421}",TRADE
2025-11-14 02:38:00.424000-05:00,MNQZ5.CME@RITHMIC,6868909162671,BUY,24948.5,20,LIMIT,ADD,MNQZ5.CME@RITHMIC_20251113_230640_bedbcb11,NONE,,"{'size': 20, 'isBid': True, 'price': 99794, 'orderId': '6868909162671', 'event_type': 'SEND'}",MBO
2025-11-14 02:38:00.366000-05:00,MNQZ5.CME@RITHMIC,6868909162669,SELL,25008.25,20,LIMIT,ADD,MNQZ5.CME@RITHMIC_20251113_230640_bedbcb11,NONE,,"{'size': 20, 'isBid': False, 'price': 100033, 'orderId': '6868909162669', 'event_type': 'SEND'}",MBO
2025-11-14 02:37:36.505000-05:00,MNQZ5.CME@RITHMIC,71888131823400,SELL,24990.25,20,DEPTH,DEPTH,MNQZ5.CME@RITHMIC_20251113_230640_bedbcb11,NONE,,"{'size': 20, 'isBid': False, 'price': 99961, 'data_type': 'DEPTH'}",DEPTH
2025-11-14 02:37:36.444000-05:00,MNQZ5.CME@RITHMIC,71888070145000,SELL,25008.25,22,DEPTH,DEPTH,MNQZ5.CME@RITHMIC_20251113_230640_bedbcb11,NONE,,"{'size': 22, 'isBid': False, 'price': 100033, 'data_type': 'DEPTH'}",DEPTH
2025-11-14 02:37:36.402000-05:00,MNQZ5.CME@RITHMIC,71888028453100,SELL,25050.0,59,DEPTH,DEPTH,MNQZ5.CME@RITHMIC_20251113_230640_bedbcb11,NONE,,"{'size': 59, 'isBid': False, 'price': 100200, 'data_type': 'DEPTH'}",DEPTH
2025-11-14 02:37:36.343000-05:00,MNQZ5.CME@RITHMIC,71887969989500,SELL,25400.0,61,DEPTH,DEPTH,MNQZ5.CME@RITHMIC_20251113_230640_bedbcb11,NONE,,"{'size': 61, 'isBid': False, 'price': 101600, 'data_type': 'DEPTH'}",DEPTH
2025-11-14 02:37:36.148000-05:00,MNQZ5.CME@RITHMIC,71887774080900,BUY,24948.5,23,DEPTH,DEPTH,MNQZ5.CME@RITHMIC_20251113_230640_bedbcb11,NONE,,"{'size': 23, 'isBid': True, 'price': 99794, 'data_type': 'DEPTH'}",DEPTH
2025-11-14 02:37:36.104000-05:00,MNQZ5.CME@RITHMIC,71887731171000,BUY,24940.0,20,DEPTH,DEPTH,MNQZ5.CME@RITHMIC_20251113_230640_bedbcb11,NONE,,"{'size': 20, 'isBid': True, 'price': 99760, 'data_type': 'DEPTH'}",DEPTH
2025-11-14 02:37:36.088000-05:00,MNQZ5.CME@RITHMIC,71887713847800,BUY,24920.0,41,DEPTH,DEPTH,MNQZ5.CME@RITHMIC_20251113_230640_bedbcb11,NONE,,"{'size': 41, 'isBid': True, 'price': 99680, 'data_type': 'DEPTH'}",DEPTH
2025-11-14 02:37:36.054000-05:00,MNQZ5.CME@RITHMIC,71887680955300,BUY,24900.0,122,DEPTH,DEPTH,MNQZ5.CME@RITHMIC_20251113_230640_bedbcb11,NONE,,"{'size': 122, 'isBid': True, 'price': 99600, 'data_type': 'DEPTH'}",DEPTH
2025-11-14 02:37:35.854000-05:00,MNQZ5.CME@RITHMIC,71887480622400,BUY,24820.0,27,DEPTH,DEPTH,MNQZ5.CME@RITHMIC_20251113_230640_bedbcb11,NONE,,"{'size': 27, 'isBid': True, 'price': 99280, 'data_type': 'DEPTH'}",DEPTH
2025-11-14 02:37:34.995000-05:00,MNQZ5.CME@RITHMIC,71886621003200,BUY,99880.0,154,TRADE,TRADE,MNQZ5.CME@RITHMIC_20251113_230640_bedbcb11,NONE,,"{'size': 154, 'isOtc': False, 'price': 99880.0, 'data_type': 'TRADE', 'isBidAggressor': False, 'isExecutionEnd': True, 'passiveOrderId': None, 'aggressorOrderId': None, 'isExecutionStart': True, 'serialVersionUID': -5266538964320734421}",TRADE
2025-11-14 02:37:34.983000-05:00,MNQZ5.CME@RITHMIC,71886609665700,BUY,99900.0,20,TRADE,TRADE,MNQZ5.CME@RITHMIC_20251113_230640_bedbcb11,NONE,,"{'size': 20, 'isOtc': False, 'price': 99900.0, 'data_type': 'TRADE', 'isBidAggressor': False, 'isExecutionEnd': True, 'passiveOrderId': None, 'aggressorOrderId': None, 'isExecutionStart': True, 'serialVersionUID': -5266538964320734421}",TRADE
2025-11-14 02:37:19.920000-05:00,MNQZ5.CME@RITHMIC,6868909083261,BUY,24940.25,20,LIMIT,UPDATE,MNQZ5.CME@RITHMIC_20251113_230640_bedbcb11,NONE,,"{'size': 20, 'price': 99761, 'orderId': '6868909083261', 'event_type': 'REPLACE'}",MBO
2025-11-14 02:37:17.594000-05:00,MNQZ5.CME@RITHMIC,6868908749288,SELL,24999.25,20,LIMIT,UPDATE,MNQZ5.CME@RITHMIC_20251113_230640_bedbcb11,NONE,,"{'size': 20, 'price': 99997, 'orderId': '6868908749288', 'event_type': 'REPLACE'}",MBO
2025-11-14 02:37:10.501000-05:00,MNQZ5.CME@RITHMIC,71862127380100,SELL,24972.75,26,DEPTH,DEPTH,MNQZ5.CME@RITHMIC_20251113_230640_bedbcb11,NONE,,"{'size': 26, 'isBid': False, 'price': 99891, 'data_type': 'DEPTH'}",DEPTH
2025-11-14 02:37:10.365000-05:00,MNQZ5.CME@RITHMIC,71861991319200,SELL,24996.25,74,DEPTH,DEPTH,MNQZ5.CME@RITHMIC_20251113_230640_bedbcb11,NONE,,"{'size': 74, 'isBid': False, 'price': 99985, 'data_type': 'DEPTH'}",DEPTH
2025-11-14 02:37:10.345000-05:00,MNQZ5.CME@RITHMIC,71861971416600,SELL,24999.0,23,DEPTH,DEPTH,MNQZ5.CME@RITHMIC_20251113_230640_bedbcb11,NONE,,"{'size': 23, 'isBid': False, 'price': 99996, 'data_type': 'DEPTH'}",DEPTH
2025-11-14 02:37:10.344000-05:00,MNQZ5.CME@RITHMIC,71861969779500,SELL,24999.25,23,DEPTH,DEPTH,MNQZ5.CME@RITHMIC_20251113_230640_bedbcb11,NONE,,"{'size': 23, 'isBid': False, 'price': 99997, 'data_type': 'DEPTH'}",DEPTH
2025-11-14 02:37:10.339000-05:00,MNQZ5.CME@RITHMIC,71861965095100,SELL,25000.0,63,DEPTH,DEPTH,MNQZ5.CME@RITHMIC_20251113_230640_bedbcb11,NONE,,"{'size': 63, 'isBid': False, 'price': 100000, 'data_type': 'DEPTH'}",DEPTH
2025-11-14 02:37:10.224000-05:00,MNQZ5.CME@RITHMIC,71861850137500,SELL,25050.0,57,DEPTH,DEPTH,MNQZ5.CME@RITHMIC_20251113_230640_bedbcb11,NONE,,"{'size': 57, 'isBid': False, 'price': 100200, 'data_type': 'DEPTH'}",DEPTH
2025-11-14 02:37:10.188000-05:00,MNQZ5.CME@RITHMIC,71861814650300,SELL,25260.0,25,DEPTH,DEPTH,MNQZ5.CME@RITHMIC_20251113_230640_bedbcb11,NONE,,"{'size': 25, 'isBid': False, 'price': 101040, 'data_type': 'DEPTH'}",DEPTH
2025-11-14 02:37:10.052000-05:00,MNQZ5.CME@RITHMIC,71861678521300,BUY,24960.0,26,DEPTH,DEPTH,MNQZ5.CME@RITHMIC_20251113_230640_bedbcb11,NONE,,"{'size': 26, 'isBid': True, 'price': 99840, 'data_type': 'DEPTH'}",DEPTH
2025-11-14 02:37:09.968000-05:00,MNQZ5.CME@RITHMIC,71861594064100,BUY,24940.25,22,DEPTH,DEPTH,MNQZ5.CME@RITHMIC_20251113_230640_bedbcb11,NONE,,"{'size': 22, 'isBid': True, 'price': 99761, 'data_type': 'DEPTH'}",DEPTH
2025-11-14 02:37:09.933000-05:00,MNQZ5.CME@RITHMIC,71861559447400,BUY,24900.0,124,DEPTH,DEPTH,MNQZ5.CME@RITHMIC_20251113_230640_bedbcb11,NONE,,"{'size': 124, 'isBid': True, 'price': 99600, 'data_type': 'DEPTH'}",DEPTH
2025-11-14 02:37:08.295000-05:00,MNQZ5.CME@RITHMIC,6868909083261,BUY,24947.25,20,LIMIT,UPDATE,MNQZ5.CME@RITHMIC_20251113_230640_bedbcb11,NONE,,"{'size': 20, 'price': 99789, 'orderId': '6868909083261', 'event_type': 'REPLACE'}",MBO
2025-11-14 02:37:04.315000-05:00,MNQZ5.CME@RITHMIC,6868908749288,SELL,25006.0,20,LIMIT,UPDATE,MNQZ5.CME@RITHMIC_20251113_230640_bedbcb11,NONE,,"{'size': 20, 'price': 100024, 'orderId': '6868908749288', 'event_type': 'REPLACE'}",MBO
2025-11-14 02:36:51.928000-05:00,MNQZ5.CME@RITHMIC,71843553773200,SELL,24983.0,36,DEPTH,DEPTH,MNQZ5.CME@RITHMIC_20251113_230640_bedbcb11,NONE,,"{'size': 36, 'isBid': False, 'price': 99932, 'data_type': 'DEPTH'}",DEPTH
2025-11-14 02:36:51.825000-05:00,MNQZ5.CME@RITHMIC,71843451367200,SELL,25006.0,35,DEPTH,DEPTH,MNQZ5.CME@RITHMIC_20251113_230640_bedbcb11,NONE,,"{'size': 35, 'isBid': False, 'price': 100024, 'data_type': 'DEPTH'}",DEPTH
2025-11-14 02:36:51.617000-05:00,MNQZ5.CME@RITHMIC,71843242669200,BUY,24970.0,156,DEPTH,DEPTH,MNQZ5.CME@RITHMIC_20251113_230640_bedbcb11,NONE,,"{'size': 156, 'isBid': True, 'price': 99880, 'data_type': 'DEPTH'}",DEPTH
2025-11-14 02:36:51.536000-05:00,MNQZ5.CME@RITHMIC,71843162122300,BUY,24947.25,35,DEPTH,DEPTH,MNQZ5.CME@RITHMIC_20251113_230640_bedbcb11,NONE,,"{'size': 35, 'isBid': True, 'price': 99789, 'data_type': 'DEPTH'}",DEPTH
2025-11-14 02:36:51.526000-05:00,MNQZ5.CME@RITHMIC,71843152403200,BUY,24930.0,21,DEPTH,DEPTH,MNQZ5.CME@RITHMIC_20251113_230640_bedbcb11,NONE,,"{'size': 21, 'isBid': True, 'price': 99720, 'data_type': 'DEPTH'}",DEPTH
2025-11-14 02:36:51.477000-05:00,MNQZ5.CME@RITHMIC,71843103902200,BUY,24900.0,120,DEPTH,DEPTH,MNQZ5.CME@RITHMIC_20251113_230640_bedbcb11,NONE,,"{'size': 120, 'isBid': True, 'price': 99600, 'data_type': 'DEPTH'}",DEPTH
2025-11-14 02:36:51.469000-05:00,MNQZ5.CME@RITHMIC,71843095935100,BUY,24800.0,176,DEPTH,DEPTH,MNQZ5.CME@RITHMIC_20251113_230640_bedbcb11,NONE,,"{'size': 176, 'isBid': True, 'price': 99200, 'data_type': 'DEPTH'}",DEPTH
2025-11-14 02:36:51.154000-05:00,MNQZ5.CME@RITHMIC,71842780372100,SELL,24983.0,32,DEPTH,DEPTH,MNQZ5.CME@RITHMIC_20251113_230640_bedbcb11,NONE,,"{'size': 32, 'isBid': False, 'price': 99932, 'data_type': 'DEPTH'}",DEPTH
2025-11-14 02:36:50.703000-05:00,MNQZ5.CME@RITHMIC,71842329137700,BUY,24960.0,21,DEPTH,DEPTH,MNQZ5.CME@RITHMIC_20251113_230640_bedbcb11,NONE,,"{'size': 21, 'isBid': True, 'price': 99840, 'data_type': 'DEPTH'}",DEPTH
2025-11-14 02:36:50.304000-05:00,MNQZ5.CME@RITHMIC,71841930140600,SELL,24983.0,20,DEPTH,DEPTH,MNQZ5.CME@RITHMIC_20251113_230640_bedbcb11,NONE,,"{'size': 20, 'isBid': False, 'price': 99932, 'data_type': 'DEPTH'}",DEPTH
2025-11-14 02:36:50.302000-05:00,MNQZ5.CME@RITHMIC,71841928467800,SELL,24985.0,22,DEPTH,DEPTH,MNQZ5.CME@RITHMIC_20251113_230640_bedbcb11,NONE,,"{'size': 22, 'isBid': False, 'price': 99940, 'data_type': 'DEPTH'}",DEPTH
2025-11-14 02:36:50.179000-05:00,MNQZ5.CME@RITHMIC,71841804847600,SELL,24983.0,22,DEPTH,DEPTH,MNQZ5.CME@RITHMIC_20251113_230640_bedbcb11,NONE,,"{'size': 22, 'isBid': False, 'price': 99932, 'data_type': 'DEPTH'}",DEPTH
2025-11-14 02:36:50.127000-05:00,MNQZ5.CME@RITHMIC,71841753466300,SELL,24983.0,23,DEPTH,DEPTH,MNQZ5.CME@RITHMIC_20251113_230640_bedbcb11,NONE,,"{'size': 23, 'isBid': False, 'price': 99932, 'data_type': 'DEPTH'}",DEPTH
2025-11-14 02:36:49.272000-05:00,MNQZ5.CME@RITHMIC,71840898280900,SELL,24983.0,24,DEPTH,DEPTH,MNQZ5.CME@RITHMIC_20251113_230640_bedbcb11,NONE,,"{'size': 24, 'isBid': False, 'price': 99932, 'data_type': 'DEPTH'}",DEPTH
2025-11-14 02:36:46.266000-05:00,MNQZ5.CME@RITHMIC,6868909083261,BUY,24951.75,20,LIMIT,UPDATE,MNQZ5.CME@RITHMIC_20251113_230640_bedbcb11,NONE,,"{'size': 20, 'price': 99807, 'orderId': '6868909083261', 'event_type': 'REPLACE'}",MBO
2025-11-14 02:36:43.429000-05:00,MNQZ5.CME@RITHMIC,6868908749288,SELL,25010.5,20,LIMIT,UPDATE,MNQZ5.CME@RITHMIC_20251113_230640_bedbcb11,NONE,,"{'size': 20, 'price': 100042, 'orderId': '6868908749288', 'event_type': 'REPLACE'}",MBO
2025-11-14 02:36:32.904000-05:00,MNQZ5.CME@RITHMIC,71824530559900,SELL,24983.0,26,DEPTH,DEPTH,MNQZ5.CME@RITHMIC_20251113_230640_bedbcb11,NONE,,"{'size': 26, 'isBid': False, 'price': 99932, 'data_type': 'DEPTH'}",DEPTH
2025-11-14 02:36:32.892000-05:00,MNQZ5.CME@RITHMIC,71824518145100,SELL,24985.0,23,DEPTH,DEPTH,MNQZ5.CME@RITHMIC_20251113_230640_bedbcb11,NONE,,"{'size': 23, 'isBid': False, 'price': 99940, 'data_type': 'DEPTH'}",DEPTH
2025-11-14 02:36:32.837000-05:00,MNQZ5.CME@RITHMIC,71824463174400,SELL,24995.0,25,DEPTH,DEPTH,MNQZ5.CME@RITHMIC_20251113_230640_bedbcb11,NONE,,"{'size': 25, 'isBid': False, 'price': 99980, 'data_type': 'DEPTH'}",DEPTH
2025-11-14 02:36:32.830000-05:00,MNQZ5.CME@RITHMIC,71824456679800,SELL,25000.0,62,DEPTH,DEPTH,MNQZ5.CME@RITHMIC_20251113_230640_bedbcb11,NONE,,"{'size': 62, 'isBid': False, 'price': 100000, 'data_type': 'DEPTH'}",DEPTH
2025-11-14 02:36:32.794000-05:00,MNQZ5.CME@RITHMIC,71824420303200,SELL,25010.5,24,DEPTH,DEPTH,MNQZ5.CME@RITHMIC_20251113_230640_bedbcb11,NONE,,"{'size': 24, 'isBid': False, 'price': 100042, 'data_type': 'DEPTH'}",DEPTH
2025-11-14 02:36:32.636000-05:00,MNQZ5.CME@RITHMIC,71824262020700,BUY,24971.25,20,DEPTH,DEPTH,MNQZ5.CME@RITHMIC_20251113_230640_bedbcb11,NONE,,"{'size': 20, 'isBid': True, 'price': 99885, 'data_type': 'DEPTH'}",DEPTH
2025-11-14 02:36:32.626000-05:00,MNQZ5.CME@RITHMIC,71824252648500,BUY,24970.0,153,DEPTH,DEPTH,MNQZ5.CME@RITHMIC_20251113_230640_bedbcb11,NONE,,"{'size': 153, 'isBid': True, 'price': 99880, 'data_type': 'DEPTH'}",DEPTH
2025-11-14 02:36:32.542000-05:00,MNQZ5.CME@RITHMIC,71824167969800,BUY,24951.75,23,DEPTH,DEPTH,MNQZ5.CME@RITHMIC_20251113_230640_bedbcb11,NONE,,"{'size': 23, 'isBid': True, 'price': 99807, 'data_type': 'DEPTH'}",DEPTH
2025-11-14 02:36:32.462000-05:00,MNQZ5.CME@RITHMIC,71824088590700,BUY,24600.0,32,DEPTH,DEPTH,MNQZ5.CME@RITHMIC_20251113_230640_bedbcb11,NONE,,"{'size': 32, 'isBid': True, 'price': 98400, 'data_type': 'DEPTH'}",DEPTH
2025-11-14 02:36:31.301000-05:00,MNQZ5.CME@RITHMIC,6868909140796,BUY,24970.0,144,LIMIT,ADD,MNQZ5.CME@RITHMIC_20251113_230640_bedbcb11,NONE,,"{'size': 144, 'isBid': True, 'price': 99880, 'orderId': '6868909140796', 'event_type': 'SEND'}",MBO
2025-11-14 02:36:20.082000-05:00,MNQZ5.CME@RITHMIC,6868909083261,BUY,24949.5,20,LIMIT,UPDATE,MNQZ5.CME@RITHMIC_20251113_230640_bedbcb11,NONE,,"{'size': 20, 'price': 99798, 'orderId': '6868909083261', 'event_type': 'REPLACE'}",MBO
2025-11-14 02:36:17.811000-05:00,MNQZ5.CME@RITHMIC,6868908749288,SELL,25008.0,20,LIMIT,UPDATE,MNQZ5.CME@RITHMIC_20251113_230640_bedbcb11,NONE,,"{'size': 20, 'price': 100032, 'orderId': '6868908749288', 'event_type': 'REPLACE'}",MBO
2025-11-14 02:36:12.711000-05:00,MNQZ5.CME@RITHMIC,71804337462500,SELL,24995.0,25,DEPTH,DEPTH,MNQZ5.CME@RITHMIC_20251113_230640_bedbcb11,NONE,,"{'size': 25, 'isBid': False, 'price': 99980, 'data_type': 'DEPTH'}",DEPTH
2025-11-14 02:36:12.698000-05:00,MNQZ5.CME@RITHMIC,71804324767200,SELL,25000.0,61,DEPTH,DEPTH,MNQZ5.CME@RITHMIC_20251113_230640_bedbcb11,NONE,,"{'size': 61, 'isBid': False, 'price': 100000, 'data_type': 'DEPTH'}",DEPTH
2025-11-14 02:36:12.676000-05:00,MNQZ5.CME@RITHMIC,71804302603400,SELL,25008.0,26,DEPTH,DEPTH,MNQZ5.CME@RITHMIC_20251113_230640_bedbcb11,NONE,,"{'size': 26, 'isBid': False, 'price': 100032, 'data_type': 'DEPTH'}",DEPTH
2025-11-14 02:36:12.543000-05:00,MNQZ5.CME@RITHMIC,71804169564700,SELL,25800.0,98,DEPTH,DEPTH,MNQZ5.CME@RITHMIC_20251113_230640_bedbcb11,NONE,,"{'size': 98, 'isBid': False, 'price': 103200, 'data_type': 'DEPTH'}",DEPTH
2025-11-14 02:36:12.436000-05:00,MNQZ5.CME@RITHMIC,71804062724700,BUY,24970.0,153,DEPTH,DEPTH,MNQZ5.CME@RITHMIC_20251113_230640_bedbcb11,NONE,,"{'size': 153, 'isBid': True, 'price': 99880, 'data_type': 'DEPTH'}",DEPTH
2025-11-14 02:36:12.358000-05:00,MNQZ5.CME@RITHMIC,71803984164200,BUY,24949.5,24,DEPTH,DEPTH,MNQZ5.CME@RITHMIC_20251113_230640_bedbcb11,NONE,,"{'size': 24, 'isBid': True, 'price': 99798, 'data_type': 'DEPTH'}",DEPTH
2025-11-14 02:36:12.332000-05:00,MNQZ5.CME@RITHMIC,71803959304900,BUY,24910.0,20,DEPTH,DEPTH,MNQZ5.CME@RITHMIC_20251113_230640_bedbcb11,NONE,,"{'size': 20, 'isBid': True, 'price': 99640, 'data_type': 'DEPTH'}",DEPTH
2025-11-14 02:36:12.326000-05:00,MNQZ5.CME@RITHMIC,71803953472700,BUY,24909.0,20,DEPTH,DEPTH,MNQZ5.CME@RITHMIC_20251113_230640_bedbcb11,NONE,,"{'size': 20, 'isBid': True, 'price': 99636, 'data_type': 'DEPTH'}",DEPTH
2025-11-14 02:36:12.277000-05:00,MNQZ5.CME@RITHMIC,71803903421900,BUY,24900.0,119,DEPTH,DEPTH,MNQZ5.CME@RITHMIC_20251113_230640_bedbcb11,NONE,,"{'size': 119, 'isBid': True, 'price': 99600, 'data_type': 'DEPTH'}",DEPTH
2025-11-14 02:36:12.274000-05:00,MNQZ5.CME@RITHMIC,71803899967800,BUY,24800.0,176,DEPTH,DEPTH,MNQZ5.CME@RITHMIC_20251113_230640_bedbcb11,NONE,,"{'size': 176, 'isBid': True, 'price': 99200, 'data_type': 'DEPTH'}",DEPTH
2025-11-14 02:36:11.003000-05:00,MNQZ5.CME@RITHMIC,6868909083261,BUY,24951.75,20,LIMIT,UPDATE,MNQZ5.CME@RITHMIC_20251113_230640_bedbcb11,NONE,,"{'size': 20, 'price': 99807, 'orderId': '6868909083261', 'event_type': 'REPLACE'}",MBO
2025-11-14 02:36:07.277000-05:00,MNQZ5.CME@RITHMIC,6868908749288,SELL,25010.25,20,LIMIT,UPDATE,MNQZ5.CME@RITHMIC_20251113_230640_bedbcb11,NONE,,"{'size': 20, 'price': 100041, 'orderId': '6868908749288', 'event_type': 'REPLACE'}",MBO
2025-11-14 02:36:02.001000-05:00,MNQZ5.CME@RITHMIC,6868909114449,SELL,24996.25,70,LIMIT,UPDATE,MNQZ5.CME@RITHMIC_20251113_230640_bedbcb11,NONE,,"{'size': 70, 'price': 99985, 'orderId': '6868909114449', 'event_type': 'REPLACE'}",MBO
2025-11-14 02:35:56.839000-05:00,MNQZ5.CME@RITHMIC,71788465556400,SELL,24995.0,24,DEPTH,DEPTH,MNQZ5.CME@RITHMIC_20251113_230640_bedbcb11,NONE,,"{'size': 24, 'isBid': False, 'price': 99980, 'data_type': 'DEPTH'}",DEPTH
2025-11-14 02:35:56.833000-05:00,MNQZ5.CME@RITHMIC,71788458905300,SELL,24996.25,75,DEPTH,DEPTH,MNQZ5.CME@RITHMIC_20251113_230640_bedbcb11,NONE,,"{'size': 75, 'isBid': False, 'price': 99985, 'data_type': 'DEPTH'}",DEPTH
2025-11-14 02:35:56.823000-05:00,MNQZ5.CME@RITHMIC,71788449017000,SELL,25000.0,61,DEPTH,DEPTH,MNQZ5.CME@RITHMIC_20251113_230640_bedbcb11,NONE,,"{'size': 61, 'isBid': False, 'price': 100000, 'data_type': 'DEPTH'}",DEPTH
2025-11-14 02:35:56.819000-05:00,MNQZ5.CME@RITHMIC,71788445316800,SELL,25002.0,21,DEPTH,DEPTH,MNQZ5.CME@RITHMIC_20251113_230640_bedbcb11,NONE,,"{'size': 21, 'isBid': False, 'price': 100008, 'data_type': 'DEPTH'}",DEPTH
2025-11-14 02:35:56.789000-05:00,MNQZ5.CME@RITHMIC,71788414758000,SELL,25010.25,23,DEPTH,DEPTH,MNQZ5.CME@RITHMIC_20251113_230640_bedbcb11,NONE,,"{'size': 23, 'isBid': False, 'price': 100041, 'data_type': 'DEPTH'}",DEPTH
2025-11-14 02:35:56.546000-05:00,MNQZ5.CME@RITHMIC,71788172726000,BUY,24951.75,23,DEPTH,DEPTH,MNQZ5.CME@RITHMIC_20251113_230640_bedbcb11,NONE,,"{'size': 23, 'isBid': True, 'price': 99807, 'data_type': 'DEPTH'}",DEPTH
2025-11-14 02:35:56.531000-05:00,MNQZ5.CME@RITHMIC,71788156715500,BUY,24930.0,20,DEPTH,DEPTH,MNQZ5.CME@RITHMIC_20251113_230640_bedbcb11,NONE,,"{'size': 20, 'isBid': True, 'price': 99720, 'data_type': 'DEPTH'}",DEPTH
2025-11-14 02:35:56.529000-05:00,MNQZ5.CME@RITHMIC,71788155093700,BUY,24920.0,31,DEPTH,DEPTH,MNQZ5.CME@RITHMIC_20251113_230640_bedbcb11,NONE,,"{'size': 31, 'isBid': True, 'price': 99680, 'data_type': 'DEPTH'}",DEPTH
2025-11-14 02:35:56.474000-05:00,MNQZ5.CME@RITHMIC,71788100378100,BUY,24900.0,129,DEPTH,DEPTH,MNQZ5.CME@RITHMIC_20251113_230640_bedbcb11,NONE,,"{'size': 129, 'isBid': True, 'price': 99600, 'data_type': 'DEPTH'}",DEPTH
2025-11-14 02:35:43.854000-05:00,MNQZ5.CME@RITHMIC,6868909083261,BUY,24951.75,20,LIMIT,UPDATE,MNQZ5.CME@RITHMIC_20251113_230640_bedbcb11,NONE,,"{'size': 20, 'price': 99807, 'orderId': '6868909083261', 'event_type': 'REPLACE'}",MBO
2025-11-14 02:35:41.885000-05:00,MNQZ5.CME@RITHMIC,6868908749288,SELL,25012.25,20,LIMIT,UPDATE,MNQZ5.CME@RITHMIC_20251113_230640_bedbcb11,NONE,,"{'size': 20, 'price': 100049, 'orderId': '6868908749288', 'event_type': 'REPLACE'}",MBO
2025-11-14 02:35:40.119000-05:00,MNQZ5.CME@RITHMIC,6868909114449,SELL,25005.5,70,LIMIT,UPDATE,MNQZ5.CME@RITHMIC_20251113_230640_bedbcb11,NONE,,"{'size': 70, 'price': 100022, 'orderId': '6868909114449', 'event_type': 'REPLACE'}",MBO
2025-11-14 02:35:37.254000-05:00,MNQZ5.CME@RITHMIC,71768880198200,SELL,24990.0,31,DEPTH,DEPTH,MNQZ5.CME@RITHMIC_20251113_230640_bedbcb11,NONE,,"{'size': 31, 'isBid': False, 'price': 99960, 'data_type': 'DEPTH'}",DEPTH
2025-11-14 02:35:37.232000-05:00,MNQZ5.CME@RITHMIC,71768858585700,SELL,24995.0,24,DEPTH,DEPTH,MNQZ5.CME@RITHMIC_20251113_230640_bedbcb11,NONE,,"{'size': 24, 'isBid': False, 'price': 99980, 'data_type': 'DEPTH'}",DEPTH
2025-11-14 02:35:37.183000-05:00,MNQZ5.CME@RITHMIC,71768809112000,SELL,25005.5,73,DEPTH,DEPTH,MNQZ5.CME@RITHMIC_20251113_230640_bedbcb11,NONE,,"{'size': 73, 'isBid': False, 'price': 100022, 'data_type': 'DEPTH'}",DEPTH
2025-11-14 02:35:37.171000-05:00,MNQZ5.CME@RITHMIC,71768797124600,SELL,25012.25,22,DEPTH,DEPTH,MNQZ5.CME@RITHMIC_20251113_230640_bedbcb11,NONE,,"{'size': 22, 'isBid': False, 'price': 100049, 'data_type': 'DEPTH'}",DEPTH
2025-11-14 02:35:36.986000-05:00,MNQZ5.CME@RITHMIC,71768612401600,BUY,24977.0,24,DEPTH,DEPTH,MNQZ5.CME@RITHMIC_20251113_230640_bedbcb11,NONE,,"{'size': 24, 'isBid': True, 'price': 99908, 'data_type': 'DEPTH'}",DEPTH
2025-11-14 02:35:36.849000-05:00,MNQZ5.CME@RITHMIC,71768475544300,BUY,24951.75,23,DEPTH,DEPTH,MNQZ5.CME@RITHMIC_20251113_230640_bedbcb11,NONE,,"{'size': 23, 'isBid': True, 'price': 99807, 'data_type': 'DEPTH'}",DEPTH
2025-11-14 02:35:36.776000-05:00,MNQZ5.CME@RITHMIC,71768402783000,BUY,24900.0,131,DEPTH,DEPTH,MNQZ5.CME@RITHMIC_20251113_230640_bedbcb11,NONE,,"{'size': 131, 'isBid': True, 'price': 99600, 'data_type': 'DEPTH'}",DEPTH
2025-11-14 02:35:24.976000-05:00,MNQZ5.CME@RITHMIC,6868909083261,BUY,24948.0,20,LIMIT,UPDATE,MNQZ5.CME@RITHMIC_20251113_230640_bedbcb11,NONE,,"{'size': 20, 'price': 99792, 'orderId': '6868909083261', 'event_type': 'REPLACE'}",MBO
2025-11-14 02:35:22.835000-05:00,MNQZ5.CME@RITHMIC,6868908749288,SELL,25007.5,20,LIMIT,UPDATE,MNQZ5.CME@RITHMIC_20251113_230640_bedbcb11,NONE,,"{'size': 20, 'price': 100030, 'orderId': '6868908749288', 'event_type': 'REPLACE'}",MBO
2025-11-14 02:35:13.661000-05:00,MNQZ5.CME@RITHMIC,71745286725500,SELL,24995.0,24,DEPTH,DEPTH,MNQZ5.CME@RITHMIC_20251113_230640_bedbcb11,NONE,,"{'size': 24, 'isBid': False, 'price': 99980, 'data_type': 'DEPTH'}",DEPTH
2025-11-14 02:35:13.627000-05:00,MNQZ5.CME@RITHMIC,71745253612400,SELL,25007.5,28,DEPTH,DEPTH,MNQZ5.CME@RITHMIC_20251113_230640_bedbcb11,NONE,,"{'size': 28, 'isBid': False, 'price': 100030, 'data_type': 'DEPTH'}",DEPTH
2025-11-14 02:35:13.597000-05:00,MNQZ5.CME@RITHMIC,71745223141600,SELL,25050.0,61,DEPTH,DEPTH,MNQZ5.CME@RITHMIC_20251113_230640_bedbcb11,NONE,,"{'size': 61, 'isBid': False, 'price': 100200, 'data_type': 'DEPTH'}",DEPTH
2025-11-14 02:35:13.450000-05:00,MNQZ5.CME@RITHMIC,71745076489800,BUY,24970.0,21,DEPTH,DEPTH,MNQZ5.CME@RITHMIC_20251113_230640_bedbcb11,NONE,,"{'size': 21, 'isBid': True, 'price': 99880, 'data_type': 'DEPTH'}",DEPTH
2025-11-14 02:35:13.343000-05:00,MNQZ5.CME@RITHMIC,71744969429100,BUY,24948.0,24,DEPTH,DEPTH,MNQZ5.CME@RITHMIC_20251113_230640_bedbcb11,NONE,,"{'size': 24, 'isBid': True, 'price': 99792, 'data_type': 'DEPTH'}",DEPTH
2025-11-14 02:35:13.336000-05:00,MNQZ5.CME@RITHMIC,71744962423400,BUY,24945.0,22,DEPTH,DEPTH,MNQZ5.CME@RITHMIC_20251113_230640_bedbcb11,NONE,,"{'size': 22, 'isBid': True, 'price': 99780, 'data_type': 'DEPTH'}",DEPTH
2025-11-14 02:35:13.285000-05:00,MNQZ5.CME@RITHMIC,71744911402200,BUY,24900.0,131,DEPTH,DEPTH,MNQZ5.CME@RITHMIC_20251113_230640_bedbcb11,NONE,,"{'size': 131, 'isBid': True, 'price': 99600, 'data_type': 'DEPTH'}",DEPTH
2025-11-14 02:35:11.981000-05:00,MNQZ5.CME@RITHMIC,6868909114449,SELL,25033.5,70,LIMIT,ADD,MNQZ5.CME@RITHMIC_20251113_230640_bedbcb11,NONE,,"{'size': 70, 'isBid': False, 'price': 100134, 'orderId': '6868909114449', 'event_type': 'SEND'}",MBO
2025-11-14 02:35:11.577000-05:00,MNQZ5.CME@RITHMIC,6868909083261,BUY,24948.25,20,LIMIT,UPDATE,MNQZ5.CME@RITHMIC_20251113_230640_bedbcb11,NONE,,"{'size': 20, 'price': 99793, 'orderId': '6868909083261', 'event_type': 'REPLACE'}",MBO
2025-11-14 02:35:07.902000-05:00,MNQZ5.CME@RITHMIC,6868908749288,SELL,25007.5,20,LIMIT,UPDATE,MNQZ5.CME@RITHMIC_20251113_230640_bedbcb11,NONE,,"{'size': 20, 'price': 100030, 'orderId': '6868908749288', 'event_type': 'REPLACE'}",MBO
2025-11-14 02:34:57.733000-05:00,MNQZ5.CME@RITHMIC,71729359534700,SELL,24995.0,24,DEPTH,DEPTH,MNQZ5.CME@RITHMIC_20251113_230640_bedbcb11,NONE,,"{'size': 24, 'isBid': False, 'price': 99980, 'data_type': 'DEPTH'}",DEPTH
2025-11-14 02:34:57.724000-05:00,MNQZ5.CME@RITHMIC,71729350302500,SELL,25000.0,42,DEPTH,DEPTH,MNQZ5.CME@RITHMIC_20251113_230640_bedbcb11,NONE,,"{'size': 42, 'isBid': False, 'price': 100000, 'data_type': 'DEPTH'}",DEPTH
2025-11-14 02:34:57.700000-05:00,MNQZ5.CME@RITHMIC,71729326396300,SELL,25007.5,28,DEPTH,DEPTH,MNQZ5.CME@RITHMIC_20251113_230640_bedbcb11,NONE,,"{'size': 28, 'isBid': False, 'price': 100030, 'data_type': 'DEPTH'}",DEPTH
2025-11-14 02:34:57.685000-05:00,MNQZ5.CME@RITHMIC,71729311536500,SELL,25033.5,72,DEPTH,DEPTH,MNQZ5.CME@RITHMIC_20251113_230640_bedbcb11,NONE,,"{'size': 72, 'isBid': False, 'price': 100134, 'data_type': 'DEPTH'}",DEPTH
2025-11-14 02:34:57.681000-05:00,MNQZ5.CME@RITHMIC,71729307072400,SELL,25050.0,60,DEPTH,DEPTH,MNQZ5.CME@RITHMIC_20251113_230640_bedbcb11,NONE,,"{'size': 60, 'isBid': False, 'price': 100200, 'data_type': 'DEPTH'}",DEPTH
2025-11-14 02:34:57.508000-05:00,MNQZ5.CME@RITHMIC,71729133579100,BUY,24948.25,24,DEPTH,DEPTH,MNQZ5.CME@RITHMIC_20251113_230640_bedbcb11,NONE,,"{'size': 24, 'isBid': True, 'price': 99793, 'data_type': 'DEPTH'}",DEPTH
2025-11-14 02:34:57.504000-05:00,MNQZ5.CME@RITHMIC,71729130458000,BUY,24945.0,21,DEPTH,DEPTH,MNQZ5.CME@RITHMIC_20251113_230640_bedbcb11,NONE,,"{'size': 21, 'isBid': True, 'price': 99780, 'data_type': 'DEPTH'}",DEPTH
2025-11-14 02:34:57.496000-05:00,MNQZ5.CME@RITHMIC,71729122280500,BUY,24930.0,21,DEPTH,DEPTH,MNQZ5.CME@RITHMIC_20251113_230640_bedbcb11,NONE,,"{'size': 21, 'isBid': True, 'price': 99720, 'data_type': 'DEPTH'}",DEPTH
2025-11-14 02:34:57.455000-05:00,MNQZ5.CME@RITHMIC,71729081888900,BUY,24900.0,131,DEPTH,DEPTH,MNQZ5.CME@RITHMIC_20251113_230640_bedbcb11,NONE,,"{'size': 131, 'isBid': True, 'price': 99600, 'data_type': 'DEPTH'}",DEPTH
2025-11-14 02:34:46.275000-05:00,MNQZ5.CME@RITHMIC,6868909083261,BUY,24946.0,20,LIMIT,UPDATE,MNQZ5.CME@RITHMIC_20251113_230640_bedbcb11,NONE,,"{'size': 20, 'price': 99784, 'orderId': '6868909083261', 'event_type': 'REPLACE'}",MBO
2025-11-14 02:34:43.657000-05:00,MNQZ5.CME@RITHMIC,6868908749288,SELL,25007.5,20,LIMIT,UPDATE,MNQZ5.CME@RITHMIC_20251113_230640_bedbcb11,NONE,,"{'size': 20, 'price': 100030, 'orderId': '6868908749288', 'event_type': 'REPLACE'}",MBO
2025-11-14 02:34:36.198000-05:00,MNQZ5.CME@RITHMIC,71707823838200,SELL,24995.0,24,DEPTH,DEPTH,MNQZ5.CME@RITHMIC_20251113_230640_bedbcb11,NONE,,"{'size': 24, 'isBid': False, 'price': 99980, 'data_type': 'DEPTH'}",DEPTH
2025-11-14 02:34:36.157000-05:00,MNQZ5.CME@RITHMIC,71707782686200,SELL,25007.5,28,DEPTH,DEPTH,MNQZ5.CME@RITHMIC_20251113_230640_bedbcb11,NONE,,"{'size': 28, 'isBid': False, 'price': 100030, 'data_type': 'DEPTH'}",DEPTH
2025-11-14 02:34:35.851000-05:00,MNQZ5.CME@RITHMIC,71707477687500,BUY,24946.0,23,DEPTH,DEPTH,MNQZ5.CME@RITHMIC_20251113_230640_bedbcb11,NONE,,"{'size': 23, 'isBid': True, 'price': 99784, 'data_type': 'DEPTH'}",DEPTH
2025-11-14 02:34:35.850000-05:00,MNQZ5.CME@RITHMIC,71707476072100,BUY,24940.0,20,DEPTH,DEPTH,MNQZ5.CME@RITHMIC_20251113_230640_bedbcb11,NONE,,"{'size': 20, 'isBid': True, 'price': 99760, 'data_type': 'DEPTH'}",DEPTH
2025-11-14 02:34:35.848000-05:00,MNQZ5.CME@RITHMIC,71707474515800,BUY,24920.0,29,DEPTH,DEPTH,MNQZ5.CME@RITHMIC_20251113_230640_bedbcb11,NONE,,"{'size': 29, 'isBid': True, 'price': 99680, 'data_type': 'DEPTH'}",DEPTH
2025-11-14 02:34:35.843000-05:00,MNQZ5.CME@RITHMIC,71707469252900,BUY,24909.0,20,DEPTH,DEPTH,MNQZ5.CME@RITHMIC_20251113_230640_bedbcb11,NONE,,"{'size': 20, 'isBid': True, 'price': 99636, 'data_type': 'DEPTH'}",DEPTH
2025-11-14 02:34:35.782000-05:00,MNQZ5.CME@RITHMIC,71707408392800,BUY,24900.0,133,DEPTH,DEPTH,MNQZ5.CME@RITHMIC_20251113_230640_bedbcb11,NONE,,"{'size': 133, 'isBid': True, 'price': 99600, 'data_type': 'DEPTH'}",DEPTH
2025-11-14 02:34:35.768000-05:00,MNQZ5.CME@RITHMIC,71707394636100,BUY,24700.0,88,DEPTH,DEPTH,MNQZ5.CME@RITHMIC_20251113_230640_bedbcb11,NONE,,"{'size': 88, 'isBid': True, 'price': 98800, 'data_type': 'DEPTH'}",DEPTH
2025-11-14 02:34:29.403000-05:00,MNQZ5.CME@RITHMIC,71701029558700,SELL,25050.0,60,DEPTH,DEPTH,MNQZ5.CME@RITHMIC_20251113_230640_bedbcb11,NONE,,"{'size': 60, 'isBid': False, 'price': 100200, 'data_type': 'DEPTH'}",DEPTH
2025-11-14 02:34:29.277000-05:00,MNQZ5.CME@RITHMIC,71700902674300,BUY,24940.0,23,DEPTH,DEPTH,MNQZ5.CME@RITHMIC_20251113_230640_bedbcb11,NONE,,"{'size': 23, 'isBid': True, 'price': 99760, 'data_type': 'DEPTH'}",DEPTH
2025-11-14 02:34:25.918000-05:00,MNQZ5.CME@RITHMIC,71697545061300,SELL,25012.0,29,DEPTH,DEPTH,MNQZ5.CME@RITHMIC_20251113_230640_bedbcb11,NONE,,"{'size': 29, 'isBid': False, 'price': 100048, 'data_type': 'DEPTH'}",DEPTH
2025-11-14 02:34:25.916000-05:00,MNQZ5.CME@RITHMIC,6868908749288,SELL,25012.0,20,LIMIT,UPDATE,MNQZ5.CME@RITHMIC_20251113_230640_bedbcb11,NONE,,"{'size': 20, 'price': 100048, 'orderId': '6868908749288', 'event_type': 'REPLACE'}",MBO
2025-11-14 02:34:25.846000-05:00,MNQZ5.CME@RITHMIC,71697472775700,BUY,24952.75,23,DEPTH,DEPTH,MNQZ5.CME@RITHMIC_20251113_230640_bedbcb11,NONE,,"{'size': 23, 'isBid': True, 'price': 99811, 'data_type': 'DEPTH'}",DEPTH
2025-11-14 02:34:25.843000-05:00,MNQZ5.CME@RITHMIC,6868909083261,BUY,24952.75,20,LIMIT,UPDATE,MNQZ5.CME@RITHMIC_20251113_230640_bedbcb11,NONE,,"{'size': 20, 'price': 99811, 'orderId': '6868909083261', 'event_type': 'REPLACE'}",MBO
2025-11-14 02:34:19.654000-05:00,MNQZ5.CME@RITHMIC,6868909083261,BUY,24950.5,20,LIMIT,UPDATE,MNQZ5.CME@RITHMIC_20251113_230640_bedbcb11,NONE,,"{'size': 20, 'price': 99802, 'orderId': '6868909083261', 'event_type': 'REPLACE'}",MBO
2025-11-14 02:34:18.883000-05:00,MNQZ5.CME@RITHMIC,6868908749288,SELL,25009.75,20,LIMIT,UPDATE,MNQZ5.CME@RITHMIC_20251113_230640_bedbcb11,NONE,,"{'size': 20, 'price': 100039, 'orderId': '6868908749288', 'event_type': 'REPLACE'}",MBO
2025-11-14 02:34:15.670000-05:00,MNQZ5.CME@RITHMIC,71687296461800,SELL,24995.0,24,DEPTH,DEPTH,MNQZ5.CME@RITHMIC_20251113_230640_bedbcb11,NONE,,"{'size': 24, 'isBid': False, 'price': 99980, 'data_type': 'DEPTH'}",DEPTH
2025-11-14 02:34:15.664000-05:00,MNQZ5.CME@RITHMIC,71687290831000,SELL,24997.25,21,DEPTH,DEPTH,MNQZ5.CME@RITHMIC_20251113_230640_bedbcb11,NONE,,"{'size': 21, 'isBid': False, 'price': 99989, 'data_type': 'DEPTH'}",DEPTH
2025-11-14 02:34:15.657000-05:00,MNQZ5.CME@RITHMIC,71687283950700,SELL,25000.0,43,DEPTH,DEPTH,MNQZ5.CME@RITHMIC_20251113_230640_bedbcb11,NONE,,"{'size': 43, 'isBid': False, 'price': 100000, 'data_type': 'DEPTH'}",DEPTH
2025-11-14 02:34:15.618000-05:00,MNQZ5.CME@RITHMIC,71687244840900,SELL,25009.75,24,DEPTH,DEPTH,MNQZ5.CME@RITHMIC_20251113_230640_bedbcb11,NONE,,"{'size': 24, 'isBid': False, 'price': 100039, 'data_type': 'DEPTH'}",DEPTH
2025-11-14 02:34:15.354000-05:00,MNQZ5.CME@RITHMIC,71686980622900,BUY,24950.5,24,DEPTH,DEPTH,MNQZ5.CME@RITHMIC_20251113_230640_bedbcb11,NONE,,"{'size': 24, 'isBid': True, 'price': 99802, 'data_type': 'DEPTH'}",DEPTH
2025-11-14 02:34:15.340000-05:00,MNQZ5.CME@RITHMIC,71686966614900,BUY,24909.0,20,DEPTH,DEPTH,MNQZ5.CME@RITHMIC_20251113_230640_bedbcb11,NONE,,"{'size': 20, 'isBid': True, 'price': 99636, 'data_type': 'DEPTH'}",DEPTH
2025-11-14 02:34:15.293000-05:00,MNQZ5.CME@RITHMIC,71686918861600,BUY,24900.0,130,DEPTH,DEPTH,MNQZ5.CME@RITHMIC_20251113_230640_bedbcb11,NONE,,"{'size': 130, 'isBid': True, 'price': 99600, 'data_type': 'DEPTH'}",DEPTH
2025-11-14 02:34:15.282000-05:00,MNQZ5.CME@RITHMIC,71686907990900,BUY,24830.0,27,DEPTH,DEPTH,MNQZ5.CME@RITHMIC_20251113_230640_bedbcb11,NONE,,"{'size': 27, 'isBid': True, 'price': 99320, 'data_type': 'DEPTH'}",DEPTH
2025-11-14 02:34:15.263000-05:00,MNQZ5.CME@RITHMIC,71686889082400,BUY,24600.0,33,DEPTH,DEPTH,MNQZ5.CME@RITHMIC_20251113_230640_bedbcb11,NONE,,"{'size': 33, 'isBid': True, 'price': 98400, 'data_type': 'DEPTH'}",DEPTH
2025-11-14 02:34:15.259000-05:00,MNQZ5.CME@RITHMIC,71686885488200,BUY,24500.0,85,DEPTH,DEPTH,MNQZ5.CME@RITHMIC_20251113_230640_bedbcb11,NONE,,"{'size': 85, 'isBid': True, 'price': 98000, 'data_type': 'DEPTH'}",DEPTH
2025-11-14 02:34:14.762000-05:00,MNQZ5.CME@RITHMIC,71686388618200,BUY,99949.0,23,TRADE,TRADE,MNQZ5.CME@RITHMIC_20251113_230640_bedbcb11,NONE,,"{'size': 23, 'isOtc': False, 'price': 99949.0, 'data_type': 'TRADE', 'isBidAggressor': False, 'isExecutionEnd': True, 'passiveOrderId': None, 'aggressorOrderId': None, 'isExecutionStart': True, 'serialVersionUID': -5266538964320734421}",TRADE
2025-11-14 02:34:14.751000-05:00,MNQZ5.CME@RITHMIC,71686376930500,BUY,99946.0,36,TRADE,TRADE,MNQZ5.CME@RITHMIC_20251113_230640_bedbcb11,NONE,,"{'size': 36, 'isOtc': False, 'price': 99946.0, 'data_type': 'TRADE', 'isBidAggressor': False, 'isExecutionEnd': True, 'passiveOrderId': None, 'aggressorOrderId': None, 'isExecutionStart': True, 'serialVersionUID': -5266538964320734421}",TRADE
2025-11-14 02:34:14.718000-05:00,MNQZ5.CME@RITHMIC,71686344174400,SELL,99948.0,29,TRADE,TRADE,MNQZ5.CME@RITHMIC_20251113_230640_bedbcb11,NONE,,"{'size': 29, 'isOtc': False, 'price': 99948.0, 'data_type': 'TRADE', 'isBidAggressor': True, 'isExecutionEnd': True, 'passiveOrderId': None, 'aggressorOrderId': None, 'isExecutionStart': True, 'serialVersionUID': -5266538964320734421}",TRADE
2025-11-14 02:34:02.612000-05:00,MNQZ5.CME@RITHMIC,6868909083261,BUY,24950.75,20,LIMIT,UPDATE,MNQZ5.CME@RITHMIC_20251113_230640_bedbcb11,NONE,,"{'size': 20, 'price': 99803, 'orderId': '6868909083261', 'event_type': 'REPLACE'}",MBO
2025-11-14 02:33:58.954000-05:00,MNQZ5.CME@RITHMIC,6868908749288,SELL,25009.75,20,LIMIT,UPDATE,MNQZ5.CME@RITHMIC_20251113_230640_bedbcb11,NONE,,"{'size': 20, 'price': 100039, 'orderId': '6868908749288', 'event_type': 'REPLACE'}",MBO
2025-11-14 02:33:50.402000-05:00,MNQZ5.CME@RITHMIC,71662027889600,SELL,24994.25,23,DEPTH,DEPTH,MNQZ5.CME@RITHMIC_20251113_230640_bedbcb11,NONE,,"{'size': 23, 'isBid': False, 'price': 99977, 'data_type': 'DEPTH'}",DEPTH
2025-11-14 02:33:50.396000-05:00,MNQZ5.CME@RITHMIC,71662022913400,SELL,24995.0,24,DEPTH,DEPTH,MNQZ5.CME@RITHMIC_20251113_230640_bedbcb11,NONE,,"{'size': 24, 'isBid': False, 'price': 99980, 'data_type': 'DEPTH'}",DEPTH
2025-11-14 02:33:50.367000-05:00,MNQZ5.CME@RITHMIC,71661992907700,SELL,25000.0,42,DEPTH,DEPTH,MNQZ5.CME@RITHMIC_20251113_230640_bedbcb11,NONE,,"{'size': 42, 'isBid': False, 'price': 100000, 'data_type': 'DEPTH'}",DEPTH
2025-11-14 02:33:50.332000-05:00,MNQZ5.CME@RITHMIC,71661958106200,SELL,25009.75,24,DEPTH,DEPTH,MNQZ5.CME@RITHMIC_20251113_230640_bedbcb11,NONE,,"{'size': 24, 'isBid': False, 'price': 100039, 'data_type': 'DEPTH'}",DEPTH
2025-11-14 02:33:50.299000-05:00,MNQZ5.CME@RITHMIC,71661925900700,SELL,25050.0,59,DEPTH,DEPTH,MNQZ5.CME@RITHMIC_20251113_230640_bedbcb11,NONE,,"{'size': 59, 'isBid': False, 'price': 100200, 'data_type': 'DEPTH'}",DEPTH
2025-11-14 02:33:50.241000-05:00,MNQZ5.CME@RITHMIC,71661867466000,SELL,25080.0,23,DEPTH,DEPTH,MNQZ5.CME@RITHMIC_20251113_230640_bedbcb11,NONE,,"{'size': 23, 'isBid': False, 'price': 100320, 'data_type': 'DEPTH'}",DEPTH
2025-11-14 02:33:50.237000-05:00,MNQZ5.CME@RITHMIC,71661863124200,SELL,25100.0,45,DEPTH,DEPTH,MNQZ5.CME@RITHMIC_20251113_230640_bedbcb11,NONE,,"{'size': 45, 'isBid': False, 'price': 100400, 'data_type': 'DEPTH'}",DEPTH
2025-11-14 02:33:50.056000-05:00,MNQZ5.CME@RITHMIC,71661683005600,BUY,24950.75,24,DEPTH,DEPTH,MNQZ5.CME@RITHMIC_20251113_230640_bedbcb11,NONE,,"{'size': 24, 'isBid': True, 'price': 99803, 'data_type': 'DEPTH'}",DEPTH
2025-11-14 02:33:50.055000-05:00,MNQZ5.CME@RITHMIC,71661680921600,BUY,24950.0,26,DEPTH,DEPTH,MNQZ5.CME@RITHMIC_20251113_230640_bedbcb11,NONE,,"{'size': 26, 'isBid': True, 'price': 99800, 'data_type': 'DEPTH'}",DEPTH
2025-11-14 02:33:50.046000-05:00,MNQZ5.CME@RITHMIC,71661672111600,BUY,24920.0,30,DEPTH,DEPTH,MNQZ5.CME@RITHMIC_20251113_230640_bedbcb11,NONE,,"{'size': 30, 'isBid': True, 'price': 99680, 'data_type': 'DEPTH'}",DEPTH
2025-11-14 02:33:50.030000-05:00,MNQZ5.CME@RITHMIC,71661656361500,BUY,24910.0,21,DEPTH,DEPTH,MNQZ5.CME@RITHMIC_20251113_230640_bedbcb11,NONE,,"{'size': 21, 'isBid': True, 'price': 99640, 'data_type': 'DEPTH'}",DEPTH
2025-11-14 02:33:50.022000-05:00,MNQZ5.CME@RITHMIC,71661648354100,BUY,24909.0,21,DEPTH,DEPTH,MNQZ5.CME@RITHMIC_20251113_230640_bedbcb11,NONE,,"{'size': 21, 'isBid': True, 'price': 99636, 'data_type': 'DEPTH'}",DEPTH
2025-11-14 02:33:49.978000-05:00,MNQZ5.CME@RITHMIC,71661604554300,BUY,24900.0,130,DEPTH,DEPTH,MNQZ5.CME@RITHMIC_20251113_230640_bedbcb11,NONE,,"{'size': 130, 'isBid': True, 'price': 99600, 'data_type': 'DEPTH'}",DEPTH
2025-11-14 02:33:49.971000-05:00,MNQZ5.CME@RITHMIC,71661597018400,BUY,24850.0,49,DEPTH,DEPTH,MNQZ5.CME@RITHMIC_20251113_230640_bedbcb11,NONE,,"{'size': 49, 'isBid': True, 'price': 99400, 'data_type': 'DEPTH'}",DEPTH
2025-11-14 02:33:48.123000-05:00,MNQZ5.CME@RITHMIC,71659749512800,SELL,24989.25,20,DEPTH,DEPTH,MNQZ5.CME@RITHMIC_20251113_230640_bedbcb11,NONE,,"{'size': 20, 'isBid': False, 'price': 99957, 'data_type': 'DEPTH'}",DEPTH
2025-11-14 02:33:45.290000-05:00,MNQZ5.CME@RITHMIC,71656916140500,BUY,24910.0,22,DEPTH,DEPTH,MNQZ5.CME@RITHMIC_20251113_230640_bedbcb11,NONE,,"{'size': 22, 'isBid': True, 'price': 99640, 'data_type': 'DEPTH'}",DEPTH
2025-11-14 02:33:42.146000-05:00,MNQZ5.CME@RITHMIC,71653772679700,BUY,24910.0,25,DEPTH,DEPTH,MNQZ5.CME@RITHMIC_20251113_230640_bedbcb11,NONE,,"{'size': 25, 'isBid': True, 'price': 99640, 'data_type': 'DEPTH'}",DEPTH
2025-11-14 02:33:39.945000-05:00,MNQZ5.CME@RITHMIC,71651570593000,SELL,25016.5,22,DEPTH,DEPTH,MNQZ5.CME@RITHMIC_20251113_230640_bedbcb11,NONE,,"{'size': 22, 'isBid': False, 'price': 100066, 'data_type': 'DEPTH'}",DEPTH
2025-11-14 02:33:39.940000-05:00,MNQZ5.CME@RITHMIC,6868908749288,SELL,25016.5,20,LIMIT,UPDATE,MNQZ5.CME@RITHMIC_20251113_230640_bedbcb11,NONE,,"{'size': 20, 'price': 100066, 'orderId': '6868908749288', 'event_type': 'REPLACE'}",MBO
2025-11-14 02:33:39.939000-05:00,MNQZ5.CME@RITHMIC,71651565199800,SELL,25004.0,22,DEPTH,DEPTH,MNQZ5.CME@RITHMIC_20251113_230640_bedbcb11,NONE,,"{'size': 22, 'isBid': False, 'price': 100016, 'data_type': 'DEPTH'}",DEPTH
2025-11-14 02:33:39.928000-05:00,MNQZ5.CME@RITHMIC,71651554120100,BUY,24957.75,25,DEPTH,DEPTH,MNQZ5.CME@RITHMIC_20251113_230640_bedbcb11,NONE,,"{'size': 25, 'isBid': True, 'price': 99831, 'data_type': 'DEPTH'}",DEPTH
2025-11-14 02:33:39.924000-05:00,MNQZ5.CME@RITHMIC,6868909083261,BUY,24957.75,20,LIMIT,UPDATE,MNQZ5.CME@RITHMIC_20251113_230640_bedbcb11,NONE,,"{'size': 20, 'price': 99831, 'orderId': '6868909083261', 'event_type': 'REPLACE'}",MBO
2025-11-14 02:33:35.656000-05:00,MNQZ5.CME@RITHMIC,71647282611200,BUY,24910.0,22,DEPTH,DEPTH,MNQZ5.CME@RITHMIC_20251113_230640_bedbcb11,NONE,,"{'size': 22, 'isBid': True, 'price': 99640, 'data_type': 'DEPTH'}",DEPTH
2025-11-14 02:33:34.520000-05:00,MNQZ5.CME@RITHMIC,71646146414000,BUY,99943.0,31,TRADE,TRADE,MNQZ5.CME@RITHMIC_20251113_230640_bedbcb11,NONE,,"{'size': 31, 'isOtc': False, 'price': 99943.0, 'data_type': 'TRADE', 'isBidAggressor': False, 'isExecutionEnd': True, 'passiveOrderId': None, 'aggressorOrderId': None, 'isExecutionStart': True, 'serialVersionUID': -5266538964320734421}",TRADE
2025-11-14 02:33:34.474000-05:00,MNQZ5.CME@RITHMIC,6868909083261,BUY,24955.5,20,LIMIT,ADD,MNQZ5.CME@RITHMIC_20251113_230640_bedbcb11,NONE,,"{'size': 20, 'isBid': True, 'price': 99822, 'orderId': '6868909083261', 'event_type': 'SEND'}",MBO
2025-11-14 02:33:32.100000-05:00,MNQZ5.CME@RITHMIC,6868908749288,SELL,25014.25,20,LIMIT,UPDATE,MNQZ5.CME@RITHMIC_20251113_230640_bedbcb11,NONE,,"{'size': 20, 'price': 100057, 'orderId': '6868908749288', 'event_type': 'REPLACE'}",MBO
2025-11-14 02:33:23.600000-05:00,MNQZ5.CME@RITHMIC,71635226717900,SELL,25014.25,22,DEPTH,DEPTH,MNQZ5.CME@RITHMIC_20251113_230640_bedbcb11,NONE,,"{'size': 22, 'isBid': False, 'price': 100057, 'data_type': 'DEPTH'}",DEPTH
2025-11-14 02:33:23.548000-05:00,MNQZ5.CME@RITHMIC,71635174386500,SELL,25300.0,88,DEPTH,DEPTH,MNQZ5.CME@RITHMIC_20251113_230640_bedbcb11,NONE,,"{'size': 88, 'isBid': False, 'price': 101200, 'data_type': 'DEPTH'}",DEPTH
2025-11-14 02:33:23.477000-05:00,MNQZ5.CME@RITHMIC,71635103237800,BUY,24968.0,20,DEPTH,DEPTH,MNQZ5.CME@RITHMIC_20251113_230640_bedbcb11,NONE,,"{'size': 20, 'isBid': True, 'price': 99872, 'data_type': 'DEPTH'}",DEPTH
2025-11-14 02:33:23.439000-05:00,MNQZ5.CME@RITHMIC,71635065231900,BUY,24955.5,25,DEPTH,DEPTH,MNQZ5.CME@RITHMIC_20251113_230640_bedbcb11,NONE,,"{'size': 25, 'isBid': True, 'price': 99822, 'data_type': 'DEPTH'}",DEPTH
2025-11-14 02:33:23.390000-05:00,MNQZ5.CME@RITHMIC,71635016185900,BUY,24910.0,25,DEPTH,DEPTH,MNQZ5.CME@RITHMIC_20251113_230640_bedbcb11,NONE,,"{'size': 25, 'isBid': True, 'price': 99640, 'data_type': 'DEPTH'}",DEPTH
2025-11-14 02:33:23.369000-05:00,MNQZ5.CME@RITHMIC,71634995081700,BUY,24900.0,131,DEPTH,DEPTH,MNQZ5.CME@RITHMIC_20251113_230640_bedbcb11,NONE,,"{'size': 131, 'isBid': True, 'price': 99600, 'data_type': 'DEPTH'}",DEPTH
2025-11-14 02:33:23.367000-05:00,MNQZ5.CME@RITHMIC,71634993384600,BUY,24820.0,26,DEPTH,DEPTH,MNQZ5.CME@RITHMIC_20251113_230640_bedbcb11,NONE,,"{'size': 26, 'isBid': True, 'price': 99280, 'data_type': 'DEPTH'}",DEPTH
2025-11-14 02:33:22.657000-05:00,MNQZ5.CME@RITHMIC,71634282679100,SELL,24989.25,21,DEPTH,DEPTH,MNQZ5.CME@RITHMIC_20251113_230640_bedbcb11,NONE,,"{'size': 21, 'isBid': False, 'price': 99957, 'data_type': 'DEPTH'}",DEPTH
2025-11-14 02:33:20.525000-05:00,MNQZ5.CME@RITHMIC,71632151361400,SELL,24989.25,20,DEPTH,DEPTH,MNQZ5.CME@RITHMIC_20251113_230640_bedbcb11,NONE,,"{'size': 20, 'isBid': False, 'price': 99957, 'data_type': 'DEPTH'}",DEPTH
2025-11-14 02:33:19.670000-05:00,MNQZ5.CME@RITHMIC,71631296410500,SELL,25000.0,51,DEPTH,DEPTH,MNQZ5.CME@RITHMIC_20251113_230640_bedbcb11,NONE,,"{'size': 51, 'isBid': False, 'price': 100000, 'data_type': 'DEPTH'}",DEPTH
2025-11-14 02:33:18.271000-05:00,MNQZ5.CME@RITHMIC,71629897857700,SELL,24989.25,20,DEPTH,DEPTH,MNQZ5.CME@RITHMIC_20251113_230640_bedbcb11,NONE,,"{'size': 20, 'isBid': False, 'price': 99957, 'data_type': 'DEPTH'}",DEPTH
2025-11-14 02:33:15.549000-05:00,MNQZ5.CME@RITHMIC,6868908749288,SELL,25016.5,20,LIMIT,UPDATE,MNQZ5.CME@RITHMIC_20251113_230640_bedbcb11,NONE,,"{'size': 20, 'price': 100066, 'orderId': '6868908749288', 'event_type': 'REPLACE'}",MBO
2025-11-14 02:33:08.778000-05:00,MNQZ5.CME@RITHMIC,71620404551700,SELL,24989.25,21,DEPTH,DEPTH,MNQZ5.CME@RITHMIC_20251113_230640_bedbcb11,NONE,,"{'size': 21, 'isBid': False, 'price': 99957, 'data_type': 'DEPTH'}",DEPTH
2025-11-14 02:33:08.732000-05:00,MNQZ5.CME@RITHMIC,71620357911900,SELL,24999.75,22,DEPTH,DEPTH,MNQZ5.CME@RITHMIC_20251113_230640_bedbcb11,NONE,,"{'size': 22, 'isBid': False, 'price': 99999, 'data_type': 'DEPTH'}",DEPTH
2025-11-14 02:33:08.730000-05:00,MNQZ5.CME@RITHMIC,71620356124400,SELL,25000.0,52,DEPTH,DEPTH,MNQZ5.CME@RITHMIC_20251113_230640_bedbcb11,NONE,,"{'size': 52, 'isBid': False, 'price': 100000, 'data_type': 'DEPTH'}",DEPTH
2025-11-14 02:33:08.720000-05:00,MNQZ5.CME@RITHMIC,71620346372100,SELL,25004.0,22,DEPTH,DEPTH,MNQZ5.CME@RITHMIC_20251113_230640_bedbcb11,NONE,,"{'size': 22, 'isBid': False, 'price': 100016, 'data_type': 'DEPTH'}",DEPTH
2025-11-14 02:33:08.693000-05:00,MNQZ5.CME@RITHMIC,71620319845200,SELL,25016.5,22,DEPTH,DEPTH,MNQZ5.CME@RITHMIC_20251113_230640_bedbcb11,NONE,,"{'size': 22, 'isBid': False, 'price': 100066, 'data_type': 'DEPTH'}",DEPTH
2025-11-14 02:33:08.640000-05:00,MNQZ5.CME@RITHMIC,71620265814000,SELL,25080.0,21,DEPTH,DEPTH,MNQZ5.CME@RITHMIC_20251113_230640_bedbcb11,NONE,,"{'size': 21, 'isBid': False, 'price': 100320, 'data_type': 'DEPTH'}",DEPTH
2025-11-14 02:33:08.485000-05:00,MNQZ5.CME@RITHMIC,71620111284700,BUY,24910.0,24,DEPTH,DEPTH,MNQZ5.CME@RITHMIC_20251113_230640_bedbcb11,NONE,,"{'size': 24, 'isBid': True, 'price': 99640, 'data_type': 'DEPTH'}",DEPTH
2025-11-14 02:33:08.083000-05:00,MNQZ5.CME@RITHMIC,71619709165700,SELL,99940.0,25,TRADE,TRADE,MNQZ5.CME@RITHMIC_20251113_230640_bedbcb11,NONE,,"{'size': 25, 'isOtc': False, 'price': 99940.0, 'data_type': 'TRADE', 'isBidAggressor': True, 'isExecutionEnd': True, 'passiveOrderId': None, 'aggressorOrderId': None, 'isExecutionStart': True, 'serialVersionUID': -5266538964320734421}",TRADE
2025-11-14 02:33:07.581000-05:00,MNQZ5.CME@RITHMIC,6868909074868,BUY,24966.0,147,LIMIT,ADD,MNQZ5.CME@RITHMIC_20251113_230640_bedbcb11,NONE,,"{'size': 147, 'isBid': True, 'price': 99864, 'orderId': '6868909074868', 'event_type': 'SEND'}",MBO
2025-11-14 02:33:02.759000-05:00,MNQZ5.CME@RITHMIC,6868908749288,SELL,25016.5,20,LIMIT,UPDATE,MNQZ5.CME@RITHMIC_20251113_230640_bedbcb11,NONE,,"{'size': 20, 'price': 100066, 'orderId': '6868908749288', 'event_type': 'REPLACE'}",MBO
2025-11-14 02:32:56.976000-05:00,MNQZ5.CME@RITHMIC,6868908955842,BUY,24957.25,20,LIMIT,UPDATE,MNQZ5.CME@RITHMIC_20251113_230640_bedbcb11,NONE,,"{'size': 20, 'price': 99829, 'orderId': '6868908955842', 'event_type': 'REPLACE'}",MBO
2025-11-14 02:32:50.655000-05:00,MNQZ5.CME@RITHMIC,71602281325200,SELL,24995.0,23,DEPTH,DEPTH,MNQZ5.CME@RITHMIC_20251113_230640_bedbcb11,NONE,,"{'size': 23, 'isBid': False, 'price': 99980, 'data_type': 'DEPTH'}",DEPTH
2025-11-14 02:32:50.639000-05:00,MNQZ5.CME@RITHMIC,71602264655100,SELL,24999.0,20,DEPTH,DEPTH,MNQZ5.CME@RITHMIC_20251113_230640_bedbcb11,NONE,,"{'size': 20, 'isBid': False, 'price': 99996, 'data_type': 'DEPTH'}",DEPTH
2025-11-14 02:32:50.633000-05:00,MNQZ5.CME@RITHMIC,71602258838600,SELL,25000.0,51,DEPTH,DEPTH,MNQZ5.CME@RITHMIC_20251113_230640_bedbcb11,NONE,,"{'size': 51, 'isBid': False, 'price': 100000, 'data_type': 'DEPTH'}",DEPTH
2025-11-14 02:32:50.626000-05:00,MNQZ5.CME@RITHMIC,71602252750400,SELL,25004.0,21,DEPTH,DEPTH,MNQZ5.CME@RITHMIC_20251113_230640_bedbcb11,NONE,,"{'size': 21, 'isBid': False, 'price': 100016, 'data_type': 'DEPTH'}",DEPTH
2025-11-14 02:32:50.592000-05:00,MNQZ5.CME@RITHMIC,71602218065500,SELL,25016.5,22,DEPTH,DEPTH,MNQZ5.CME@RITHMIC_20251113_230640_bedbcb11,NONE,,"{'size': 22, 'isBid': False, 'price': 100066, 'data_type': 'DEPTH'}",DEPTH
2025-11-14 02:32:50.409000-05:00,MNQZ5.CME@RITHMIC,71602035370000,BUY,24966.0,154,DEPTH,DEPTH,MNQZ5.CME@RITHMIC_20251113_230640_bedbcb11,NONE,,"{'size': 154, 'isBid': True, 'price': 99864, 'data_type': 'DEPTH'}",DEPTH
2025-11-14 02:32:50.374000-05:00,MNQZ5.CME@RITHMIC,71602000203600,BUY,24957.25,25,DEPTH,DEPTH,MNQZ5.CME@RITHMIC_20251113_230640_bedbcb11,NONE,,"{'size': 25, 'isBid': True, 'price': 99829, 'data_type': 'DEPTH'}",DEPTH
2025-11-14 02:32:50.353000-05:00,MNQZ5.CME@RITHMIC,71601979452300,BUY,24950.0,28,DEPTH,DEPTH,MNQZ5.CME@RITHMIC_20251113_230640_bedbcb11,NONE,,"{'size': 28, 'isBid': True, 'price': 99800, 'data_type': 'DEPTH'}",DEPTH
2025-11-14 02:32:50.333000-05:00,MNQZ5.CME@RITHMIC,71601959216900,BUY,24940.0,22,DEPTH,DEPTH,MNQZ5.CME@RITHMIC_20251113_230640_bedbcb11,NONE,,"{'size': 22, 'isBid': True, 'price': 99760, 'data_type': 'DEPTH'}",DEPTH
2025-11-14 02:32:50.280000-05:00,MNQZ5.CME@RITHMIC,71601906140000,BUY,24900.0,129,DEPTH,DEPTH,MNQZ5.CME@RITHMIC_20251113_230640_bedbcb11,NONE,,"{'size': 129, 'isBid': True, 'price': 99600, 'data_type': 'DEPTH'}",DEPTH
2025-11-14 02:32:49.983000-05:00,MNQZ5.CME@RITHMIC,71601609031400,SELL,24985.0,24,DEPTH,DEPTH,MNQZ5.CME@RITHMIC_20251113_230640_bedbcb11,NONE,,"{'size': 24, 'isBid': False, 'price': 99940, 'data_type': 'DEPTH'}",DEPTH
2025-11-14 02:32:49.312000-05:00,MNQZ5.CME@RITHMIC,71600937997100,SELL,24985.0,25,DEPTH,DEPTH,MNQZ5.CME@RITHMIC_20251113_230640_bedbcb11,NONE,,"{'size': 25, 'isBid': False, 'price': 99940, 'data_type': 'DEPTH'}",DEPTH
2025-11-14 02:32:49.293000-05:00,MNQZ5.CME@RITHMIC,71600919144300,SELL,24985.0,26,DEPTH,DEPTH,MNQZ5.CME@RITHMIC_20251113_230640_bedbcb11,NONE,,"{'size': 26, 'isBid': False, 'price': 99940, 'data_type': 'DEPTH'}",DEPTH
2025-11-14 02:32:46.699000-05:00,MNQZ5.CME@RITHMIC,71598325081000,SELL,24985.0,24,DEPTH,DEPTH,MNQZ5.CME@RITHMIC_20251113_230640_bedbcb11,NONE,,"{'size': 24, 'isBid': False, 'price': 99940, 'data_type': 'DEPTH'}",DEPTH
2025-11-14 02:32:44.963000-05:00,MNQZ5.CME@RITHMIC,71596589000200,SELL,24985.0,21,DEPTH,DEPTH,MNQZ5.CME@RITHMIC_20251113_230640_bedbcb11,NONE,,"{'size': 21, 'isBid': False, 'price': 99940, 'data_type': 'DEPTH'}",DEPTH
2025-11-14 02:32:44.900000-05:00,MNQZ5.CME@RITHMIC,71596526318900,SELL,24985.0,22,DEPTH,DEPTH,MNQZ5.CME@RITHMIC_20251113_230640_bedbcb11,NONE,,"{'size': 22, 'isBid': False, 'price': 99940, 'data_type': 'DEPTH'}",DEPTH
2025-11-14 02:32:40.233000-05:00,MNQZ5.CME@RITHMIC,6868908749288,SELL,25011.75,20,LIMIT,UPDATE,MNQZ5.CME@RITHMIC_20251113_230640_bedbcb11,NONE,,"{'size': 20, 'price': 100047, 'orderId': '6868908749288', 'event_type': 'REPLACE'}",MBO
2025-11-14 02:32:35.791000-05:00,MNQZ5.CME@RITHMIC,6868908955842,BUY,24952.75,20,LIMIT,UPDATE,MNQZ5.CME@RITHMIC_20251113_230640_bedbcb11,NONE,,"{'size': 20, 'price': 99811, 'orderId': '6868908955842', 'event_type': 'REPLACE'}",MBO
2025-11-14 02:32:30.988000-05:00,MNQZ5.CME@RITHMIC,71582614437900,SELL,24985.0,23,DEPTH,DEPTH,MNQZ5.CME@RITHMIC_20251113_230640_bedbcb11,NONE,,"{'size': 23, 'isBid': False, 'price': 99940, 'data_type': 'DEPTH'}",DEPTH
2025-11-14 02:32:30.941000-05:00,MNQZ5.CME@RITHMIC,71582567730600,SELL,24995.0,31,DEPTH,DEPTH,MNQZ5.CME@RITHMIC_20251113_230640_bedbcb11,NONE,,"{'size': 31, 'isBid': False, 'price': 99980, 'data_type': 'DEPTH'}",DEPTH
2025-11-14 02:32:30.935000-05:00,MNQZ5.CME@RITHMIC,71582561090400,SELL,25000.0,52,DEPTH,DEPTH,MNQZ5.CME@RITHMIC_20251113_230640_bedbcb11,NONE,,"{'size': 52, 'isBid': False, 'price': 100000, 'data_type': 'DEPTH'}",DEPTH
2025-11-14 02:32:30.911000-05:00,MNQZ5.CME@RITHMIC,71582537029300,SELL,25011.75,22,DEPTH,DEPTH,MNQZ5.CME@RITHMIC_20251113_230640_bedbcb11,NONE,,"{'size': 22, 'isBid': False, 'price': 100047, 'data_type': 'DEPTH'}",DEPTH
2025-11-14 02:32:30.892000-05:00,MNQZ5.CME@RITHMIC,71582518039600,SELL,25050.0,57,DEPTH,DEPTH,MNQZ5.CME@RITHMIC_20251113_230640_bedbcb11,NONE,,"{'size': 57, 'isBid': False, 'price': 100200, 'data_type': 'DEPTH'}",DEPTH
2025-11-14 02:32:30.593000-05:00,MNQZ5.CME@RITHMIC,71582219433400,BUY,24952.75,23,DEPTH,DEPTH,MNQZ5.CME@RITHMIC_20251113_230640_bedbcb11,NONE,,"{'size': 23, 'isBid': True, 'price': 99811, 'data_type': 'DEPTH'}",DEPTH
2025-11-14 02:32:30.589000-05:00,MNQZ5.CME@RITHMIC,71582214705300,BUY,24950.0,23,DEPTH,DEPTH,MNQZ5.CME@RITHMIC_20251113_230640_bedbcb11,NONE,,"{'size': 23, 'isBid': True, 'price': 99800, 'data_type': 'DEPTH'}",DEPTH
2025-11-14 02:32:30.583000-05:00,MNQZ5.CME@RITHMIC,71582209433700,BUY,24940.0,23,DEPTH,DEPTH,MNQZ5.CME@RITHMIC_20251113_230640_bedbcb11,NONE,,"{'size': 23, 'isBid': True, 'price': 99760, 'data_type': 'DEPTH'}",DEPTH
2025-11-14 02:32:30.179000-05:00,MNQZ5.CME@RITHMIC,71581805360600,BUY,24870.0,28,DEPTH,DEPTH,MNQZ5.CME@RITHMIC_20251113_230640_bedbcb11,NONE,,"{'size': 28, 'isBid': True, 'price': 99480, 'data_type': 'DEPTH'}",DEPTH
2025-11-14 02:32:30.173000-05:00,MNQZ5.CME@RITHMIC,71581798963800,BUY,24800.0,175,DEPTH,DEPTH,MNQZ5.CME@RITHMIC_20251113_230640_bedbcb11,NONE,,"{'size': 175, 'isBid': True, 'price': 99200, 'data_type': 'DEPTH'}",DEPTH
2025-11-14 02:32:24.225000-05:00,MNQZ5.CME@RITHMIC,6868908749288,SELL,25007.25,20,LIMIT,UPDATE,MNQZ5.CME@RITHMIC_20251113_230640_bedbcb11,NONE,,"{'size': 20, 'price': 100029, 'orderId': '6868908749288', 'event_type': 'REPLACE'}",MBO
2025-11-14 02:32:19.177000-05:00,MNQZ5.CME@RITHMIC,6868908955842,BUY,24948.25,20,LIMIT,UPDATE,MNQZ5.CME@RITHMIC_20251113_230640_bedbcb11,NONE,,"{'size': 20, 'price': 99793, 'orderId': '6868908955842', 'event_type': 'REPLACE'}",MBO
2025-11-14 02:32:12.204000-05:00,MNQZ5.CME@RITHMIC,71563830539600,SELL,25000.0,50,DEPTH,DEPTH,MNQZ5.CME@RITHMIC_20251113_230640_bedbcb11,NONE,,"{'size': 50, 'isBid': False, 'price': 100000, 'data_type': 'DEPTH'}",DEPTH
2025-11-14 02:32:12.167000-05:00,MNQZ5.CME@RITHMIC,71563793091000,SELL,25007.25,23,DEPTH,DEPTH,MNQZ5.CME@RITHMIC_20251113_230640_bedbcb11,NONE,,"{'size': 23, 'isBid': False, 'price': 100029, 'data_type': 'DEPTH'}",DEPTH
2025-11-14 02:32:12.136000-05:00,MNQZ5.CME@RITHMIC,71563762096700,SELL,25050.0,56,DEPTH,DEPTH,MNQZ5.CME@RITHMIC_20251113_230640_bedbcb11,NONE,,"{'size': 56, 'isBid': False, 'price': 100200, 'data_type': 'DEPTH'}",DEPTH
2025-11-14 02:32:11.929000-05:00,MNQZ5.CME@RITHMIC,71563555344700,BUY,24948.25,25,DEPTH,DEPTH,MNQZ5.CME@RITHMIC_20251113_230640_bedbcb11,NONE,,"{'size': 25, 'isBid': True, 'price': 99793, 'data_type': 'DEPTH'}",DEPTH
2025-11-14 02:32:11.925000-05:00,MNQZ5.CME@RITHMIC,71563550642800,BUY,24930.0,20,DEPTH,DEPTH,MNQZ5.CME@RITHMIC_20251113_230640_bedbcb11,NONE,,"{'size': 20, 'isBid': True, 'price': 99720, 'data_type': 'DEPTH'}",DEPTH
2025-11-14 02:32:11.921000-05:00,MNQZ5.CME@RITHMIC,71563547271100,BUY,24920.0,30,DEPTH,DEPTH,MNQZ5.CME@RITHMIC_20251113_230640_bedbcb11,NONE,,"{'size': 30, 'isBid': True, 'price': 99680, 'data_type': 'DEPTH'}",DEPTH
2025-11-14 02:32:11.886000-05:00,MNQZ5.CME@RITHMIC,71563512496900,BUY,24900.0,124,DEPTH,DEPTH,MNQZ5.CME@RITHMIC_20251113_230640_bedbcb11,NONE,,"{'size': 124, 'isBid': True, 'price': 99600, 'data_type': 'DEPTH'}",DEPTH
2025-11-14 02:32:11.869000-05:00,MNQZ5.CME@RITHMIC,71563495302100,BUY,24700.0,87,DEPTH,DEPTH,MNQZ5.CME@RITHMIC_20251113_230640_bedbcb11,NONE,,"{'size': 87, 'isBid': True, 'price': 98800, 'data_type': 'DEPTH'}",DEPTH
2025-11-14 02:32:11.474000-05:00,MNQZ5.CME@RITHMIC,71563100444100,BUY,99934.0,23,TRADE,TRADE,MNQZ5.CME@RITHMIC_20251113_230640_bedbcb11,NONE,,"{'size': 23, 'isOtc': False, 'price': 99934.0, 'data_type': 'TRADE', 'isBidAggressor': False, 'isExecutionEnd': True, 'passiveOrderId': None, 'aggressorOrderId': None, 'isExecutionStart': True, 'serialVersionUID': -5266538964320734421}",TRADE
2025-11-14 02:32:11.463000-05:00,MNQZ5.CME@RITHMIC,71563088640700,BUY,99931.0,20,TRADE,TRADE,MNQZ5.CME@RITHMIC_20251113_230640_bedbcb11,NONE,,"{'size': 20, 'isOtc': False, 'price': 99931.0, 'data_type': 'TRADE', 'isBidAggressor': False, 'isExecutionEnd': True, 'passiveOrderId': None, 'aggressorOrderId': None, 'isExecutionStart': True, 'serialVersionUID': -5266538964320734421}",TRADE
2025-11-14 02:32:07.609000-05:00,MNQZ5.CME@RITHMIC,6868908749288,SELL,25011.5,20,LIMIT,UPDATE,MNQZ5.CME@RITHMIC_20251113_230640_bedbcb11,NONE,,"{'size': 20, 'price': 100046, 'orderId': '6868908749288', 'event_type': 'REPLACE'}",MBO
2025-11-14 02:32:03.144000-05:00,MNQZ5.CME@RITHMIC,6868908955842,BUY,24950.5,20,LIMIT,UPDATE,MNQZ5.CME@RITHMIC_20251113_230640_bedbcb11,NONE,,"{'size': 20, 'price': 99802, 'orderId': '6868908955842', 'event_type': 'REPLACE'}",MBO
2025-11-14 02:31:55.945000-05:00,MNQZ5.CME@RITHMIC,71547571545300,SELL,24999.0,20,DEPTH,DEPTH,MNQZ5.CME@RITHMIC_20251113_230640_bedbcb11,NONE,,"{'size': 20, 'isBid': False, 'price': 99996, 'data_type': 'DEPTH'}",DEPTH
2025-11-14 02:31:55.940000-05:00,MNQZ5.CME@RITHMIC,71547566588400,SELL,25000.0,53,DEPTH,DEPTH,MNQZ5.CME@RITHMIC_20251113_230640_bedbcb11,NONE,,"{'size': 53, 'isBid': False, 'price': 100000, 'data_type': 'DEPTH'}",DEPTH
2025-11-14 02:31:55.891000-05:00,MNQZ5.CME@RITHMIC,71547517944200,SELL,25011.5,24,DEPTH,DEPTH,MNQZ5.CME@RITHMIC_20251113_230640_bedbcb11,NONE,,"{'size': 24, 'isBid': False, 'price': 100046, 'data_type': 'DEPTH'}",DEPTH
2025-11-14 02:31:55.813000-05:00,MNQZ5.CME@RITHMIC,71547439749200,SELL,25160.0,23,DEPTH,DEPTH,MNQZ5.CME@RITHMIC_20251113_230640_bedbcb11,NONE,,"{'size': 23, 'isBid': False, 'price': 100640, 'data_type': 'DEPTH'}",DEPTH
2025-11-14 02:31:55.812000-05:00,MNQZ5.CME@RITHMIC,71547438234500,SELL,25170.0,26,DEPTH,DEPTH,MNQZ5.CME@RITHMIC_20251113_230640_bedbcb11,NONE,,"{'size': 26, 'isBid': False, 'price': 100680, 'data_type': 'DEPTH'}",DEPTH
2025-11-14 02:31:55.804000-05:00,MNQZ5.CME@RITHMIC,71547430552800,SELL,25250.0,69,DEPTH,DEPTH,MNQZ5.CME@RITHMIC_20251113_230640_bedbcb11,NONE,,"{'size': 69, 'isBid': False, 'price': 101000, 'data_type': 'DEPTH'}",DEPTH
2025-11-14 02:31:55.799000-05:00,MNQZ5.CME@RITHMIC,71547424780400,SELL,25440.0,23,DEPTH,DEPTH,MNQZ5.CME@RITHMIC_20251113_230640_bedbcb11,NONE,,"{'size': 23, 'isBid': False, 'price': 101760, 'data_type': 'DEPTH'}",DEPTH
2025-11-14 02:31:55.641000-05:00,MNQZ5.CME@RITHMIC,71547267804200,BUY,24950.5,24,DEPTH,DEPTH,MNQZ5.CME@RITHMIC_20251113_230640_bedbcb11,NONE,,"{'size': 24, 'isBid': True, 'price': 99802, 'data_type': 'DEPTH'}",DEPTH
2025-11-14 02:31:55.640000-05:00,MNQZ5.CME@RITHMIC,71547266330200,BUY,24950.0,22,DEPTH,DEPTH,MNQZ5.CME@RITHMIC_20251113_230640_bedbcb11,NONE,,"{'size': 22, 'isBid': True, 'price': 99800, 'data_type': 'DEPTH'}",DEPTH
2025-11-14 02:31:55.625000-05:00,MNQZ5.CME@RITHMIC,71547251538100,BUY,24940.0,22,DEPTH,DEPTH,MNQZ5.CME@RITHMIC_20251113_230640_bedbcb11,NONE,,"{'size': 22, 'isBid': True, 'price': 99760, 'data_type': 'DEPTH'}",DEPTH
2025-11-14 02:31:55.614000-05:00,MNQZ5.CME@RITHMIC,71547239954800,BUY,24909.0,21,DEPTH,DEPTH,MNQZ5.CME@RITHMIC_20251113_230640_bedbcb11,NONE,,"{'size': 21, 'isBid': True, 'price': 99636, 'data_type': 'DEPTH'}",DEPTH
2025-11-14 02:31:55.577000-05:00,MNQZ5.CME@RITHMIC,71547203133800,BUY,24900.0,124,DEPTH,DEPTH,MNQZ5.CME@RITHMIC_20251113_230640_bedbcb11,NONE,,"{'size': 124, 'isBid': True, 'price': 99600, 'data_type': 'DEPTH'}",DEPTH
2025-11-14 02:31:55.572000-05:00,MNQZ5.CME@RITHMIC,71547198179200,BUY,24800.0,176,DEPTH,DEPTH,MNQZ5.CME@RITHMIC_20251113_230640_bedbcb11,NONE,,"{'size': 176, 'isBid': True, 'price': 99200, 'data_type': 'DEPTH'}",DEPTH
2025-11-14 02:31:54.975000-05:00,MNQZ5.CME@RITHMIC,71546601222700,BUY,99908.0,21,TRADE,TRADE,MNQZ5.CME@RITHMIC_20251113_230640_bedbcb11,NONE,,"{'size': 21, 'isOtc': False, 'price': 99908.0, 'data_type': 'TRADE', 'isBidAggressor': False, 'isExecutionEnd': True, 'passiveOrderId': None, 'aggressorOrderId': None, 'isExecutionStart': True, 'serialVersionUID': -5266538964320734421}",TRADE
2025-11-14 02:31:54.955000-05:00,MNQZ5.CME@RITHMIC,71546580949900,BUY,99901.0,28,TRADE,TRADE,MNQZ5.CME@RITHMIC_20251113_230640_bedbcb11,NONE,,"{'size': 28, 'isOtc': False, 'price': 99901.0, 'data_type': 'TRADE', 'isBidAggressor': False, 'isExecutionEnd': True, 'passiveOrderId': None, 'aggressorOrderId': None, 'isExecutionStart': True, 'serialVersionUID': -5266538964320734421}",TRADE
2025-11-14 02:31:54.911000-05:00,MNQZ5.CME@RITHMIC,71546536801800,SELL,99920.0,22,TRADE,TRADE,MNQZ5.CME@RITHMIC_20251113_230640_bedbcb11,NONE,,"{'size': 22, 'isOtc': False, 'price': 99920.0, 'data_type': 'TRADE', 'isBidAggressor': True, 'isExecutionEnd': True, 'passiveOrderId': None, 'aggressorOrderId': None, 'isExecutionStart': True, 'serialVersionUID': -5266538964320734421}",TRADE
2025-11-14 02:31:49.853000-05:00,MNQZ5.CME@RITHMIC,6868908955842,BUY,24950.75,20,LIMIT,UPDATE,MNQZ5.CME@RITHMIC_20251113_230640_bedbcb11,NONE,,"{'size': 20, 'price': 99803, 'orderId': '6868908955842', 'event_type': 'REPLACE'}",MBO
2025-11-14 02:31:42.262000-05:00,MNQZ5.CME@RITHMIC,6868908749288,SELL,25009.25,20,LIMIT,UPDATE,MNQZ5.CME@RITHMIC_20251113_230640_bedbcb11,NONE,,"{'size': 20, 'price': 100037, 'orderId': '6868908749288', 'event_type': 'REPLACE'}",MBO
2025-11-14 02:31:29.870000-05:00,MNQZ5.CME@RITHMIC,71521496496500,SELL,24995.0,20,DEPTH,DEPTH,MNQZ5.CME@RITHMIC_20251113_230640_bedbcb11,NONE,,"{'size': 20, 'isBid': False, 'price': 99980, 'data_type': 'DEPTH'}",DEPTH
2025-11-14 02:31:29.839000-05:00,MNQZ5.CME@RITHMIC,71521464742400,SELL,25000.0,53,DEPTH,DEPTH,MNQZ5.CME@RITHMIC_20251113_230640_bedbcb11,NONE,,"{'size': 53, 'isBid': False, 'price': 100000, 'data_type': 'DEPTH'}",DEPTH
2025-11-14 02:31:29.796000-05:00,MNQZ5.CME@RITHMIC,71521421894700,SELL,25009.25,24,DEPTH,DEPTH,MNQZ5.CME@RITHMIC_20251113_230640_bedbcb11,NONE,,"{'size': 24, 'isBid': False, 'price': 100037, 'data_type': 'DEPTH'}",DEPTH
2025-11-14 02:31:29.740000-05:00,MNQZ5.CME@RITHMIC,71521366440900,SELL,25050.0,55,DEPTH,DEPTH,MNQZ5.CME@RITHMIC_20251113_230640_bedbcb11,NONE,,"{'size': 55, 'isBid': False, 'price': 100200, 'data_type': 'DEPTH'}",DEPTH
2025-11-14 02:31:29.652000-05:00,MNQZ5.CME@RITHMIC,71521278184600,SELL,25800.0,98,DEPTH,DEPTH,MNQZ5.CME@RITHMIC_20251113_230640_bedbcb11,NONE,,"{'size': 98, 'isBid': False, 'price': 103200, 'data_type': 'DEPTH'}",DEPTH
2025-11-14 02:31:29.476000-05:00,MNQZ5.CME@RITHMIC,71521102563500,BUY,24950.75,23,DEPTH,DEPTH,MNQZ5.CME@RITHMIC_20251113_230640_bedbcb11,NONE,,"{'size': 23, 'isBid': True, 'price': 99803, 'data_type': 'DEPTH'}",DEPTH
2025-11-14 02:31:29.472000-05:00,MNQZ5.CME@RITHMIC,71521098153200,BUY,24950.0,25,DEPTH,DEPTH,MNQZ5.CME@RITHMIC_20251113_230640_bedbcb11,NONE,,"{'size': 25, 'isBid': True, 'price': 99800, 'data_type': 'DEPTH'}",DEPTH
2025-11-14 02:31:29.442000-05:00,MNQZ5.CME@RITHMIC,71521068708600,BUY,24945.0,20,DEPTH,DEPTH,MNQZ5.CME@RITHMIC_20251113_230640_bedbcb11,NONE,,"{'size': 20, 'isBid': True, 'price': 99780, 'data_type': 'DEPTH'}",DEPTH
2025-11-14 02:31:29.429000-05:00,MNQZ5.CME@RITHMIC,71521055558700,BUY,24940.0,21,DEPTH,DEPTH,MNQZ5.CME@RITHMIC_20251113_230640_bedbcb11,NONE,,"{'size': 21, 'isBid': True, 'price': 99760, 'data_type': 'DEPTH'}",DEPTH
2025-11-14 02:31:29.374000-05:00,MNQZ5.CME@RITHMIC,71521000177600,BUY,24900.0,122,DEPTH,DEPTH,MNQZ5.CME@RITHMIC_20251113_230640_bedbcb11,NONE,,"{'size': 122, 'isBid': True, 'price': 99600, 'data_type': 'DEPTH'}",DEPTH
2025-11-14 02:31:29.333000-05:00,MNQZ5.CME@RITHMIC,71520959713000,BUY,24850.0,48,DEPTH,DEPTH,MNQZ5.CME@RITHMIC_20251113_230640_bedbcb11,NONE,,"{'size': 48, 'isBid': True, 'price': 99400, 'data_type': 'DEPTH'}",DEPTH
2025-11-14 02:31:28.982000-05:00,MNQZ5.CME@RITHMIC,71520608285200,BUY,24800.0,177,DEPTH,DEPTH,MNQZ5.CME@RITHMIC_20251113_230640_bedbcb11,NONE,,"{'size': 177, 'isBid': True, 'price': 99200, 'data_type': 'DEPTH'}",DEPTH
2025-11-14 02:31:28.082000-05:00,MNQZ5.CME@RITHMIC,71519708093900,BUY,99939.0,25,TRADE,TRADE,MNQZ5.CME@RITHMIC_20251113_230640_bedbcb11,NONE,,"{'size': 25, 'isOtc': False, 'price': 99939.0, 'data_type': 'TRADE', 'isBidAggressor': False, 'isExecutionEnd': True, 'passiveOrderId': None, 'aggressorOrderId': None, 'isExecutionStart': True, 'serialVersionUID': -5266538964320734421}",TRADE
2025-11-14 02:31:28.076000-05:00,MNQZ5.CME@RITHMIC,71519702285700,BUY,99927.0,31,TRADE,TRADE,MNQZ5.CME@RITHMIC_20251113_230640_bedbcb11,NONE,,"{'size': 31, 'isOtc': False, 'price': 99927.0, 'data_type': 'TRADE', 'isBidAggressor': False, 'isExecutionEnd': True, 'passiveOrderId': None, 'aggressorOrderId': None, 'isExecutionStart': True, 'serialVersionUID': -5266538964320734421}",TRADE
2025-11-14 02:31:28.058000-05:00,MNQZ5.CME@RITHMIC,71519684135600,SELL,99932.0,32,TRADE,TRADE,MNQZ5.CME@RITHMIC_20251113_230640_bedbcb11,NONE,,"{'size': 32, 'isOtc': False, 'price': 99932.0, 'data_type': 'TRADE', 'isBidAggressor': True, 'isExecutionEnd': True, 'passiveOrderId': None, 'aggressorOrderId': None, 'isExecutionStart': True, 'serialVersionUID': -5266538964320734421}",TRADE
2025-11-14 02:31:28.054000-05:00,MNQZ5.CME@RITHMIC,71519680164400,SELL,99940.0,41,TRADE,TRADE,MNQZ5.CME@RITHMIC_20251113_230640_bedbcb11,NONE,,"{'size': 41, 'isOtc': False, 'price': 99940.0, 'data_type': 'TRADE', 'isBidAggressor': True, 'isExecutionEnd': True, 'passiveOrderId': None, 'aggressorOrderId': None, 'isExecutionStart': True, 'serialVersionUID': -5266538964320734421}",TRADE
2025-11-14 02:31:28.052000-05:00,MNQZ5.CME@RITHMIC,71519677975600,SELL,99936.0,22,TRADE,TRADE,MNQZ5.CME@RITHMIC_20251113_230640_bedbcb11,NONE,,"{'size': 22, 'isOtc': False, 'price': 99936.0, 'data_type': 'TRADE', 'isBidAggressor': True, 'isExecutionEnd': True, 'passiveOrderId': None, 'aggressorOrderId': None, 'isExecutionStart': True, 'serialVersionUID': -5266538964320734421}",TRADE
2025-11-14 02:31:28.048000-05:00,MNQZ5.CME@RITHMIC,71519674357700,SELL,99920.0,35,TRADE,TRADE,MNQZ5.CME@RITHMIC_20251113_230640_bedbcb11,NONE,,"{'size': 35, 'isOtc': False, 'price': 99920.0, 'data_type': 'TRADE', 'isBidAggressor': True, 'isExecutionEnd': True, 'passiveOrderId': None, 'aggressorOrderId': None, 'isExecutionStart': True, 'serialVersionUID': -5266538964320734421}",TRADE
2025-11-14 02:31:28.031000-05:00,MNQZ5.CME@RITHMIC,71519657252800,SELL,99937.0,26,TRADE,TRADE,MNQZ5.CME@RITHMIC_20251113_230640_bedbcb11,NONE,,"{'size': 26, 'isOtc': False, 'price': 99937.0, 'data_type': 'TRADE', 'isBidAggressor': True, 'isExecutionEnd': True, 'passiveOrderId': None, 'aggressorOrderId': None, 'isExecutionStart': True, 'serialVersionUID': -5266538964320734421}",TRADE
2025-11-14 02:31:28.016000-05:00,MNQZ5.CME@RITHMIC,71519642438500,SELL,99909.0,25,TRADE,TRADE,MNQZ5.CME@RITHMIC_20251113_230640_bedbcb11,NONE,,"{'size': 25, 'isOtc': False, 'price': 99909.0, 'data_type': 'TRADE', 'isBidAggressor': True, 'isExecutionEnd': True, 'passiveOrderId': None, 'aggressorOrderId': None, 'isExecutionStart': True, 'serialVersionUID': -5266538964320734421}",TRADE
2025-11-14 02:31:28.014000-05:00,MNQZ5.CME@RITHMIC,71519640337300,SELL,99942.0,27,TRADE,TRADE,MNQZ5.CME@RITHMIC_20251113_230640_bedbcb11,NONE,,"{'size': 27, 'isOtc': False, 'price': 99942.0, 'data_type': 'TRADE', 'isBidAggressor': True, 'isExecutionEnd': True, 'passiveOrderId': None, 'aggressorOrderId': None, 'isExecutionStart': True, 'serialVersionUID': -5266538964320734421}",TRADE
2025-11-14 02:31:28.012000-05:00,MNQZ5.CME@RITHMIC,71519638256400,SELL,99938.0,21,TRADE,TRADE,MNQZ5.CME@RITHMIC_20251113_230640_bedbcb11,NONE,,"{'size': 21, 'isOtc': False, 'price': 99938.0, 'data_type': 'TRADE', 'isBidAggressor': True, 'isExecutionEnd': True, 'passiveOrderId': None, 'aggressorOrderId': None, 'isExecutionStart': True, 'serialVersionUID': -5266538964320734421}",TRADE
2025-11-14 02:31:28.007000-05:00,MNQZ5.CME@RITHMIC,71519633098700,SELL,99930.0,30,TRADE,TRADE,MNQZ5.CME@RITHMIC_20251113_230640_bedbcb11,NONE,,"{'size': 30, 'isOtc': False, 'price': 99930.0, 'data_type': 'TRADE', 'isBidAggressor': True, 'isExecutionEnd': True, 'passiveOrderId': None, 'aggressorOrderId': None, 'isExecutionStart': True, 'serialVersionUID': -5266538964320734421}",TRADE
2025-11-14 02:31:27.968000-05:00,MNQZ5.CME@RITHMIC,71519594082200,SELL,99931.0,35,TRADE,TRADE,MNQZ5.CME@RITHMIC_20251113_230640_bedbcb11,NONE,,"{'size': 35, 'isOtc': False, 'price': 99931.0, 'data_type': 'TRADE', 'isBidAggressor': True, 'isExecutionEnd': True, 'passiveOrderId': None, 'aggressorOrderId': None, 'isExecutionStart': True, 'serialVersionUID': -5266538964320734421}",TRADE
2025-11-14 02:31:17.902000-05:00,MNQZ5.CME@RITHMIC,6868908955842,BUY,24948.5,20,LIMIT,UPDATE,MNQZ5.CME@RITHMIC_20251113_230640_bedbcb11,NONE,,"{'size': 20, 'price': 99794, 'orderId': '6868908955842', 'event_type': 'REPLACE'}",MBO
2025-11-14 02:31:06.572000-05:00,MNQZ5.CME@RITHMIC,6868908749288,SELL,25009.0,20,LIMIT,UPDATE,MNQZ5.CME@RITHMIC_20251113_230640_bedbcb11,NONE,,"{'size': 20, 'price': 100036, 'orderId': '6868908749288', 'event_type': 'REPLACE'}",MBO
2025-11-14 02:30:53.472000-05:00,MNQZ5.CME@RITHMIC,71485098195600,SELL,24995.0,21,DEPTH,DEPTH,MNQZ5.CME@RITHMIC_20251113_230640_bedbcb11,NONE,,"{'size': 21, 'isBid': False, 'price': 99980, 'data_type': 'DEPTH'}",DEPTH
2025-11-14 02:30:53.453000-05:00,MNQZ5.CME@RITHMIC,71485079560600,SELL,25000.0,42,DEPTH,DEPTH,MNQZ5.CME@RITHMIC_20251113_230640_bedbcb11,NONE,,"{'size': 42, 'isBid': False, 'price': 100000, 'data_type': 'DEPTH'}",DEPTH
2025-11-14 02:30:53.400000-05:00,MNQZ5.CME@RITHMIC,71485026880200,SELL,25009.0,25,DEPTH,DEPTH,MNQZ5.CME@RITHMIC_20251113_230640_bedbcb11,NONE,,"{'size': 25, 'isBid': False, 'price': 100036, 'data_type': 'DEPTH'}",DEPTH
2025-11-14 02:30:53.254000-05:00,MNQZ5.CME@RITHMIC,71484879812200,SELL,25100.0,35,DEPTH,DEPTH,MNQZ5.CME@RITHMIC_20251113_230640_bedbcb11,NONE,,"{'size': 35, 'isBid': False, 'price': 100400, 'data_type': 'DEPTH'}",DEPTH
2025-11-14 02:30:53.217000-05:00,MNQZ5.CME@RITHMIC,71484843164100,SELL,25800.0,99,DEPTH,DEPTH,MNQZ5.CME@RITHMIC_20251113_230640_bedbcb11,NONE,,"{'size': 99, 'isBid': False, 'price': 103200, 'data_type': 'DEPTH'}",DEPTH
2025-11-14 02:30:52.955000-05:00,MNQZ5.CME@RITHMIC,71484580823200,BUY,24948.5,23,DEPTH,DEPTH,MNQZ5.CME@RITHMIC_20251113_230640_bedbcb11,NONE,,"{'size': 23, 'isBid': True, 'price': 99794, 'data_type': 'DEPTH'}",DEPTH
2025-11-14 02:30:52.844000-05:00,MNQZ5.CME@RITHMIC,71484470267300,BUY,24926.0,24,DEPTH,DEPTH,MNQZ5.CME@RITHMIC_20251113_230640_bedbcb11,NONE,,"{'size': 24, 'isBid': True, 'price': 99704, 'data_type': 'DEPTH'}",DEPTH
2025-11-14 02:30:52.837000-05:00,MNQZ5.CME@RITHMIC,71484463576400,BUY,24920.0,29,DEPTH,DEPTH,MNQZ5.CME@RITHMIC_20251113_230640_bedbcb11,NONE,,"{'size': 29, 'isBid': True, 'price': 99680, 'data_type': 'DEPTH'}",DEPTH
2025-11-14 02:30:52.832000-05:00,MNQZ5.CME@RITHMIC,71484458628900,BUY,24915.0,20,DEPTH,DEPTH,MNQZ5.CME@RITHMIC_20251113_230640_bedbcb11,NONE,,"{'size': 20, 'isBid': True, 'price': 99660, 'data_type': 'DEPTH'}",DEPTH
2025-11-14 02:30:52.819000-05:00,MNQZ5.CME@RITHMIC,71484445034300,BUY,24910.0,21,DEPTH,DEPTH,MNQZ5.CME@RITHMIC_20251113_230640_bedbcb11,NONE,,"{'size': 21, 'isBid': True, 'price': 99640, 'data_type': 'DEPTH'}",DEPTH
2025-11-14 02:30:52.812000-05:00,MNQZ5.CME@RITHMIC,71484438210900,BUY,24909.0,21,DEPTH,DEPTH,MNQZ5.CME@RITHMIC_20251113_230640_bedbcb11,NONE,,"{'size': 21, 'isBid': True, 'price': 99636, 'data_type': 'DEPTH'}",DEPTH
2025-11-14 02:30:52.748000-05:00,MNQZ5.CME@RITHMIC,71484373667500,BUY,24900.0,122,DEPTH,DEPTH,MNQZ5.CME@RITHMIC_20251113_230640_bedbcb11,NONE,,"{'size': 122, 'isBid': True, 'price': 99600, 'data_type': 'DEPTH'}",DEPTH
2025-11-14 02:30:52.726000-05:00,MNQZ5.CME@RITHMIC,71484351974900,BUY,24880.0,37,DEPTH,DEPTH,MNQZ5.CME@RITHMIC_20251113_230640_bedbcb11,NONE,,"{'size': 37, 'isBid': True, 'price': 99520, 'data_type': 'DEPTH'}",DEPTH
2025-11-14 02:30:52.724000-05:00,MNQZ5.CME@RITHMIC,71484350279300,BUY,24870.0,36,DEPTH,DEPTH,MNQZ5.CME@RITHMIC_20251113_230640_bedbcb11,NONE,,"{'size': 36, 'isBid': True, 'price': 99480, 'data_type': 'DEPTH'}",DEPTH
2025-11-14 02:30:52.715000-05:00,MNQZ5.CME@RITHMIC,71484341489100,BUY,24850.0,47,DEPTH,DEPTH,MNQZ5.CME@RITHMIC_20251113_230640_bedbcb11,NONE,,"{'size': 47, 'isBid': True, 'price': 99400, 'data_type': 'DEPTH'}",DEPTH
2025-11-14 02:30:52.707000-05:00,MNQZ5.CME@RITHMIC,71484333075900,BUY,24830.0,26,DEPTH,DEPTH,MNQZ5.CME@RITHMIC_20251113_230640_bedbcb11,NONE,,"{'size': 26, 'isBid': True, 'price': 99320, 'data_type': 'DEPTH'}",DEPTH
2025-11-14 02:30:52.692000-05:00,MNQZ5.CME@RITHMIC,71484318667000,BUY,24700.0,85,DEPTH,DEPTH,MNQZ5.CME@RITHMIC_20251113_230640_bedbcb11,NONE,,"{'size': 85, 'isBid': True, 'price': 98800, 'data_type': 'DEPTH'}",DEPTH
2025-11-14 02:30:52.671000-05:00,MNQZ5.CME@RITHMIC,71484297204000,BUY,24500.0,84,DEPTH,DEPTH,MNQZ5.CME@RITHMIC_20251113_230640_bedbcb11,NONE,,"{'size': 84, 'isBid': True, 'price': 98000, 'data_type': 'DEPTH'}",DEPTH
2025-11-14 02:30:52.089000-05:00,MNQZ5.CME@RITHMIC,71483714989900,BUY,99876.0,29,TRADE,TRADE,MNQZ5.CME@RITHMIC_20251113_230640_bedbcb11,NONE,,"{'size': 29, 'isOtc': False, 'price': 99876.0, 'data_type': 'TRADE', 'isBidAggressor': False, 'isExecutionEnd': True, 'passiveOrderId': None, 'aggressorOrderId': None, 'isExecutionStart': True, 'serialVersionUID': -5266538964320734421}",TRADE
2025-11-14 02:30:52.079000-05:00,MNQZ5.CME@RITHMIC,71483706081500,BUY,99880.0,48,TRADE,TRADE,MNQZ5.CME@RITHMIC_20251113_230640_bedbcb11,NONE,,"{'size': 48, 'isOtc': False, 'price': 99880.0, 'data_type': 'TRADE', 'isBidAggressor': False, 'isExecutionEnd': True, 'passiveOrderId': None, 'aggressorOrderId': None, 'isExecutionStart': True, 'serialVersionUID': -5266538964320734421}",TRADE
2025-11-14 02:30:52.073000-05:00,MNQZ5.CME@RITHMIC,71483699869900,BUY,99897.0,25,TRADE,TRADE,MNQZ5.CME@RITHMIC_20251113_230640_bedbcb11,NONE,,"{'size': 25, 'isOtc': False, 'price': 99897.0, 'data_type': 'TRADE', 'isBidAggressor': False, 'isExecutionEnd': True, 'passiveOrderId': None, 'aggressorOrderId': None, 'isExecutionStart': True, 'serialVersionUID': -5266538964320734421}",TRADE
2025-11-14 02:30:52.054000-05:00,MNQZ5.CME@RITHMIC,71483680269500,BUY,99885.0,22,TRADE,TRADE,MNQZ5.CME@RITHMIC_20251113_230640_bedbcb11,NONE,,"{'size': 22, 'isOtc': False, 'price': 99885.0, 'data_type': 'TRADE', 'isBidAggressor': False, 'isExecutionEnd': True, 'passiveOrderId': None, 'aggressorOrderId': None, 'isExecutionStart': True, 'serialVersionUID': -5266538964320734421}",TRADE
2025-11-14 02:30:52.050000-05:00,MNQZ5.CME@RITHMIC,71483675735600,BUY,99881.0,30,TRADE,TRADE,MNQZ5.CME@RITHMIC_20251113_230640_bedbcb11,NONE,,"{'size': 30, 'isOtc': False, 'price': 99881.0, 'data_type': 'TRADE', 'isBidAggressor': False, 'isExecutionEnd': True, 'passiveOrderId': None, 'aggressorOrderId': None, 'isExecutionStart': True, 'serialVersionUID': -5266538964320734421}",TRADE
2025-11-14 02:30:52.028000-05:00,MNQZ5.CME@RITHMIC,71483654629100,BUY,99878.0,25,TRADE,TRADE,MNQZ5.CME@RITHMIC_20251113_230640_bedbcb11,NONE,,"{'size': 25, 'isOtc': False, 'price': 99878.0, 'data_type': 'TRADE', 'isBidAggressor': False, 'isExecutionEnd': True, 'passiveOrderId': None, 'aggressorOrderId': None, 'isExecutionStart': True, 'serialVersionUID': -5266538964320734421}",TRADE
2025-11-14 02:30:52.006000-05:00,MNQZ5.CME@RITHMIC,71483632267400,BUY,99875.0,32,TRADE,TRADE,MNQZ5.CME@RITHMIC_20251113_230640_bedbcb11,NONE,,"{'size': 32, 'isOtc': False, 'price': 99875.0, 'data_type': 'TRADE', 'isBidAggressor': False, 'isExecutionEnd': True, 'passiveOrderId': None, 'aggressorOrderId': None, 'isExecutionStart': True, 'serialVersionUID': -5266538964320734421}",TRADE
2025-11-14 02:30:52.004000-05:00,MNQZ5.CME@RITHMIC,71483630538700,BUY,99883.0,28,TRADE,TRADE,MNQZ5.CME@RITHMIC_20251113_230640_bedbcb11,NONE,,"{'size': 28, 'isOtc': False, 'price': 99883.0, 'data_type': 'TRADE', 'isBidAggressor': False, 'isExecutionEnd': True, 'passiveOrderId': None, 'aggressorOrderId': None, 'isExecutionStart': True, 'serialVersionUID': -5266538964320734421}",TRADE
2025-11-14 02:30:52.002000-05:00,MNQZ5.CME@RITHMIC,71483628565200,BUY,99879.0,39,TRADE,TRADE,MNQZ5.CME@RITHMIC_20251113_230640_bedbcb11,NONE,,"{'size': 39, 'isOtc': False, 'price': 99879.0, 'data_type': 'TRADE', 'isBidAggressor': False, 'isExecutionEnd': True, 'passiveOrderId': None, 'aggressorOrderId': None, 'isExecutionStart': True, 'serialVersionUID': -5266538964320734421}",TRADE
2025-11-14 02:30:51.994000-05:00,MNQZ5.CME@RITHMIC,71483621101000,SELL,99884.0,22,TRADE,TRADE,MNQZ5.CME@RITHMIC_20251113_230640_bedbcb11,NONE,,"{'size': 22, 'isOtc': False, 'price': 99884.0, 'data_type': 'TRADE', 'isBidAggressor': True, 'isExecutionEnd': True, 'passiveOrderId': None, 'aggressorOrderId': None, 'isExecutionStart': True, 'serialVersionUID': -5266538964320734421}",TRADE
2025-11-14 02:30:51.984000-05:00,MNQZ5.CME@RITHMIC,71483610252800,SELL,99888.0,25,TRADE,TRADE,MNQZ5.CME@RITHMIC_20251113_230640_bedbcb11,NONE,,"{'size': 25, 'isOtc': False, 'price': 99888.0, 'data_type': 'TRADE', 'isBidAggressor': True, 'isExecutionEnd': True, 'passiveOrderId': None, 'aggressorOrderId': None, 'isExecutionStart': True, 'serialVersionUID': -5266538964320734421}",TRADE
2025-11-14 02:30:51.960000-05:00,MNQZ5.CME@RITHMIC,71483586966900,SELL,99885.0,31,TRADE,TRADE,MNQZ5.CME@RITHMIC_20251113_230640_bedbcb11,NONE,,"{'size': 31, 'isOtc': False, 'price': 99885.0, 'data_type': 'TRADE', 'isBidAggressor': True, 'isExecutionEnd': True, 'passiveOrderId': None, 'aggressorOrderId': None, 'isExecutionStart': True, 'serialVersionUID': -5266538964320734421}",TRADE
2025-11-14 02:30:51.944000-05:00,MNQZ5.CME@RITHMIC,71483570899400,SELL,99882.0,21,TRADE,TRADE,MNQZ5.CME@RITHMIC_20251113_230640_bedbcb11,NONE,,"{'size': 21, 'isOtc': False, 'price': 99882.0, 'data_type': 'TRADE', 'isBidAggressor': True, 'isExecutionEnd': True, 'passiveOrderId': None, 'aggressorOrderId': None, 'isExecutionStart': True, 'serialVersionUID': -5266538964320734421}",TRADE
2025-11-14 02:30:51.934000-05:00,MNQZ5.CME@RITHMIC,71483559831400,SELL,99886.0,23,TRADE,TRADE,MNQZ5.CME@RITHMIC_20251113_230640_bedbcb11,NONE,,"{'size': 23, 'isOtc': False, 'price': 99886.0, 'data_type': 'TRADE', 'isBidAggressor': True, 'isExecutionEnd': True, 'passiveOrderId': None, 'aggressorOrderId': None, 'isExecutionStart': True, 'serialVersionUID': -5266538964320734421}",TRADE
2025-11-14 02:30:41.620000-05:00,MNQZ5.CME@RITHMIC,6868908955842,BUY,24946.25,20,LIMIT,UPDATE,MNQZ5.CME@RITHMIC_20251113_230640_bedbcb11,NONE,,"{'size': 20, 'price': 99785, 'orderId': '6868908955842', 'event_type': 'REPLACE'}",MBO
2025-11-14 02:30:33.997000-05:00,MNQZ5.CME@RITHMIC,6868908749288,SELL,25004.5,20,LIMIT,UPDATE,MNQZ5.CME@RITHMIC_20251113_230640_bedbcb11,NONE,,"{'size': 20, 'price': 100018, 'orderId': '6868908749288', 'event_type': 'REPLACE'}",MBO
2025-11-14 02:30:24.339000-05:00,MNQZ5.CME@RITHMIC,71455965977000,SELL,24978.0,21,DEPTH,DEPTH,MNQZ5.CME@RITHMIC_20251113_230640_bedbcb11,NONE,,"{'size': 21, 'isBid': False, 'price': 99912, 'data_type': 'DEPTH'}",DEPTH
2025-11-14 02:30:24.326000-05:00,MNQZ5.CME@RITHMIC,71455952557200,SELL,24980.0,33,DEPTH,DEPTH,MNQZ5.CME@RITHMIC_20251113_230640_bedbcb11,NONE,,"{'size': 33, 'isBid': False, 'price': 99920, 'data_type': 'DEPTH'}",DEPTH
2025-11-14 02:30:24.294000-05:00,MNQZ5.CME@RITHMIC,71455919871000,SELL,24985.0,36,DEPTH,DEPTH,MNQZ5.CME@RITHMIC_20251113_230640_bedbcb11,NONE,,"{'size': 36, 'isBid': False, 'price': 99940, 'data_type': 'DEPTH'}",DEPTH
2025-11-14 02:30:24.227000-05:00,MNQZ5.CME@RITHMIC,71455853575800,SELL,25000.0,43,DEPTH,DEPTH,MNQZ5.CME@RITHMIC_20251113_230640_bedbcb11,NONE,,"{'size': 43, 'isBid': False, 'price': 100000, 'data_type': 'DEPTH'}",DEPTH
2025-11-14 02:30:24.212000-05:00,MNQZ5.CME@RITHMIC,71455838035800,SELL,25004.5,24,DEPTH,DEPTH,MNQZ5.CME@RITHMIC_20251113_230640_bedbcb11,NONE,,"{'size': 24, 'isBid': False, 'price': 100018, 'data_type': 'DEPTH'}",DEPTH
2025-11-14 02:30:24.125000-05:00,MNQZ5.CME@RITHMIC,71455750868600,SELL,25050.0,56,DEPTH,DEPTH,MNQZ5.CME@RITHMIC_20251113_230640_bedbcb11,NONE,,"{'size': 56, 'isBid': False, 'price': 100200, 'data_type': 'DEPTH'}",DEPTH
2025-11-14 02:30:24.082000-05:00,MNQZ5.CME@RITHMIC,71455708782000,SELL,25260.0,26,DEPTH,DEPTH,MNQZ5.CME@RITHMIC_20251113_230640_bedbcb11,NONE,,"{'size': 26, 'isBid': False, 'price': 101040, 'data_type': 'DEPTH'}",DEPTH
2025-11-14 02:30:23.886000-05:00,MNQZ5.CME@RITHMIC,71455512301600,BUY,24946.25,24,DEPTH,DEPTH,MNQZ5.CME@RITHMIC_20251113_230640_bedbcb11,NONE,,"{'size': 24, 'isBid': True, 'price': 99785, 'data_type': 'DEPTH'}",DEPTH
2025-11-14 02:30:23.877000-05:00,MNQZ5.CME@RITHMIC,71455503515100,BUY,24945.0,20,DEPTH,DEPTH,MNQZ5.CME@RITHMIC_20251113_230640_bedbcb11,NONE,,"{'size': 20, 'isBid': True, 'price': 99780, 'data_type': 'DEPTH'}",DEPTH
2025-11-14 02:30:23.846000-05:00,MNQZ5.CME@RITHMIC,71455472362000,BUY,24940.0,20,DEPTH,DEPTH,MNQZ5.CME@RITHMIC_20251113_230640_bedbcb11,NONE,,"{'size': 20, 'isBid': True, 'price': 99760, 'data_type': 'DEPTH'}",DEPTH
2025-11-14 02:30:23.805000-05:00,MNQZ5.CME@RITHMIC,71455431288300,BUY,24915.0,24,DEPTH,DEPTH,MNQZ5.CME@RITHMIC_20251113_230640_bedbcb11,NONE,,"{'size': 24, 'isBid': True, 'price': 99660, 'data_type': 'DEPTH'}",DEPTH
2025-11-14 02:30:23.798000-05:00,MNQZ5.CME@RITHMIC,71455424178700,BUY,24900.0,124,DEPTH,DEPTH,MNQZ5.CME@RITHMIC_20251113_230640_bedbcb11,NONE,,"{'size': 124, 'isBid': True, 'price': 99600, 'data_type': 'DEPTH'}",DEPTH
2025-11-14 02:30:23.028000-05:00,MNQZ5.CME@RITHMIC,71454653892000,SELL,99888.0,20,TRADE,TRADE,MNQZ5.CME@RITHMIC_20251113_230640_bedbcb11,NONE,,"{'size': 20, 'isOtc': False, 'price': 99888.0, 'data_type': 'TRADE', 'isBidAggressor': True, 'isExecutionEnd': True, 'passiveOrderId': None, 'aggressorOrderId': None, 'isExecutionStart': True, 'serialVersionUID': -5266538964320734421}",TRADE
2025-11-14 02:30:23.022000-05:00,MNQZ5.CME@RITHMIC,71454648425600,SELL,99880.0,33,TRADE,TRADE,MNQZ5.CME@RITHMIC_20251113_230640_bedbcb11,NONE,,"{'size': 33, 'isOtc': False, 'price': 99880.0, 'data_type': 'TRADE', 'isBidAggressor': True, 'isExecutionEnd': True, 'passiveOrderId': None, 'aggressorOrderId': None, 'isExecutionStart': True, 'serialVersionUID': -5266538964320734421}",TRADE
2025-11-14 02:30:14.867000-05:00,MNQZ5.CME@RITHMIC,6868908955842,BUY,24941.5,20,LIMIT,UPDATE,MNQZ5.CME@RITHMIC_20251113_230640_bedbcb11,NONE,,"{'size': 20, 'price': 99766, 'orderId': '6868908955842', 'event_type': 'REPLACE'}",MBO
2025-11-14 02:30:07.835000-05:00,MNQZ5.CME@RITHMIC,6868908749288,SELL,25001.5,20,LIMIT,UPDATE,MNQZ5.CME@RITHMIC_20251113_230640_bedbcb11,NONE,,"{'size': 20, 'price': 100006, 'orderId': '6868908749288', 'event_type': 'REPLACE'}",MBO
2025-11-14 02:29:58.502000-05:00,MNQZ5.CME@RITHMIC,71430127901100,SELL,24980.0,33,DEPTH,DEPTH,MNQZ5.CME@RITHMIC_20251113_230640_bedbcb11,NONE,,"{'size': 33, 'isBid': False, 'price': 99920, 'data_type': 'DEPTH'}",DEPTH
2025-11-14 02:29:58.474000-05:00,MNQZ5.CME@RITHMIC,71430099812800,SELL,24985.0,33,DEPTH,DEPTH,MNQZ5.CME@RITHMIC_20251113_230640_bedbcb11,NONE,,"{'size': 33, 'isBid': False, 'price': 99940, 'data_type': 'DEPTH'}",DEPTH
2025-11-14 02:29:58.434000-05:00,MNQZ5.CME@RITHMIC,71430060090700,SELL,25001.5,29,DEPTH,DEPTH,MNQZ5.CME@RITHMIC_20251113_230640_bedbcb11,NONE,,"{'size': 29, 'isBid': False, 'price': 100006, 'data_type': 'DEPTH'}",DEPTH
2025-11-14 02:29:58.138000-05:00,MNQZ5.CME@RITHMIC,71429764301600,BUY,24945.0,21,DEPTH,DEPTH,MNQZ5.CME@RITHMIC_20251113_230640_bedbcb11,NONE,,"{'size': 21, 'isBid': True, 'price': 99780, 'data_type': 'DEPTH'}",DEPTH
2025-11-14 02:29:58.116000-05:00,MNQZ5.CME@RITHMIC,71429742722300,BUY,24941.5,23,DEPTH,DEPTH,MNQZ5.CME@RITHMIC_20251113_230640_bedbcb11,NONE,,"{'size': 23, 'isBid': True, 'price': 99766, 'data_type': 'DEPTH'}",DEPTH
2025-11-14 02:29:57.975000-05:00,MNQZ5.CME@RITHMIC,71429601853100,BUY,24800.0,173,DEPTH,DEPTH,MNQZ5.CME@RITHMIC_20251113_230640_bedbcb11,NONE,,"{'size': 173, 'isBid': True, 'price': 99200, 'data_type': 'DEPTH'}",DEPTH
2025-11-14 02:29:51.802000-05:00,MNQZ5.CME@RITHMIC,6868908955842,BUY,24935.0,20,LIMIT,UPDATE,MNQZ5.CME@RITHMIC_20251113_230640_bedbcb11,NONE,,"{'size': 20, 'price': 99740, 'orderId': '6868908955842', 'event_type': 'REPLACE'}",MBO
2025-11-14 02:29:46.373000-05:00,MNQZ5.CME@RITHMIC,6868908749288,SELL,24994.75,20,LIMIT,UPDATE,MNQZ5.CME@RITHMIC_20251113_230640_bedbcb11,NONE,,"{'size': 20, 'price': 99979, 'orderId': '6868908749288', 'event_type': 'REPLACE'}",MBO
2025-11-14 02:29:40.717000-05:00,MNQZ5.CME@RITHMIC,71412343624200,SELL,24970.0,24,DEPTH,DEPTH,MNQZ5.CME@RITHMIC_20251113_230640_bedbcb11,NONE,,"{'size': 24, 'isBid': False, 'price': 99880, 'data_type': 'DEPTH'}",DEPTH
2025-11-14 02:29:40.714000-05:00,MNQZ5.CME@RITHMIC,71412340678500,SELL,24972.0,21,DEPTH,DEPTH,MNQZ5.CME@RITHMIC_20251113_230640_bedbcb11,NONE,,"{'size': 21, 'isBid': False, 'price': 99888, 'data_type': 'DEPTH'}",DEPTH
2025-11-14 02:29:40.637000-05:00,MNQZ5.CME@RITHMIC,71412263595800,SELL,24994.75,23,DEPTH,DEPTH,MNQZ5.CME@RITHMIC_20251113_230640_bedbcb11,NONE,,"{'size': 23, 'isBid': False, 'price': 99979, 'data_type': 'DEPTH'}",DEPTH
2025-11-14 02:29:40.635000-05:00,MNQZ5.CME@RITHMIC,71412261913400,SELL,24995.0,20,DEPTH,DEPTH,MNQZ5.CME@RITHMIC_20251113_230640_bedbcb11,NONE,,"{'size': 20, 'isBid': False, 'price': 99980, 'data_type': 'DEPTH'}",DEPTH
2025-11-14 02:29:40.629000-05:00,MNQZ5.CME@RITHMIC,71412255286900,SELL,25000.0,33,DEPTH,DEPTH,MNQZ5.CME@RITHMIC_20251113_230640_bedbcb11,NONE,,"{'size': 33, 'isBid': False, 'price': 100000, 'data_type': 'DEPTH'}",DEPTH
2025-11-14 02:29:40.546000-05:00,MNQZ5.CME@RITHMIC,71412172668100,SELL,25100.0,30,DEPTH,DEPTH,MNQZ5.CME@RITHMIC_20251113_230640_bedbcb11,NONE,,"{'size': 30, 'isBid': False, 'price': 100400, 'data_type': 'DEPTH'}",DEPTH
2025-11-14 02:29:40.542000-05:00,MNQZ5.CME@RITHMIC,71412168177900,SELL,25200.0,92,DEPTH,DEPTH,MNQZ5.CME@RITHMIC_20251113_230640_bedbcb11,NONE,,"{'size': 92, 'isBid': False, 'price': 100800, 'data_type': 'DEPTH'}",DEPTH
2025-11-14 02:29:40.535000-05:00,MNQZ5.CME@RITHMIC,71412160685400,SELL,25300.0,90,DEPTH,DEPTH,MNQZ5.CME@RITHMIC_20251113_230640_bedbcb11,NONE,,"{'size': 90, 'isBid': False, 'price': 101200, 'data_type': 'DEPTH'}",DEPTH
2025-11-14 02:29:40.533000-05:00,MNQZ5.CME@RITHMIC,71412159106100,SELL,25500.0,127,DEPTH,DEPTH,MNQZ5.CME@RITHMIC_20251113_230640_bedbcb11,NONE,,"{'size': 127, 'isBid': False, 'price': 102000, 'data_type': 'DEPTH'}",DEPTH
2025-11-14 02:29:40.400000-05:00,MNQZ5.CME@RITHMIC,71412025649600,BUY,24940.0,20,DEPTH,DEPTH,MNQZ5.CME@RITHMIC_20251113_230640_bedbcb11,NONE,,"{'size': 20, 'isBid': True, 'price': 99760, 'data_type': 'DEPTH'}",DEPTH
2025-11-14 02:29:40.367000-05:00,MNQZ5.CME@RITHMIC,71411993464900,BUY,24935.0,26,DEPTH,DEPTH,MNQZ5.CME@RITHMIC_20251113_230640_bedbcb11,NONE,,"{'size': 26, 'isBid': True, 'price': 99740, 'data_type': 'DEPTH'}",DEPTH
2025-11-14 02:29:40.343000-05:00,MNQZ5.CME@RITHMIC,71411969732900,BUY,24920.0,30,DEPTH,DEPTH,MNQZ5.CME@RITHMIC_20251113_230640_bedbcb11,NONE,,"{'size': 30, 'isBid': True, 'price': 99680, 'data_type': 'DEPTH'}",DEPTH
2025-11-14 02:29:40.288000-05:00,MNQZ5.CME@RITHMIC,71411913830800,BUY,24880.0,38,DEPTH,DEPTH,MNQZ5.CME@RITHMIC_20251113_230640_bedbcb11,NONE,,"{'size': 38, 'isBid': True, 'price': 99520, 'data_type': 'DEPTH'}",DEPTH
2025-11-14 02:29:40.283000-05:00,MNQZ5.CME@RITHMIC,71411908836000,BUY,24800.0,172,DEPTH,DEPTH,MNQZ5.CME@RITHMIC_20251113_230640_bedbcb11,NONE,,"{'size': 172, 'isBid': True, 'price': 99200, 'data_type': 'DEPTH'}",DEPTH
2025-11-14 02:29:35.853000-05:00,MNQZ5.CME@RITHMIC,6868908749288,SELL,24992.75,20,LIMIT,UPDATE,MNQZ5.CME@RITHMIC_20251113_230640_bedbcb11,NONE,,"{'size': 20, 'price': 99971, 'orderId': '6868908749288', 'event_type': 'REPLACE'}",MBO
2025-11-14 02:29:30.505000-05:00,MNQZ5.CME@RITHMIC,6868908955842,BUY,24932.75,20,LIMIT,UPDATE,MNQZ5.CME@RITHMIC_20251113_230640_bedbcb11,NONE,,"{'size': 20, 'price': 99731, 'orderId': '6868908955842', 'event_type': 'REPLACE'}",MBO
2025-11-14 02:29:26.607000-05:00,MNQZ5.CME@RITHMIC,71398233037000,SELL,24970.0,23,DEPTH,DEPTH,MNQZ5.CME@RITHMIC_20251113_230640_bedbcb11,NONE,,"{'size': 23, 'isBid': False, 'price': 99880, 'data_type': 'DEPTH'}",DEPTH
2025-11-14 02:29:26.599000-05:00,MNQZ5.CME@RITHMIC,71398225463900,SELL,24972.0,20,DEPTH,DEPTH,MNQZ5.CME@RITHMIC_20251113_230640_bedbcb11,NONE,,"{'size': 20, 'isBid': False, 'price': 99888, 'data_type': 'DEPTH'}",DEPTH
2025-11-14 02:29:26.524000-05:00,MNQZ5.CME@RITHMIC,71398150332200,SELL,24992.75,24,DEPTH,DEPTH,MNQZ5.CME@RITHMIC_20251113_230640_bedbcb11,NONE,,"{'size': 24, 'isBid': False, 'price': 99971, 'data_type': 'DEPTH'}",DEPTH
2025-11-14 02:29:26.437000-05:00,MNQZ5.CME@RITHMIC,71398063006200,SELL,25230.0,39,DEPTH,DEPTH,MNQZ5.CME@RITHMIC_20251113_230640_bedbcb11,NONE,,"{'size': 39, 'isBid': False, 'price': 100920, 'data_type': 'DEPTH'}",DEPTH
2025-11-14 02:29:26.316000-05:00,MNQZ5.CME@RITHMIC,71397942496100,BUY,24940.0,25,DEPTH,DEPTH,MNQZ5.CME@RITHMIC_20251113_230640_bedbcb11,NONE,,"{'size': 25, 'isBid': True, 'price': 99760, 'data_type': 'DEPTH'}",DEPTH
2025-11-14 02:29:26.284000-05:00,MNQZ5.CME@RITHMIC,71397909712600,BUY,24932.75,23,DEPTH,DEPTH,MNQZ5.CME@RITHMIC_20251113_230640_bedbcb11,NONE,,"{'size': 23, 'isBid': True, 'price': 99731, 'data_type': 'DEPTH'}",DEPTH
2025-11-14 02:29:26.273000-05:00,MNQZ5.CME@RITHMIC,71397899676400,BUY,24900.0,124,DEPTH,DEPTH,MNQZ5.CME@RITHMIC_20251113_230640_bedbcb11,NONE,,"{'size': 124, 'isBid': True, 'price': 99600, 'data_type': 'DEPTH'}",DEPTH
2025-11-14 02:29:26.230000-05:00,MNQZ5.CME@RITHMIC,71397855862000,BUY,24800.0,171,DEPTH,DEPTH,MNQZ5.CME@RITHMIC_20251113_230640_bedbcb11,NONE,,"{'size': 171, 'isBid': True, 'price': 99200, 'data_type': 'DEPTH'}",DEPTH
2025-11-14 02:29:25.376000-05:00,MNQZ5.CME@RITHMIC,71397001730200,BUY,99860.0,24,TRADE,TRADE,MNQZ5.CME@RITHMIC_20251113_230640_bedbcb11,NONE,,"{'size': 24, 'isOtc': False, 'price': 99860.0, 'data_type': 'TRADE', 'isBidAggressor': False, 'isExecutionEnd': True, 'passiveOrderId': None, 'aggressorOrderId': None, 'isExecutionStart': True, 'serialVersionUID': -5266538964320734421}",TRADE
2025-11-14 02:29:17.851000-05:00,MNQZ5.CME@RITHMIC,6868908955842,BUY,24933.0,20,LIMIT,UPDATE,MNQZ5.CME@RITHMIC_20251113_230640_bedbcb11,NONE,,"{'size': 20, 'price': 99732, 'orderId': '6868908955842', 'event_type': 'REPLACE'}",MBO
2025-11-14 02:29:12.216000-05:00,MNQZ5.CME@RITHMIC,6868908749288,SELL,24990.5,20,LIMIT,UPDATE,MNQZ5.CME@RITHMIC_20251113_230640_bedbcb11,NONE,,"{'size': 20, 'price': 99962, 'orderId': '6868908749288', 'event_type': 'REPLACE'}",MBO
2025-11-14 02:29:06.567000-05:00,MNQZ5.CME@RITHMIC,71378192806600,SELL,24970.0,27,DEPTH,DEPTH,MNQZ5.CME@RITHMIC_20251113_230640_bedbcb11,NONE,,"{'size': 27, 'isBid': False, 'price': 99880, 'data_type': 'DEPTH'}",DEPTH
2025-11-14 02:29:06.534000-05:00,MNQZ5.CME@RITHMIC,71378159842500,SELL,24978.0,20,DEPTH,DEPTH,MNQZ5.CME@RITHMIC_20251113_230640_bedbcb11,NONE,,"{'size': 20, 'isBid': False, 'price': 99912, 'data_type': 'DEPTH'}",DEPTH
2025-11-14 02:29:06.520000-05:00,MNQZ5.CME@RITHMIC,71378146854800,SELL,24990.5,26,DEPTH,DEPTH,MNQZ5.CME@RITHMIC_20251113_230640_bedbcb11,NONE,,"{'size': 26, 'isBid': False, 'price': 99962, 'data_type': 'DEPTH'}",DEPTH
2025-11-14 02:29:06.455000-05:00,MNQZ5.CME@RITHMIC,71378081097900,SELL,25210.0,40,DEPTH,DEPTH,MNQZ5.CME@RITHMIC_20251113_230640_bedbcb11,NONE,,"{'size': 40, 'isBid': False, 'price': 100840, 'data_type': 'DEPTH'}",DEPTH
2025-11-14 02:29:06.453000-05:00,MNQZ5.CME@RITHMIC,71378079920300,SELL,25230.0,38,DEPTH,DEPTH,MNQZ5.CME@RITHMIC_20251113_230640_bedbcb11,NONE,,"{'size': 38, 'isBid': False, 'price': 100920, 'data_type': 'DEPTH'}",DEPTH
2025-11-14 02:29:06.271000-05:00,MNQZ5.CME@RITHMIC,71377897285500,BUY,24933.0,29,DEPTH,DEPTH,MNQZ5.CME@RITHMIC_20251113_230640_bedbcb11,NONE,,"{'size': 29, 'isBid': True, 'price': 99732, 'data_type': 'DEPTH'}",DEPTH
2025-11-14 02:29:06.231000-05:00,MNQZ5.CME@RITHMIC,71377857342500,BUY,24900.0,125,DEPTH,DEPTH,MNQZ5.CME@RITHMIC_20251113_230640_bedbcb11,NONE,,"{'size': 125, 'isBid': True, 'price': 99600, 'data_type': 'DEPTH'}",DEPTH
2025-11-14 02:29:06.172000-05:00,MNQZ5.CME@RITHMIC,71377798109500,BUY,24880.0,37,DEPTH,DEPTH,MNQZ5.CME@RITHMIC_20251113_230640_bedbcb11,NONE,,"{'size': 37, 'isBid': True, 'price': 99520, 'data_type': 'DEPTH'}",DEPTH
2025-11-14 02:29:02.452000-05:00,MNQZ5.CME@RITHMIC,6868908955842,BUY,24926.5,20,LIMIT,UPDATE,MNQZ5.CME@RITHMIC_20251113_230640_bedbcb11,NONE,,"{'size': 20, 'price': 99706, 'orderId': '6868908955842', 'event_type': 'REPLACE'}",MBO
2025-11-14 02:28:59.669000-05:00,MNQZ5.CME@RITHMIC,6868908749288,SELL,24984.75,20,LIMIT,UPDATE,MNQZ5.CME@RITHMIC_20251113_230640_bedbcb11,NONE,,"{'size': 20, 'price': 99939, 'orderId': '6868908749288', 'event_type': 'REPLACE'}",MBO
2025-11-14 02:28:56.638000-05:00,MNQZ5.CME@RITHMIC,71368264464400,SELL,24960.0,20,DEPTH,DEPTH,MNQZ5.CME@RITHMIC_20251113_230640_bedbcb11,NONE,,"{'size': 20, 'isBid': False, 'price': 99840, 'data_type': 'DEPTH'}",DEPTH
2025-11-14 02:28:56.608000-05:00,MNQZ5.CME@RITHMIC,71368234234300,SELL,24970.0,24,DEPTH,DEPTH,MNQZ5.CME@RITHMIC_20251113_230640_bedbcb11,NONE,,"{'size': 24, 'isBid': False, 'price': 99880, 'data_type': 'DEPTH'}",DEPTH
2025-11-14 02:28:56.578000-05:00,MNQZ5.CME@RITHMIC,71368204506100,SELL,24980.0,29,DEPTH,DEPTH,MNQZ5.CME@RITHMIC_20251113_230640_bedbcb11,NONE,,"{'size': 29, 'isBid': False, 'price': 99920, 'data_type': 'DEPTH'}",DEPTH
2025-11-14 02:28:56.565000-05:00,MNQZ5.CME@RITHMIC,71368191428500,SELL,24984.75,22,DEPTH,DEPTH,MNQZ5.CME@RITHMIC_20251113_230640_bedbcb11,NONE,,"{'size': 22, 'isBid': False, 'price': 99939, 'data_type': 'DEPTH'}",DEPTH
2025-11-14 02:28:56.562000-05:00,MNQZ5.CME@RITHMIC,71368188633400,SELL,25000.0,34,DEPTH,DEPTH,MNQZ5.CME@RITHMIC_20251113_230640_bedbcb11,NONE,,"{'size': 34, 'isBid': False, 'price': 100000, 'data_type': 'DEPTH'}",DEPTH
2025-11-14 02:28:56.500000-05:00,MNQZ5.CME@RITHMIC,71368126157200,SELL,25210.0,41,DEPTH,DEPTH,MNQZ5.CME@RITHMIC_20251113_230640_bedbcb11,NONE,,"{'size': 41, 'isBid': False, 'price': 100840, 'data_type': 'DEPTH'}",DEPTH
2025-11-14 02:28:56.498000-05:00,MNQZ5.CME@RITHMIC,71368124893400,SELL,25230.0,39,DEPTH,DEPTH,MNQZ5.CME@RITHMIC_20251113_230640_bedbcb11,NONE,,"{'size': 39, 'isBid': False, 'price': 100920, 'data_type': 'DEPTH'}",DEPTH
2025-11-14 02:28:56.492000-05:00,MNQZ5.CME@RITHMIC,71368118561500,SELL,25500.0,128,DEPTH,DEPTH,MNQZ5.CME@RITHMIC_20251113_230640_bedbcb11,NONE,,"{'size': 128, 'isBid': False, 'price': 102000, 'data_type': 'DEPTH'}",DEPTH
2025-11-14 02:28:56.412000-05:00,MNQZ5.CME@RITHMIC,71368038150700,BUY,24941.0,24,DEPTH,DEPTH,MNQZ5.CME@RITHMIC_20251113_230640_bedbcb11,NONE,,"{'size': 24, 'isBid': True, 'price': 99764, 'data_type': 'DEPTH'}",DEPTH
2025-11-14 02:28:56.409000-05:00,MNQZ5.CME@RITHMIC,71368034956500,BUY,24940.0,171,DEPTH,DEPTH,MNQZ5.CME@RITHMIC_20251113_230640_bedbcb11,NONE,,"{'size': 171, 'isBid': True, 'price': 99760, 'data_type': 'DEPTH'}",DEPTH
2025-11-14 02:28:56.371000-05:00,MNQZ5.CME@RITHMIC,71367997111600,BUY,24926.5,25,DEPTH,DEPTH,MNQZ5.CME@RITHMIC_20251113_230640_bedbcb11,NONE,,"{'size': 25, 'isBid': True, 'price': 99706, 'data_type': 'DEPTH'}",DEPTH
2025-11-14 02:28:56.367000-05:00,MNQZ5.CME@RITHMIC,71367994585700,BUY,24926.0,25,DEPTH,DEPTH,MNQZ5.CME@RITHMIC_20251113_230640_bedbcb11,NONE,,"{'size': 25, 'isBid': True, 'price': 99704, 'data_type': 'DEPTH'}",DEPTH
2025-11-14 02:28:56.345000-05:00,MNQZ5.CME@RITHMIC,71367971490000,BUY,24910.0,22,DEPTH,DEPTH,MNQZ5.CME@RITHMIC_20251113_230640_bedbcb11,NONE,,"{'size': 22, 'isBid': True, 'price': 99640, 'data_type': 'DEPTH'}",DEPTH
2025-11-14 02:28:56.344000-05:00,MNQZ5.CME@RITHMIC,71367970394900,BUY,24909.0,21,DEPTH,DEPTH,MNQZ5.CME@RITHMIC_20251113_230640_bedbcb11,NONE,,"{'size': 21, 'isBid': True, 'price': 99636, 'data_type': 'DEPTH'}",DEPTH
2025-11-14 02:28:56.338000-05:00,MNQZ5.CME@RITHMIC,71367964612500,BUY,24900.0,130,DEPTH,DEPTH,MNQZ5.CME@RITHMIC_20251113_230640_bedbcb11,NONE,,"{'size': 130, 'isBid': True, 'price': 99600, 'data_type': 'DEPTH'}",DEPTH
2025-11-14 02:28:56.301000-05:00,MNQZ5.CME@RITHMIC,71367927159300,BUY,24830.0,27,DEPTH,DEPTH,MNQZ5.CME@RITHMIC_20251113_230640_bedbcb11,NONE,,"{'size': 27, 'isBid': True, 'price': 99320, 'data_type': 'DEPTH'}",DEPTH
2025-11-14 02:28:56.165000-05:00,MNQZ5.CME@RITHMIC,71367791489800,BUY,24820.0,27,DEPTH,DEPTH,MNQZ5.CME@RITHMIC_20251113_230640_bedbcb11,NONE,,"{'size': 27, 'isBid': True, 'price': 99280, 'data_type': 'DEPTH'}",DEPTH
2025-11-14 02:28:55.282000-05:00,MNQZ5.CME@RITHMIC,71366908462700,SELL,99828.0,20,TRADE,TRADE,MNQZ5.CME@RITHMIC_20251113_230640_bedbcb11,NONE,,"{'size': 20, 'isOtc': False, 'price': 99828.0, 'data_type': 'TRADE', 'isBidAggressor': True, 'isExecutionEnd': True, 'passiveOrderId': None, 'aggressorOrderId': None, 'isExecutionStart': True, 'serialVersionUID': -5266538964320734421}",TRADE
2025-11-14 02:28:55.272000-05:00,MNQZ5.CME@RITHMIC,71366897886100,SELL,99829.0,22,TRADE,TRADE,MNQZ5.CME@RITHMIC_20251113_230640_bedbcb11,NONE,,"{'size': 22, 'isOtc': False, 'price': 99829.0, 'data_type': 'TRADE', 'isBidAggressor': True, 'isExecutionEnd': True, 'passiveOrderId': None, 'aggressorOrderId': None, 'isExecutionStart': True, 'serialVersionUID': -5266538964320734421}",TRADE
2025-11-14 02:28:55.233000-05:00,MNQZ5.CME@RITHMIC,71366858691900,SELL,99831.0,21,TRADE,TRADE,MNQZ5.CME@RITHMIC_20251113_230640_bedbcb11,NONE,,"{'size': 21, 'isOtc': False, 'price': 99831.0, 'data_type': 'TRADE', 'isBidAggressor': True, 'isExecutionEnd': True, 'passiveOrderId': None, 'aggressorOrderId': None, 'isExecutionStart': True, 'serialVersionUID': -5266538964320734421}",TRADE
2025-11-14 02:28:54.691000-05:00,MNQZ5.CME@RITHMIC,6868908972839,BUY,24940.0,147,LIMIT,ADD,MNQZ5.CME@RITHMIC_20251113_230640_bedbcb11,NONE,,"{'size': 147, 'isBid': True, 'price': 99760, 'orderId': '6868908972839', 'event_type': 'SEND'}",MBO
2025-11-14 02:28:51.229000-05:00,MNQZ5.CME@RITHMIC,6868908955842,BUY,24926.0,20,LIMIT,UPDATE,MNQZ5.CME@RITHMIC_20251113_230640_bedbcb11,NONE,,"{'size': 20, 'price': 99704, 'orderId': '6868908955842', 'event_type': 'REPLACE'}",MBO
2025-11-14 02:28:41.426000-05:00,MNQZ5.CME@RITHMIC,6868908749288,SELL,24984.5,20,LIMIT,UPDATE,MNQZ5.CME@RITHMIC_20251113_230640_bedbcb11,NONE,,"{'size': 20, 'price': 99938, 'orderId': '6868908749288', 'event_type': 'REPLACE'}",MBO
2025-11-14 02:28:30.756000-05:00,MNQZ5.CME@RITHMIC,71342382345300,SELL,24970.0,22,DEPTH,DEPTH,MNQZ5.CME@RITHMIC_20251113_230640_bedbcb11,NONE,,"{'size': 22, 'isBid': False, 'price': 99880, 'data_type': 'DEPTH'}",DEPTH
2025-11-14 02:28:30.752000-05:00,MNQZ5.CME@RITHMIC,71342378848600,SELL,24972.0,27,DEPTH,DEPTH,MNQZ5.CME@RITHMIC_20251113_230640_bedbcb11,NONE,,"{'size': 27, 'isBid': False, 'price': 99888, 'data_type': 'DEPTH'}",DEPTH
2025-11-14 02:28:30.692000-05:00,MNQZ5.CME@RITHMIC,71342318730800,SELL,24984.5,23,DEPTH,DEPTH,MNQZ5.CME@RITHMIC_20251113_230640_bedbcb11,NONE,,"{'size': 23, 'isBid': False, 'price': 99938, 'data_type': 'DEPTH'}",DEPTH
2025-11-14 02:28:30.679000-05:00,MNQZ5.CME@RITHMIC,71342305358000,SELL,25000.0,36,DEPTH,DEPTH,MNQZ5.CME@RITHMIC_20251113_230640_bedbcb11,NONE,,"{'size': 36, 'isBid': False, 'price': 100000, 'data_type': 'DEPTH'}",DEPTH
2025-11-14 02:28:30.463000-05:00,MNQZ5.CME@RITHMIC,71342089815900,BUY,24945.0,21,DEPTH,DEPTH,MNQZ5.CME@RITHMIC_20251113_230640_bedbcb11,NONE,,"{'size': 21, 'isBid': True, 'price': 99780, 'data_type': 'DEPTH'}",DEPTH
2025-11-14 02:28:30.436000-05:00,MNQZ5.CME@RITHMIC,71342061723000,BUY,24941.0,24,DEPTH,DEPTH,MNQZ5.CME@RITHMIC_20251113_230640_bedbcb11,NONE,,"{'size': 24, 'isBid': True, 'price': 99764, 'data_type': 'DEPTH'}",DEPTH
2025-11-14 02:28:30.430000-05:00,MNQZ5.CME@RITHMIC,71342055823700,BUY,24940.0,181,DEPTH,DEPTH,MNQZ5.CME@RITHMIC_20251113_230640_bedbcb11,NONE,,"{'size': 181, 'isBid': True, 'price': 99760, 'data_type': 'DEPTH'}",DEPTH
2025-11-14 02:28:30.371000-05:00,MNQZ5.CME@RITHMIC,71341997629100,BUY,24926.0,43,DEPTH,DEPTH,MNQZ5.CME@RITHMIC_20251113_230640_bedbcb11,NONE,,"{'size': 43, 'isBid': True, 'price': 99704, 'data_type': 'DEPTH'}",DEPTH
2025-11-14 02:28:30.345000-05:00,MNQZ5.CME@RITHMIC,71341970894300,BUY,24920.0,31,DEPTH,DEPTH,MNQZ5.CME@RITHMIC_20251113_230640_bedbcb11,NONE,,"{'size': 31, 'isBid': True, 'price': 99680, 'data_type': 'DEPTH'}",DEPTH
2025-11-14 02:28:30.340000-05:00,MNQZ5.CME@RITHMIC,71341966336700,BUY,24910.0,23,DEPTH,DEPTH,MNQZ5.CME@RITHMIC_20251113_230640_bedbcb11,NONE,,"{'size': 23, 'isBid': True, 'price': 99640, 'data_type': 'DEPTH'}",DEPTH
2025-11-14 02:28:30.327000-05:00,MNQZ5.CME@RITHMIC,71341952838300,BUY,24880.0,39,DEPTH,DEPTH,MNQZ5.CME@RITHMIC_20251113_230640_bedbcb11,NONE,,"{'size': 39, 'isBid': True, 'price': 99520, 'data_type': 'DEPTH'}",DEPTH
2025-11-14 02:28:30.280000-05:00,MNQZ5.CME@RITHMIC,71341906404200,BUY,24810.0,20,DEPTH,DEPTH,MNQZ5.CME@RITHMIC_20251113_230640_bedbcb11,NONE,,"{'size': 20, 'isBid': True, 'price': 99240, 'data_type': 'DEPTH'}",DEPTH
2025-11-14 02:28:24.609000-05:00,MNQZ5.CME@RITHMIC,6868908749288,SELL,24981.5,20,LIMIT,UPDATE,MNQZ5.CME@RITHMIC_20251113_230640_bedbcb11,NONE,,"{'size': 20, 'price': 99926, 'orderId': '6868908749288', 'event_type': 'REPLACE'}",MBO
2025-11-14 02:28:18.612000-05:00,MNQZ5.CME@RITHMIC,6868908955842,BUY,24921.75,20,LIMIT,UPDATE,MNQZ5.CME@RITHMIC_20251113_230640_bedbcb11,NONE,,"{'size': 20, 'price': 99687, 'orderId': '6868908955842', 'event_type': 'REPLACE'}",MBO
