time,open,high,low,close,Fractal High,Fractal Low,Chars,Chars,Chars,Chars,Chars,Chars,Chars
1758862800,6653.75,6657.5,6653,6656.25,0,1,0,0,0,0,0,0,0
1758863700,6656,6659,6655.75,6658.25,0,0,0,0,0,0,0,0,0
1758864600,6658.5,6660.5,6656.5,6659.75,0,0,0,0,0,0,0,0,0
1758865500,6659.75,6661.5,6657.5,6661,0,0,0,0,0,0,0,0,0
1758866400,6661,6669.75,6660,6669.75,0,0,0,0,0,0,0,0,0
1758867300,6669.75,6673.5,6669,6672.25,1,0,0,0,0,0,0,0,0
1758868200,6672.25,6672.25,6668.25,6669.75,0,0,0,0,0,0,0,0,0
1758869100,6670,6670.75,6667,6668.75,0,0,0,0,0,0,0,0,0
1758870000,6668.75,6671.5,6665.75,6670.25,0,0,0,0,0,0,0,0,0
1758870900,6670.25,6674,6664.5,6673.75,0,1,0,0,0,0,0,0,0
1758871800,6673.75,6674.5,6669.5,6671.75,1,0,0,0,0,0,0,0,0
1758872700,6671.75,6673.5,6667.5,6670.5,0,1,0,0,0,0,0,0,0
1758873600,6670.25,6672.25,6668.5,6671.5,0,0,0,0,0,0,0,0,0
1758874500,6671.5,6673,6666.5,6669,1,0,0,0,0,0,0,0,0
1758875400,6669,6670,6666,6666.5,0,0,0,0,0,0,0,0,0
1758876300,6666.75,6666.75,6660,6660,0,0,0,0,0,0,0,0,0
1758877200,6660.25,6665.25,6656.75,6665,0,1,0,0,0,0,0,0,0
1758878100,6665,6665.5,6659.5,6660,1,0,0,0,0,0,0,0,0
1758879000,6659.75,6663,6659.5,6663,0,0,0,0,0,0,0,0,0
1758879900,6663,6665.75,6662.5,6664.5,0,0,0,0,0,0,0,0,0
1758880800,6664.75,6666.75,6659,6661.75,1,1,0,0,0,0,0,0,0
1758881700,6661.75,6662.75,6659.25,6659.5,0,0,0,0,0,0,0,0,0
1758882600,6659.5,6660,6657.5,6658.25,0,0,0,0,0,0,0,0,0
1758883500,6658,6660,6657.25,6659.5,0,1,0,0,0,0,0,0,0
1758884400,6659.25,6665,6658.75,6663.25,1,0,0,0,0,0,0,0,0
1758885300,6663.5,6663.5,6657,6660,0,1,0,0,0,0,0,0,0
1758886200,6659.75,6665.5,6658.5,6664,0,0,0,0,0,0,0,0,0
1758887100,6664,6669,6663.75,6666,0,0,0,0,0,0,0,0,0
1758888000,6666,6669,6664.25,6667.25,0,0,0,0,0,0,0,0,0
1758888900,6667,6671.25,6667,6669.75,0,0,0,0,0,0,0,0,0
1758889800,6670.25,6690.5,6668.25,6686.75,1,0,0,0,0,0,0,0,0
1758890700,6686.25,6686.5,6678.75,6681.5,0,0,0,0,0,0,0,0,0
1758891600,6681.5,6682.25,6675.25,6678.25,0,0,0,0,0,0,0,0,0
1758892500,6678.25,6679.5,6672.25,6673.25,0,0,0,0,0,0,0,0,0
1758893400,6673.5,6696,6667.5,6689,0,1,0,0,0,0,0,0,0
1758894300,6689.25,6698.25,6682.75,6696.75,0,0,0,0,0,0,0,0,0
1758895200,6696.5,6703,6671,6674.25,1,0,0,0,0,0,0,0,0
1758896100,6674,6676.25,6657.25,6666.25,0,1,0,0,0,0,0,0,0
1758897000,6666.25,6678.25,6659.5,6673.5,1,0,0,0,0,0,0,0,0
1758897900,6673.75,6676.5,6659.75,6663,0,0,0,0,0,0,0,0,0
1758898800,6662.75,6669,6660.5,6660.75,0,0,0,0,0,0,0,0,0
1758899700,6660.75,6678.25,6658.75,6678,0,1,0,0,0,0,0,0,0
1758900600,6678,6679.5,6668.75,6673.25,1,0,0,0,0,0,0,0,0
1758901500,6673,6675.25,6664.75,6665.25,0,0,0,0,0,0,0,0,0
1758902400,6665.5,6670.5,6663.25,6669.75,0,1,0,0,0,0,0,0,0
1758903300,6669.5,6686.75,6668.25,6683.5,0,0,0,0,0,0,0,0,0
1758904200,6683.25,6688.75,6679.25,6687.5,0,0,0,0,0,0,0,0,0
1758905100,6687,6694,6684.25,6692.25,0,0,0,0,0,0,0,0,0
1758906000,6692.25,6695.75,6690.25,6695,0,0,0,0,0,0,0,0,0
1758906900,6695,6696.5,6690.75,6695.25,0,0,0,0,0,0,0,0,0
1758907800,6695.5,6696.75,6692.25,6694,1,0,0,0,0,0,0,0,0
1758908700,6694.25,6694.5,6686.25,6692.25,0,1,0,0,0,0,0,0,0
1758909600,6692.25,6695,6687.25,6692,0,0,0,0,0,0,0,0,0
1758910500,6692.25,6699.25,6692,6696.5,0,0,0,0,0,0,0,0,0
1758911400,6696.5,6700.5,6696,6697.5,1,0,0,0,0,0,0,0,0
1758912300,6697.75,6699,6693.25,6698,0,0,0,0,0,0,0,0,0
1758913200,6698,6699,6693,6693.75,0,0,0,0,0,0,0,0,0
1758914100,6693.5,6697.75,6691.5,6695,0,1,0,0,0,0,0,0,0
1758915000,6694.75,6695.75,6692.5,6693.25,0,0,0,0,0,0,0,0,0
1758915900,6693.25,6698.5,6689.75,6696.25,0,1,0,0,0,0,0,0,0
1758916800,6696.5,6701.75,6695.25,6701.5,0,0,0,0,0,0,0,0,0
1758917700,6701.5,6702.5,6700.75,6702.5,0,0,0,0,0,0,0,0,0
1758918600,6702.25,6703,6700,6700.5,1,0,0,0,0,0,0,0,0
1758919500,6700.25,6700.5,6696.25,6697.5,0,1,0,0,0,0,0,0,0
1759096800,6697.25,6702.25,6696.75,6700.75,0,0,0,0,0,0,0,0,0
1759097700,6700.75,6703.75,6700.25,6701,0,0,0,0,0,0,0,0,0
1759098600,6701.25,6704.75,6699.75,6703.5,0,1,0,0,0,0,0,0,0
1759099500,6703.25,6705.75,6702.5,6702.75,1,0,0,0,0,0,0,0,0
1759100400,6702.75,6704.5,6702.5,6703,0,0,0,0,0,0,0,0,0
1759101300,6703,6707.75,6702.25,6704.75,1,1,0,0,0,0,0,0,0
1759102200,6704.5,6706.25,6702.75,6705.5,0,0,0,0,0,0,0,0,0
1759103100,6705.5,6707.5,6704.25,6705.5,0,0,0,0,0,0,0,0,0
1759104000,6705.75,6709,6704,6708.25,0,1,0,0,0,0,0,0,0
1759104900,6708.5,6712,6707.25,6709.5,0,0,0,0,0,0,0,0,0
1759105800,6709.75,6712.75,6708.5,6712.75,0,0,0,0,0,0,0,0,0
1759106700,6712.75,6713.5,6710.25,6711,1,0,0,0,0,0,0,0,0
1759107600,6711,6711.25,6707,6709.25,0,1,0,0,0,0,0,0,0
1759108500,6709.25,6711,6709.25,6709.5,0,0,0,0,0,0,0,0,0
1759109400,6709.5,6711.75,6709,6711.25,0,1,0,0,0,0,0,0,0
1759110300,6711.25,6713.25,6710.25,6711.25,1,0,0,0,0,0,0,0,0
1759111200,6711.25,6712.75,6709.75,6711.75,0,1,0,0,0,0,0,0,0
1759112100,6711.75,6713.75,6711.5,6713,0,0,0,0,0,0,0,0,0
1759113000,6713.25,6713.75,6712,6712.5,0,0,0,0,0,0,0,0,0
1759113900,6712.25,6714.75,6712.25,6714.5,0,0,0,0,0,0,0,0,0
1759114800,6714.25,6715.5,6713.5,6714.5,0,0,0,0,0,0,0,0,0
1759115700,6714.5,6715.75,6713.5,6715.5,0,0,0,0,0,0,0,0,0
1759116600,6715.75,6716.75,6715,6715.5,1,0,0,0,0,0,0,0,0
1759117500,6715.5,6716.5,6715,6715.75,0,0,0,0,0,0,0,0,0
1759118400,6716,6717.5,6715.25,6717.25,0,0,0,1,0,0,0,0,0
1759119300,6717.5,6719,6717.25,6718.75,1,0,0,0,0,0,0,0,0
1759120200,6718.75,6718.75,6718,6718.5,0,0,0,0,0,0,0,0,0
1759121100,6718.5,6718.5,6717.25,6717.25,0,0,0,0,0,0,0,0,0
1759122000,6717.5,6718.5,6716.5,6718,0,1,0,0,0,0,0,0,0
1759122900,6717.75,6719.5,6717.25,6719,0,0,0,0,0,0,0,0,0
1759123800,6719.25,6720,6717.5,6717.5,1,0,0,0,0,0,0,0,0
1759124700,6717.75,6718.5,6716.25,6717,0,0,0,0,0,0,0,0,0
1759125600,6717,6718.25,6715,6717.75,0,1,0,0,0,0,0,0,0
1759126500,6717.75,6721.25,6717.5,6719.75,0,0,0,0,0,0,0,0,0
1759127400,6719.75,6723.5,6719.75,6723.25,0,0,0,0,0,0,0,0,0
1759128300,6723.5,6724.75,6721.75,6722,1,0,0,0,0,0,0,0,0
1759129200,6722.5,6722.5,6717,6720.75,0,1,0,0,0,0,0,0,0
1759130100,6720.75,6724.75,6719.5,6724,0,0,0,0,0,0,0,0,0
1759131000,6724.25,6726.75,6722.75,6724,1,0,0,0,0,0,0,0,0
1759131900,6724,6725.5,6722.5,6724,0,1,0,0,0,0,0,0,0
1759132800,6723.75,6728,6723.25,6726.75,1,0,0,0,0,0,0,0,0
1759133700,6726.75,6727.25,6725.25,6727,0,0,0,0,0,0,0,0,0
1759134600,6727.25,6729.25,6726.25,6729,0,0,0,0,0,0,0,0,0
1759135500,6729,6731.5,6728.75,6731,0,0,0,0,0,0,0,0,0
1759136400,6731.25,6731.5,6729.5,6730,0,0,0,0,0,0,0,0,0
1759137300,6730,6732.25,6729.25,6730.75,0,0,0,0,0,0,0,0,0
1759138200,6730.75,6733,6729.25,6732.75,0,0,0,0,0,0,0,0,0
1759139100,6732.5,6733.75,6728.75,6729,1,0,0,0,0,0,0,0,0
1759140000,6729,6732.25,6727.75,6732.25,0,1,0,0,0,0,0,0,0
1759140900,6732,6736.25,6732,6735.75,1,0,0,0,0,0,0,0,0
1759141800,6735.75,6736,6732,6733,0,0,0,0,0,0,0,0,0
1759142700,6733,6734,6731.75,6733,0,0,0,0,0,0,0,0,0
1759143600,6733.25,6734,6725.5,6725.75,0,0,0,0,0,0,0,0,0
1759144500,6725.75,6730,6725,6725.25,0,0,0,0,0,0,0,0,0
1759145400,6725.25,6727,6723.75,6724.5,0,0,0,0,0,0,0,0,0
1759146300,6724.25,6728.75,6723.5,6728.25,0,1,0,0,0,0,0,0,0
1759147200,6728.25,6729.25,6725.5,6728.75,0,0,0,0,0,0,0,0,0
1759148100,6729,6730,6727.5,6728.5,0,0,0,0,0,0,0,0,0
1759149000,6728.75,6731.25,6727.75,6730.75,0,0,0,0,0,0,0,0,0
1759149900,6731,6734.5,6730.75,6733.25,0,0,0,0,0,0,0,0,0
1759150800,6733.25,6735.75,6729.75,6730.75,1,0,0,0,0,0,0,0,0
1759151700,6730.5,6731.5,6721,6722,0,0,0,0,0,0,0,0,0
1759152600,6722.25,6726.25,6715.75,6723,0,1,0,0,0,0,0,0,0
1759153500,6722.75,6726.25,6719.5,6723.75,0,0,0,0,0,0,0,0,0
1759154400,6724,6731,6719,6725.5,1,0,0,0,0,0,0,0,0
1759155300,6725.5,6728.75,6718.25,6726.5,0,1,0,0,0,0,0,0,0
1759156200,6726.5,6729.5,6723.75,6728.75,0,0,0,0,0,0,0,0,0
1759157100,6728.5,6730.5,6721.25,6723.25,1,0,0,0,0,0,0,0,0
1759158000,6723.25,6725.25,6715.5,6716.5,0,0,0,0,0,0,0,0,0
1759158900,6716.25,6718.5,6710,6713.5,0,0,0,0,0,0,0,0,0
1759159800,6713.75,6715,6708,6713.75,0,0,0,0,0,0,0,0,0
1759160700,6713.5,6714,6706.25,6711,0,1,0,0,0,0,0,0,0
1759161600,6711,6716,6707.25,6715.25,0,0,0,0,0,0,0,0,0
1759162500,6715.25,6716,6708.25,6712.75,1,0,0,0,0,0,0,0,0
1759163400,6712.75,6715.25,6708.5,6709,0,0,0,0,0,0,0,0,0
1759164300,6708.75,6710.75,6706.25,6708.5,0,0,0,0,0,0,0,0,0
1759165200,6708.5,6708.75,6702,6703.5,0,0,0,0,0,0,0,0,0
1759166100,6703.25,6706.25,6702,6703.25,0,0,0,0,0,0,0,0,0
1759167000,6703.5,6704.75,6699.25,6703.5,0,1,0,0,0,0,0,0,0
1759167900,6703.25,6709,6703,6707.25,0,0,0,0,0,0,0,0,0
1759168800,6707.5,6711.25,6707,6710.75,0,0,0,0,0,0,0,0,0
1759169700,6710.75,6714,6709.5,6713,0,0,0,0,0,0,0,0,0
1759170600,6713,6714,6708.75,6711,1,1,0,0,0,0,0,0,0
1759171500,6710.75,6713,6710.25,6711.75,0,0,0,0,0,0,0,0,0
1759172400,6711.5,6711.75,6702,6703.25,0,0,0,0,0,0,0,0,0
1759173300,6703,6706.5,6696.25,6704.5,0,1,0,0,0,0,0,0,0
1759174200,6704.25,6712.5,6704,6711,0,0,0,0,0,0,0,0,0
1759175100,6711,6716,6708,6714.25,0,0,0,0,0,0,0,0,0
1759176000,6714.5,6716,6711.5,6713,1,0,0,0,0,0,0,0,0
1759176900,6713,6713.5,6711.75,6713,0,0,0,0,0,0,0,0,0
1759177800,6713.25,6713.25,6710.5,6710.5,0,0,0,0,0,0,0,0,0
1759178700,6710.75,6710.75,6706.75,6708.5,0,1,0,0,0,0,0,0,0
1759183200,6708.25,6711,6707.5,6708.75,1,0,0,0,0,0,0,0,0
1759184100,6708.75,6709,6707.25,6707.75,0,1,0,0,0,0,0,0,0
1759185000,6707.75,6710.25,6707.75,6710.25,0,0,0,0,0,0,0,0,0
1759185900,6710.25,6714,6710,6713.5,1,0,0,0,0,0,0,0,0
1759186800,6713.5,6713.75,6711.5,6712,0,0,0,0,0,0,0,0,0
1759187700,6712.25,6713.5,6712,6713,0,0,0,0,0,0,0,0,0
1759188600,6713,6715,6712.75,6714.5,0,0,0,0,0,0,0,0,0
1759189500,6714.5,6715,6711,6711.25,1,0,0,0,0,0,0,0,0
1759190400,6711.25,6712.25,6707,6710,0,1,0,0,0,0,0,0,0
1759191300,6710,6712,6709.5,6710.75,0,0,0,0,0,0,0,0,0
1759192200,6710.5,6713.5,6710,6712.75,0,0,0,0,0,0,0,0,0
1759193100,6712.75,6715.5,6712,6714.25,1,0,0,0,0,0,0,0,0
1759194000,6714.5,6714.5,6709.75,6710.5,0,1,0,0,0,0,0,0,0
1759194900,6710.75,6714.25,6710.25,6711.75,0,0,0,0,0,0,0,0,0
1759195800,6711.5,6712,6709.25,6710.25,0,0,0,0,0,0,0,0,0
1759196700,6710.25,6710.5,6707.5,6709.75,0,1,0,0,0,0,0,0,0
1759197600,6709.75,6710.75,6709,6710,0,0,0,0,0,0,0,0,0
1759198500,6710,6711.5,6709.75,6710.25,0,0,0,0,0,0,0,0,0
1759199400,6710.5,6713.25,6709,6712.75,0,1,0,0,0,0,0,0,0
1759200300,6712.75,6715.75,6711.75,6714.75,1,0,0,0,0,0,0,0,0
1759201200,6715,6715.5,6713,6713.25,0,0,0,0,0,0,0,0,0
1759202100,6713.25,6715.5,6712.5,6715,0,1,0,0,0,0,0,0,0
1759203000,6715,6717.25,6714.5,6716,1,0,0,0,0,0,0,0,0
1759203900,6715.75,6715.75,6713.25,6713.25,0,0,0,0,0,0,0,0,0
1759204800,6713.5,6714,6712.25,6713.25,0,0,0,0,1,0,0,0,0
1759205700,6713.25,6713.5,6709.5,6710.5,0,0,0,0,0,0,0,0,0
1759206600,6710.5,6711.25,6709,6710.25,0,0,0,0,0,0,0,0,0
1759207500,6710.5,6710.75,6708.75,6708.75,0,0,0,0,0,0,0,0,0
1759208400,6708.75,6710,6707.5,6709.25,0,1,0,0,0,0,0,0,0
1759209300,6709.5,6712.5,6709,6711.75,0,0,0,0,0,0,0,0,0
1759210200,6711.75,6712.5,6709.5,6710,0,0,0,0,0,0,0,0,0
1759211100,6710,6713,6710,6711.75,0,0,0,0,0,0,0,0,0
1759212000,6712,6714.25,6710.5,6713.75,0,0,0,0,0,0,0,0,0
1759212900,6714,6715.5,6713,6714,0,0,0,0,0,0,0,0,0
1759213800,6714.25,6715.75,6711.25,6712,1,0,0,0,0,0,0,0,0
1759214700,6712,6712.25,6705.25,6705.75,0,0,0,0,0,0,0,0,0
1759215600,6706,6707.25,6702,6702.5,0,0,0,0,0,0,0,0,0
1759216500,6702.5,6705.75,6700.75,6705,0,0,0,0,0,0,0,0,0
1759217400,6704.5,6705.25,6694.25,6696.75,0,1,0,0,0,0,0,0,0
1759218300,6696.75,6703.25,6695.5,6702.75,0,0,0,0,0,0,0,0,0
1759219200,6702.25,6702.25,6695.75,6699.5,0,0,0,0,0,0,0,0,0
1759220100,6699.5,6703,6699.5,6700.75,0,0,0,0,0,0,0,0,0
1759221000,6700.75,6703.75,6699.75,6702,0,0,0,0,0,0,0,0,0
1759221900,6702.25,6705.25,6701.75,6702.75,1,0,0,0,0,0,0,0,0
1759222800,6702.75,6704,6700.25,6701.25,0,0,0,0,0,0,0,0,0
1759223700,6701.25,6703.75,6700.25,6703.25,0,1,0,0,0,0,0,0,0
1759224600,6703.25,6705.5,6700.75,6702.25,1,0,0,0,0,0,0,0,0
1759225500,6702.25,6702.25,6699.5,6701.25,0,0,0,0,0,0,0,0,0
1759226400,6701,6704.5,6699,6699.75,1,0,0,0,0,0,0,0,0
1759227300,6699.75,6700.5,6696.75,6698.75,0,0,0,0,0,0,0,0,0
1759228200,6699,6700,6695.75,6700,0,1,0,0,0,0,0,0,0
1759229100,6700,6704.25,6700,6703.25,0,0,0,0,0,0,0,0,0
1759230000,6703.25,6704.75,6700.25,6702.25,1,0,0,0,0,0,0,0,0
1759230900,6702,6702.25,6699,6702.25,0,1,0,0,0,0,0,0,0
1759231800,6702,6704,6701.5,6703.25,0,0,0,0,0,0,0,0,0
1759232700,6703.25,6704.25,6698.75,6701.5,1,0,0,0,0,0,0,0,0
1759233600,6701.5,6702.5,6698.25,6699,0,0,0,0,0,0,0,0,0
1759234500,6698.75,6704.75,6698.25,6704.25,0,1,0,0,0,0,0,0,0
1759235400,6704.5,6710.5,6703.5,6709.5,1,0,0,0,0,0,0,0,0
1759236300,6709.5,6710.25,6707.25,6708.25,0,0,0,0,0,0,0,0,0
1759237200,6708.25,6708.5,6704,6706.25,0,0,0,0,0,0,0,0,0
1759238100,6706.25,6707.25,6703.5,6706.75,0,0,0,0,0,0,0,0,0
1759239000,6706.5,6709.75,6699.5,6708,0,0,0,0,0,0,0,0,0
1759239900,6708,6710,6696.75,6707.75,0,1,0,0,0,0,0,0,0
1759240800,6707.75,6713,6699.5,6704.25,1,0,0,0,0,0,0,0,0
1759241700,6704,6711.25,6703.5,6706,0,0,0,0,0,0,0,0,0
1759242600,6705.75,6710.25,6693.75,6701,0,1,0,0,0,0,0,0,0
1759243500,6700.75,6711.5,6700.75,6709.5,0,0,0,0,0,0,0,0,0
1759244400,6709.5,6713.75,6705.5,6705.75,1,0,0,0,0,0,0,0,0
1759245300,6705.75,6707,6692.75,6699.5,0,1,0,0,0,0,0,0,0
1759246200,6699.25,6704,6695.75,6697.75,0,0,0,0,0,0,0,0,0
1759247100,6697.5,6708.75,6697,6707.25,0,0,0,0,0,0,0,0,0
1759248000,6707.25,6708.75,6703,6705.25,0,0,0,0,0,0,0,0,0
1759248900,6705.25,6718,6704.25,6711.25,1,0,0,0,0,0,0,0,0
1759249800,6711.25,6713.75,6709.5,6713.75,0,0,0,0,0,0,0,0,0
1759250700,6713.75,6714.25,6703,6705,1,0,0,0,0,0,0,0,0
1759251600,6705,6706.25,6697.5,6700.75,0,0,0,0,0,0,0,0,0
1759252500,6700.5,6702.5,6694.25,6697.75,0,1,0,0,0,0,0,0,0
1759253400,6697.75,6700.5,6694.5,6698.75,0,0,0,0,0,0,0,0,0
1759254300,6698.5,6707.75,6698.25,6702,0,0,0,0,0,0,0,0,0
1759255200,6701.75,6715,6700.75,6713.5,0,0,0,0,0,0,0,0,0
1759256100,6713.75,6717,6711.25,6715.5,0,0,0,0,0,0,0,0,0
1759257000,6715.25,6720.25,6712.75,6719.75,0,0,0,0,0,0,0,0,0
1759257900,6719.75,6723.25,6718.5,6721,0,0,0,0,0,0,0,0,0
1759258800,6721.25,6725.5,6720.25,6723.25,0,0,0,0,0,0,0,0,0
1759259700,6723.25,6732.5,6721.75,6730.75,0,0,0,0,0,0,0,0,0
1759260600,6731,6734.5,6725.75,6727.25,0,0,0,0,0,0,0,0,0
1759261500,6727,6743.75,6726.75,6737.25,1,0,0,0,0,0,0,0,0
1759262400,6737,6738.75,6724.75,6725.75,0,0,0,0,0,0,0,0,0
1759263300,6725.5,6728.25,6724.75,6725.75,0,0,0,0,0,0,0,0,0
1759264200,6725.75,6726,6722,6722.75,0,1,0,0,0,0,0,0,0
1759265100,6722.5,6726.25,6722.25,6724.5,0,0,0,0,0,0,0,0,0
1759269600,6725,6730.75,6723.75,6729.75,0,0,0,0,0,0,0,0,0
1759270500,6729.5,6732,6727.75,6731.75,0,0,0,0,0,0,0,0,0
1759271400,6731.75,6733.25,6728.5,6730,1,0,0,0,0,0,0,0,0
1759272300,6729.75,6729.75,6720.75,6724,0,0,0,0,0,0,0,0,0
1759273200,6724,6725.5,6720.25,6724.25,0,1,0,0,0,0,0,0,0
1759274100,6724.5,6726.75,6723.25,6724.5,1,0,0,0,0,0,0,0,0
1759275000,6724.75,6726,6724,6724.75,0,0,0,0,0,0,0,0,0
1759275900,6724.75,6726,6723,6723.5,0,0,0,0,0,0,0,0,0
1759276800,6723.5,6724.75,6720.5,6721.25,0,0,0,0,0,0,0,0,0
1759277700,6721.5,6721.5,6714.25,6715,0,1,0,0,0,0,0,0,0
1759278600,6715,6717.75,6714.5,6717.25,0,0,0,0,0,0,0,0,0
1759279500,6717,6718.75,6713.5,6714.75,1,0,0,0,0,0,0,0,0
1759280400,6714.75,6715.5,6711.75,6712.5,0,1,0,0,0,0,0,0,0
1759281300,6712.5,6716.75,6712.5,6716.25,0,0,0,0,0,0,0,0,0
1759282200,6716.25,6717,6713.5,6716.5,1,0,0,0,0,0,0,0,0
1759283100,6716.5,6716.75,6714.25,6714.5,0,0,0,0,0,0,0,0,0
1759284000,6714.5,6715,6711.25,6711.75,0,1,0,0,0,0,0,0,0
1759284900,6712,6715.25,6711.5,6714.25,1,0,0,0,0,0,0,0,0
1759285800,6714,6714.25,6710.25,6711.25,0,0,0,0,0,0,0,0,0
1759286700,6711.25,6712,6710,6710.75,0,0,0,0,0,0,0,0,0
1759287600,6711,6711.25,6707.5,6708,0,0,0,0,0,0,0,0,0
1759288500,6707.75,6708.5,6706.25,6707.5,0,0,0,0,0,0,0,0,0
1759289400,6707.25,6707.75,6706.25,6706.25,0,0,0,0,0,0,0,0,0
1759290300,6706.25,6709,6706,6708.25,0,1,0,0,0,0,0,0,0
1759291200,6708.5,6710.75,6708,6709,1,0,0,0,0,1,0,0,0
1759292100,6709,6710,6707.5,6709.75,0,1,0,0,0,0,0,0,0
1759293000,6709.75,6710.25,6708.75,6709.25,0,0,0,0,0,0,0,0,0
1759293900,6709.5,6710.5,6708,6708.5,1,0,0,0,0,0,0,0,0
1759294800,6708.75,6709.75,6707.5,6707.75,0,0,0,0,0,0,0,0,0
1759295700,6707.5,6707.75,6705,6705.75,0,0,0,0,0,0,0,0,0
1759296600,6705.5,6707,6704.75,6706.25,0,0,0,0,0,0,0,0,0
1759297500,6706.5,6707.75,6704,6704.5,1,0,0,0,0,0,0,0,0
1759298400,6704.5,6707,6703.5,6704.5,0,0,0,0,0,0,0,0,0
1759299300,6704.5,6704.75,6702,6702.25,0,0,0,0,0,0,0,0,0
1759300200,6702.5,6703.25,6698,6698,0,0,0,0,0,0,0,0,0
1759301100,6697.75,6698,6680,6683.5,0,1,0,0,0,0,0,0,0
1759302000,6683.25,6691,6680.5,6683,0,0,0,0,0,0,0,0,0
1759302900,6682.75,6689.75,6682.5,6687.25,0,0,0,0,0,0,0,0,0
1759303800,6687.25,6690.5,6684.25,6685.75,1,0,0,0,0,0,0,0,0
1759304700,6685.5,6690,6683.5,6687.5,0,1,0,0,0,0,0,0,0
1759305600,6687.5,6688.25,6684,6686.5,0,0,0,0,0,0,0,0,0
1759306500,6686.75,6688.25,6684.25,6687.5,0,0,0,0,0,0,0,0,0
1759307400,6687.5,6698.5,6687.25,6697.5,0,0,0,0,0,0,0,0,0
1759308300,6697.75,6698.75,6695,6696.25,0,0,0,0,0,0,0,0,0
1759309200,6696,6702,6695.25,6700.5,0,0,0,0,0,0,0,0,0
1759310100,6700.5,6705.75,6699.5,6704.5,1,0,0,0,0,0,0,0,0
1759311000,6704.5,6705.25,6700.5,6701.75,0,0,0,0,0,0,0,0,0
1759311900,6702,6703.75,6701.25,6702,0,0,0,0,0,0,0,0,0
1759312800,6702,6705.5,6701.75,6703.5,1,0,0,0,0,0,0,0,0
1759313700,6703.75,6705.25,6700.5,6700.75,0,0,0,0,0,0,0,0,0
1759314600,6700.5,6703,6697.75,6698.75,0,1,0,0,0,0,0,0,0
1759315500,6698.5,6700.75,6698.25,6699.25,0,0,0,0,0,0,0,0,0
1759316400,6699.5,6706.75,6699.25,6705.75,0,0,0,0,0,0,0,0,0
1759317300,6705.75,6708.5,6705.25,6708.25,0,0,0,0,0,0,0,0,0
1759318200,6708.5,6711.25,6707.25,6710,0,0,0,0,0,0,0,0,0
1759319100,6710,6715.5,6709.5,6714.5,0,0,0,0,0,0,0,0,0
1759320000,6714.25,6715.5,6709.75,6712,1,0,0,0,0,0,0,0,0
1759320900,6711.75,6714.5,6702,6710,0,1,0,0,0,0,0,0,0
1759321800,6710.25,6714.5,6707.5,6711,0,0,0,0,0,0,0,0,0
1759322700,6711.25,6714.5,6708.25,6710.5,0,0,0,0,0,0,0,0,0
1759323600,6710.5,6713.75,6709.25,6710.75,0,0,0,0,0,0,0,0,0
1759324500,6710.75,6712.25,6705.25,6706.75,0,1,0,0,0,0,0,0,0
1759325400,6706.75,6729,6706,6727.5,1,0,0,0,0,0,0,0,0
1759326300,6727.5,6727.75,6705.25,6714,0,1,0,0,0,0,0,0,0
1759327200,6713.25,6722.5,6706,6721.5,0,0,0,0,0,0,0,0,0
1759328100,6721.75,6732.25,6721,6730.25,0,0,0,0,0,0,0,0,0
1759329000,6730.25,6735.75,6727.5,6730,1,0,0,0,0,0,0,0,0
1759329900,6730,6733.5,6728,6733,0,0,0,0,0,0,0,0,0
1759330800,6733,6737.75,6732.25,6736.25,0,0,0,0,0,0,0,0,0
1759331700,6736.25,6739.5,6732.75,6738,0,0,0,0,0,0,0,0,0
1759332600,6738,6745.5,6738,6744.75,0,0,0,0,0,0,0,0,0
1759333500,6744.75,6747,6744,6744.75,1,0,0,0,0,0,0,0,0
1759334400,6745,6746.75,6743,6744.75,0,0,0,0,0,0,0,0,0
1759335300,6744.75,6746.5,6741,6744,0,0,0,0,0,0,0,0,0
1759336200,6744,6745.5,6741,6741.25,0,0,0,0,0,0,0,0,0
1759337100,6741.25,6744.5,6739,6744,0,1,0,0,0,0,0,0,0
1759338000,6744,6750.5,6743,6748.75,0,0,0,0,0,0,0,0,0
1759338900,6748.75,6756.5,6748.75,6755,1,0,0,0,0,0,0,0,0
1759339800,6755,6755.75,6751.25,6753.5,0,0,0,0,0,0,0,0,0
1759340700,6753.5,6755.25,6751.25,6754.75,0,0,0,0,0,0,0,0,0
1759341600,6754.75,6762.75,6754.25,6761.25,0,0,0,0,0,0,0,0,0
1759342500,6761.5,6764.75,6760.5,6763.25,0,0,0,0,0,0,0,0,0
1759343400,6763.25,6768,6762.75,6767,0,0,0,0,0,0,0,0,0
1759344300,6767,6769,6765.5,6766.75,0,0,0,0,0,0,0,0,0
1759345200,6766.75,6769.25,6764.25,6766.75,1,0,0,0,0,0,0,0,0
1759346100,6766.5,6767.25,6762.5,6766.75,0,1,0,0,0,0,0,0,0
1759347000,6766.5,6768,6763,6763.25,0,0,0,0,0,0,0,0,0
1759347900,6763,6768,6760.5,6760.5,1,0,0,0,0,0,0,0,0
1759348800,6760.75,6761.25,6755,6755.25,0,0,0,0,0,0,0,0,0
1759349700,6755.25,6758,6755,6755.75,0,0,0,0,0,0,0,0,0
1759350600,6755.5,6758.5,6755,6756.75,1,0,0,0,0,0,0,0,0
1759351500,6756.75,6757.5,6755.5,6756.75,0,0,0,0,0,0,0,0,0
1759356000,6757.25,6760.5,6755,6760.25,0,1,0,0,0,0,0,0,0
1759356900,6760,6760.5,6758.75,6760.25,0,0,0,0,0,0,0,0,0
1759357800,6760.25,6760.75,6758.75,6759.75,1,0,0,0,0,0,0,0,0
1759358700,6760,6760.5,6758,6758.25,0,0,0,0,0,0,0,0,0
1759359600,6758.25,6759.5,6757.5,6759,0,1,0,0,0,0,0,0,0
1759360500,6759,6761.5,6759,6760.75,1,0,0,0,0,0,0,0,0
1759361400,6760.75,6761,6756,6759,0,1,0,0,0,0,0,0,0
1759362300,6759.25,6761,6757.5,6759.5,0,0,0,0,0,0,0,0,0
1759363200,6759.75,6761.5,6758.75,6760.75,0,0,0,0,0,0,0,0,0
1759364100,6760.5,6764.5,6760.5,6763.25,0,0,0,0,0,0,0,0,0
1759365000,6763.5,6766,6762.5,6766,0,0,0,0,0,0,0,0,0
1759365900,6766,6769,6765.75,6767.75,0,0,0,0,0,0,0,0,0
1759366800,6767.75,6770,6765,6769.5,0,1,0,0,0,0,0,0,0
1759367700,6769.5,6771.25,6769.25,6770,1,0,0,0,0,0,0,0,0
1759368600,6770,6770.25,6767.25,6769,0,1,0,0,0,0,0,0,0
1759369500,6769,6771.75,6769,6771.25,1,0,0,0,0,0,0,0,0
1759370400,6771.25,6771.5,6766.75,6767,0,0,0,0,0,0,0,0,0
1759371300,6767,6767.5,6765.75,6766.25,0,0,0,0,0,0,0,0,0
1759372200,6766.25,6767,6765.25,6766.75,0,1,0,0,0,0,0,0,0
1759373100,6766.75,6767,6765.5,6766.75,0,0,0,0,0,0,0,0,0
1759374000,6766.75,6767.25,6764.75,6767,0,0,0,0,0,0,0,0,0
1759374900,6767,6768,6764.75,6765.5,1,0,0,0,0,0,0,0,0
1759375800,6765.25,6765.75,6763.5,6765,0,1,0,0,0,0,0,0,0
1759376700,6765.25,6768.25,6764.5,6767.5,0,0,0,0,0,0,0,0,0
1759377600,6767.5,6771,6766.75,6768.75,1,0,0,0,0,0,1,0,0
1759378500,6768.75,6768.75,6764.5,6767,0,1,0,0,0,0,0,0,0
1759379400,6767.25,6768,6766,6767.5,0,0,0,0,0,0,0,0,0
1759380300,6767.5,6769.5,6767.5,6769,0,0,0,0,0,0,0,0,0
1759381200,6768.75,6771.5,6768.75,6769.75,1,0,0,0,0,0,0,0,0
1759382100,6769.75,6770.5,6767.5,6769.25,0,1,0,0,0,0,0,0,0
1759383000,6769.25,6769.75,6768,6768.25,0,0,0,0,0,0,0,0,0
1759383900,6768.5,6770.25,6768.25,6768.5,0,0,0,0,0,0,0,0,0
1759384800,6768.5,6770.25,6765.25,6766.75,1,0,0,0,0,0,0,0,0
1759385700,6766.75,6767,6765,6765.75,0,0,0,0,0,0,0,0,0
1759386600,6766,6768.25,6764.25,6768.25,0,1,0,0,0,0,0,0,0
1759387500,6768,6768.5,6765,6765.75,0,0,0,0,0,0,0,0,0
1759388400,6765.75,6770.5,6763.75,6769,1,1,0,0,0,0,0,0,0
1759389300,6769,6770,6765.5,6767,0,0,0,0,0,0,0,0,0
1759390200,6766.75,6769.5,6765,6767.5,0,1,0,0,0,0,0,0,0
1759391100,6767.5,6769,6766.5,6767.75,0,0,0,0,0,0,0,0,0
1759392000,6768,6774.25,6767.75,6770,0,0,0,0,0,0,0,0,0
1759392900,6770.25,6775,6770.25,6773.25,1,0,0,0,0,0,0,0,0
1759393800,6773.25,6773.75,6771,6772.25,0,0,0,0,0,0,0,0,0
1759394700,6772.5,6774,6771.5,6774,1,0,0,0,0,0,0,0,0
1759395600,6773.75,6773.75,6771,6772.5,0,0,0,0,0,0,0,0,0
1759396500,6772.25,6774.5,6770,6770.25,1,0,0,0,0,0,0,0,0
1759397400,6770,6770,6765.5,6768,0,1,0,0,0,0,0,0,0
1759398300,6768.25,6771.25,6768.25,6770.5,0,0,0,0,0,0,0,0,0
1759399200,6770.25,6775.25,6770,6772.25,1,0,0,0,0,0,0,0,0
1759400100,6772.25,6773.5,6771.5,6772,0,0,0,0,0,0,0,0,0
1759401000,6772.25,6774.25,6772,6772.75,1,0,0,0,0,0,0,0,0
1759401900,6773,6773,6771.25,6772.25,0,1,0,0,0,0,0,0,0
1759402800,6772.25,6776.25,6771.75,6775.25,0,0,0,0,0,0,0,0,0
1759403700,6775.25,6777,6774.25,6776.75,0,0,0,0,0,0,0,0,0
1759404600,6776.5,6777,6775,6776.25,0,0,0,0,0,0,0,0,0
1759405500,6776.25,6778.25,6774.75,6777.5,0,1,0,0,0,0,0,0,0
1759406400,6777.5,6779.5,6776,6779.5,0,0,0,0,0,0,0,0,0
1759407300,6779.25,6781,6778,6778.75,1,0,0,0,0,0,0,0,0
1759408200,6778.75,6780.75,6777.25,6777.5,0,0,0,0,0,0,0,0,0
1759409100,6777.5,6779.75,6776.75,6779.25,0,1,0,0,0,0,0,0,0
1759410000,6779.25,6782.25,6778.75,6779.75,1,0,0,0,0,0,0,0,0
1759410900,6780,6782,6778,6779.25,0,0,0,0,0,0,0,0,0
1759411800,6779,6780.25,6762.75,6764.75,0,0,0,0,0,0,0,0,0
1759412700,6764.5,6770.75,6761.5,6768.25,0,0,0,0,0,0,0,0,0
1759413600,6768.5,6769.5,6758.75,6760.25,0,0,0,0,0,0,0,0,0
1759414500,6760.25,6764.25,6756.75,6761.5,0,0,0,0,0,0,0,0,0
1759415400,6761.25,6764.75,6756,6757.5,1,0,0,0,0,0,0,0,0
1759416300,6757.75,6758.75,6749.5,6749.75,0,0,0,0,0,0,0,0,0
1759417200,6750,6755.5,6744.25,6748.25,0,1,0,0,0,0,0,0,0
1759418100,6748.25,6753.5,6745.75,6750.75,0,0,0,0,0,0,0,0,0
1759419000,6750.75,6751,6741.5,6747.5,0,1,0,0,0,0,0,0,0
1759419900,6747.25,6758.5,6745.5,6757.75,1,0,0,0,0,0,0,0,0
1759420800,6757.5,6757.75,6750.25,6754.75,0,0,0,0,0,0,0,0,0
1759421700,6754.5,6756.75,6752.25,6755.5,0,0,0,0,0,0,0,0,0
1759422600,6755.25,6757.25,6749.25,6753.25,0,1,0,0,0,0,0,0,0
1759423500,6753.25,6760.25,6752.75,6758.5,1,0,0,0,0,0,0,0,0
1759424400,6758.25,6758.75,6753.25,6758.5,0,0,0,0,0,0,0,0,0
1759425300,6758.75,6761.25,6756.25,6759,0,0,0,0,0,0,0,0,0
1759426200,6759.25,6764.75,6757.25,6762.5,1,0,0,0,0,0,0,0,0
1759427100,6762.5,6764.25,6760.25,6763,0,0,0,0,0,0,0,0,0
1759428000,6762.75,6769.5,6762.5,6768.25,0,0,0,0,0,0,0,0,0
1759428900,6768.25,6770.75,6767.25,6769.75,0,0,0,0,0,0,0,0,0
1759429800,6769.75,6771.5,6767.5,6769,1,0,0,0,0,0,0,0,0
1759430700,6769,6770,6766.25,6767.75,0,1,0,0,0,0,0,0,0
1759431600,6767.75,6770.5,6767.5,6768.5,1,0,0,0,0,0,0,0,0
1759432500,6768.25,6770.25,6766,6768.75,0,0,0,0,0,0,0,0,0
1759433400,6768.75,6769,6763.5,6766.25,0,0,0,0,0,0,0,0,0
1759434300,6766.25,6769,6762.5,6766.5,0,1,0,0,0,0,0,0,0
1759435200,6766.75,6769.25,6766.5,6767,1,0,0,0,0,0,0,0,0
1759436100,6767,6767,6765,6765.25,0,0,0,0,0,0,0,0,0
1759437000,6765.5,6766,6763.75,6764,0,0,0,0,0,0,0,0,0
1759437900,6764.25,6766,6763.75,6765,0,0,0,0,0,0,0,0,0
1759442400,6764,6766.25,6763.5,6765.5,1,0,0,0,0,0,0,0,0
1759443300,6765.75,6766,6762.25,6762.5,0,0,0,0,0,0,0,0,0
1759444200,6762.5,6764,6758.5,6763.75,0,1,0,0,0,0,0,0,0
1759445100,6763.75,6765.75,6763,6765.25,0,0,0,0,0,0,0,0,0
1759446000,6765.5,6767.75,6763.75,6767.75,0,0,0,0,0,0,0,0,0
1759446900,6767.75,6768,6766.5,6767.75,0,0,0,0,0,0,0,0,0
1759447800,6768,6768.5,6767.25,6768,0,0,0,0,0,0,0,0,0
1759448700,6768,6769.5,6767,6769.5,0,0,0,0,0,0,0,0,0
1759449600,6769.25,6770.25,6767,6768.25,0,1,0,0,0,0,0,0,0
1759450500,6768.5,6771,6767.75,6770,0,0,0,0,0,0,0,0,0
1759451400,6770,6774,6769.5,6773.25,0,0,0,0,0,0,0,0,0
1759452300,6773.25,6775.25,6772.75,6773.25,1,0,0,0,0,0,0,0,0
1759453200,6773,6773.75,6771.5,6772.5,0,0,0,0,0,0,0,0,0
1759454100,6772.5,6773.25,6771.5,6772.75,0,1,0,0,0,0,0,0,0
1759455000,6772.75,6776.5,6772.25,6776.25,0,0,0,0,0,0,0,0,0
1759455900,6776.25,6777.75,6775.75,6777.75,0,0,0,0,0,0,0,0,0
1759456800,6777.75,6777.75,6773.5,6774.75,1,1,0,0,0,0,0,0,0
1759457700,6774.75,6776.75,6774.75,6776,0,0,0,0,0,0,0,0,0
1759458600,6776,6777.75,6775.5,6776.75,1,0,0,0,0,0,0,0,0
1759459500,6776.75,6777.25,6775.25,6776.5,0,1,0,0,0,0,0,0,0
1759460400,6776.5,6778.25,6776.25,6777.25,1,0,0,0,0,0,0,0,0
1759461300,6777.5,6777.75,6776.75,6777.25,0,0,0,0,0,0,0,0,0
1759462200,6777,6778.25,6776.5,6778,0,1,0,0,0,0,0,0,0
1759463100,6777.75,6780.75,6777.25,6779.75,0,0,0,0,0,0,0,0,0
1759464000,6780,6781.5,6779.5,6780,1,0,0,0,0,0,0,1,0
1759464900,6780.25,6780.25,6779.25,6779.75,0,0,0,0,0,0,0,0,0
1759465800,6779.75,6781.5,6779.25,6781.25,0,1,0,0,0,0,0,0,0
1759466700,6781.5,6781.5,6780.25,6781.5,0,0,0,0,0,0,0,0,0
1759467600,6781,6783,6781,6782,0,0,0,0,0,0,0,0,0
1759468500,6782,6783.75,6781,6783.5,0,0,0,0,0,0,0,0,0
1759469400,6783.5,6784.5,6783,6784.25,1,0,0,0,0,0,0,0,0
1759470300,6784,6784.25,6780.25,6780.25,0,0,0,0,0,0,0,0,0
1759471200,6780.25,6782,6777,6780.75,0,1,0,0,0,0,0,0,0
1759472100,6781,6782.5,6780.5,6782.25,0,0,0,0,0,0,0,0,0
1759473000,6782.25,6785,6782.25,6782.5,1,0,0,0,0,0,0,0,0
1759473900,6782.75,6784.25,6781.5,6783,0,1,0,0,0,0,0,0,0
1759474800,6783.25,6786.25,6782.5,6783.5,1,0,0,0,0,0,0,0,0
1759475700,6783.5,6785.25,6782,6782.75,0,0,0,0,0,0,0,0,0
1759476600,6782.75,6784.5,6782,6783.25,0,1,0,0,0,0,0,0,0
1759477500,6783.25,6785,6782.75,6784,0,0,0,0,0,0,0,0,0
1759478400,6784,6785.25,6782.5,6783.75,1,0,0,0,0,0,0,0,0
1759479300,6784,6784.75,6782.5,6783.75,0,0,0,0,0,0,0,0,0
1759480200,6783.5,6784.25,6782.5,6783.5,0,0,0,0,0,0,0,0,0
1759481100,6783.5,6784.5,6783,6784.5,0,0,0,0,0,0,0,0,0
1759482000,6784.5,6785.5,6783.25,6784.25,1,0,0,0,0,0,0,0,0
1759482900,6784.5,6784.75,6782.5,6783.5,0,1,0,0,0,0,0,0,0
1759483800,6783.5,6786.5,6783.25,6784.75,0,0,0,0,0,0,0,0,0
1759484700,6785,6787.5,6784.75,6787.25,0,0,0,0,0,0,0,0,0
1759485600,6787.25,6787.5,6784.75,6785.5,1,0,0,0,0,0,0,0,0
1759486500,6785.75,6786,6783.5,6783.75,0,0,0,0,0,0,0,0,0
1759487400,6783.75,6784.25,6779.75,6782.25,0,0,0,0,0,0,0,0,0
1759488300,6782.25,6783,6779.75,6780.25,0,0,0,0,0,0,0,0,0
1759489200,6780,6782.25,6778.25,6779.5,0,0,0,0,0,0,0,0,0
1759490100,6779.5,6780,6774.75,6775.75,0,0,0,0,0,0,0,0,0
1759491000,6775.75,6778.5,6773.25,6778,0,0,0,0,0,0,0,0,0
1759491900,6778,6779.5,6772,6773.75,1,1,0,0,0,0,0,0,0
1759492800,6774,6776.75,6773,6775.75,0,0,0,0,0,0,0,0,0
1759493700,6775.75,6776.5,6772.25,6774,0,0,0,0,0,0,0,0,0
1759494600,6773.5,6775.75,6769.5,6769.75,0,0,0,0,0,0,0,0,0
1759495500,6769.75,6771.75,6766.25,6770.5,0,1,0,0,0,0,0,0,0
1759496400,6770.5,6771.75,6768.75,6769,0,0,0,0,0,0,0,0,0
1759497300,6768.75,6773,6768,6772,0,1,0,0,0,0,0,0,0
1759498200,6772,6786,6771.25,6780.5,0,0,0,0,0,0,0,0,0
1759499100,6780.5,6788.5,6779,6780.75,1,0,0,0,0,0,0,0,0
1759500000,6780.25,6781.25,6772,6778.75,0,1,0,0,0,0,0,0,0
1759500900,6778.5,6788.25,6778.25,6786.75,0,0,0,0,0,0,0,0,0
1759501800,6786.5,6795.75,6785.75,6793.75,0,0,0,0,0,0,0,0,0
1759502700,6793.75,6795.75,6791.25,6793.75,1,0,0,0,0,0,0,0,0
1759503600,6794,6794.25,6788.25,6790.5,0,0,0,0,0,0,0,0,0
1759504500,6790.75,6792.25,6788.25,6790.75,0,0,0,0,0,0,0,0,0
1759505400,6790.5,6793,6786,6790.5,0,1,0,0,0,0,0,0,0
1759506300,6790.25,6799,6789.25,6798,0,0,0,0,0,0,0,0,0
1759507200,6798,6800,6796,6798.5,0,0,0,0,0,0,0,0,0
1759508100,6798.5,6800,6795.25,6797.5,1,0,0,0,0,0,0,0,0
1759509000,6797.5,6798.75,6794.5,6796,0,0,0,0,0,0,0,0,0
1759509900,6796,6797.25,6793.25,6795.5,0,0,0,0,0,0,0,0,0
1759510800,6795.25,6795.25,6777,6787.5,0,0,0,0,0,0,0,0,0
1759511700,6787.25,6787.5,6776,6776,0,0,0,0,0,0,0,0,0
1759512600,6776,6782.5,6771.75,6773,0,0,0,0,0,0,0,0,0
1759513500,6773,6774,6754,6764.5,0,1,0,0,0,0,0,0,0
1759514400,6764.5,6768.5,6755,6765.5,0,0,0,0,0,0,0,0,0
1759515300,6765.5,6779.75,6764.5,6778,1,0,0,0,0,0,0,0,0
1759516200,6778.25,6779.5,6768.5,6772,0,0,0,0,0,0,0,0,0
1759517100,6772,6772.25,6765.5,6771.5,0,1,0,0,0,0,0,0,0
1759518000,6771.5,6775.5,6769,6771.5,1,0,0,0,0,0,0,0,0
1759518900,6771.5,6772.75,6767,6769.25,0,1,0,0,0,0,0,0,0
1759519800,6769,6775.5,6768,6771.5,1,0,0,0,0,0,0,0,0
1759520700,6771.5,6773.5,6760.75,6765,0,0,0,0,0,0,0,0,0
1759521600,6765,6766.75,6760,6762,0,1,0,0,0,0,0,0,0
1759522500,6762,6762.75,6760.75,6762,0,0,0,0,0,0,0,0,0
1759523400,6762.25,6763.75,6761.5,6763.25,1,0,0,0,0,0,0,0,0
1759524300,6763.25,6763.5,6761.5,6763,0,0,0,0,0,0,0,0,0
1759701600,6768,6773.75,6766.75,6772.5,0,0,0,0,0,0,0,0,0
1759702500,6772.5,6775.5,6771.5,6774.25,1,0,0,0,0,0,0,0,0
1759703400,6774,6774.75,6773.25,6774.75,0,0,0,0,0,0,0,0,0
1759704300,6774.75,6777.5,6774.5,6776.5,0,0,0,0,0,0,0,0,0
1759705200,6776.5,6778.5,6776.25,6777,0,0,0,0,0,0,0,0,0
1759706100,6777,6779,6776.25,6779,0,0,0,0,0,0,0,0,0
1759707000,6779,6783,6779,6782.25,0,0,0,0,0,0,0,0,0
1759707900,6782.5,6783.5,6777.75,6778.25,1,0,0,0,0,0,0,0,0
1759708800,6778.5,6779.5,6775.75,6778.75,0,0,0,0,0,0,0,0,0
1759709700,6779,6779.25,6775.5,6776.5,0,0,0,0,0,0,0,0,0
1759710600,6776.5,6777,6774.75,6775.75,0,1,0,0,0,0,0,0,0
1759711500,6775.75,6777.75,6775,6777.75,0,0,0,0,0,0,0,0,0
1759712400,6777.75,6778,6775.75,6777.5,1,0,0,0,0,0,0,0,0
1759713300,6777.75,6777.75,6775.75,6777.5,0,0,0,0,0,0,0,0,0
1759714200,6777.5,6779.75,6777.25,6778.5,0,0,0,0,0,0,0,0,0
1759715100,6778.75,6780,6778,6779.75,0,0,0,0,0,0,0,0,0
1759716000,6779.75,6780.5,6778.75,6780.25,0,0,0,0,0,0,0,0,0
1759716900,6780.25,6781.25,6780,6780.5,0,0,0,0,0,0,0,0,0
1759717800,6780.25,6781.5,6780,6781.25,0,0,0,0,0,0,0,0,0
1759718700,6781,6782,6780.5,6781.75,0,0,0,0,0,0,0,0,0
1759719600,6781.5,6785,6781.5,6784.5,1,0,0,0,0,0,0,0,0
1759720500,6784.25,6784.5,6783.5,6784,0,0,0,0,0,0,0,0,0
1759721400,6784,6784.75,6782.5,6784.5,0,1,0,0,0,0,0,0,0
1759722300,6784.75,6785.5,6783,6783.25,1,0,0,0,0,0,0,0,0
1759723200,6783.25,6784.5,6779.25,6784.25,0,1,0,1,0,0,0,0,0
1759724100,6784.25,6785,6782.5,6784.75,0,0,0,0,0,0,0,0,0
1759725000,6785,6787.5,6785,6787,1,0,0,0,0,0,0,0,0
1759725900,6787.25,6787.25,6785.25,6786,0,0,0,0,0,0,0,0,0
1759726800,6785.75,6786.25,6782.25,6782.5,0,0,0,0,0,0,0,0,0
1759727700,6782.25,6783.25,6782,6782.25,0,0,0,0,0,0,0,0,0
1759728600,6782,6783,6781.25,6782.5,0,1,0,0,0,0,0,0,0
1759729500,6782.5,6783.75,6782.25,6782.5,1,0,0,0,0,0,0,0,0
1759730400,6782.75,6783.5,6780.5,6782.5,0,1,0,0,0,0,0,0,0
1759731300,6782.5,6784,6780.75,6782.5,0,0,0,0,0,0,0,0,0
1759732200,6782.5,6785.25,6781.75,6783.75,0,0,0,0,0,0,0,0,0
1759733100,6783.75,6785.75,6783.75,6784.5,1,0,0,0,0,0,0,0,0
1759734000,6784.5,6785,6781.75,6784,0,0,0,0,0,0,0,0,0
1759734900,6783.75,6785,6780,6781.25,0,0,0,0,0,0,0,0,0
1759735800,6781.5,6781.75,6771.75,6778.5,0,1,0,0,0,0,0,0,0
1759736700,6778.25,6780.75,6776,6778.25,0,0,0,0,0,0,0,0,0
1759737600,6778.25,6784.75,6778,6782.75,1,0,0,0,0,0,0,0,0
1759738500,6782.25,6782.5,6779.75,6781.25,0,0,0,0,0,0,0,0,0
1759739400,6781.5,6783,6780.5,6782.25,0,0,0,0,0,0,0,0,0
1759740300,6782.25,6783.25,6780,6782.5,0,1,0,0,0,0,0,0,0
1759741200,6782.75,6783.75,6782,6783,0,0,0,0,0,0,0,0,0
1759742100,6783.25,6786.75,6782.75,6786.5,0,0,0,0,0,0,0,0,0
1759743000,6786.75,6789,6785.5,6787.5,1,0,0,0,0,0,0,0,0
1759743900,6787.75,6788.75,6786.75,6788.75,0,0,0,0,0,0,0,0,0
1759744800,6788.5,6790,6786.75,6787.25,1,0,0,0,0,0,0,0,0
1759745700,6787.5,6788.75,6786.25,6788.5,0,1,0,0,0,0,0,0,0
1759746600,6788.5,6790.5,6788.5,6789.5,0,0,0,0,0,0,0,0,0
1759747500,6789.5,6793.75,6789,6789.5,1,0,0,0,0,0,0,0,0
1759748400,6789.75,6790,6784.5,6786,0,0,0,0,0,0,0,0,0
1759749300,6786,6786,6781.5,6784.5,0,1,0,0,0,0,0,0,0
1759750200,6784.25,6786.75,6782.25,6784.5,0,0,0,0,0,0,0,0,0
1759751100,6784.5,6788.25,6784.5,6788,0,0,0,0,0,0,0,0,0
1759752000,6788.25,6794.25,6787,6792.25,1,0,0,0,0,0,0,0,0
1759752900,6792.5,6792.75,6787.75,6789.5,0,0,0,0,0,0,0,0,0
1759753800,6789.5,6789.75,6784.75,6785,0,0,0,0,0,0,0,0,0
1759754700,6785,6785.75,6782.25,6782.5,0,0,0,0,0,0,0,0,0
1759755600,6782.5,6786,6781.25,6786,0,1,0,0,0,0,0,0,0
1759756500,6786,6790.25,6784.25,6789,1,0,0,0,0,0,0,0,0
1759757400,6788.5,6788.75,6772.75,6775.5,0,0,0,0,0,0,0,0,0
1759758300,6775.5,6781,6771,6772.25,0,0,0,0,0,0,0,0,0
1759759200,6772.25,6775.25,6766.25,6775,0,1,0,0,0,0,0,0,0
1759760100,6775.25,6779.25,6773.25,6777.25,0,0,0,0,0,0,0,0,0
1759761000,6777,6780.5,6773.5,6777.25,0,0,0,0,0,0,0,0,0
1759761900,6777.25,6781,6775.5,6780,0,0,0,0,0,0,0,0,0
1759762800,6779.75,6784.5,6778.75,6781,0,0,0,0,0,0,0,0,0
1759763700,6781,6786,6781,6784,0,0,0,0,0,0,0,0,0
1759764600,6783.75,6786.75,6782.75,6786.5,0,0,0,0,0,0,0,0,0
1759765500,6786.5,6791.75,6786.25,6790.5,1,0,0,0,0,0,0,0,0
1759766400,6790.5,6791.25,6785.25,6786.5,0,0,0,0,0,0,0,0,0
1759767300,6786.5,6791.25,6785.25,6790.75,0,1,0,0,0,0,0,0,0
1759768200,6790.5,6791,6786,6788,0,0,0,0,0,0,0,0,0
1759769100,6788,6790.25,6787.25,6789.5,0,0,0,0,0,0,0,0,0
1759770000,6789.75,6790,6785.75,6788,0,1,0,0,0,0,0,0,0
1759770900,6788.25,6796,6786.5,6793.25,1,0,0,0,0,0,0,0,0
1759771800,6793.5,6794.75,6790.25,6791,0,0,0,0,0,0,0,0,0
1759772700,6791,6796,6790.5,6795,0,0,0,0,0,0,0,0,0
1759773600,6795.25,6797.25,6793.25,6794.25,1,0,0,0,0,0,0,0,0
1759774500,6794.25,6796.25,6792.75,6795,0,1,0,0,0,0,0,0,0
1759775400,6794.75,6797.5,6793.25,6793.75,1,0,0,0,0,0,0,0,0
1759776300,6794,6796,6792.25,6793.5,0,0,0,0,0,0,0,0,0
1759777200,6793.5,6793.75,6791,6792.5,0,0,0,0,0,0,0,0,0
1759778100,6792.75,6793,6788.5,6789.75,0,0,0,0,0,0,0,0,0
1759779000,6789.5,6791.75,6788,6790.75,0,0,0,0,0,0,0,0,0
1759779900,6790.75,6793.75,6788,6788.5,1,0,0,0,0,0,0,0,0
1759780800,6788.5,6790.25,6787,6788.75,0,1,0,0,0,0,0,0,0
1759781700,6789,6790.5,6788.5,6790,0,0,0,0,0,0,0,0,0
1759782600,6789.75,6791.25,6789.75,6790.5,0,0,0,0,0,0,0,0,0
1759783500,6790.25,6791.25,6789.75,6790.25,0,0,0,0,0,0,0,0,0
1759788000,6790,6793,6789.75,6790.75,1,0,0,0,0,0,0,0,0
1759788900,6790.75,6792.25,6789.75,6790.25,0,0,0,0,0,0,0,0,0
1759789800,6790.75,6790.75,6782.5,6783.5,0,0,0,0,0,0,0,0,0
1759790700,6783.75,6785.25,6777.25,6778.5,0,0,0,0,0,0,0,0,0
1759791600,6778.5,6779.5,6776.25,6778.25,0,1,0,0,0,0,0,0,0
1759792500,6778,6781.25,6777.25,6779.75,0,0,0,0,0,0,0,0,0
1759793400,6780,6781.5,6778.5,6781,1,0,0,0,0,0,0,0,0
1759794300,6781,6781.25,6777.75,6778.5,0,0,0,0,0,0,0,0,0
1759795200,6778.25,6779.75,6775.75,6777.25,0,1,0,0,0,0,0,0,0
1759796100,6777.5,6779.25,6776.75,6778,0,0,0,0,0,0,0,0,0
1759797000,6778.25,6779,6775.75,6777,0,0,0,0,0,0,0,0,0
1759797900,6777,6778.25,6775.25,6777.25,0,1,0,0,0,0,0,0,0
1759798800,6777.25,6779.25,6776.5,6777.25,1,0,0,0,0,0,0,0,0
1759799700,6777.5,6779,6775.25,6778.25,0,1,0,0,0,0,0,0,0
1759800600,6778.5,6778.75,6777,6778,0,0,0,0,0,0,0,0,0
1759801500,6778.25,6780.5,6777.25,6780,0,0,0,0,0,0,0,0,0
1759802400,6780,6781.5,6779,6781.5,0,0,0,0,0,0,0,0,0
1759803300,6781.25,6781.5,6778.25,6779.75,1,1,0,0,0,0,0,0,0
1759804200,6779.75,6780.5,6778.75,6779.5,0,0,0,0,0,0,0,0,0
1759805100,6779.25,6780.5,6779,6780.5,0,0,0,0,0,0,0,0,0
1759806000,6780,6781.25,6778.75,6781.25,0,1,0,0,0,0,0,0,0
1759806900,6781,6782.25,6780.75,6781.25,1,0,0,0,0,0,0,0,0
1759807800,6781,6782,6779.25,6781.5,0,1,0,0,0,0,0,0,0
1759808700,6781.75,6781.75,6781,6781,0,0,0,0,0,0,0,0,0
1759809600,6781.25,6785,6780.5,6784.5,0,1,0,0,1,0,0,0,0
1759810500,6784.75,6785.75,6783.5,6785,0,0,0,0,0,0,0,0,0
1759811400,6785,6786.25,6784,6784.25,1,0,0,0,0,0,0,0,0
1759812300,6784,6785.75,6783.5,6785.5,0,0,0,0,0,0,0,0,0
1759813200,6785.25,6785.75,6782.5,6784.25,0,1,0,0,0,0,0,0,0
1759814100,6784.25,6785.25,6783.25,6785,0,0,0,0,0,0,0,0,0
1759815000,6785,6786,6784.25,6785.75,1,0,0,0,0,0,0,0,0
1759815900,6785.75,6785.75,6782.5,6783,0,0,0,0,0,0,0,0,0
1759816800,6782.75,6784.25,6781.5,6782,0,0,0,0,0,0,0,0,0
1759817700,6782,6782.5,6777,6777.75,0,0,0,0,0,0,0,0,0
1759818600,6777.5,6780,6775.75,6778.75,0,1,0,0,0,0,0,0,0
1759819500,6778.75,6781.5,6778.25,6780.75,0,0,0,0,0,0,0,0,0
1759820400,6781.25,6781.75,6777.5,6778.5,1,0,0,0,0,0,0,0,0
1759821300,6778.5,6780.25,6776.25,6780.25,0,1,0,0,0,0,0,0,0
1759822200,6780.25,6780.75,6777.5,6778.75,0,0,0,0,0,0,0,0,0
1759823100,6778.75,6780.75,6777.5,6779.75,0,0,0,0,0,0,0,0,0
1759824000,6780,6780.75,6776.5,6778.25,0,0,0,0,0,0,0,0,0
1759824900,6778.5,6779.5,6775.25,6776,0,0,0,0,0,0,0,0,0
1759825800,6776,6779.75,6774,6779.5,0,1,0,0,0,0,0,0,0
1759826700,6779.25,6783.75,6779,6783,0,0,0,0,0,0,0,0,0
1759827600,6783,6785.5,6782.25,6785.5,0,0,0,0,0,0,0,0,0
1759828500,6785.25,6786,6784.25,6785,0,0,0,0,0,0,0,0,0
1759829400,6785,6786.25,6784.75,6785.25,0,0,0,0,0,0,0,0,0
1759830300,6784.75,6786.75,6784.5,6786.5,0,0,0,0,0,0,0,0,0
1759831200,6786.25,6787.5,6784.25,6787.25,0,1,0,0,0,0,0,0,0
1759832100,6787.5,6787.75,6785.5,6787,0,0,0,0,0,0,0,0,0
1759833000,6787.25,6789.5,6786.25,6786.5,1,0,0,0,0,0,0,0,0
1759833900,6786.75,6787.75,6785.25,6785.5,0,1,0,0,0,0,0,0,0
1759834800,6785.5,6787,6785.5,6786.75,0,0,0,0,0,0,0,0,0
1759835700,6786.75,6786.75,6784.75,6786,0,1,0,0,0,0,0,0,0
1759836600,6786,6787.25,6785,6785.75,0,0,0,0,0,0,0,0,0
1759837500,6786,6791.5,6785.5,6791.5,0,0,0,0,0,0,0,0,0
1759838400,6791.5,6792,6788.5,6789.5,1,0,0,0,0,0,0,0,0
1759839300,6789.5,6791.5,6789.25,6791,0,0,0,0,0,0,0,0,0
1759840200,6791,6794.25,6790.25,6794.25,0,0,0,0,0,0,0,0,0
1759841100,6794.25,6799.5,6792.75,6798.75,0,0,0,0,0,0,0,0,0
1759842000,6798.75,6802.75,6797.25,6798,1,0,0,0,0,0,0,0,0
1759842900,6798,6798.5,6796.25,6797.25,0,0,0,0,0,0,0,0,0
1759843800,6797,6801.75,6793.5,6798,1,0,0,0,0,0,0,0,0
1759844700,6797.75,6799.25,6792.5,6794.25,0,0,0,0,0,0,0,0,0
1759845600,6794,6795.25,6789,6791.25,0,0,0,0,0,0,0,0,0
1759846500,6791.25,6793.25,6783.75,6784,0,0,0,0,0,0,0,0,0
1759847400,6784,6788.25,6779.5,6781.75,0,0,0,0,0,0,0,0,0
1759848300,6781.5,6784.5,6776.75,6780.25,0,0,0,0,0,0,0,0,0
1759849200,6780.25,6782.25,6759,6766.25,0,1,0,0,0,0,0,0,0
1759850100,6766.25,6771.75,6761,6763.75,0,0,0,0,0,0,0,0,0
1759851000,6763.5,6765,6751,6756.25,0,0,0,0,0,0,0,0,0
1759851900,6756.25,6756.5,6747.25,6753.25,0,1,0,0,0,0,0,0,0
1759852800,6753.25,6759,6749,6750,1,0,0,0,0,0,0,0,0
1759853700,6749.75,6758.75,6747.25,6754.5,0,1,0,0,0,0,0,0,0
1759854600,6754.5,6766.25,6754.25,6762.25,1,0,0,0,0,0,0,0,0
1759855500,6762.25,6762.75,6751.75,6754.25,0,1,0,0,0,0,0,0,0
1759856400,6754.5,6764.75,6752.5,6761.75,1,0,0,0,0,0,0,0,0
1759857300,6762,6763.5,6758,6760.75,0,0,0,0,0,0,0,0,0
1759858200,6760.5,6760.75,6753.5,6759.75,0,0,0,0,0,0,0,0,0
1759859100,6759.75,6762.75,6753.25,6753.75,1,0,0,0,0,0,0,0,0
1759860000,6754,6759.75,6748.5,6756.25,0,1,0,0,0,0,0,0,0
1759860900,6756.25,6759,6753.75,6756.75,0,0,0,0,0,0,0,0,0
1759861800,6756.75,6760.5,6756,6758.75,0,0,0,0,0,0,0,0,0
1759862700,6758.5,6761.5,6757,6761.25,0,0,0,0,0,0,0,0,0
1759863600,6761.25,6762,6756.25,6757.5,1,0,0,0,0,0,0,0,0
1759864500,6757.5,6759,6755.75,6756.5,0,1,0,0,0,0,0,0,0
1759865400,6756.25,6764.25,6756,6764,0,0,0,0,0,0,0,0,0
1759866300,6764.25,6765,6758,6762.75,0,0,0,0,0,0,0,0,0
1759867200,6762.75,6767.75,6762.25,6766.5,1,0,0,0,0,0,0,0,0
1759868100,6766.5,6766.75,6765,6766.5,0,0,0,0,0,0,0,0,0
1759869000,6766.75,6767.5,6766,6766.75,0,0,0,0,0,0,0,0,0
1759869900,6766.75,6767.5,6765,6765,0,0,0,0,0,0,0,0,0
1759874400,6766,6769,6764.5,6766,0,1,0,0,0,0,0,0,0
1759875300,6766,6769,6765.75,6768.75,0,0,0,0,0,0,0,0,0
1759876200,6769,6770.25,6768,6769.5,0,0,0,0,0,0,0,0,0
1759877100,6769.5,6770.25,6768.75,6769.25,1,0,0,0,0,0,0,0,0
1759878000,6769.5,6769.5,6763.25,6764,0,0,0,0,0,0,0,0,0
1759878900,6763.75,6764,6760.25,6762.5,0,0,0,0,0,0,0,0,0
1759879800,6762.25,6762.5,6758.5,6760.5,0,1,0,0,0,0,0,0,0
1759880700,6761,6762,6759.25,6759.25,0,0,0,0,0,0,0,0,0
1759881600,6759.25,6761.75,6758.5,6758.75,0,0,0,0,0,0,0,0,0
1759882500,6758.75,6762,6758,6760.75,0,1,0,0,0,0,0,0,0
1759883400,6761,6763.5,6760.25,6761.25,0,0,0,0,0,0,0,0,0
1759884300,6761.5,6766.25,6761.25,6765.25,0,0,0,0,0,0,0,0,0
1759885200,6765.25,6769.75,6764.75,6767.75,1,0,0,0,0,0,0,0,0
1759886100,6767.75,6769.5,6767,6769,0,0,0,0,0,0,0,0,0
1759887000,6769,6770,6767.5,6768.25,0,0,0,0,0,0,0,0,0
1759887900,6768.5,6770,6767.75,6768.25,0,0,0,0,0,0,0,0,0
1759888800,6768.25,6770.25,6768,6769.75,0,0,0,0,0,0,0,0,0
1759889700,6769.75,6772.5,6769.75,6772.25,1,0,0,0,0,0,0,0,0
1759890600,6772.25,6772.25,6769,6769,0,0,0,0,0,0,0,0,0
1759891500,6769.25,6771.25,6768,6771.25,0,1,0,0,0,0,0,0,0
1759892400,6771.25,6771.25,6769.5,6770.5,0,0,0,0,0,0,0,0,0
1759893300,6770.5,6772.25,6770.25,6771.5,1,0,0,0,0,0,0,0,0
1759894200,6771.25,6772,6770,6771,0,1,0,0,0,0,0,0,0
1759895100,6771.25,6771.75,6770.5,6771.5,0,0,0,0,0,0,0,0,0
1759896000,6771.25,6772.25,6770.75,6770.75,1,0,0,0,0,1,0,0,0
1759896900,6770.75,6772,6770.25,6771.5,0,0,0,0,0,0,0,0,0
1759897800,6771.25,6771.75,6769,6769.75,0,1,0,0,0,0,0,0,0
1759898700,6769.75,6771,6769.5,6770.25,0,0,0,0,0,0,0,0,0
1759899600,6770.25,6770.25,6766.25,6766.75,0,0,0,0,0,0,0,0,0
1759900500,6767.25,6768.5,6765,6766.5,0,0,0,0,0,0,0,0,0
1759901400,6766.5,6767.25,6765,6766,0,0,0,0,0,0,0,0,0
1759902300,6766,6766.25,6764.25,6764.5,0,0,0,0,0,0,0,0,0
1759903200,6764.75,6765.75,6761.25,6763.25,0,0,0,0,0,0,0,0,0
1759904100,6763.25,6764,6761,6761.25,0,0,0,0,0,0,0,0,0
1759905000,6761.25,6762.75,6759.25,6760.5,0,1,0,0,0,0,0,0,0
1759905900,6760.5,6764.5,6760,6763.75,0,0,0,0,0,0,0,0,0
1759906800,6763.75,6766.75,6762,6763.25,0,0,0,0,0,0,0,0,0
1759907700,6763.25,6767.75,6763,6767,0,0,0,0,0,0,0,0,0
1759908600,6767.25,6770.5,6766.25,6770,0,0,0,0,0,0,0,0,0
1759909500,6769.75,6772.75,6768.75,6771.5,0,0,0,0,0,0,0,0,0
1759910400,6771.5,6772.75,6770.5,6771.75,0,0,0,0,0,0,0,0,0
1759911300,6771.75,6772.75,6770.25,6771.25,0,1,0,0,0,0,0,0,0
1759912200,6771.5,6774,6771.5,6773.75,0,0,0,0,0,0,0,0,0
1759913100,6773.75,6774.75,6766.25,6770.25,1,1,0,0,0,0,0,0,0
1759914000,6770,6773,6770,6771.25,0,0,0,0,0,0,0,0,0
1759914900,6771.25,6771.75,6768,6769.75,0,1,0,0,0,0,0,0,0
1759915800,6769.75,6773.25,6769,6771.75,1,0,0,0,0,0,0,0,0
1759916700,6771.75,6772.5,6770.25,6770.75,0,0,0,0,0,0,0,0,0
1759917600,6771,6771.75,6764.25,6768.5,0,1,0,0,0,0,0,0,0
1759918500,6768.5,6771,6768.25,6770.25,0,0,0,0,0,0,0,0,0
1759919400,6770.5,6773,6770.25,6771.25,0,0,0,0,0,0,0,0,0
1759920300,6771.25,6775,6771.25,6774.5,0,0,0,0,0,0,0,0,0
1759921200,6774.5,6776.25,6774,6774.25,1,0,0,0,0,0,0,0,0
1759922100,6774,6774.75,6767.5,6768,0,0,0,0,0,0,0,0,0
1759923000,6768.25,6772.25,6767.5,6771.75,0,1,0,0,0,0,0,0,0
1759923900,6771.5,6774.75,6771,6774,1,0,0,0,0,0,0,0,0
1759924800,6773.75,6774,6766.75,6766.75,0,0,0,0,0,0,0,0,0
1759925700,6766.75,6770.5,6766,6769.5,0,1,0,0,0,0,0,0,0
1759926600,6769.5,6771.5,6766.75,6770.75,0,0,0,0,0,0,0,0,0
1759927500,6770.75,6772.5,6769.5,6771.5,0,0,0,0,0,0,0,0,0
1759928400,6771.5,6773,6769.25,6772.25,0,1,0,0,0,0,0,0,0
1759929300,6772,6776.5,6771.75,6773.25,1,0,0,0,0,0,0,0,0
1759930200,6773.5,6775,6764.5,6767.75,0,1,0,0,0,0,0,0,0
1759931100,6767.5,6776.5,6766.75,6773.25,0,0,0,0,0,0,0,0,0
1759932000,6773.5,6791,6773.5,6788.75,1,0,0,0,0,0,0,0,0
1759932900,6788.5,6790.25,6782.75,6790.25,0,0,0,0,0,0,0,0,0
1759933800,6790,6793,6786.75,6788,1,0,0,0,0,0,0,0,0
1759934700,6788,6790,6784.5,6789,0,1,0,0,0,0,0,0,0
1759935600,6788.75,6793.75,6787.75,6792.75,0,0,0,0,0,0,0,0,0
1759936500,6792.75,6799,6791.25,6796.75,1,0,0,0,0,0,0,0,0
1759937400,6796.75,6798,6795,6796.5,0,0,0,0,0,0,0,0,0
1759938300,6796.75,6801.25,6796.5,6799.25,0,0,0,0,0,0,0,0,0
1759939200,6799.25,6801.25,6797.5,6800.75,0,0,0,0,0,0,0,0,0
1759940100,6800.75,6802.75,6797,6798,1,0,0,0,0,0,0,0,0
1759941000,6798,6799.5,6796,6797,0,0,0,0,0,0,0,0,0
1759941900,6797,6798.75,6793.75,6798.75,0,1,0,0,0,0,0,0,0
1759942800,6798.75,6799.75,6795.75,6798.25,0,0,0,0,0,0,0,0,0
1759943700,6798.25,6801.75,6798,6800.25,1,0,0,0,0,0,0,0,0
1759944600,6800.5,6801.5,6797.5,6797.5,0,0,0,0,0,0,0,0,0
1759945500,6797.75,6801.5,6796.5,6797.75,0,0,0,0,0,0,0,0,0
1759946400,6797.5,6802.5,6796.25,6801,0,1,0,0,0,0,0,0,0
1759947300,6801.25,6802.75,6798.75,6799.25,1,0,0,0,0,0,0,0,0
1759948200,6799.25,6800,6795,6795,0,0,0,0,0,0,0,0,0
1759949100,6795,6796,6792.5,6793.5,0,0,0,0,0,0,0,0,0
1759950000,6793.25,6797.5,6792.25,6797.5,0,1,0,0,0,0,0,0,0
1759950900,6797.5,6801.25,6797.25,6800,0,0,0,0,0,0,0,0,0
1759951800,6799.75,6801.25,6797.75,6798.5,0,0,0,0,0,0,0,0,0
1759952700,6798.5,6803.25,6798,6801.75,0,0,0,0,0,0,0,0,0
1759953600,6801.75,6803.5,6800,6803.25,0,0,0,0,0,0,0,0,0
1759954500,6803,6807.75,6802.75,6807,1,0,0,0,0,0,0,0,0
1759955400,6806.75,6807.5,6805.75,6806.5,0,0,0,0,0,0,0,0,0
1759956300,6806.5,6806.5,6802.5,6803.25,0,0,0,0,0,0,0,0,0
1759960800,6803.25,6807,6802,6806.5,0,1,0,0,0,0,0,0,0
1759961700,6806.5,6807.75,6804.5,6806.75,1,0,0,0,0,0,0,0,0
1759962600,6807,6807.5,6805.25,6806.75,0,0,0,0,0,0,0,0,0
1759963500,6806.75,6807.5,6806,6806.75,0,0,0,0,0,0,0,0,0
1759964400,6807,6809,6805.5,6809,0,1,0,0,0,0,0,0,0
1759965300,6809,6812.25,6808.5,6811.5,1,0,0,0,0,0,0,0,0
1759966200,6811.5,6812,6809.75,6810.25,0,0,0,0,0,0,0,0,0
1759967100,6810.25,6810.75,6807.75,6808.75,0,0,0,0,0,0,0,0,0
1759968000,6808.75,6808.75,6806.25,6806.75,0,0,0,0,0,0,0,0,0
1759968900,6806.75,6807.25,6804.75,6806.5,0,1,0,0,0,0,0,0,0
1759969800,6806.75,6807.5,6806,6806.5,0,0,0,0,0,0,0,0,0
1759970700,6806.5,6807.5,6805.25,6806,0,0,0,0,0,0,0,0,0
1759971600,6806,6808,6800,6800,1,0,0,0,0,0,0,0,0
1759972500,6800,6803.25,6799,6802.75,0,0,0,0,0,0,0,0,0
1759973400,6802.75,6802.75,6797.75,6799.75,0,1,0,0,0,0,0,0,0
1759974300,6799.75,6800.25,6798.5,6799.25,0,0,0,0,0,0,0,0,0
1759975200,6799.25,6799.25,6796.25,6798,0,0,0,0,0,0,0,0,0
1759976100,6798,6799,6796.25,6799,0,0,0,0,0,0,0,0,0
1759977000,6799,6799.75,6796.25,6796.75,1,0,0,0,0,0,0,0,0
1759977900,6797,6797,6794.5,6795,0,1,0,0,0,0,0,0,0
1759978800,6795.25,6797,6795,6796.75,0,0,0,0,0,0,0,0,0
1759979700,6796.5,6800.5,6796,6796.5,1,0,0,0,0,0,0,0,0
1759980600,6796.25,6797.75,6795.5,6797.5,0,1,0,0,0,0,0,0,0
1759981500,6797.5,6798.25,6796.75,6797.25,0,0,0,0,0,0,0,0,0
1759982400,6797.25,6798.75,6797,6798.5,0,0,0,0,0,0,1,0,0
1759983300,6798.25,6801,6798.25,6800,1,0,0,0,0,0,0,0,0
1759984200,6800,6800.5,6798.5,6800.5,0,0,0,0,0,0,0,0,0
1759985100,6800.5,6802,6799.75,6801.5,0,0,0,0,0,0,0,0,0
1759986000,6801.75,6803,6800.5,6802.25,0,0,0,0,0,0,0,0,0
1759986900,6802.25,6805.25,6801.5,6805,0,0,0,0,0,0,0,0,0
1759987800,6804.75,6806.75,6804.25,6804.5,1,0,0,0,0,0,0,0,0
1759988700,6804.25,6805,6802.25,6805,0,1,0,0,0,0,0,0,0
1759989600,6805,6807.25,6804.25,6807,0,0,0,0,0,0,0,0,0
1759990500,6807.25,6807.25,6803,6803.5,1,1,0,0,0,0,0,0,0
1759991400,6803.5,6806,6803.25,6804.25,0,0,0,0,0,0,0,0,0
1759992300,6804.5,6805.25,6799.25,6801.5,0,1,0,0,0,0,0,0,0
1759993200,6801.5,6804,6800.75,6803,0,0,0,0,0,0,0,0,0
1759994100,6802.75,6804.25,6800.75,6801.25,1,0,0,0,0,0,0,0,0
1759995000,6801,6802,6799.25,6802,0,1,0,0,0,0,0,0,0
1759995900,6801.75,6803.75,6801,6801.5,1,0,0,0,0,0,0,0,0
1759996800,6801.25,6802.5,6798.5,6799.25,0,0,0,0,0,0,0,0,0
1759997700,6799.5,6801.25,6797.75,6800,0,0,0,0,0,0,0,0,0
1759998600,6800,6800.25,6795.75,6796.5,0,1,0,0,0,0,0,0,0
1759999500,6796.5,6798.75,6796,6797.5,0,0,0,0,0,0,0,0,0
1760000400,6797.25,6800.75,6795.75,6800.5,0,1,0,0,0,0,0,0,0
1760001300,6800.75,6801,6799,6800.5,0,0,0,0,0,0,0,0,0
1760002200,6800.5,6803.75,6800.5,6802,1,0,0,0,0,0,0,0,0
1760003100,6802.25,6802.5,6800,6800.25,0,0,0,0,0,0,0,0,0
1760004000,6800.25,6802.5,6799,6801.75,0,0,0,0,0,0,0,0,0
1760004900,6802,6802.25,6797.75,6797.75,0,0,0,0,0,0,0,0,0
1760005800,6797.75,6799.75,6797.25,6798.5,0,1,0,0,0,0,0,0,0
1760006700,6798.5,6800.75,6797.5,6799.5,0,0,0,0,0,0,0,0,0
1760007600,6799.75,6803,6799.5,6801.75,0,0,0,0,0,0,0,0,0
1760008500,6801.5,6804.75,6800.75,6804.5,0,0,0,0,0,0,0,0,0
1760009400,6804.25,6805.5,6802,6802,1,0,0,0,0,0,0,0,0
1760010300,6802,6803.75,6799.75,6800,0,1,0,0,0,0,0,0,0
1760011200,6800,6802,6800,6800.5,0,0,0,0,0,0,0,0,0
1760012100,6800.5,6803.5,6800.25,6803.25,0,0,0,0,0,0,0,0,0
1760013000,6803,6804.25,6801,6803.5,0,0,0,0,0,0,0,0,0
1760013900,6803.5,6805.25,6801.75,6804.75,1,0,0,0,0,0,0,0,0
1760014800,6805,6805,6801.5,6802.75,0,1,0,0,0,0,0,0,0
1760015700,6802.75,6806.25,6802.5,6805.5,0,0,0,0,0,0,0,0,0
1760016600,6805.5,6809.5,6796.25,6797,1,0,0,0,0,0,0,0,0
1760017500,6797.25,6800.75,6785.25,6788.75,0,0,0,0,0,0,0,0,0
1760018400,6788.75,6792.25,6783.75,6789.5,0,0,0,0,0,0,0,0,0
1760019300,6789.25,6789.5,6780.5,6781.5,0,0,0,0,0,0,0,0,0
1760020200,6781.5,6781.75,6771.25,6771.75,0,0,0,0,0,0,0,0,0
1760021100,6771.75,6784.5,6768.5,6782.75,0,1,0,0,0,0,0,0,0
1760022000,6782.75,6786,6781,6784.25,0,0,0,0,0,0,0,0,0
1760022900,6784.5,6788,6776,6777,1,0,0,0,0,0,0,0,0
1760023800,6776.75,6777.75,6769,6773.5,0,1,0,0,0,0,0,0,0
1760024700,6773.5,6784.5,6772.75,6782.25,0,0,0,0,0,0,0,0,0
1760025600,6782.5,6785.25,6779.75,6780.75,1,0,0,0,0,0,0,0,0
1760026500,6780.75,6783.25,6774.5,6778.75,0,0,0,0,0,0,0,0,0
1760027400,6778.75,6780.25,6770.75,6775.5,0,0,0,0,0,0,0,0,0
1760028300,6775.75,6780.5,6765.25,6767,1,0,0,0,0,0,0,0,0
1760029200,6767,6773,6763.25,6767.25,0,0,0,0,0,0,0,0,0
1760030100,6767.25,6770,6761.75,6763.5,0,0,0,0,0,0,0,0,0
1760031000,6763.5,6772.5,6760.75,6769,0,1,0,0,0,0,0,0,0
1760031900,6769,6772.75,6767,6770.75,1,0,0,0,0,0,0,0,0
1760032800,6770.5,6771.25,6762.25,6766.75,0,1,0,0,0,0,0,0,0
1760033700,6766.5,6772.25,6765.75,6767,1,0,0,0,0,0,0,0,0
1760034600,6767,6768.75,6764.25,6766.5,0,0,0,0,0,0,0,0,0
1760035500,6766.5,6769.75,6763.75,6768,0,1,0,0,0,0,0,0,0
1760036400,6768,6773.75,6767,6771,0,0,0,0,0,0,0,0,0
1760037300,6771.25,6776,6769.5,6774.75,0,0,0,0,0,0,0,0,0
1760038200,6774.5,6779.5,6773.5,6778.75,0,0,0,0,0,0,0,0,0
1760039100,6779,6781.75,6774.5,6781,0,0,0,0,0,0,0,0,0
1760040000,6781,6782.5,6778.25,6778.75,1,0,0,0,0,0,0,0,0
1760040900,6779,6779.25,6776,6777.25,0,0,0,0,0,0,0,0,0
1760041800,6777.25,6778.75,6775.25,6778.75,0,1,0,0,0,0,0,0,0
1760042700,6778.5,6779.75,6776.75,6779.75,0,0,0,0,0,0,0,0,0
1760047200,6779.75,6784,6779.5,6780.75,1,0,0,0,0,0,0,0,0
1760048100,6780.5,6782.75,6780,6781,0,0,0,0,0,0,0,0,0
1760049000,6781.5,6786.5,6781.5,6785.75,1,0,0,0,0,0,0,0,0
1760049900,6786,6786.25,6784,6785.25,0,0,0,0,0,0,0,0,0
1760050800,6785.5,6786.75,6784,6785,1,0,0,0,0,0,0,0,0
1760051700,6785,6786.5,6784.5,6785.75,0,0,0,0,0,0,0,0,0
1760052600,6785.75,6786.5,6784.25,6785.25,0,1,0,0,0,0,0,0,0
1760053500,6785.25,6789.5,6785,6789.25,0,0,0,0,0,0,0,0,0
1760054400,6789.25,6792,6785.75,6787.25,1,0,0,0,0,0,0,0,0
1760055300,6787,6787.5,6786.25,6786.75,0,0,0,0,0,0,0,0,0
1760056200,6786.75,6787.75,6786,6787,0,1,0,0,0,0,0,0,0
1760057100,6787,6791,6786.5,6790,1,0,0,0,0,0,0,0,0
1760058000,6790.25,6790.75,6789.25,6790,0,0,0,0,0,0,0,0,0
1760058900,6790,6792.75,6790,6792.25,0,0,0,0,0,0,0,0,0
1760059800,6792.5,6792.75,6790.25,6791.25,0,0,0,0,0,0,0,0,0
1760060700,6791.25,6792.75,6791,6792.5,0,0,0,0,0,0,0,0,0
1760061600,6792.25,6792.5,6790.75,6791,0,0,0,0,0,0,0,0,0
1760062500,6791,6792,6790.75,6791.5,0,1,0,0,0,0,0,0,0
1760063400,6791.75,6792.75,6791.25,6791.75,1,0,0,0,0,0,0,0,0
1760064300,6792,6792,6788.75,6789.25,0,0,0,0,0,0,0,0,0
1760065200,6789,6790.25,6787.25,6788.75,0,0,0,0,0,0,0,0,0
1760066100,6789,6789.75,6787,6787.5,0,0,0,0,0,0,0,0,0
1760067000,6787.25,6788.5,6787,6787.5,0,0,0,0,0,0,0,0,0
1760067900,6787.75,6788,6784.5,6785.75,0,1,0,0,0,0,0,0,0
1760068800,6786,6787,6785.5,6786.5,0,0,0,0,0,0,0,1,0
1760069700,6786.75,6787,6784.25,6786.25,0,1,0,0,0,0,0,0,0
1760070600,6786.5,6786.75,6785,6785.5,0,0,0,0,0,0,0,0,0
1760071500,6785.25,6785.25,6781.5,6782.75,0,0,0,0,0,0,0,0,0
1760072400,6782.5,6784.25,6780.25,6784.25,0,1,0,0,0,0,0,0,0
1760073300,6784.25,6786.25,6783.5,6785,0,0,0,0,0,0,0,0,0
1760074200,6785.25,6788,6785,6787.25,0,0,0,0,0,0,0,0,0
1760075100,6787.5,6788.5,6786.75,6788.5,0,0,0,0,0,0,0,0,0
1760076000,6788.5,6792.5,6788,6792.5,0,0,0,0,0,0,0,0,0
1760076900,6792.5,6792.75,6789.25,6789.5,1,0,0,0,0,0,0,0,0
1760077800,6789.5,6790.5,6780.75,6785.75,0,0,0,0,0,0,0,0,0
1760078700,6786,6787,6779,6782.25,0,1,0,0,0,0,0,0,0
1760079600,6782.5,6786.5,6782,6784,0,0,0,0,0,0,0,0,0
1760080500,6784,6787.5,6781.25,6786,0,1,0,0,0,0,0,0,0
1760081400,6786.25,6787.75,6783,6785.5,1,0,0,0,0,0,0,0,0
1760082300,6785.5,6786.5,6782.5,6786.25,0,1,0,0,0,0,0,0,0
1760083200,6786.25,6789.25,6785,6789,0,0,0,0,0,0,0,0,0
1760084100,6789,6789.75,6786.25,6787,0,0,0,0,0,0,0,0,0
1760085000,6787,6789.75,6786.5,6789,0,0,0,0,0,0,0,0,0
1760085900,6789,6790,6788,6788.5,1,0,0,0,0,0,0,0,0
1760086800,6788.25,6788.75,6780.5,6784.75,0,1,0,0,0,0,0,0,0
1760087700,6784.5,6785.75,6782.5,6782.5,0,0,0,0,0,0,0,0,0
1760088600,6782.75,6783,6778.5,6778.5,0,0,0,0,0,0,0,0,0
1760089500,6778.75,6780.75,6772.5,6773.5,0,1,0,0,0,0,0,0,0
1760090400,6773.5,6780.25,6773.25,6778.75,0,0,0,0,0,0,0,0,0
1760091300,6779,6781.25,6778,6779.25,1,0,0,0,0,0,0,0,0
1760092200,6779,6780.75,6776.5,6780.75,0,1,0,0,0,0,0,0,0
1760093100,6780.75,6782.75,6777.5,6782.5,0,0,0,0,0,0,0,0,0
1760094000,6782.25,6785.5,6782,6784.75,0,0,0,0,0,0,0,0,0
1760094900,6784.5,6785.75,6783.75,6785.25,0,0,0,0,0,0,0,0,0
1760095800,6785.25,6787.75,6783.25,6785.5,0,1,0,0,0,0,0,0,0
1760096700,6785.75,6788.5,6785.5,6788,0,0,0,0,0,0,0,0,0
1760097600,6787.75,6790.25,6786.25,6789.5,1,0,0,0,0,0,0,0,0
1760098500,6789.5,6789.75,6787,6787.75,0,0,0,0,0,0,0,0,0
1760099400,6787.5,6788.75,6782.25,6782.5,0,0,0,0,0,0,0,0,0
1760100300,6782.5,6784.25,6781,6783.5,0,1,0,0,0,0,0,0,0
1760101200,6783.25,6786,6783.25,6786,0,0,0,0,0,0,0,0,0
1760102100,6786,6788.5,6783.25,6788.25,0,0,0,0,0,0,0,0,0
1760103000,6788,6803.25,6785.25,6802.5,0,0,0,0,0,0,0,0,0
1760103900,6802.25,6806.5,6791,6796.75,1,0,0,0,0,0,0,0,0
1760104800,6796.75,6800,6788,6792,0,0,0,0,0,0,0,0,0
1760105700,6791.75,6797.75,6784.5,6792.25,0,1,0,0,0,0,0,0,0
1760106600,6792.5,6795.25,6787.75,6792,0,0,0,0,0,0,0,0,0
1760107500,6792,6797.5,6742.5,6757.75,1,0,0,0,0,0,0,0,0
1760108400,6757.5,6758.5,6716.75,6743,0,0,0,0,0,0,0,0,0
1760109300,6742.5,6746.75,6684,6689.25,0,0,0,0,0,0,0,0,0
1760110200,6689.25,6696.25,6659.25,6695.5,0,1,0,0,0,0,0,0,0
1760111100,6695.25,6705.5,6672,6682.75,1,0,0,0,0,0,0,0,0
1760112000,6682.5,6686,6666.25,6684,0,1,0,0,0,0,0,0,0
1760112900,6684,6691,6669.5,6680,0,0,0,0,0,0,0,0,0
1760113800,6680,6692.25,6669.25,6671.75,1,0,0,0,0,0,0,0,0
1760114700,6671.75,6676.25,6653,6655.25,0,0,0,0,0,0,0,0,0
1760115600,6655.25,6660.25,6641.25,6645.5,0,1,0,0,0,0,0,0,0
1760116500,6645.75,6663.25,6643.75,6661.75,0,0,0,0,0,0,0,0,0
1760117400,6661.75,6673.5,6657.25,6661.75,1,0,0,0,0,0,0,0,0
1760118300,6661.75,6664.5,6651.5,6660.25,0,0,0,0,0,0,0,0,0
1760119200,6660.25,6661.25,6650.25,6659.5,0,1,0,0,0,0,0,0,0
1760120100,6659.25,6665,6650.5,6654.75,1,0,0,0,0,0,0,0,0
1760121000,6654.75,6659.25,6642.25,6642.75,0,0,0,0,0,0,0,0,0
1760121900,6642.75,6649.25,6631.25,6635.75,0,0,0,0,0,0,0,0,0
1760122800,6635.75,6646.5,6626.5,6629.25,0,0,0,0,0,0,0,0,0
1760123700,6629.25,6636.75,6618.5,6623.25,0,0,0,0,0,0,0,0,0
1760124600,6623.5,6627,6604,6624.25,0,0,0,0,0,0,0,0,0
1760125500,6624.5,6632,6591.75,6595.25,1,0,0,0,0,0,0,0,0
1760126400,6595.25,6607,6589.5,6605.25,0,1,0,0,0,0,0,0,0
1760127300,6605,6607,6597.75,6605.25,0,0,0,0,0,0,0,0,0
1760128200,6605.5,6605.75,6600.25,6600.25,0,0,0,0,0,0,0,0,0
1760129100,6600.25,6601,6540.25,6550.75,0,1,0,0,0,0,0,0,0
1760306400,6631.5,6675,6630,6656.75,1,0,0,0,0,0,0,0,0
1760307300,6656.75,6668.25,6653.25,6655.5,0,0,0,0,0,0,0,0,0
1760308200,6655.5,6661.25,6650.5,6657,0,1,0,0,0,0,0,0,0
1760309100,6656.75,6661.25,6653,6654.75,0,0,0,0,0,0,0,0,0
1760310000,6655,6660.5,6645.5,6657.75,0,1,0,0,0,0,0,0,0
1760310900,6657.5,6664.25,6649.5,6663.5,0,0,0,0,0,0,0,0,0
1760311800,6663.75,6668,6658,6662.25,0,0,0,0,0,0,0,0,0
1760312700,6662.25,6670.5,6661.5,6668.5,1,0,0,0,0,0,0,0,0
1760313600,6668.25,6670.25,6661.25,6668,0,1,0,0,0,0,0,0,0
1760314500,6668,6673,6665.75,6668.75,0,0,0,0,0,0,0,0,0
1760315400,6669,6675.5,6666,6674.75,0,0,0,0,0,0,0,0,0
1760316300,6674.5,6679.25,6673.25,6677.5,0,0,0,0,0,0,0,0,0
1760317200,6678,6680.75,6672.25,6675,0,1,0,0,0,0,0,0,0
1760318100,6674.75,6681.25,6674.75,6679.25,0,0,0,0,0,0,0,0,0
1760319000,6679.5,6683.25,6676.25,6681.5,0,0,0,0,0,0,0,0,0
1760319900,6681.75,6683.75,6681,6682.75,0,0,0,0,0,0,0,0,0
1760320800,6682.75,6684,6680.75,6682,0,0,0,0,0,0,0,0,0
1760321700,6682,6684,6680.75,6683.5,0,0,0,0,0,0,0,0,0
1760322600,6683.5,6685,6680.75,6681.25,1,0,0,0,0,0,0,0,0
1760323500,6681.25,6683.5,6676,6676.5,0,0,0,0,0,0,0,0,0
1760324400,6676.25,6684,6673.75,6682.25,1,1,0,0,0,0,0,0,0
1760325300,6682.25,6682.75,6679,6679.75,0,0,0,0,0,0,0,0,0
1760326200,6679.5,6679.75,6674.25,6675.25,0,0,0,0,0,0,0,0,0
1760327100,6675,6676.25,6668.25,6671,0,1,0,0,0,0,0,0,0
1760328000,6670.75,6674.75,6669.75,6674,0,0,0,1,0,0,0,0,0
1760328900,6674.25,6677.25,6671.25,6675.5,0,0,0,0,0,0,0,0,0
1760329800,6675.75,6678,6674.75,6675.5,0,0,0,0,0,0,0,0,0
1760330700,6675.5,6680,6675.5,6679,1,0,0,0,0,0,0,0,0
1760331600,6679.25,6679.75,6675.5,6679.75,0,0,0,0,0,0,0,0,0
1760332500,6679.75,6682.25,6679.25,6681,0,0,0,0,0,0,0,0,0
1760333400,6681,6683,6679.5,6679.75,0,0,0,0,0,0,0,0,0
1760334300,6679.75,6683.5,6677.75,6683,0,0,0,0,0,0,0,0,0
1760335200,6683,6685.25,6672.25,6674.25,1,1,0,0,0,0,0,0,0
1760336100,6674.5,6678,6673.75,6677.75,0,0,0,0,0,0,0,0,0
1760337000,6677.5,6683.75,6677.25,6681.5,0,0,0,0,0,0,0,0,0
1760337900,6681.25,6687.5,6678.75,6687,0,0,0,0,0,0,0,0,0
1760338800,6687,6695.25,6681.75,6694.5,0,0,0,0,0,0,0,0,0
1760339700,6694.25,6703.25,6692.5,6702.75,0,0,0,0,0,0,0,0,0
1760340600,6702.5,6706.25,6698.25,6698.5,1,0,0,0,0,0,0,0,0
1760341500,6698.25,6698.75,6693.25,6696.75,0,0,0,0,0,0,0,0,0
1760342400,6696.25,6697.75,6691.25,6692.25,0,0,0,0,0,0,0,0,0
1760343300,6692,6693.5,6684.5,6684.75,0,0,0,0,0,0,0,0,0
1760344200,6685,6690.25,6681.25,6681.25,0,0,0,0,0,0,0,0,0
1760345100,6681.5,6690.25,6680.75,6688.5,0,1,0,0,0,0,0,0,0
1760346000,6688.25,6690.25,6683.5,6685.75,0,0,0,0,0,0,0,0,0
1760346900,6685.5,6689.25,6684,6684.75,0,0,0,0,0,0,0,0,0
1760347800,6685,6685.75,6681,6682.25,0,0,0,0,0,0,0,0,0
1760348700,6682.25,6685.5,6680.75,6681.75,0,0,0,0,0,0,0,0,0
1760349600,6681.5,6685.25,6680.25,6683.75,0,0,0,0,0,0,0,0,0
1760350500,6683.75,6683.75,6676.5,6683.25,0,1,0,0,0,0,0,0,0
1760351400,6683.25,6687.75,6677.5,6679,1,0,0,0,0,0,0,0,0
1760352300,6678.75,6682.25,6675.25,6681.25,0,0,0,0,0,0,0,0,0
1760353200,6681.25,6686.25,6653.25,6665.75,1,1,0,0,0,0,0,0,0
1760354100,6665.5,6669.75,6662.5,6664.5,0,0,0,0,0,0,0,0,0
1760355000,6664.5,6671,6657,6669.5,0,1,0,0,0,0,0,0,0
1760355900,6669.5,6673.25,6664.75,6667.5,1,0,0,0,0,0,0,0,0
1760356800,6667.25,6670.25,6659.75,6670,0,1,0,0,0,0,0,0,0
1760357700,6669.75,6672.5,6664.25,6668.75,0,0,0,0,0,0,0,0,0
1760358600,6668.25,6675.25,6667.75,6674,0,0,0,0,0,0,0,0,0
1760359500,6673.75,6677,6667.5,6669.5,0,1,0,0,0,0,0,0,0
1760360400,6669.25,6681.5,6669,6677.75,0,0,0,0,0,0,0,0,0
1760361300,6677.75,6681.5,6669.25,6670.25,1,0,0,0,0,0,0,0,0
1760362200,6670.25,6681,6661.75,6675.25,0,1,0,0,0,0,0,0,0
1760363100,6675.25,6694.75,6667.5,6693.5,0,0,0,0,0,0,0,0,0
1760364000,6693.25,6697,6683.5,6686.5,1,0,0,0,0,0,0,0,0
1760364900,6686.5,6692.5,6664.75,6672.75,0,1,0,0,0,0,0,0,0
1760365800,6673,6689.25,6665.75,6679.5,0,0,0,0,0,0,0,0,0
1760366700,6679.25,6683.25,6663.5,6666.5,0,0,0,0,0,0,0,0,0
1760367600,6666.25,6680.75,6661.75,6678.75,0,1,0,0,0,0,0,0,0
1760368500,6678.75,6693,6678.25,6692,0,0,0,0,0,0,0,0,0
1760369400,6692,6696.5,6687,6687.75,0,0,0,0,0,0,0,0,0
1760370300,6687.75,6696.5,6686.75,6694.25,0,1,0,0,0,0,0,0,0
1760371200,6694.5,6699.25,6691.5,6698.75,0,0,0,0,0,0,0,0,0
1760372100,6698.75,6705.5,6691,6699.75,1,1,0,0,0,0,0,0,0
1760373000,6699.75,6703.75,6695,6697.75,0,0,0,0,0,0,0,0,0
1760373900,6697.5,6709,6695.25,6707.5,0,0,0,0,0,0,0,0,0
1760374800,6707.5,6711.5,6698.5,6699.75,1,0,0,0,0,0,0,0,0
1760375700,6699.75,6702.75,6693.75,6696,0,0,0,0,0,0,0,0,0
1760376600,6696.25,6698,6691.25,6691.75,0,0,0,0,0,0,0,0,0
1760377500,6691.75,6697.5,6688,6697.25,0,1,0,0,0,0,0,0,0
1760378400,6697,6702.25,6696.25,6699,0,0,0,0,0,0,0,0,0
1760379300,6699,6705.5,6698.75,6704.25,0,0,0,0,0,0,0,0,0
1760380200,6704.25,6707.75,6691.5,6695.25,1,0,0,0,0,0,0,0,0
1760381100,6695.25,6695.5,6682.75,6685.75,0,0,0,0,0,0,0,0,0
1760382000,6685.75,6691.5,6681.5,6686.25,0,1,0,0,0,0,0,0,0
1760382900,6686.25,6698.25,6685.25,6693,0,0,0,0,0,0,0,0,0
1760383800,6692.75,6700.25,6691.25,6698.75,0,0,0,0,0,0,0,0,0
1760384700,6698.5,6700.75,6691.5,6694.5,1,0,0,0,0,0,0,0,0
1760385600,6694.75,6696.25,6691.5,6692,0,0,0,0,0,0,0,0,0
1760386500,6692.25,6693.25,6690.25,6691.75,0,0,0,0,0,0,0,0,0
1760387400,6691.75,6691.75,6689.75,6690.75,0,0,0,0,0,0,0,0,0
1760388300,6690.75,6691.5,6688.25,6690,0,1,0,0,0,0,0,0,0
1760392800,6690.5,6695,6690.5,6695,0,0,0,0,0,0,0,0,0
1760393700,6694.5,6696.5,6689.75,6689.75,1,0,0,0,0,0,0,0,0
1760394600,6689.75,6694.5,6689.75,6694.25,0,1,0,0,0,0,0,0,0
1760395500,6694.25,6696,6693.25,6695.75,0,0,0,0,0,0,0,0,0
1760396400,6695.75,6696.25,6691,6691.25,1,0,0,0,0,0,0,0,0
1760397300,6691.25,6694.5,6690,6693,0,0,0,0,0,0,0,0,0
1760398200,6693,6693.25,6688.5,6689.5,0,0,0,0,0,0,0,0,0
1760399100,6689.5,6691.5,6687.75,6691.5,0,1,0,0,0,0,0,0,0
1760400000,6691.25,6700,6689.5,6698,0,0,0,0,0,0,0,0,0
1760400900,6698.25,6709.5,6698,6709.5,0,0,0,0,0,0,0,0,0
1760401800,6709.25,6718.5,6708.5,6712.5,1,0,0,0,0,0,0,0,0
1760402700,6712.25,6712.5,6706.25,6710.75,0,0,0,0,0,0,0,0,0
1760403600,6710.5,6710.5,6701.75,6707.75,0,1,0,0,0,0,0,0,0
1760404500,6707.75,6709.75,6704,6708,0,0,0,0,0,0,0,0,0
1760405400,6708,6712,6706,6710,1,0,0,0,0,0,0,0,0
1760406300,6710.25,6711.25,6707.75,6710.75,0,0,0,0,0,0,0,0,0
1760407200,6710.5,6713,6708.25,6711,1,0,0,0,0,0,0,0,0
1760408100,6711,6712.75,6706,6706.25,0,0,0,0,0,0,0,0,0
1760409000,6706.5,6707.25,6704.5,6706,0,0,0,0,0,0,0,0,0
1760409900,6706.25,6706.5,6700.25,6701,0,0,0,0,0,0,0,0,0
1760410800,6701.25,6702,6694.75,6695.75,0,0,0,0,0,0,0,0,0
1760411700,6695.5,6696.5,6691,6694.75,0,1,0,0,0,0,0,0,0
1760412600,6695,6696,6692.25,6695.5,0,0,0,0,0,0,0,0,0
1760413500,6695.25,6695.75,6691.5,6693.25,0,0,0,0,0,0,0,0,0
1760414400,6693.25,6694.5,6677.75,6678.75,0,0,0,0,1,0,0,0,0
1760415300,6679,6679.25,6665,6667.75,0,0,0,0,0,0,0,0,0
1760416200,6667.5,6671.5,6660.5,6669.75,0,1,0,0,0,0,0,0,0
1760417100,6669.5,6673,6662.75,6672.5,0,0,0,0,0,0,0,0,0
1760418000,6672.25,6673.25,6667.75,6670,0,0,0,0,0,0,0,0,0
1760418900,6670.25,6673.75,6667.25,6667.5,1,0,0,0,0,0,0,0,0
1760419800,6668.25,6668.75,6641.5,6643.5,0,0,0,0,0,0,0,0,0
1760420700,6643.75,6652.75,6637.75,6651,0,1,0,0,0,0,0,0,0
1760421600,6651,6659,6647.25,6658.5,1,0,0,0,0,0,0,0,0
1760422500,6658.75,6658.75,6646.5,6652,0,0,0,0,0,0,0,0,0
1760423400,6652,6656,6641.75,6643.75,0,1,0,0,0,0,0,0,0
1760424300,6644,6650.5,6643.75,6645.75,0,0,0,0,0,0,0,0,0
1760425200,6645.5,6649,6631.25,6642.25,0,1,0,0,0,0,0,0,0
1760426100,6642.25,6652.25,6641.75,6648.5,1,0,0,0,0,0,0,0,0
1760427000,6648.5,6651,6623,6638,0,1,0,0,0,0,0,0,0
1760427900,6637.5,6641.75,6629.75,6636.25,0,0,0,0,0,0,0,0,0
1760428800,6636.25,6641.75,6626.25,6639.25,0,1,0,0,0,0,0,0,0
1760429700,6639.25,6642.5,6635.25,6642,0,0,0,0,0,0,0,0,0
1760430600,6642,6648,6642,6644.5,0,0,0,0,0,0,0,0,0
1760431500,6644.5,6648.5,6635,6647.75,0,1,0,0,0,0,0,0,0
1760432400,6647.5,6652.25,6646,6646.25,1,0,0,0,0,0,0,0,0
1760433300,6646,6647.75,6642,6643,0,0,0,0,0,0,0,0,0
1760434200,6643,6645.75,6637.75,6642,0,0,0,0,0,0,0,0,0
1760435100,6642,6643,6634,6635.5,0,0,0,0,0,0,0,0,0
1760436000,6635.25,6636.5,6627.5,6632,0,0,0,0,0,0,0,0,0
1760436900,6632,6633.25,6623,6623,0,0,0,0,0,0,0,0,0
1760437800,6623,6624,6612,6613.25,0,0,0,0,0,0,0,0,0
1760438700,6613,6618,6605.25,6618,0,1,0,0,0,0,0,0,0
1760439600,6618.25,6630,6615.5,6628.25,0,0,0,0,0,0,0,0,0
1760440500,6628.5,6637.75,6627,6632.25,0,0,0,0,0,0,0,0,0
1760441400,6632,6641,6630.25,6637,0,0,0,0,0,0,0,0,0
1760442300,6636.75,6642.75,6634,6640,1,0,0,0,0,0,0,0,0
1760443200,6640,6641,6629.5,6638.25,0,1,0,0,0,0,0,0,0
1760444100,6638.25,6639,6632.25,6636.75,0,0,0,0,0,0,0,0,0
1760445000,6636.75,6637.5,6615.75,6619.5,0,1,0,0,0,0,0,0,0
1760445900,6619.75,6632,6619.5,6631,0,0,0,0,0,0,0,0,0
1760446800,6630.75,6638.75,6630.25,6637.75,1,0,0,0,0,0,0,0,0
1760447700,6637.5,6638.25,6628,6633.75,0,0,0,0,0,0,0,0,0
1760448600,6633.75,6636.5,6594.75,6599.5,0,0,0,0,0,0,0,0,0
1760449500,6599.5,6632.75,6593.5,6630.5,0,1,0,0,0,0,0,0,0
1760450400,6630.25,6646,6627.25,6644.75,0,0,0,0,0,0,0,0,0
1760451300,6645,6661.75,6640,6660.5,0,0,0,0,0,0,0,0,0
1760452200,6660.75,6665.75,6653,6660.75,0,0,0,0,0,0,0,0,0
1760453100,6660.75,6666.25,6654.25,6660.25,0,0,0,0,0,0,0,0,0
1760454000,6660.25,6674.25,6660.25,6664.25,1,0,0,0,0,0,0,0,0
1760454900,6664.25,6667.75,6657.75,6659.75,0,1,0,0,0,0,0,0,0
1760455800,6659.75,6678.75,6659.25,6676.25,0,0,0,0,0,0,0,0,0
1760456700,6676.25,6694,6676.25,6687.5,1,0,0,0,0,0,0,0,0
1760457600,6687.5,6690,6677.75,6684.25,0,0,0,0,0,0,0,0,0
1760458500,6684.25,6703.25,6683,6700,0,0,0,0,0,0,0,0,0
1760459400,6700.25,6711,6699,6709.75,0,0,0,0,0,0,0,0,0
1760460300,6709.75,6721,6707,6707.75,1,0,0,0,0,0,0,0,0
1760461200,6707.5,6716.75,6700,6712.75,0,1,0,0,0,0,0,0,0
1760462100,6712.75,6719.75,6709.5,6717.5,1,0,0,0,0,0,0,0,0
1760463000,6717.5,6719.5,6707.75,6717.25,0,1,0,0,0,0,0,0,0
1760463900,6717.25,6722.75,6714,6715.25,1,0,0,0,0,0,0,0,0
1760464800,6715.5,6717.75,6710,6714.5,0,0,0,0,0,0,0,0,0
1760465700,6714.25,6717.75,6709.75,6715,0,0,0,0,0,0,0,0,0
1760466600,6715,6717.25,6708.25,6711.25,0,1,0,0,0,0,0,0,0
1760467500,6711,6716,6710,6712.75,0,0,0,0,0,0,0,0,0
1760468400,6713,6717.5,6710,6711.75,1,0,0,0,0,0,0,0,0
1760469300,6711.5,6717.25,6711.25,6711.5,0,0,0,0,0,0,0,0,0
1760470200,6711.5,6711.75,6667.75,6672,0,0,0,0,0,0,0,0,0
1760471100,6672.25,6690.25,6665.75,6686,0,1,0,0,0,0,0,0,0
1760472000,6686,6693.75,6674.75,6680,1,0,0,0,0,0,0,0,0
1760472900,6680,6680,6672,6676.75,0,1,0,0,0,0,0,0,0
1760473800,6676.75,6682,6676.25,6680.75,0,0,0,0,0,0,0,0,0
1760474700,6681,6686.5,6679.75,6684.75,0,0,0,0,0,0,0,0,0
1760479200,6684.75,6697.75,6684,6688,1,0,0,0,0,0,0,0,0
1760480100,6688.25,6691.25,6685,6689.5,0,0,0,0,0,0,0,0,0
1760481000,6689.75,6691,6686.25,6689.5,0,0,0,0,0,0,0,0,0
1760481900,6689.75,6691,6688.5,6690.75,0,0,0,0,0,0,0,0,0
1760482800,6690.5,6695.75,6688.75,6695.25,0,0,0,0,0,0,0,0,0
1760483700,6695.5,6699,6692.25,6693.5,1,0,0,0,0,0,0,0,0
1760484600,6693.5,6695.5,6691.75,6693,0,0,0,0,0,0,0,0,0
1760485500,6693,6694.75,6689,6689,0,0,0,0,0,0,0,0,0
1760486400,6689,6691.75,6683.25,6685,0,1,0,0,0,0,0,0,0
1760487300,6685,6689.5,6683.75,6689,0,0,0,0,0,0,0,0,0
1760488200,6689.25,6692.5,6686.25,6692.5,0,0,0,0,0,0,0,0,0
1760489100,6692.5,6695.75,6691,6695.25,1,0,0,0,0,0,0,0,0
1760490000,6695.25,6695.25,6687.25,6691.75,0,1,0,0,0,0,0,0,0
1760490900,6692,6698.5,6691.25,6696.75,1,0,0,0,0,0,0,0,0
1760491800,6696.75,6697.5,6693,6695.25,0,0,0,0,0,0,0,0,0
1760492700,6695.25,6695.5,6693,6694.5,0,0,0,0,0,0,0,0,0
1760493600,6694.5,6700.75,6694.25,6699.75,0,0,0,0,0,0,0,0,0
1760494500,6699.5,6705.5,6699.25,6703.25,1,0,0,0,0,0,0,0,0
1760495400,6703.25,6704,6698,6699.25,0,0,0,0,0,0,0,0,0
1760496300,6699.25,6699.75,6695.5,6697.25,0,0,0,0,0,0,0,0,0
1760497200,6696.75,6698,6695.25,6696.75,0,0,0,0,0,0,0,0,0
1760498100,6696.5,6700.5,6691.75,6700.25,0,1,0,0,0,0,0,0,0
1760499000,6700.5,6701,6696.75,6697,1,0,0,0,0,0,0,0,0
1760499900,6696.75,6698.5,6694,6697,0,1,0,0,0,0,0,0,0
1760500800,6696.75,6699.75,6695.75,6699.25,0,0,0,0,0,1,0,0,0
1760501700,6699.25,6704,6698.75,6702.5,0,0,0,0,0,0,0,0,0
1760502600,6702.5,6704.75,6702.25,6704.25,0,0,0,0,0,0,0,0,0
1760503500,6704.5,6706,6703.75,6705.25,0,0,0,0,0,0,0,0,0
1760504400,6705.25,6712.5,6705.25,6711.25,0,0,0,0,0,0,0,0,0
1760505300,6711.25,6715.5,6710.5,6712,1,0,0,0,0,0,0,0,0
1760506200,6712,6712.75,6709,6711.75,0,0,0,0,0,0,0,0,0
1760507100,6711.5,6712.5,6708,6710,0,0,0,0,0,0,0,0,0
1760508000,6710.25,6711,6707.25,6710.5,0,0,0,0,0,0,0,0,0
1760508900,6710.75,6712.5,6706.75,6711.5,0,1,0,0,0,0,0,0,0
1760509800,6711.5,6715.5,6709.5,6713.25,0,0,0,0,0,0,0,0,0
1760510700,6713.25,6715.5,6710.75,6715.25,0,0,0,0,0,0,0,0,0
1760511600,6714.75,6718.75,6711.75,6715.5,0,0,0,0,0,0,0,0,0
1760512500,6715.75,6720,6712,6712.25,1,0,0,0,0,0,0,0,0
1760513400,6712.25,6714.5,6710.5,6711.5,0,0,0,0,0,0,0,0,0
1760514300,6711.25,6716.25,6709,6715,0,1,0,0,0,0,0,0,0
1760515200,6714.75,6719.5,6714.25,6718.5,0,0,0,0,0,0,0,0,0
1760516100,6718.25,6721.75,6715.25,6718.5,1,0,0,0,0,0,0,0,0
1760517000,6718.5,6719.75,6714,6717.5,0,1,0,0,0,0,0,0,0
1760517900,6717.5,6718.25,6715.25,6717.5,0,0,0,0,0,0,0,0,0
1760518800,6717.25,6731.25,6716.5,6730.5,0,0,0,0,0,0,0,0,0
1760519700,6730.25,6731.25,6721.75,6722.25,1,0,0,0,0,0,0,0,0
1760520600,6722,6728.5,6721,6724.75,0,1,0,0,0,0,0,0,0
1760521500,6724.75,6729.5,6723.25,6728.25,1,0,0,0,0,0,0,0,0
1760522400,6728.25,6729,6725,6726,0,0,0,0,0,0,0,0,0
1760523300,6726,6727,6724,6726.5,0,0,0,0,0,0,0,0,0
1760524200,6726.75,6727.5,6723.5,6726.5,0,1,0,0,0,0,0,0,0
1760525100,6726.5,6731.25,6726.25,6729,1,0,0,0,0,0,0,0,0
1760526000,6728.5,6730.5,6727,6728.25,0,0,0,0,0,0,0,0,0
1760526900,6728.5,6729.25,6725,6727,0,0,0,0,0,0,0,0,0
1760527800,6727,6730.5,6724.25,6730,0,1,0,0,0,0,0,0,0
1760528700,6730,6730.75,6728,6729.25,0,0,0,0,0,0,0,0,0
1760529600,6729.25,6739.75,6728.25,6738.25,0,0,0,0,0,0,0,0,0
1760530500,6738.5,6741,6733,6735.25,1,0,0,0,0,0,0,0,0
1760531400,6735,6737.5,6731.75,6735.75,0,0,0,0,0,0,0,0,0
1760532300,6735.5,6739.5,6731.75,6738.5,1,1,0,0,0,0,0,0,0
1760533200,6738.75,6739,6732.75,6733.5,0,0,0,0,0,0,0,0,0
1760534100,6733.25,6736,6730.5,6732,0,0,0,0,0,0,0,0,0
1760535000,6731.75,6740,6725.75,6735.75,0,0,0,0,0,0,0,0,0
1760535900,6735.75,6749.75,6724,6746.75,0,1,0,0,0,0,0,0,0
1760536800,6747,6766.75,6746.75,6759,1,0,0,0,0,0,0,0,0
1760537700,6758.75,6764.25,6755.75,6760.25,0,0,0,0,0,0,0,0,0
1760538600,6760.5,6763.25,6752.25,6755.75,0,0,0,0,0,0,0,0,0
1760539500,6755.75,6757,6750,6754.25,0,0,0,0,0,0,0,0,0
1760540400,6754.25,6755.75,6742.5,6747,0,0,0,0,0,0,0,0,0
1760541300,6747,6748.75,6740,6740.75,0,0,0,0,0,0,0,0,0
1760542200,6740.75,6742.25,6713.25,6719.25,0,0,0,0,0,0,0,0,0
1760543100,6719.25,6719.5,6702,6715.25,0,1,0,0,0,0,0,0,0
1760544000,6715.5,6723.75,6712,6719,0,0,0,0,0,0,0,0,0
1760544900,6719,6727.75,6713,6719,1,0,0,0,0,0,0,0,0
1760545800,6718.75,6720.75,6710.5,6714,0,0,0,0,0,0,0,0,0
1760546700,6713.75,6714,6702.25,6704,0,0,0,0,0,0,0,0,0
1760547600,6704,6704.25,6660.75,6661.25,0,0,0,0,0,0,0,0,0
1760548500,6661.5,6681.75,6651.5,6671.25,0,1,0,0,0,0,0,0,0
1760549400,6671.25,6692.75,6669.25,6692.25,0,0,0,0,0,0,0,0,0
1760550300,6692,6708.25,6691.75,6706,0,0,0,0,0,0,0,0,0
1760551200,6706,6708.75,6697,6706,0,0,0,0,0,0,0,0,0
1760552100,6706,6712.25,6705,6706,0,0,0,0,0,0,0,0,0
1760553000,6706.25,6718,6704.75,6713.5,0,1,0,0,0,0,0,0,0
1760553900,6713.5,6721.5,6709.75,6720.5,0,0,0,0,0,0,0,0,0
1760554800,6720.25,6721.5,6709,6714.25,1,1,0,0,0,0,0,0,0
1760555700,6714.5,6721,6714,6716.75,0,0,0,0,0,0,0,0,0
1760556600,6716.75,6718,6701.5,6710.75,0,0,0,0,0,0,0,0,0
1760557500,6711,6716.5,6695.75,6715.25,0,1,0,0,0,0,0,0,0
1760558400,6715.25,6724.75,6713.25,6715.25,1,0,0,0,0,0,0,0,0
1760559300,6715.25,6720.25,6711.75,6713.25,0,0,0,0,0,0,0,0,0
1760560200,6713.25,6714.5,6709.25,6710.25,0,1,0,0,0,0,0,0,0
1760561100,6710,6716,6709.5,6713.5,0,0,0,0,0,0,0,0,0
1760565600,6714.5,6724,6714,6723.5,0,0,0,0,0,0,0,0,0
1760566500,6723.25,6726.5,6719.75,6722,1,0,0,0,0,0,0,0,0
1760567400,6721.75,6723.75,6717.25,6717.75,0,0,0,0,0,0,0,0,0
1760568300,6718,6723,6715.25,6722.5,0,1,0,0,0,0,0,0,0
1760569200,6722.5,6722.5,6717.75,6719.5,0,0,0,0,0,0,0,0,0
1760570100,6719.5,6719.5,6712.25,6713.75,0,0,0,0,0,0,0,0,0
1760571000,6713.75,6716.5,6710.25,6714.5,0,1,0,0,0,0,0,0,0
1760571900,6714,6715.75,6710.75,6714.75,0,0,0,0,0,0,0,0,0
1760572800,6714.75,6717.25,6710.75,6711,1,0,0,0,0,0,0,0,0
1760573700,6711.25,6713.5,6708.25,6710.75,0,0,0,0,0,0,0,0,0
1760574600,6710.25,6710.75,6702.75,6705.5,0,1,0,0,0,0,0,0,0
1760575500,6705.25,6711.75,6704.75,6710.25,0,0,0,0,0,0,0,0,0
1760576400,6710,6715.5,6708.5,6711.75,0,0,0,0,0,0,0,0,0
1760577300,6711.75,6716,6711.25,6713.5,0,0,0,0,0,0,0,0,0
1760578200,6713.25,6716,6712.5,6713.75,1,0,0,0,0,0,0,0,0
1760579100,6713.75,6714.75,6710.25,6713,0,1,0,0,0,0,0,0,0
1760580000,6713.5,6715.75,6712.25,6713.25,1,0,0,0,0,0,0,0,0
1760580900,6713,6713.25,6708.5,6708.5,0,0,0,0,0,0,0,0,0
1760581800,6709,6709.75,6705.75,6707.75,0,1,0,0,0,0,0,0,0
1760582700,6707.75,6714.75,6707.5,6713.5,0,0,0,0,0,0,0,0,0
1760583600,6713.5,6716,6711.5,6711.5,1,0,0,0,0,0,0,0,0
1760584500,6711.25,6712.75,6708,6711,0,1,0,0,0,0,0,0,0
1760585400,6711.25,6712,6708.25,6710.25,0,0,0,0,0,0,0,0,0
1760586300,6710,6711,6709.25,6709.75,0,0,0,0,0,0,0,0,0
1760587200,6709.75,6713.5,6708.5,6713.5,0,1,0,0,0,0,1,0,0
1760588100,6713.75,6714.25,6711.75,6712,0,0,0,0,0,0,0,0,0
1760589000,6712,6714.5,6709.25,6712.25,0,1,0,0,0,0,0,0,0
1760589900,6712.5,6714.75,6710.25,6712.75,1,0,0,0,0,0,0,0,0
1760590800,6712.75,6713.5,6710.75,6713.5,0,0,0,0,0,0,0,0,0
1760591700,6713.5,6715,6712.75,6713.75,0,0,0,0,0,0,0,0,0
1760592600,6714,6720,6712.5,6717.75,1,0,0,0,0,0,0,0,0
1760593500,6717.5,6717.75,6712,6716,0,1,0,0,0,0,0,0,0
1760594400,6716,6723,6716,6721.5,0,0,0,0,0,0,0,0,0
1760595300,6721.5,6724.5,6719.25,6724.25,0,0,0,0,0,0,0,0,0
1760596200,6724.25,6728.5,6723.75,6726.5,0,0,0,0,0,0,0,0,0
1760597100,6726.25,6730.5,6726.25,6729,0,0,0,0,0,0,0,0,0
1760598000,6729.5,6733,6722.75,6727.5,1,1,0,0,0,0,0,0,0
1760598900,6727.5,6728.75,6723,6723.5,0,0,0,0,0,0,0,0,0
1760599800,6723.75,6724.75,6718,6723.75,0,1,0,0,0,0,0,0,0
1760600700,6723.25,6736.25,6722.75,6732.25,0,0,0,0,0,0,0,0,0
1760601600,6732,6736.75,6730.5,6734.75,0,0,0,0,0,0,0,0,0
1760602500,6734.75,6737,6727,6727.25,1,0,0,0,0,0,0,0,0
1760603400,6727.5,6731.75,6726,6729.5,0,1,0,0,0,0,0,0,0
1760604300,6729.5,6730.5,6728.25,6729.5,0,0,0,0,0,0,0,0,0
1760605200,6729.25,6732.75,6728.75,6729.75,0,0,0,0,0,0,0,0,0
1760606100,6729.75,6734,6728.25,6733.5,1,0,0,0,0,0,0,0,0
1760607000,6733.75,6733.75,6728,6731.75,0,1,0,0,0,0,0,0,0
1760607900,6731.75,6736.75,6731.5,6736.25,0,0,0,0,0,0,0,0,0
1760608800,6736.25,6740.5,6735.75,6739.75,0,0,0,0,0,0,0,0,0
1760609700,6739.25,6742.25,6737.5,6741.75,0,0,0,0,0,0,0,0,0
1760610600,6741.75,6743.5,6739.5,6740.75,1,0,0,0,0,0,0,0,0
1760611500,6740.75,6741,6737.5,6739,0,1,0,0,0,0,0,0,0
1760612400,6739,6742.5,6738,6740.25,0,0,0,0,0,0,0,0,0
1760613300,6740.5,6745.25,6740.25,6744.25,1,0,0,0,0,0,0,0,0
1760614200,6744.75,6744.75,6740.5,6741,0,0,0,0,0,0,0,0,0
1760615100,6741,6741.75,6738.75,6739.75,0,0,0,0,0,0,0,0,0
1760616000,6739.75,6742,6732.5,6733,1,1,0,0,0,0,0,0,0
1760616900,6732.75,6737.25,6732.75,6736.5,0,0,0,0,0,0,0,0,0
1760617800,6736.5,6745.25,6730,6744.75,0,1,0,0,0,0,0,0,0
1760618700,6745,6746.25,6741.5,6741.75,1,0,0,0,0,0,0,0,0
1760619600,6741.5,6743.75,6737.5,6741.75,0,0,0,0,0,0,0,0,0
1760620500,6741.75,6743,6731,6731.5,0,0,0,0,0,0,0,0,0
1760621400,6731.25,6738.5,6725,6736.25,0,0,0,0,0,0,0,0,0
1760622300,6736,6744.25,6724.25,6729.5,1,0,0,0,0,0,0,0,0
1760623200,6729.75,6734,6717,6721,0,1,0,0,0,0,0,0,0
1760624100,6721.25,6739,6718,6732.25,0,0,0,0,0,0,0,0,0
1760625000,6732.5,6750.5,6730.75,6748,1,0,0,0,0,0,0,0,0
1760625900,6747.75,6749.75,6732,6733.75,0,0,0,0,0,0,0,0,0
1760626800,6733.75,6743.25,6728.5,6742.25,0,0,0,0,0,0,0,0,0
1760627700,6742,6743.5,6717.25,6720.75,1,0,0,0,0,0,0,0,0
1760628600,6721,6730.5,6710,6713.75,0,0,0,0,0,0,0,0,0
1760629500,6713.75,6717.75,6701.75,6707.5,0,0,0,0,0,0,0,0,0
1760630400,6707.75,6714,6699.25,6709.5,0,0,0,0,0,0,0,0,0
1760631300,6709.25,6713.5,6685,6686.75,0,0,0,0,0,0,0,0,0
1760632200,6687,6687.25,6658.25,6669.75,0,0,0,0,0,0,0,0,0
1760633100,6669.75,6697,6654.5,6695.75,0,1,0,0,0,0,0,0,0
1760634000,6695.5,6698.75,6675,6688.25,0,0,0,0,0,0,0,0,0
1760634900,6688.5,6704.75,6684.5,6697,1,0,0,0,0,0,0,0,0
1760635800,6697,6702,6677.25,6681.5,0,0,0,0,0,0,0,0,0
1760636700,6681.75,6685.25,6673,6680.25,0,0,0,0,0,0,0,0,0
1760637600,6680,6681.5,6641.5,6645.5,0,0,0,0,0,0,0,0,0
1760638500,6645.25,6655.5,6635.5,6645,0,0,0,0,0,0,0,0,0
1760639400,6645,6665,6632,6660.5,0,1,0,0,0,0,0,0,0
1760640300,6661,6668.5,6656.25,6666.75,0,0,0,0,0,0,0,0,0
1760641200,6666.5,6671.25,6655.75,6656.25,1,0,0,0,0,0,0,0,0
1760642100,6656.25,6659,6641.5,6651.25,0,1,0,0,0,0,0,0,0
1760643000,6651,6658.25,6643,6656.25,0,0,0,0,0,0,0,0,0
1760643900,6656.75,6674.75,6653.5,6668.75,1,0,0,0,0,0,0,0,0
1760644800,6668.5,6673.75,6650.75,6652.5,0,1,0,0,0,0,0,0,0
1760645700,6652.5,6659.5,6651,6656,0,0,0,0,0,0,0,0,0
1760646600,6656.25,6659,6652.75,6658.25,0,0,0,0,0,0,0,0,0
1760647500,6658.25,6663.25,6657.75,6659.5,0,0,0,0,0,0,0,0,0
1760652000,6659.5,6669.25,6656.25,6662.5,1,0,0,0,0,0,0,0,0
1760652900,6662.25,6663,6655.5,6660.5,0,0,0,0,0,0,0,0,0
1760653800,6660.5,6662.75,6651.75,6654.5,0,0,0,0,0,0,0,0,0
1760654700,6654.5,6657.25,6644.5,6644.75,0,0,0,0,0,0,0,0,0
1760655600,6644.75,6648.5,6641.5,6644.25,0,1,0,0,0,0,0,0,0
1760656500,6644.75,6651.75,6642.75,6642.75,1,0,0,0,0,0,0,0,0
1760657400,6642.75,6647,6642,6644.5,0,1,0,0,0,0,0,0,0
1760658300,6644.5,6651.75,6644,6651.25,0,0,0,0,0,0,0,0,0
1760659200,6651.25,6658,6648.25,6651,1,0,0,0,0,0,0,0,0
1760660100,6651,6654.5,6648.75,6650.75,0,0,0,0,0,0,0,0,0
1760661000,6650.75,6654.75,6649.75,6653.25,1,0,0,0,0,0,0,0,0
1760661900,6653.25,6653.75,6649,6651.5,0,1,0,0,0,0,0,0,0
1760662800,6651.75,6663,6651.5,6658,1,0,0,0,0,0,0,0,0
1760663700,6657.75,6660.25,6656.5,6658.75,0,0,0,0,0,0,0,0,0
1760664600,6658.75,6660,6655.25,6657,0,0,0,0,0,0,0,0,0
1760665500,6657,6657.5,6642.5,6648.25,0,1,0,0,0,0,0,0,0
1760666400,6648.5,6650.5,6642.75,6649,0,0,0,0,0,0,0,0,0
1760667300,6649.25,6649.25,6643.5,6645.5,0,0,0,0,0,0,0,0,0
1760668200,6645.5,6649.75,6645.25,6648.25,0,0,0,0,0,0,0,0,0
1760669100,6648,6650.5,6646.75,6648.25,1,0,0,0,0,0,0,0,0
1760670000,6648,6649,6645,6645.5,0,0,0,0,0,0,0,0,0
1760670900,6645.5,6649.5,6644.5,6648.25,0,0,0,0,0,0,0,0,0
1760671800,6648.5,6650.25,6640.25,6641,1,0,0,0,0,0,0,0,0
1760672700,6641,6643.75,6636.25,6642,0,1,0,0,0,0,0,0,0
1760673600,6641.75,6643.75,6640,6641.5,0,0,0,0,0,0,0,1,0
1760674500,6641.5,6642,6637.75,6639,0,0,0,0,0,0,0,0,0
1760675400,6639,6641.25,6637.5,6637.75,0,0,0,0,0,0,0,0,0
1760676300,6637.75,6638.75,6635.25,6636.75,0,0,0,0,0,0,0,0,0
1760677200,6637,6637.75,6628.25,6628.75,0,0,0,0,0,0,0,0,0
1760678100,6628.75,6632,6625,6630.5,0,0,0,0,0,0,0,0,0
1760679000,6630.75,6631.75,6618.75,6620.5,0,1,0,0,0,0,0,0,0
1760679900,6620.5,6631,6620.25,6628.25,0,0,0,0,0,0,0,0,0
1760680800,6628.5,6634,6626.75,6629,1,0,0,0,0,0,0,0,0
1760681700,6629.25,6630.25,6621,6623.25,0,0,0,0,0,0,0,0,0
1760682600,6623,6625.5,6612.5,6617,0,0,0,0,0,0,0,0,0
1760683500,6617,6619.25,6608.75,6611,0,0,0,0,0,0,0,0,0
1760684400,6611.5,6613.5,6588.5,6590.25,0,0,0,0,0,0,0,0,0
1760685300,6590.25,6595.25,6577.25,6586,0,0,0,0,0,0,0,0,0
1760686200,6586,6589.25,6571.25,6585.25,0,1,0,0,0,0,0,0,0
1760687100,6585,6593.25,6583.5,6584.75,1,0,0,0,0,0,0,0,0
1760688000,6584.75,6588.25,6572.5,6575.25,0,0,0,0,0,0,0,0,0
1760688900,6575.5,6587,6571.25,6586.25,0,1,0,0,0,0,0,0,0
1760689800,6586.5,6598,6583.25,6588.75,1,0,0,0,0,0,0,0,0
1760690700,6589,6594.5,6586.75,6591,0,0,0,0,0,0,0,0,0
1760691600,6591,6599.75,6589.75,6599,0,0,0,0,0,0,0,0,0
1760692500,6598.75,6608.25,6598,6602.75,1,0,0,0,0,0,0,0,0
1760693400,6602.75,6608,6591.75,6596.75,0,0,0,0,0,0,0,0,0
1760694300,6596.75,6600,6591,6591.75,0,1,0,0,0,0,0,0,0
1760695200,6592.25,6604.75,6592,6596.75,1,0,0,0,0,0,0,0,0
1760696100,6597,6599.75,6591,6592.75,0,1,0,0,0,0,0,0,0
1760697000,6592.75,6608.5,6592.5,6606.75,0,0,0,0,0,0,0,0,0
1760697900,6606.75,6615.75,6599.75,6615.25,0,0,0,0,0,0,0,0,0
1760698800,6615.75,6654.75,6612.75,6652.75,0,0,0,0,0,0,0,0,0
1760699700,6652.5,6655.75,6638,6646.5,1,0,0,0,0,0,0,0,0
1760700600,6646.5,6653,6639.5,6648,0,0,0,0,0,0,0,0,0
1760701500,6647.75,6653.75,6637.75,6652.75,0,1,0,0,0,0,0,0,0
1760702400,6652.75,6666.75,6648,6660.25,0,0,0,0,0,0,0,0,0
1760703300,6660.25,6671.75,6658.5,6665.5,0,0,0,0,0,0,0,0,0
1760704200,6665.5,6672,6658.25,6663,1,0,0,0,0,0,0,0,0
1760705100,6663,6667.25,6657,6658.25,0,0,0,0,0,0,0,0,0
1760706000,6658.25,6667.25,6656,6659.25,0,0,0,0,0,0,0,0,0
1760706900,6658.75,6665.5,6653.25,6654.75,0,0,0,0,0,0,0,0,0
1760707800,6654.5,6673.75,6641.5,6645.5,0,1,0,0,0,0,0,0,0
1760708700,6645.5,6684.5,6642.5,6666.25,0,0,0,0,0,0,0,0,0
1760709600,6666.25,6693.25,6656,6691.25,0,0,0,0,0,0,0,0,0
1760710500,6691.25,6697.25,6675.25,6683,1,0,0,0,0,0,0,0,0
1760711400,6683,6684,6660.25,6663.25,0,0,0,0,0,0,0,0,0
1760712300,6663.25,6677.5,6653,6655.25,0,0,0,0,0,0,0,0,0
1760713200,6655.5,6676.75,6650.75,6650.75,0,0,0,0,0,0,0,0,0
1760714100,6650.75,6661.5,6644.75,6653.75,0,0,0,0,0,0,0,0,0
1760715000,6654,6666.75,6640.5,6664.5,0,1,0,0,0,0,0,0,0
1760715900,6664.5,6682.5,6661.5,6677,0,0,0,0,0,0,0,0,0
1760716800,6677,6692.25,6676.5,6687.25,0,0,0,0,0,0,0,0,0
1760717700,6687.25,6694,6682.25,6691.5,0,0,0,0,0,0,0,0,0
1760718600,6691.5,6696.75,6680,6683.25,1,0,0,0,0,0,0,0,0
1760719500,6683.5,6695.75,6672.25,6680.25,0,0,0,0,0,0,0,0,0
1760720400,6680.25,6681.5,6669.5,6676,0,0,0,0,0,0,0,0,0
1760721300,6676,6677.5,6665.25,6671.25,0,1,0,0,0,0,0,0,0
1760722200,6671.25,6685,6669.5,6670.75,0,0,0,0,0,0,0,0,0
1760723100,6670.75,6690.75,6666.75,6688.5,0,1,0,0,0,0,0,0,0
1760724000,6688.5,6700.25,6688.5,6696.5,0,0,0,0,0,0,0,0,0
1760724900,6697,6710.75,6696.5,6706.5,0,0,0,0,0,0,0,0,0
1760725800,6706.75,6711.25,6701,6702.25,1,0,0,0,0,0,0,0,0
1760726700,6702.5,6707,6700.5,6704,0,1,0,0,0,0,0,0,0
1760727600,6704.25,6715.75,6703.75,6714.5,0,0,0,0,0,0,0,0,0
1760728500,6714.5,6718,6710.5,6711.5,1,0,0,0,0,0,0,0,0
1760729400,6711.5,6711.75,6702.5,6707.25,0,0,0,0,0,0,0,0,0
1760730300,6707,6709.25,6700.75,6703.75,0,1,0,0,0,0,0,0,0
1760731200,6704,6711.5,6701.5,6710.5,0,0,0,0,0,0,0,0,0
1760732100,6710.25,6713.25,6708.25,6710.75,1,0,0,0,0,0,0,0,0
1760733000,6710.75,6712.5,6709.25,6710.25,0,0,0,0,0,0,0,0,0
1760733900,6710.25,6712,6709.25,6711,0,0,0,0,0,0,0,0,0
1760911200,6720.75,6726.5,6714.5,6719.5,1,0,0,0,0,0,0,0,0
1760912100,6719.25,6719.5,6713,6715.5,0,0,0,0,0,0,0,0,0
1760913000,6715.25,6717,6712.75,6716,0,1,0,0,0,0,0,0,0
1760913900,6715.5,6717.25,6715.25,6716,1,0,0,0,0,0,0,0,0
1760914800,6716,6716.5,6711.75,6712.5,0,0,0,0,0,0,0,0,0
1760915700,6712.5,6713.75,6702,6702.75,0,1,0,0,0,0,0,0,0
1760916600,6702.75,6706.5,6702.5,6702.5,0,0,0,0,0,0,0,0,0
1760917500,6702.75,6706.75,6701.5,6705.75,1,0,0,0,0,0,0,0,0
1760918400,6705.5,6705.75,6699,6700,0,0,0,0,0,0,0,0,0
1760919300,6700,6703,6693.75,6698.5,0,1,0,0,0,0,0,0,0
1760920200,6698.75,6708.25,6696.75,6708.25,0,0,0,0,0,0,0,0,0
1760921100,6708.25,6717,6707.5,6714.5,0,0,0,0,0,0,0,0,0
1760922000,6714.75,6718.25,6713.75,6714.75,0,0,0,0,0,0,0,0,0
1760922900,6714.5,6720.75,6714,6718,1,0,0,0,0,0,0,0,0
1760923800,6718,6718.25,6713.5,6717.5,0,0,0,0,0,0,0,0,0
1760924700,6717.75,6717.75,6710,6713.25,0,0,0,0,0,0,0,0,0
1760925600,6713,6714,6709.5,6710.5,0,0,0,0,0,0,0,0,0
1760926500,6710.5,6713.5,6709.25,6711.75,0,1,0,0,0,0,0,0,0
1760927400,6711.75,6715.25,6711,6714,0,0,0,0,0,0,0,0,0
1760928300,6713.75,6716.5,6713.25,6714.75,0,0,0,0,0,0,0,0,0
1760929200,6714.75,6717.25,6714.75,6716.75,0,0,0,0,0,0,0,0,0
1760930100,6716.5,6718,6716,6717,0,0,0,0,0,0,0,0,0
1760931000,6717.25,6719.75,6716.25,6719,0,0,0,0,0,0,0,0,0
1760931900,6719.25,6724.5,6719,6723,0,0,0,0,0,0,0,0,0
1760932800,6723.5,6727.25,6722.75,6725,0,0,0,1,0,0,0,0,0
1760933700,6725,6728.5,6723.5,6727.25,1,0,0,0,0,0,0,0,0
1760934600,6727.5,6728.25,6721.75,6725.25,0,1,0,0,0,0,0,0,0
1760935500,6725.25,6728,6723.75,6727.25,0,0,0,0,0,0,0,0,0
1760936400,6727.25,6728.25,6726.25,6727.25,0,0,0,0,0,0,0,0,0
1760937300,6727.5,6729,6723.75,6728,0,1,0,0,0,0,0,0,0
1760938200,6727.75,6730.5,6725.75,6730,0,0,0,0,0,0,0,0,0
1760939100,6729.75,6731.75,6726.5,6729,1,0,0,0,0,0,0,0,0
1760940000,6728.75,6729,6723.25,6724.75,0,1,0,0,0,0,0,0,0
1760940900,6724.75,6729,6723.5,6727.25,0,0,0,0,0,0,0,0,0
1760941800,6727.25,6731.25,6727.25,6729.25,1,0,0,0,0,0,0,0,0
1760942700,6729.25,6731,6724.75,6728,0,1,0,0,0,0,0,0,0
1760943600,6728,6733.5,6725.25,6729.5,0,0,0,0,0,0,0,0,0
1760944500,6729.75,6734.25,6729.75,6733.75,0,0,0,0,0,0,0,0,0
1760945400,6733.5,6737.5,6732.25,6734.25,1,0,0,0,0,0,0,0,0
1760946300,6734.25,6734.75,6729,6731.25,0,0,0,0,0,0,0,0,0
1760947200,6731.25,6732.75,6726.5,6729,0,0,0,0,0,0,0,0,0
1760948100,6729.25,6730,6723.75,6725.75,0,0,0,0,0,0,0,0,0
1760949000,6725.75,6727.75,6722.25,6722.75,0,0,0,0,0,0,0,0,0
1760949900,6723.25,6724.75,6718.5,6720.25,0,0,0,0,0,0,0,0,0
1760950800,6720,6723,6717.25,6722.25,0,1,0,0,0,0,0,0,0
1760951700,6722.5,6726,6721.5,6724.5,1,0,0,0,0,0,0,0,0
1760952600,6724.25,6724.75,6719.5,6720.5,0,0,0,0,0,0,0,0,0
1760953500,6720.5,6723,6718.5,6722.75,0,0,0,0,0,0,0,0,0
1760954400,6722.75,6725,6718.5,6720.25,1,1,0,0,0,0,0,0,0
1760955300,6720,6722,6718.75,6720.5,0,0,0,0,0,0,0,0,0
1760956200,6720.25,6727,6719.5,6719.5,1,0,0,0,0,0,0,0,0
1760957100,6719.5,6720.25,6712.25,6712.75,0,0,0,0,0,0,0,0,0
1760958000,6712.5,6719.75,6711.5,6718.5,0,1,0,0,0,0,0,0,0
1760958900,6718.5,6722.25,6718,6721.25,1,0,0,0,0,0,0,0,0
1760959800,6721,6721.25,6718,6719,0,0,0,0,0,0,0,0,0
1760960700,6719,6724.75,6718.5,6724,1,0,0,0,0,0,0,0,0
1760961600,6723.75,6724.25,6720.75,6723.5,0,0,0,0,0,0,0,0,0
1760962500,6723.5,6725.25,6721.25,6723.5,0,0,0,0,0,0,0,0,0
1760963400,6723.5,6728.5,6723.5,6727.75,0,0,0,0,0,0,0,0,0
1760964300,6727.75,6734.25,6727.75,6734,0,0,0,0,0,0,0,0,0
1760965200,6734,6737,6733.25,6733.75,0,0,0,0,0,0,0,0,0
1760966100,6733.75,6738.5,6731.75,6733.25,0,1,0,0,0,0,0,0,0
1760967000,6733.5,6751.75,6733,6746.75,0,0,0,0,0,0,0,0,0
1760967900,6746.75,6754.75,6744.75,6747.25,0,0,0,0,0,0,0,0,0
1760968800,6747.5,6758.25,6747.25,6756.25,0,0,0,0,0,0,0,0,0
1760969700,6756,6764.5,6750.25,6763,0,0,0,0,0,0,0,0,0
1760970600,6763.25,6769.25,6758.5,6769.25,0,0,0,0,0,0,0,0,0
1760971500,6769.25,6775.5,6768.75,6772.75,1,0,0,0,0,0,0,0,0
1760972400,6773,6773.25,6763.75,6763.75,0,0,0,0,0,0,0,0,0
1760973300,6764,6771.75,6763.25,6770,0,1,0,0,0,0,0,0,0
1760974200,6770,6771.25,6767,6768.75,0,0,0,0,0,0,0,0,0
1760975100,6769,6774,6762.25,6766.5,1,1,0,0,0,0,0,0,0
1760976000,6766.5,6769.75,6763,6764.25,0,0,0,0,0,0,0,0,0
1760976900,6764.25,6770.25,6762.75,6769,0,1,0,0,0,0,0,0,0
1760977800,6768.75,6770.5,6763.5,6768,0,0,0,0,0,0,0,0,0
1760978700,6768.25,6771.75,6766.5,6771,0,0,0,0,0,0,0,0,0
1760979600,6771.25,6778,6770.75,6776.25,0,0,0,0,0,0,0,0,0
1760980500,6776.5,6781,6776,6777,0,0,0,0,0,0,0,0,0
1760981400,6777,6782.25,6776.25,6780.5,1,0,0,0,0,0,0,0,0
1760982300,6780.75,6781.25,6777,6778.75,0,0,0,0,0,0,0,0,0
1760983200,6778.75,6783.25,6778.5,6782.25,1,0,0,0,0,0,0,0,0
1760984100,6782,6783,6778.25,6779.25,0,0,0,0,0,0,0,0,0
1760985000,6779.5,6780.25,6776.25,6776.75,0,0,0,0,0,0,0,0,0
1760985900,6776.75,6778.5,6772.5,6777.25,0,1,0,0,0,0,0,0,0
1760986800,6777.25,6781,6776.75,6778,1,0,0,0,0,0,0,0,0
1760987700,6777.75,6778.75,6772.5,6777.75,0,1,0,0,0,0,0,0,0
1760988600,6778,6779.5,6775.25,6775.75,0,0,0,0,0,0,0,0,0
1760989500,6775.75,6782.75,6772.5,6773.25,1,0,0,0,0,0,0,0,0
1760990400,6773.5,6778,6769.75,6777,0,1,0,0,0,0,0,0,0
1760991300,6777,6778.25,6776.25,6778.25,0,0,0,0,0,0,0,0,0
1760992200,6778,6778.75,6777.75,6778.25,0,0,0,0,0,0,0,0,0
1760993100,6778.5,6780.5,6778,6780.25,0,0,0,0,0,0,0,0,0
1760997600,6779,6781,6776.25,6777,1,1,0,0,0,0,0,0,0
1760998500,6777,6780.75,6776.75,6779,0,0,0,0,0,0,0,0,0
1760999400,6779,6779.75,6776.5,6778.25,0,1,0,0,0,0,0,0,0
1761000300,6778.5,6779,6777,6777.5,0,0,0,0,0,0,0,0,0
1761001200,6777.75,6782.5,6777.5,6780.25,1,0,0,0,0,0,0,0,0
1761002100,6780.25,6781.25,6777.75,6781.25,0,0,0,0,0,0,0,0,0
1761003000,6781.25,6781.75,6778,6778.75,1,0,0,0,0,0,0,0,0
1761003900,6778.5,6778.5,6776.25,6778,0,0,0,0,0,0,0,0,0
1761004800,6777.75,6780.5,6776,6778.5,0,1,0,0,0,0,0,0,0
1761005700,6778.5,6782,6778.25,6780.5,1,0,0,0,0,0,0,0,0
1761006600,6780.5,6781.75,6779.25,6781.25,0,0,0,0,0,0,0,0,0
1761007500,6781.25,6782,6780.75,6781.75,0,0,0,0,0,0,0,0,0
1761008400,6782,6783,6781.25,6782.5,0,0,0,0,0,0,0,0,0
1761009300,6782,6784.75,6779.75,6780.75,1,0,0,0,0,0,0,0,0
1761010200,6780.75,6781.25,6778.25,6779.5,0,1,0,0,0,0,0,0,0
1761011100,6779.75,6782.5,6779.25,6780.75,0,0,0,0,0,0,0,0,0
1761012000,6780.5,6782.75,6780,6782.5,0,0,0,0,0,0,0,0,0
1761012900,6782.75,6784.5,6782,6784.5,0,0,0,0,0,0,0,0,0
1761013800,6784.25,6785.25,6780.5,6780.5,1,0,0,0,0,0,0,0,0
1761014700,6780.75,6781.75,6779.5,6780.5,0,1,0,0,0,0,0,0,0
1761015600,6780.5,6782,6780.5,6782,0,0,0,0,0,0,0,0,0
1761016500,6782,6782.25,6780,6780,1,0,0,0,0,0,0,0,0
1761017400,6780,6781.5,6778.25,6779.25,0,0,0,0,0,0,0,0,0
1761018300,6779.5,6779.5,6775.75,6777.75,0,0,0,0,0,0,0,0,0
1761019200,6777.75,6777.75,6775.25,6776.5,0,1,0,0,1,0,0,0,0
1761020100,6776.5,6777.5,6775.75,6777,0,0,0,0,0,0,0,0,0
1761021000,6777,6777,6775,6776.5,0,0,0,0,0,0,0,0,0
1761021900,6776,6777,6771.25,6774.25,0,0,0,0,0,0,0,0,0
1761022800,6774,6775.75,6770.75,6773.5,0,1,0,0,0,0,0,0,0
1761023700,6773.75,6776,6771,6771.5,1,0,0,0,0,0,0,0,0
1761024600,6771.5,6773.5,6770.5,6770.75,0,0,0,0,0,0,0,0,0
1761025500,6770.5,6772.25,6767.5,6771.25,0,0,0,0,0,0,0,0,0
1761026400,6771.75,6771.75,6765.25,6765.75,0,0,0,0,0,0,0,0,0
1761027300,6765.25,6769.5,6764.5,6767.75,0,1,0,0,0,0,0,0,0
1761028200,6767.75,6769.5,6766.25,6767.5,0,0,0,0,0,0,0,0,0
1761029100,6767.5,6770.5,6766.75,6767.75,1,0,0,0,0,0,0,0,0
1761030000,6767.75,6768.25,6764,6764.25,0,1,0,0,0,0,0,0,0
1761030900,6764.25,6769,6764.25,6768.75,0,0,0,0,0,0,0,0,0
1761031800,6769,6769.25,6765,6765.5,1,0,0,0,0,0,0,0,0
1761032700,6765.25,6768.25,6764.25,6767.25,0,1,0,0,0,0,0,0,0
1761033600,6767.25,6768.75,6765.5,6766.75,1,0,0,0,0,0,0,0,0
1761034500,6766.75,6766.75,6763,6765.5,0,1,0,0,0,0,0,0,0
1761035400,6765.75,6767,6763.75,6765.5,1,0,0,0,0,0,0,0,0
1761036300,6765.5,6766.5,6764,6764.5,0,0,0,0,0,0,0,0,0
1761037200,6764.75,6768,6764.25,6767.5,0,0,0,0,0,0,0,0,0
1761038100,6767.5,6768.75,6765.25,6768.5,0,0,0,0,0,0,0,0,0
1761039000,6768.5,6770.5,6767.25,6768.5,0,0,0,0,0,0,0,0,0
1761039900,6768.75,6771,6768,6768.5,1,0,0,0,0,0,0,0,0
1761040800,6768.5,6770,6767.5,6767.5,0,0,0,0,0,0,0,0,0
1761041700,6767.5,6768.75,6765,6768.75,0,1,0,0,0,0,0,0,0
1761042600,6768.75,6770.75,6767.75,6769.5,0,0,0,0,0,0,0,0,0
1761043500,6769.5,6772,6768.5,6771,0,0,0,0,0,0,0,0,0
1761044400,6771,6774.5,6769.5,6774.25,0,0,0,0,0,0,0,0,0
1761045300,6774,6776.5,6774,6776.5,0,0,0,0,0,0,0,0,0
1761046200,6776.25,6776.5,6772,6774,0,1,0,0,0,0,0,0,0
1761047100,6774.25,6776.5,6773.5,6776.25,0,0,0,0,0,0,0,0,0
1761048000,6776,6777.5,6774.25,6775.75,0,0,0,0,0,0,0,0,0
1761048900,6775.75,6777.75,6775,6776.5,1,0,0,0,0,0,0,0,0
1761049800,6776.5,6777.25,6773,6776.25,0,0,0,0,0,0,0,0,0
1761050700,6776.25,6777,6772.75,6774,0,0,0,0,0,0,0,0,0
1761051600,6774,6775.5,6767.75,6771,0,1,0,0,0,0,0,0,0
1761052500,6771.25,6775,6770,6774,0,0,0,0,0,0,0,0,0
1761053400,6774.25,6777.5,6766.5,6771,1,0,0,0,0,0,0,0,0
1761054300,6771,6771.5,6761.25,6765,0,0,0,0,0,0,0,0,0
1761055200,6765.25,6770,6759,6769,0,1,0,0,0,0,0,0,0
1761056100,6768.75,6778.5,6763.5,6765.5,1,0,0,0,0,0,0,0,0
1761057000,6765.25,6777,6761.75,6772.5,0,1,0,0,0,0,0,0,0
1761057900,6772.5,6786.5,6769.5,6785.75,0,0,0,0,0,0,0,0,0
1761058800,6785.5,6787.5,6781.75,6784.25,1,0,0,0,0,0,0,0,0
1761059700,6784.25,6784.5,6775,6778.75,0,0,0,0,0,0,0,0,0
1761060600,6778.75,6782.25,6773.5,6778.75,0,1,0,0,0,0,0,0,0
1761061500,6778.75,6785,6778.75,6782.75,0,0,0,0,0,0,0,0,0
1761062400,6782.5,6786.5,6781,6784.75,0,0,0,0,0,0,0,0,0
1761063300,6784.5,6786.75,6781.25,6786.25,0,0,0,0,0,0,0,0,0
1761064200,6786.25,6788,6783.5,6786,0,0,0,0,0,0,0,0,0
1761065100,6786.25,6790,6773.25,6774.75,1,0,0,0,0,0,0,0,0
1761066000,6775,6781.5,6767.25,6780.75,0,1,0,0,0,0,0,0,0
1761066900,6780.75,6781,6770,6775.75,0,0,0,0,0,0,0,0,0
1761067800,6776,6779.75,6772.25,6776.5,0,0,0,0,0,0,0,0,0
1761068700,6776.75,6783,6776.25,6781.75,0,0,0,0,0,0,0,0,0
1761069600,6781.75,6784.25,6781.25,6783,0,0,0,0,0,0,0,0,0
1761070500,6783,6785,6777.5,6782.5,1,1,0,0,0,0,0,0,0
1761071400,6782.75,6784.25,6777.75,6777.75,0,0,0,0,0,0,0,0,0
1761072300,6778,6781.75,6777.5,6779.25,0,0,0,0,0,0,0,0,0
1761073200,6779.25,6780.75,6776.5,6779.75,0,1,0,0,0,0,0,0,0
1761074100,6780,6782.5,6777.75,6778.75,1,0,0,0,0,0,0,0,0
1761075000,6778.5,6779.5,6776.25,6779.5,0,0,0,0,0,0,0,0,0
1761075900,6779.25,6784,6771.25,6772.25,1,0,0,0,0,0,0,0,0
1761076800,6772.25,6775.75,6764.75,6767.75,0,1,0,0,0,0,0,0,0
1761077700,6768,6770.75,6768,6770.5,0,0,0,0,0,0,0,0,0
1761078600,6770.75,6773.25,6769.5,6772.5,0,0,0,0,0,0,0,0,0
1761079500,6772.5,6773.25,6770,6772.25,0,0,0,0,0,0,0,0,0
1761084000,6773.25,6778,6771.75,6773,1,0,0,0,0,0,0,0,0
1761084900,6773,6776.75,6772.75,6776.25,0,0,0,0,0,0,0,0,0
1761085800,6776.25,6777.25,6773,6774.25,1,0,0,0,0,0,0,0,0
1761086700,6774.5,6776,6773.25,6775.5,0,0,0,0,0,0,0,0,0
1761087600,6775.5,6775.75,6770,6771.25,0,1,0,0,0,0,0,0,0
1761088500,6771.75,6775,6770.5,6772.25,0,0,0,0,0,0,0,0,0
1761089400,6772.25,6772.75,6770.5,6771.25,0,0,0,0,0,0,0,0,0
1761090300,6771.25,6772,6769,6769.75,0,0,0,0,0,0,0,0,0
1761091200,6770,6772.5,6766.5,6770.25,1,0,0,0,0,0,0,0,0
1761092100,6770,6770.25,6766.25,6769,0,0,0,0,0,0,0,0,0
1761093000,6769.25,6770.75,6766,6766,1,0,0,0,0,0,0,0,0
1761093900,6766.25,6767.75,6765.25,6766.25,0,0,0,0,0,0,0,0,0
1761094800,6766.25,6770.25,6764.25,6769.5,0,1,0,0,0,0,0,0,0
1761095700,6769.25,6770.5,6768,6769.25,0,0,0,0,0,0,0,0,0
1761096600,6769.5,6770.75,6768.25,6769.75,0,0,0,0,0,0,0,0,0
1761097500,6769.5,6774.75,6769.25,6774,0,0,0,0,0,0,0,0,0
1761098400,6774.25,6776,6771.25,6775.75,0,0,0,0,0,0,0,0,0
1761099300,6775.5,6777.25,6774.75,6777.25,0,0,0,0,0,0,0,0,0
1761100200,6777,6777.25,6774.75,6775.75,1,0,0,0,0,0,0,0,0
1761101100,6775.75,6776,6775,6775.75,0,0,0,0,0,0,0,0,0
1761102000,6775.75,6776,6772.25,6772.5,0,0,0,0,0,0,0,0,0
1761102900,6772.75,6773.5,6769.75,6771,0,0,0,0,0,0,0,0,0
1761103800,6771,6772,6769.25,6771,0,1,0,0,0,0,0,0,0
1761104700,6771.25,6780,6771.25,6779.25,0,0,0,0,0,0,0,0,0
1761105600,6779.25,6787.5,6779,6785.25,0,0,0,0,0,1,0,0,0
1761106500,6785,6788.25,6784.5,6785.5,1,0,0,0,0,0,0,0,0
1761107400,6785.5,6786.75,6784.75,6786.25,0,0,0,0,0,0,0,0,0
1761108300,6786.25,6786.5,6783.25,6784.5,0,1,0,0,0,0,0,0,0
1761109200,6784.25,6786.5,6783.75,6786.25,0,0,0,0,0,0,0,0,0
1761110100,6786.25,6786.5,6782,6783.75,0,0,0,0,0,0,0,0,0
1761111000,6783.75,6785,6780.5,6781,0,1,0,0,0,0,0,0,0
1761111900,6781,6783.75,6781,6782,0,0,0,0,0,0,0,0,0
1761112800,6782.25,6785.75,6779.25,6785.25,0,1,0,0,0,0,0,0,0
1761113700,6785.5,6787.75,6784.5,6784.75,0,0,0,0,0,0,0,0,0
1761114600,6784.75,6788.75,6782.5,6787.75,0,1,0,0,0,0,0,0,0
1761115500,6787.5,6788.75,6785,6785.5,1,0,0,0,0,0,0,0,0
1761116400,6785.5,6786,6776.5,6777,0,0,0,0,0,0,0,0,0
1761117300,6777,6783,6775.25,6783,0,1,0,0,0,0,0,0,0
1761118200,6782.75,6783.75,6780.75,6781.5,1,0,0,0,0,0,0,0,0
1761119100,6781.5,6783.25,6781,6782,0,0,0,0,0,0,0,0,0
1761120000,6781.75,6782.25,6774.25,6775.25,0,0,0,0,0,0,0,0,0
1761120900,6775,6775.5,6772,6774.75,0,1,0,0,0,0,0,0,0
1761121800,6775.25,6776.5,6772.75,6774.25,0,0,0,0,0,0,0,0,0
1761122700,6774,6776.75,6772,6775.75,1,0,0,0,0,0,0,0,0
1761123600,6775.75,6776,6769.75,6772,0,0,0,0,0,0,0,0,0
1761124500,6772,6776.25,6768.5,6775,0,1,0,0,0,0,0,0,0
1761125400,6775,6777.5,6773,6774,0,0,0,0,0,0,0,0,0
1761126300,6774.25,6778.75,6773,6778.5,0,0,0,0,0,0,0,0,0
1761127200,6778.75,6779.25,6776.75,6778.5,0,0,0,0,0,0,0,0,0
1761128100,6778.5,6781.25,6778.25,6781.25,0,0,0,0,0,0,0,0,0
1761129000,6781,6782.75,6780,6782.5,0,0,0,0,0,0,0,0,0
1761129900,6782.25,6782.75,6777.5,6778.25,1,0,0,0,0,0,0,0,0
1761130800,6778.25,6779.25,6766.75,6771.5,0,1,0,0,0,0,0,0,0
1761131700,6771.25,6774.25,6767.25,6770,0,0,0,0,0,0,0,0,0
1761132600,6770.25,6772,6765.5,6767.5,0,1,0,0,0,0,0,0,0
1761133500,6767.5,6773.5,6765.75,6769.25,0,0,0,0,0,0,0,0,0
1761134400,6769.25,6778.25,6768.25,6777,0,0,0,0,0,0,0,0,0
1761135300,6777.25,6779,6775,6776.5,0,0,0,0,0,0,0,0,0
1761136200,6776.75,6779.5,6774.5,6778.25,0,1,0,0,0,0,0,0,0
1761137100,6778.5,6780.75,6777.25,6779.25,0,0,0,0,0,0,0,0,0
1761138000,6779.25,6781.5,6776.75,6780.75,0,1,0,0,0,0,0,0,0
1761138900,6780.75,6781.75,6778,6779,1,0,0,0,0,0,0,0,0
1761139800,6779,6779.25,6763.25,6777,0,1,0,0,0,0,0,0,0
1761140700,6776.75,6777.5,6768.5,6771.75,0,0,0,0,0,0,0,0,0
1761141600,6771.5,6775.25,6765.75,6766.25,0,0,0,0,0,0,0,0,0
1761142500,6766.25,6772.25,6752,6753,0,0,0,0,0,0,0,0,0
1761143400,6753.25,6756.75,6743.5,6744.25,0,0,0,0,0,0,0,0,0
1761144300,6744.25,6760.25,6739.5,6759.5,0,1,0,0,0,0,0,0,0
1761145200,6759.75,6763.25,6751,6754.5,1,0,0,0,0,0,0,0,0
1761146100,6754.5,6757.25,6734.5,6737.25,0,0,0,0,0,0,0,0,0
1761147000,6737.25,6747,6732.5,6744.5,0,1,0,0,0,0,0,0,0
1761147900,6744.5,6756.5,6744,6748.75,1,0,0,0,0,0,0,0,0
1761148800,6749,6750.75,6736.75,6741,0,0,0,0,0,0,0,0,0
1761149700,6741.25,6746.25,6729.75,6734.75,0,0,0,0,0,0,0,0,0
1761150600,6734.25,6739.5,6698,6730.5,0,1,0,0,0,0,0,0,0
1761151500,6730.25,6740.5,6722.75,6731.75,1,0,0,0,0,0,0,0,0
1761152400,6731.75,6735.5,6719.25,6719.75,0,0,0,0,0,0,0,0,0
1761153300,6719.75,6722.5,6705.25,6712.5,0,0,0,0,0,0,0,0,0
1761154200,6712.25,6717.25,6692.25,6694,0,0,0,0,0,0,0,0,0
1761155100,6694.25,6706,6690.75,6705.25,0,1,0,0,0,0,0,0,0
1761156000,6705.25,6712.75,6702.25,6702.5,0,0,0,0,0,0,0,0,0
1761156900,6702.75,6720.25,6695.25,6714.75,0,1,0,0,0,0,0,0,0
1761157800,6714.75,6722.25,6708.75,6717.5,0,0,0,0,0,0,0,0,0
1761158700,6717.5,6724,6712.25,6723.25,0,0,0,0,0,0,0,0,0
1761159600,6723.25,6734.5,6713.5,6727.5,0,0,0,0,0,0,0,0,0
1761160500,6727.25,6734.75,6726.25,6733,0,0,0,0,0,0,0,0,0
1761161400,6732.75,6742.25,6732.25,6735.25,1,0,0,0,0,0,0,0,0
1761162300,6735.25,6741,6731.75,6737,0,1,0,0,0,0,0,0,0
1761163200,6737.25,6744,6736.25,6739,1,0,0,0,0,0,0,0,0
1761164100,6738.75,6739.25,6731.75,6733,0,0,0,0,0,0,0,0,0
1761165000,6733,6737.25,6731.5,6736.5,0,1,0,0,0,0,0,0,0
1761165900,6736.75,6737.75,6735,6737.25,1,0,0,0,0,0,0,0,0
1761170400,6734,6736.25,6729.25,6736,0,1,0,0,0,0,0,0,0
1761171300,6736.25,6739.5,6734.5,6735.5,1,0,0,0,0,0,0,0,0
1761172200,6735.5,6737.25,6734.5,6736,0,0,0,0,0,0,0,0,0
1761173100,6736,6738.25,6735.5,6736.75,0,0,0,0,0,0,0,0,0
1761174000,6736.75,6740.5,6735.5,6739.25,1,0,0,0,0,0,0,0,0
1761174900,6739,6739.75,6736.5,6736.75,0,0,0,0,0,0,0,0,0
1761175800,6737,6738.5,6733.25,6733.75,0,0,0,0,0,0,0,0,0
1761176700,6733.75,6734.75,6726.5,6727,0,0,0,0,0,0,0,0,0
1761177600,6727,6729.25,6717.25,6728.5,0,1,0,0,0,0,0,0,0
1761178500,6728.25,6733.25,6728.25,6732.5,0,0,0,0,0,0,0,0,0
1761179400,6732.5,6736.25,6729.5,6731.75,0,0,0,0,0,0,0,0,0
1761180300,6732,6738,6730.25,6736.75,0,0,0,0,0,0,0,0,0
1761181200,6736.75,6741,6736,6740,0,0,0,0,0,0,0,0,0
1761182100,6740,6743,6739.75,6741.5,0,0,0,0,0,0,0,0,0
1761183000,6741.25,6748.25,6740.75,6746.25,1,0,0,0,0,0,0,0,0
1761183900,6746.25,6747.25,6744.5,6747.25,0,0,0,0,0,0,0,0,0
1761184800,6747.25,6748.5,6745.75,6746,0,0,0,0,0,0,0,0,0
1761185700,6746,6749.25,6745.75,6747.75,1,0,0,0,0,0,0,0,0
1761186600,6747.75,6748.75,6745.75,6747.5,0,0,0,0,0,0,0,0,0
1761187500,6747.5,6749.75,6747,6747,0,0,0,0,0,0,0,0,0
1761188400,6747.25,6750,6747,6749.25,0,0,0,0,0,0,0,0,0
1761189300,6749.5,6750.25,6745.5,6746,1,0,0,0,0,0,0,0,0
1761190200,6746,6747.75,6742.5,6745.25,0,1,0,0,0,0,0,0,0
1761191100,6745.25,6747,6743.5,6745.25,0,0,0,0,0,0,0,0,0
1761192000,6745.25,6747,6741.75,6742,0,0,0,0,0,0,1,0,0
1761192900,6742,6745.5,6740.5,6743.75,0,0,0,0,0,0,0,0,0
1761193800,6744,6744,6739.5,6741.25,0,1,0,0,0,0,0,0,0
1761194700,6741.25,6742.75,6740.25,6741.75,0,0,0,0,0,0,0,0,0
1761195600,6741.75,6743.25,6740,6741.75,1,0,0,0,0,0,0,0,0
1761196500,6741.75,6742,6738,6740.25,0,1,0,0,0,0,0,0,0
1761197400,6740.25,6742.75,6739.75,6741.25,0,0,0,0,0,0,0,0,0
1761198300,6741.25,6747.25,6740.75,6746.25,0,0,0,0,0,0,0,0,0
1761199200,6746.25,6747.25,6743,6743.5,0,0,0,0,0,0,0,0,0
1761200100,6743.75,6747.25,6743.5,6745,0,0,0,0,0,0,0,0,0
1761201000,6745.25,6747.25,6742.5,6746.25,0,1,0,0,0,0,0,0,0
1761201900,6746.25,6749.75,6745.75,6748.25,0,0,0,0,0,0,0,0,0
1761202800,6748.25,6751.75,6747.5,6750,1,0,0,0,0,0,0,0,0
1761203700,6750,6751.25,6739.5,6743,0,1,0,0,0,0,0,0,0
1761204600,6743.25,6748,6742.75,6746.5,0,0,0,0,0,0,0,0,0
1761205500,6746.5,6749,6745,6746.5,0,0,0,0,0,0,0,0,0
1761206400,6746.75,6750,6744.5,6746.5,1,1,0,0,0,0,0,0,0
1761207300,6746.5,6747.75,6745.5,6746.25,0,0,0,0,0,0,0,0,0
1761208200,6746.25,6748.75,6745.75,6746.25,1,0,0,0,0,0,0,0,0
1761209100,6746.25,6746.5,6742.25,6744.75,0,0,0,0,0,0,0,0,0
1761210000,6744.5,6746.75,6737.5,6741.5,1,0,0,0,0,0,0,0,0
1761210900,6741,6741.25,6733.25,6737.5,0,1,0,0,0,0,0,0,0
1761211800,6737.25,6738.75,6735.5,6736.25,0,0,0,0,0,0,0,0,0
1761212700,6736,6740.75,6732.5,6739.25,0,1,0,0,0,0,0,0,0
1761213600,6739.25,6741.5,6737.75,6740,0,0,0,0,0,0,0,0,0
1761214500,6740,6742.25,6739,6740.25,1,0,0,0,0,0,0,0,0
1761215400,6740.25,6742,6739.25,6739.5,0,0,0,0,0,0,0,0,0
1761216300,6739.25,6741,6737,6739.75,0,0,0,0,0,0,0,0,0
1761217200,6740,6740.25,6728.5,6732,0,1,0,0,0,0,0,0,0
1761218100,6732.25,6736.25,6730.75,6735.5,0,0,0,0,0,0,0,0,0
1761219000,6735.75,6735.75,6728.5,6729,0,0,0,0,0,0,0,0,0
1761219900,6729,6729.75,6723.5,6725.75,0,0,0,0,0,0,0,0,0
1761220800,6725.75,6726.75,6722.75,6724.25,0,0,0,0,0,0,0,0,0
1761221700,6724.5,6728,6720.5,6727.5,0,0,0,0,0,0,0,0,0
1761222600,6727.75,6728,6719.75,6724.75,0,1,0,0,0,0,0,0,0
1761223500,6724.75,6737,6724.25,6736,1,0,0,0,0,0,0,0,0
1761224400,6736,6736.5,6724,6731.25,0,1,0,0,0,0,0,0,0
1761225300,6731,6739.5,6729.75,6739.25,0,0,0,0,0,0,0,0,0
1761226200,6739.25,6753.75,6736,6753.75,0,0,0,0,0,0,0,0,0
1761227100,6753.5,6766,6752.25,6758.25,1,0,0,0,0,0,0,0,0
1761228000,6758.25,6762,6746.5,6749,0,0,0,0,0,0,0,0,0
1761228900,6749.25,6756.25,6739,6751.75,0,1,0,0,0,0,0,0,0
1761229800,6752,6760,6747.75,6756.5,0,0,0,0,0,0,0,0,0
1761230700,6756.25,6762.25,6751.25,6760.5,1,0,0,0,0,0,0,0,0
1761231600,6760.5,6761.5,6752.75,6755,0,0,0,0,0,0,0,0,0
1761232500,6755,6760.75,6749,6758.75,0,0,0,0,0,0,0,0,0
1761233400,6758.75,6763.75,6745.25,6747.5,0,1,0,0,0,0,0,0,0
1761234300,6747.25,6765.5,6746,6761,0,0,0,0,0,0,0,0,0
1761235200,6760.75,6769,6759.75,6768.75,0,0,0,0,0,0,0,0,0
1761236100,6768.75,6769.5,6760,6763.75,0,0,0,0,0,0,0,0,0
1761237000,6763.75,6771.25,6763.25,6770.75,0,0,0,0,0,0,0,0,0
1761237900,6770.75,6774,6768.25,6773,0,0,0,0,0,0,0,0,0
1761238800,6772.75,6775,6762.25,6773,1,1,0,0,0,0,0,0,0
1761239700,6773.25,6774.5,6765.75,6768.5,0,0,0,0,0,0,0,0,0
1761240600,6768.5,6782,6768.25,6780.5,0,0,0,0,0,0,0,0,0
1761241500,6780.75,6783.5,6779.25,6782.25,0,0,0,0,0,0,0,0,0
1761242400,6782.5,6783.5,6779,6780.75,0,0,0,0,0,0,0,0,0
1761243300,6780.75,6784,6776.75,6783.5,0,1,0,0,0,0,0,0,0
1761244200,6783.5,6785,6781.5,6783.25,0,0,0,0,0,0,0,0,0
1761245100,6783.25,6785.75,6781.75,6784,0,0,0,0,0,0,0,0,0
1761246000,6784,6785.75,6782,6784.75,1,0,0,0,0,0,0,0,0
1761246900,6785,6785.5,6781,6783.25,0,0,0,0,0,0,0,0,0
1761247800,6783,6783.25,6778,6778.25,0,0,0,0,0,0,0,0,0
1761248700,6778.25,6781.25,6771.5,6774.5,0,1,0,0,0,0,0,0,0
1761249600,6774.5,6778.5,6773.5,6775,0,0,0,0,0,0,0,0,0
1761250500,6774.75,6775.75,6773.25,6774.5,0,1,0,0,0,0,0,0,0
1761251400,6774.25,6777.75,6774,6776.75,1,0,0,0,0,0,0,0,0
1761252300,6777,6777.5,6775.5,6777.5,0,0,0,0,0,0,0,0,0
1761256800,6778,6781.75,6776.5,6779.75,1,0,0,0,0,0,0,0,0
1761257700,6779.75,6781.5,6779.5,6780.25,0,0,0,0,0,0,0,0,0
1761258600,6780.25,6781.75,6779.25,6780,1,0,0,0,0,0,0,0,0
1761259500,6780.25,6780.75,6778.5,6780,0,1,0,0,0,0,0,0,0
1761260400,6779.75,6781.75,6779.5,6780.75,1,0,0,0,0,0,0,0,0
1761261300,6780.75,6781.25,6779.75,6780.25,0,0,0,0,0,0,0,0,0
1761262200,6780.5,6781.5,6780.25,6780.5,0,0,0,0,0,0,0,0,0
1761263100,6780.5,6782.5,6780,6780.75,1,0,0,0,0,0,0,0,0
1761264000,6781,6782,6777,6778.75,0,1,0,0,0,0,0,0,0
1761264900,6778.75,6780,6778.5,6779.5,0,0,0,0,0,0,0,0,0
1761265800,6779.5,6781.75,6779.25,6780.5,1,0,0,0,0,0,0,0,0
1761266700,6780.75,6781.25,6779,6781,0,1,0,0,0,0,0,0,0
1761267600,6781,6784.75,6780.75,6784,0,0,0,0,0,0,0,0,0
1761268500,6784.5,6785.5,6781.75,6782,1,0,0,0,0,0,0,0,0
1761269400,6782,6782.75,6780.75,6782.5,0,1,0,0,0,0,0,0,0
1761270300,6782.5,6785.25,6782.25,6784.75,0,0,0,0,0,0,0,0,0
1761271200,6784.75,6785.25,6783.5,6785,0,0,0,0,0,0,0,0,0
1761272100,6785,6787,6784.25,6786.5,1,0,0,0,0,0,0,0,0
1761273000,6786.5,6786.5,6781.5,6782.25,0,1,0,0,0,0,0,0,0
1761273900,6782,6785,6782,6783.25,0,0,0,0,0,0,0,0,0
1761274800,6783.25,6784.5,6782.75,6784,0,0,0,0,0,0,0,0,0
1761275700,6784.25,6787.75,6784,6787.25,0,0,0,0,0,0,0,0,0
1761276600,6787.5,6788.25,6786.75,6787,1,0,0,0,0,0,0,0,0
1761277500,6787,6788,6786.5,6787.75,0,0,0,0,0,0,0,0,0
1761278400,6787.75,6788.5,6785.25,6787.75,1,1,0,0,0,0,0,1,0
1761279300,6788,6788.25,6786.25,6787,0,0,0,0,0,0,0,0,0
1761280200,6786.75,6787.25,6785.75,6786.75,0,1,0,0,0,0,0,0,0
1761281100,6787,6788.5,6786,6787.75,1,0,0,0,0,0,0,0,0
1761282000,6787.5,6788.25,6787,6787,0,0,0,0,0,0,0,0,0
1761282900,6787,6790.75,6786.5,6789.75,1,1,0,0,0,0,0,0,0
1761283800,6790,6790.25,6788.25,6790,0,0,0,0,0,0,0,0,0
1761284700,6789.75,6791.75,6789.75,6791.5,0,0,0,0,0,0,0,0,0
1761285600,6791.5,6796.25,6790.75,6795.5,0,0,0,0,0,0,0,0,0
1761286500,6795.5,6798.25,6795.5,6797.25,1,0,0,0,0,0,0,0,0
1761287400,6797.25,6797.5,6793.5,6794.5,0,1,0,0,0,0,0,0,0
1761288300,6794.5,6796,6794,6795,0,0,0,0,0,0,0,0,0
1761289200,6795.25,6795.5,6792,6793.25,0,0,0,0,0,0,0,0,0
1761290100,6793,6793.75,6789.5,6790.75,0,1,0,0,0,0,0,0,0
1761291000,6791,6795.25,6790.5,6792.75,1,0,0,0,0,0,0,0,0
1761291900,6792.25,6792.75,6787.5,6788.25,0,0,0,0,0,0,0,0,0
1761292800,6788.5,6789.5,6784,6784.5,0,0,0,0,0,0,0,0,0
1761293700,6784.5,6787.5,6784,6787.25,0,1,0,0,0,0,0,0,0
1761294600,6787.5,6789.75,6786.25,6789.25,0,0,0,0,0,0,0,0,0
1761295500,6789.25,6793.75,6788.75,6789.5,1,0,0,0,0,0,0,0,0
1761296400,6789.5,6790.75,6789.25,6790.25,0,0,0,0,0,0,0,0,0
1761297300,6790.5,6795.75,6789.25,6795,0,0,0,0,0,0,0,0,0
1761298200,6795.25,6798.75,6795.25,6797,1,0,0,0,0,0,0,0,0
1761299100,6797.25,6797.5,6793.75,6794.5,0,0,0,0,0,0,0,0,0
1761300000,6794.5,6797.5,6792.5,6797,0,1,0,0,0,0,0,0,0
1761300900,6797.25,6797.75,6794,6794.5,1,0,0,0,0,0,0,0,0
1761301800,6794.75,6797,6793.75,6794,0,0,0,0,0,0,0,0,0
1761302700,6794.25,6795.25,6792.25,6793,0,1,0,0,0,0,0,0,0
1761303600,6792.75,6797,6792.75,6797,0,0,0,0,0,0,0,0,0
1761304500,6797,6797,6793,6794.75,1,0,0,0,0,0,0,0,0
1761305400,6794.75,6796.75,6793.25,6795.25,0,0,0,0,0,0,0,0,0
1761306300,6795.5,6800,6795.25,6797.75,0,0,0,0,0,0,0,0,0
1761307200,6797.5,6800,6796.5,6796.75,1,0,0,0,0,0,0,0,0
1761308100,6796.75,6798,6788.5,6794.75,0,1,0,0,0,0,0,0,0
1761309000,6794,6832,6790.25,6814.25,1,0,0,0,0,0,0,0,0
1761309900,6814.5,6818.5,6811.25,6812.75,0,0,0,0,0,0,0,0,0
1761310800,6813,6818.25,6812.25,6816.75,0,0,0,0,0,0,0,0,0
1761311700,6816.75,6822.5,6815.75,6821,0,0,0,0,0,0,0,0,0
1761312600,6820.75,6833.75,6812.5,6829,0,1,0,0,0,0,0,0,0
1761313500,6828.75,6834.75,6821.25,6829.5,0,0,0,0,0,0,0,0,0
1761314400,6829.25,6835.75,6826.75,6834.25,1,0,0,0,0,0,0,0,0
1761315300,6834.5,6834.75,6823.75,6824,0,0,0,0,0,0,0,0,0
1761316200,6824,6833,6817.25,6832,0,0,0,0,0,0,0,0,0
1761317100,6832,6832.75,6815.5,6823.25,0,1,0,0,0,0,0,0,0
1761318000,6823,6831,6821,6831,0,0,0,0,0,0,0,0,0
1761318900,6830.75,6840.75,6830.75,6838.25,0,0,0,0,0,0,0,0,0
1761319800,6838.25,6841,6833.5,6834.25,1,0,0,0,0,0,0,0,0
1761320700,6834.5,6838.75,6831.5,6835.75,0,1,0,0,0,0,0,0,0
1761321600,6836,6839.5,6835,6839.25,0,0,0,0,0,0,0,0,0
1761322500,6839,6841.75,6834.5,6835.5,1,0,0,0,0,0,0,0,0
1761323400,6835.5,6836.5,6828.25,6829.5,0,0,0,0,0,0,0,0,0
1761324300,6829.5,6839,6828.25,6836,1,1,0,0,0,0,0,0,0
1761325200,6835.75,6837.5,6833.25,6833.75,0,0,0,0,0,0,0,0,0
1761326100,6833.75,6838.75,6832.75,6837,0,1,0,0,0,0,0,0,0
1761327000,6837,6839.5,6835.75,6838,0,0,0,0,0,0,0,0,0
1761327900,6838,6840.75,6836.75,6837,1,0,0,0,0,0,0,0,0
1761328800,6836.75,6839.75,6834.75,6838.25,0,1,0,0,0,0,0,0,0
1761329700,6838,6839.5,6836.75,6837.75,0,0,0,0,0,0,0,0,0
1761330600,6837.75,6839.5,6836,6836.75,0,0,0,0,0,0,0,0,0
1761331500,6837,6838.5,6833.25,6838,0,1,0,0,0,0,0,0,0
1761332400,6838,6841,6837.75,6839,1,0,0,0,0,0,0,0,0
1761333300,6839,6840.75,6836.5,6838.25,0,0,0,0,0,0,0,0,0
1761334200,6838.5,6839,6833,6833,0,0,0,0,0,0,0,0,0
1761335100,6833,6836,6823.5,6827.5,0,1,0,0,0,0,0,0,0
1761336000,6827.5,6829.25,6824.25,6825.75,0,0,0,0,0,0,0,0,0
1761336900,6825.5,6827.75,6824.75,6827,0,0,0,0,0,0,0,0,0
1761337800,6827,6829.5,6826.25,6826.25,1,0,0,0,0,0,0,0,0
1761338700,6826.5,6827,6824.75,6825.25,0,1,0,0,0,0,0,0,0
1761516000,6875,6897,6865.75,6870,1,0,0,0,0,0,0,0,0
1761516900,6870.25,6877.75,6868.25,6877.25,0,0,0,0,0,0,0,0,0
1761517800,6877.5,6879.25,6872.5,6872.5,1,0,0,0,0,0,0,0,0
1761518700,6872.5,6874.75,6870.25,6872.25,0,1,0,0,0,0,0,0,0
1761519600,6872.25,6876.75,6871.5,6872,1,0,0,0,0,0,0,0,0
1761520500,6872,6873.5,6871,6871.75,0,1,0,0,0,0,0,0,0
1761521400,6871.75,6875.25,6871.75,6873,1,0,0,0,0,0,0,0,0
1761522300,6873.25,6873.75,6869.25,6870.75,0,0,0,0,0,0,0,0,0
1761523200,6870.75,6876.5,6869.25,6876,1,1,0,0,0,0,0,0,0
1761524100,6875.75,6876,6871.75,6874.25,0,0,0,0,0,0,0,0,0
1761525000,6874,6876.75,6873.75,6875.25,1,0,0,0,0,0,0,0,0
1761525900,6875.25,6875.25,6872.25,6872.75,0,0,0,0,0,0,0,0,0
1761526800,6872.5,6873,6869.75,6870,0,0,0,0,0,0,0,0,0
1761527700,6869.75,6872.75,6869.5,6871.75,0,1,0,0,0,0,0,0,0
1761528600,6871.75,6873.25,6871,6871.5,1,0,0,0,0,0,0,0,0
1761529500,6871.75,6872,6869.25,6869.5,0,0,0,0,0,0,0,0,0
1761530400,6869.75,6871.25,6867.25,6869,0,1,0,0,0,0,0,0,0
1761531300,6868.75,6871,6868.75,6869.5,0,0,0,0,0,0,0,0,0
1761532200,6870,6873.75,6870,6873.75,0,0,0,0,0,0,0,0,0
1761533100,6873.5,6875.25,6873.5,6875,0,0,0,0,0,0,0,0,0
1761534000,6875,6877.25,6874.25,6877.25,0,0,0,0,0,0,0,0,0
1761534900,6877.25,6880.75,6877,6880.25,0,0,0,0,0,0,0,0,0
1761535800,6880.25,6881.25,6877.5,6878,1,0,0,0,0,0,0,0,0
1761536700,6878.25,6878.5,6877,6878.25,0,0,0,0,0,0,0,0,0
1761537600,6878.5,6879.75,6876.75,6878,0,1,0,1,0,0,0,0,0
1761538500,6878,6880,6877.25,6879.75,0,0,0,0,0,0,0,0,0
1761539400,6879.5,6880.5,6878,6879.5,1,0,0,0,0,0,0,0,0
1761540300,6879.5,6879.75,6877.75,6879.5,0,1,0,0,0,0,0,0,0
1761541200,6879.25,6882,6879,6880.75,0,0,0,0,0,0,0,0,0
1761542100,6880.5,6883.5,6880.25,6883,0,0,0,0,0,0,0,0,0
1761543000,6883.25,6883.75,6881.25,6881.5,0,0,0,0,0,0,0,0,0
1761543900,6881.5,6883.75,6881.5,6883,0,0,0,0,0,0,0,0,0
1761544800,6883,6886.25,6882.25,6885,0,0,0,0,0,0,0,0,0
1761545700,6885,6888.25,6884.5,6887.75,1,0,0,0,0,0,0,0,0
1761546600,6887.5,6888,6884.75,6886.25,0,0,0,0,0,0,0,0,0
1761547500,6886.5,6887.5,6883.75,6884.75,0,0,0,0,0,0,0,0,0
1761548400,6884.5,6886.25,6882.75,6885.5,0,1,0,0,0,0,0,0,0
1761549300,6885.75,6889,6885.5,6887,0,0,0,0,0,0,0,0,0
1761550200,6887.25,6889,6885.5,6885.5,1,0,0,0,0,0,0,0,0
1761551100,6885.5,6886.75,6882.75,6882.75,0,0,0,0,0,0,0,0,0
1761552000,6882.75,6884.25,6880.25,6881.5,0,0,0,0,0,0,0,0,0
1761552900,6881.75,6882.75,6877.25,6878,0,0,0,0,0,0,0,0,0
1761553800,6878.25,6881,6876.5,6880,0,1,0,0,0,0,0,0,0
1761554700,6880,6882.5,6879.75,6881.25,1,0,0,0,0,0,0,0,0
1761555600,6881,6882,6879.75,6881,0,0,0,0,0,0,0,0,0
1761556500,6881.25,6882.25,6878.75,6879.25,0,0,0,0,0,0,0,0,0
1761557400,6879,6884.75,6878.75,6884.25,0,1,0,0,0,0,0,0,0
1761558300,6884.5,6887.25,6884.25,6887,0,0,0,0,0,0,0,0,0
1761559200,6887.25,6887.25,6884,6885.75,0,1,0,0,0,0,0,0,0
1761560100,6886,6887.25,6885,6887,0,0,0,0,0,0,0,0,0
1761561000,6886.75,6887.75,6885.5,6887.25,0,0,0,0,0,0,0,0,0
1761561900,6887,6888.5,6886.5,6886.5,0,0,0,0,0,0,0,0,0
1761562800,6886.75,6889,6884,6884.75,1,0,0,0,0,0,0,0,0
1761563700,6884.75,6885.75,6883.5,6884.25,0,0,0,0,0,0,0,0,0
1761564600,6884,6884.75,6880.75,6881.25,0,0,0,0,0,0,0,0,0
1761565500,6881,6881.75,6878.75,6880.25,0,1,0,0,0,0,0,0,0
1761566400,6880,6885.25,6879.25,6884.5,1,0,0,0,0,0,0,0,0
1761567300,6884.5,6884.5,6882,6882,0,0,0,0,0,0,0,0,0
1761568200,6882.25,6883,6880,6882.25,0,1,0,0,0,0,0,0,0
1761569100,6882.5,6884.25,6882.25,6883,0,0,0,0,0,0,0,0,0
1761570000,6883,6885.5,6882.25,6883.25,0,0,0,0,0,0,0,0,0
1761570900,6883,6886.5,6880.5,6883,0,0,0,0,0,0,0,0,0
1761571800,6883,6887.75,6876.75,6883,0,1,0,0,0,0,0,0,0
1761572700,6883.5,6888.5,6879,6886.75,0,0,0,0,0,0,0,0,0
1761573600,6886.75,6892.25,6885,6888.5,1,0,0,0,0,0,0,0,0
1761574500,6888.5,6889,6879.75,6886.25,0,1,0,0,0,0,0,0,0
1761575400,6886.25,6889.5,6883.5,6889.25,0,0,0,0,0,0,0,0,0
1761576300,6889.5,6889.75,6881.5,6883,1,0,0,0,0,0,0,0,0
1761577200,6883,6886.75,6881.25,6886.25,0,1,0,0,0,0,0,0,0
1761578100,6886.5,6889.75,6884.5,6889.75,0,0,0,0,0,0,0,0,0
1761579000,6889.75,6892.25,6888.5,6891.75,1,0,0,0,0,0,0,0,0
1761579900,6891.75,6892,6888,6890.25,0,1,0,0,0,0,0,0,0
1761580800,6890,6894,6890,6892.25,1,0,0,0,0,0,0,0,0
1761581700,6892.25,6892.5,6889.75,6891,0,1,0,0,0,0,0,0,0
1761582600,6891.25,6893.75,6891.25,6892.75,0,0,0,0,0,0,0,0,0
1761583500,6892.75,6895,6891.5,6893.5,1,0,0,0,0,0,0,0,0
1761584400,6894,6894.25,6890.75,6892.25,0,0,0,0,0,0,0,0,0
1761585300,6892.25,6892.75,6887.75,6890.25,0,1,0,0,0,0,0,0,0
1761586200,6890.25,6895.5,6889,6895.25,0,0,0,0,0,0,0,0,0
1761587100,6895.5,6896.25,6893.75,6895.75,1,0,0,0,0,0,0,0,0
1761588000,6895.5,6895.75,6893.75,6894.75,0,0,0,0,0,0,0,0,0
1761588900,6895,6895.75,6894,6894.75,0,0,0,0,0,0,0,0,0
1761589800,6894.75,6897.5,6894.75,6897,0,0,0,0,0,0,0,0,0
1761590700,6896.75,6898.75,6896,6897.5,0,0,0,0,0,0,0,0,0
1761591600,6897.5,6899.25,6896.5,6898.25,1,0,0,0,0,0,0,0,0
1761592500,6898,6898.75,6896.25,6898.5,0,1,0,0,0,0,0,0,0
1761593400,6898.5,6904.25,6898,6902.5,0,0,0,0,0,0,0,0,0
1761594300,6902.75,6911.75,6902.25,6907.75,0,0,0,0,0,0,0,0,0
1761595200,6907.5,6912,6907,6910,0,0,0,0,0,0,0,0,0
1761596100,6910,6913.75,6909.5,6913.5,0,0,0,0,0,0,0,0,0
1761597000,6913.5,6915.5,6913.5,6915.25,0,0,0,0,0,0,0,0,0
1761597900,6915,6916.5,6913.5,6914,1,0,0,0,0,0,0,0,0
1761602400,6913.75,6914,6910.25,6911.5,0,1,0,0,0,0,0,0,0
1761603300,6911.5,6913.75,6911.25,6912.25,0,0,0,0,0,0,0,0,0
1761604200,6912.25,6913.25,6911,6911.25,0,0,0,0,0,0,0,0,0
1761605100,6911.25,6912.5,6911,6911.5,0,0,0,0,0,0,0,0,0
1761606000,6911.75,6913.25,6911,6912.5,0,0,0,0,0,0,0,0,0
1761606900,6912.75,6917.25,6912.5,6916.5,0,0,0,0,0,0,0,0,0
1761607800,6916.5,6917.75,6913.75,6914,1,0,0,0,0,0,0,0,0
1761608700,6914,6915.75,6910.75,6911,0,0,0,0,0,0,0,0,0
1761609600,6910.75,6912,6908.25,6910.75,0,1,0,0,0,0,0,0,0
1761610500,6911,6911.25,6909.25,6909.75,0,0,0,0,0,0,0,0,0
1761611400,6909.75,6911.5,6908.5,6909.75,1,0,0,0,0,0,0,0,0
1761612300,6909.75,6910.5,6908.5,6909,0,0,0,0,0,0,0,0,0
1761613200,6909,6909.75,6906.75,6907.5,0,0,0,0,0,0,0,0,0
1761614100,6907.5,6909.25,6906,6907.5,0,1,0,0,0,0,0,0,0
1761615000,6907.5,6910.25,6906.5,6907.5,1,0,0,0,0,0,0,0,0
1761615900,6907.75,6908.75,6906.5,6907.25,0,0,0,0,0,0,0,0,0
1761616800,6907.25,6909.25,6907,6907.75,0,0,0,0,0,0,0,0,0
1761617700,6907.75,6909.25,6907,6908.25,1,0,0,0,0,0,0,0,0
1761618600,6908.25,6908.25,6906,6906.5,0,0,0,0,0,0,0,0,0
1761619500,6906.25,6908.5,6905.25,6907.75,0,1,0,0,0,0,0,0,0
1761620400,6907.5,6909.25,6906,6906.5,1,0,0,0,0,0,0,0,0
1761621300,6906.5,6908,6906.25,6907.75,0,0,0,0,0,0,0,0,0
1761622200,6907.25,6907.75,6906.25,6907.5,0,0,0,0,0,0,0,0,0
1761623100,6907.25,6910,6907.25,6908.25,1,0,0,0,0,0,0,0,0
1761624000,6908,6909.25,6907.25,6908.25,0,0,0,0,1,0,0,0,0
1761624900,6908.25,6908.25,6905.5,6906.5,0,0,0,0,0,0,0,0,0
1761625800,6906.25,6906.75,6904.75,6905.25,0,0,0,0,0,0,0,0,0
1761626700,6905.25,6906.25,6904.75,6905,0,0,0,0,0,0,0,0,0
1761627600,6905.25,6906.75,6903.5,6903.5,1,0,0,0,0,0,0,0,0
1761628500,6903.75,6904.5,6903,6904,0,0,0,0,0,0,0,0,0
1761629400,6904,6904.25,6902.5,6903,0,1,0,0,0,0,0,0,0
1761630300,6903.25,6906.5,6903,6905,0,0,0,0,0,0,0,0,0
1761631200,6905,6907,6904.25,6904.75,0,0,0,0,0,0,0,0,0
1761632100,6904.75,6907.25,6903.5,6906.25,0,1,0,0,0,0,0,0,0
1761633000,6906.25,6909.75,6905.75,6905.75,1,0,0,0,0,0,0,0,0
1761633900,6906,6906.5,6903.75,6904,0,0,0,0,0,0,0,0,0
1761634800,6903.75,6908.5,6903.25,6904.25,0,1,0,0,0,0,0,0,0
1761635700,6904.5,6908.75,6904.25,6907.75,1,0,0,0,0,0,0,0,0
1761636600,6907.75,6908.25,6906,6906.25,0,0,0,0,0,0,0,0,0
1761637500,6906,6906,6902.25,6903.5,0,0,0,0,0,0,0,0,0
1761638400,6903.75,6905,6901.75,6902.25,0,0,0,0,0,0,0,0,0
1761639300,6902.25,6904.5,6901.75,6903.25,0,0,0,0,0,0,0,0,0
1761640200,6903.25,6904.75,6901.5,6903.25,0,1,0,0,0,0,0,0,0
1761641100,6903,6907.75,6902.75,6906.5,0,0,0,0,0,0,0,0,0
1761642000,6906.5,6908.25,6905.75,6906.25,1,0,0,0,0,0,0,0,0
1761642900,6906.25,6907.5,6904,6905,0,0,0,0,0,0,0,0,0
1761643800,6905,6905.5,6903.75,6905,0,1,0,0,0,0,0,0,0
1761644700,6905.25,6908.25,6905,6907.25,0,0,0,0,0,0,0,0,0
1761645600,6907.5,6908.75,6906.75,6908,0,0,0,0,0,0,0,0,0
1761646500,6908,6910.5,6907.75,6909,1,0,0,0,0,0,0,0,0
1761647400,6909.25,6909.5,6907.25,6907.5,0,0,0,0,0,0,0,0,0
1761648300,6907.5,6908,6906,6907.75,0,1,0,0,0,0,0,0,0
1761649200,6907.5,6909.75,6907.5,6908.75,0,0,0,0,0,0,0,0,0
1761650100,6908.75,6912.5,6906.75,6911.25,0,1,0,0,0,0,0,0,0
1761651000,6911,6913.25,6910.25,6913,0,0,0,0,0,0,0,0,0
1761651900,6913,6914,6911.75,6912.5,0,0,0,0,0,0,0,0,0
1761652800,6912.75,6915.5,6912,6915,0,0,0,0,0,0,0,0,0
1761653700,6915,6918.25,6914.25,6917.75,1,0,0,0,0,0,0,0,0
1761654600,6917.75,6918,6914.75,6915.5,0,0,0,0,0,0,0,0,0
1761655500,6915.75,6916.5,6914.5,6916,0,1,0,0,0,0,0,0,0
1761656400,6916,6927.25,6915.75,6926.5,0,0,0,0,0,0,0,0,0
1761657300,6926.5,6927.5,6923,6925.75,0,0,0,0,0,0,0,0,0
1761658200,6925.75,6927.5,6913.5,6914.5,1,0,0,0,0,0,0,0,0
1761659100,6914.75,6919.25,6906.75,6911,0,1,0,0,0,0,0,0,0
1761660000,6911.75,6914.75,6909.25,6913,0,0,0,0,0,0,0,0,0
1761660900,6913.25,6916.75,6911.75,6916.5,0,0,0,0,0,0,0,0,0
1761661800,6916.5,6918.75,6912.25,6914.25,1,0,0,0,0,0,0,0,0
1761662700,6914,6917.5,6910.75,6913.75,0,1,0,0,0,0,0,0,0
1761663600,6913.75,6917.25,6912,6913.5,0,0,0,0,0,0,0,0,0
1761664500,6913.5,6915.25,6908.5,6910.5,0,0,0,0,0,0,0,0,0
1761665400,6910.25,6910.5,6903.25,6906.25,0,1,0,0,0,0,0,0,0
1761666300,6906.25,6911.25,6905,6911,0,0,0,0,0,0,0,0,0
1761667200,6910.75,6915.5,6910.75,6913,0,0,0,0,0,0,0,0,0
1761668100,6913.25,6917.75,6911,6917.25,0,0,0,0,0,0,0,0,0
1761669000,6917.25,6930,6916,6922.75,1,0,0,0,0,0,0,0,0
1761669900,6922.5,6927.25,6922,6924.5,0,0,0,0,0,0,0,0,0
1761670800,6924.25,6929.5,6924,6927,1,0,0,0,0,0,0,0,0
1761671700,6927.25,6928.75,6924.5,6925.75,0,0,0,0,0,0,0,0,0
1761672600,6925.5,6928.75,6923.75,6928.5,0,1,0,0,0,0,0,0,0
1761673500,6928.5,6932.75,6926.5,6931.75,0,0,0,0,0,0,0,0,0
1761674400,6931.5,6934.25,6931,6933.75,0,0,0,0,0,0,0,0,0
1761675300,6933.75,6939.75,6933.25,6936.25,1,0,0,0,0,0,0,0,0
1761676200,6936.25,6937.5,6933.25,6935.25,0,0,0,0,0,0,0,0,0
1761677100,6935.25,6937.25,6933.5,6937,0,0,0,0,0,0,0,0,0
1761678000,6937,6938,6933.5,6937.75,0,0,0,0,0,0,0,0,0
1761678900,6937.5,6944.75,6935,6942.25,1,0,0,0,0,0,0,0,0
1761679800,6942.5,6942.75,6929.5,6930.5,0,0,0,0,0,0,0,0,0
1761680700,6930.75,6933,6924.25,6925.5,0,0,0,0,0,0,0,0,0
1761681600,6925.75,6927.75,6921.5,6924,0,1,0,0,0,0,0,0,0
1761682500,6924,6926.5,6923.75,6925.75,0,0,0,0,0,0,0,0,0
1761683400,6925.5,6927.25,6925.25,6926.75,0,0,0,0,0,0,0,0,0
1761684300,6926.5,6928.25,6924.75,6927.5,0,1,0,0,0,0,0,0,0
1761688800,6928.75,6931.25,6927,6931.25,0,0,0,0,0,0,0,0,0
1761689700,6931,6931.5,6929.25,6930.25,1,0,0,0,0,0,0,0,0
1761690600,6930.25,6931,6926.5,6926.5,0,0,0,0,0,0,0,0,0
1761691500,6926.75,6927.5,6925.25,6925.75,0,0,0,0,0,0,0,0,0
1761692400,6926,6926.5,6924.25,6926.5,0,1,0,0,0,0,0,0,0
1761693300,6926.25,6929,6926.25,6926.5,1,0,0,0,0,0,0,0,0
1761694200,6926.5,6928.25,6926,6926.75,0,1,0,0,0,0,0,0,0
1761695100,6926.75,6929,6926.25,6927.75,1,0,0,0,0,0,0,0,0
1761696000,6928,6928.25,6925,6926,0,1,0,0,0,0,0,0,0
1761696900,6926.25,6929.25,6925.25,6929,0,0,0,0,0,0,0,0,0
1761697800,6929,6930.25,6926.25,6926.75,1,0,0,0,0,0,0,0,0
1761698700,6926.75,6927.5,6924.5,6925.75,0,1,0,0,0,0,0,0,0
1761699600,6925.75,6929.5,6925.5,6928.5,0,0,0,0,0,0,0,0,0
1761700500,6928.25,6930.5,6927.75,6929.5,0,0,0,0,0,0,0,0,0
1761701400,6929.75,6934.25,6929,6930.25,0,0,0,0,0,0,0,0,0
1761702300,6930,6935,6927.25,6932.75,0,1,0,0,0,0,0,0,0
1761703200,6932.75,6937,6932.5,6934.75,0,0,0,0,0,0,0,0,0
1761704100,6935,6938.5,6934,6937,1,0,0,0,0,0,0,0,0
1761705000,6937,6938,6936.25,6936.75,0,0,0,0,0,0,0,0,0
1761705900,6936.75,6940,6936.5,6937.5,1,0,0,0,0,0,0,0,0
1761706800,6937.75,6939.25,6937.5,6937.75,0,0,0,0,0,0,0,0,0
1761707700,6937.5,6939.25,6936.5,6937.25,0,0,0,0,0,0,0,0,0
1761708600,6937,6938.75,6934.25,6938,0,1,0,0,0,0,0,0,0
1761709500,6937.75,6939,6937,6938.25,1,0,0,0,0,0,0,0,0
1761710400,6938,6938,6933,6933.25,0,1,0,0,0,1,0,0,0
1761711300,6933.25,6938.25,6933.25,6936.75,0,0,0,0,0,0,0,0,0
1761712200,6936.75,6939,6936.75,6938.25,0,0,0,0,0,0,0,0,0
1761713100,6938.25,6939.25,6938,6938.75,0,0,0,0,0,0,0,0,0
1761714000,6938.5,6939.75,6938.25,6939.25,0,0,0,0,0,0,0,0,0
1761714900,6939.5,6941,6939,6940,1,0,0,0,0,0,0,0,0
1761715800,6940.25,6940.75,6938.75,6939.75,0,0,0,0,0,0,0,0,0
1761716700,6939.75,6941,6938.25,6940.5,0,1,0,0,0,0,0,0,0
1761717600,6940.5,6942.5,6939.5,6941.75,0,0,0,0,0,0,0,0,0
1761718500,6941.5,6944,6941,6943,0,0,0,0,0,0,0,0,0
1761719400,6943,6944.25,6941.75,6942.25,1,0,0,0,0,0,0,0,0
1761720300,6942.25,6943,6941.75,6943,0,0,0,0,0,0,0,0,0
1761721200,6943,6944,6940.5,6943.75,0,0,0,0,0,0,0,0,0
1761722100,6943.5,6944.75,6939.25,6942.25,0,1,0,0,0,0,0,0,0
1761723000,6942.5,6945.75,6941.75,6944.75,1,0,0,0,0,0,0,0,0
1761723900,6944.5,6945.25,6942,6945,0,0,0,0,0,0,0,0,0
1761724800,6944.75,6947.25,6944,6944.75,0,0,0,0,0,0,0,0,0
1761725700,6944.75,6949.5,6943.5,6943.75,1,0,0,0,0,0,0,0,0
1761726600,6943.5,6945.75,6936.75,6938.75,0,0,0,0,0,0,0,0,0
1761727500,6938.5,6940,6935.75,6937.5,0,0,0,0,0,0,0,0,0
1761728400,6937.25,6937.75,6932,6933.25,0,0,0,0,0,0,0,0,0
1761729300,6933,6936,6931.75,6932.5,0,0,0,0,0,0,0,0,0
1761730200,6932.5,6935,6930.75,6933.75,0,1,0,0,0,0,0,0,0
1761731100,6933.75,6936.25,6932.75,6936,0,0,0,0,0,0,0,0,0
1761732000,6936,6938.5,6934.25,6937.5,0,0,0,0,0,0,0,0,0
1761732900,6937.75,6940.5,6937,6939.5,0,0,0,0,0,0,0,0,0
1761733800,6939.75,6940.75,6938.5,6939,0,0,0,0,0,0,0,0,0
1761734700,6938.75,6942.5,6938.25,6938.75,0,0,0,0,0,0,0,0,0
1761735600,6938.5,6943.75,6937,6943.5,0,1,0,0,0,0,0,0,0
1761736500,6943.25,6946.75,6942,6946.25,0,0,0,0,0,0,0,0,0
1761737400,6946,6948.75,6945,6947.5,1,0,0,0,0,0,0,0,0
1761738300,6947.5,6947.75,6942.5,6943,0,0,0,0,0,0,0,0,0
1761739200,6943,6945.25,6942.5,6944.5,0,0,0,0,0,0,0,0,0
1761740100,6944.5,6946,6940.5,6941.25,1,0,0,0,0,0,0,0,0
1761741000,6941,6942.25,6937.5,6938.5,0,1,0,0,0,0,0,0,0
1761741900,6938.5,6943.5,6938.25,6942,0,0,0,0,0,0,0,0,0
1761742800,6942,6945,6941.25,6944,0,0,0,0,0,0,0,0,0
1761743700,6944,6945.25,6941.5,6942,0,0,0,0,0,0,0,0,0
1761744600,6942,6947.5,6936.25,6947.25,0,1,0,0,0,0,0,0,0
1761745500,6947.5,6952,6942,6950.75,0,0,0,0,0,0,0,0,0
1761746400,6951,6952,6939.25,6942.75,1,1,0,0,0,0,0,0,0
1761747300,6942.75,6945.25,6940,6944.75,0,0,0,0,0,0,0,0,0
1761748200,6944.5,6946,6936.5,6937.5,1,0,0,0,0,0,0,0,0
1761749100,6937.5,6940.5,6932.5,6938,0,1,0,0,0,0,0,0,0
1761750000,6938.25,6940.25,6935,6938.25,0,0,0,0,0,0,0,0,0
1761750900,6938.25,6942.75,6935.75,6937.5,1,0,0,0,0,0,0,0,0
1761751800,6937.5,6938.25,6933.25,6936.75,0,0,0,0,0,0,0,0,0
1761752700,6936.5,6938.25,6932.75,6934.75,0,0,0,0,0,0,0,0,0
1761753600,6934.75,6936,6930,6934.75,0,1,0,0,0,0,0,0,0
1761754500,6934.5,6940,6934.25,6939.25,0,0,0,0,0,0,0,0,0
1761755400,6939.25,6941,6937.5,6939.5,0,0,0,0,0,0,0,0,0
1761756300,6939.75,6942.5,6937.75,6940,1,0,0,0,0,0,0,0,0
1761757200,6940,6941,6937.25,6940.5,0,0,0,0,0,0,0,0,0
1761758100,6940.5,6942.5,6931.5,6933.75,1,0,0,0,0,0,0,0,0
1761759000,6933.5,6936,6930.25,6935.5,0,1,0,0,0,0,0,0,0
1761759900,6935.5,6940,6933,6934.25,0,0,0,0,0,0,0,0,0
1761760800,6934,6945,6927.5,6930.75,1,1,0,0,0,0,0,0,0
1761761700,6930.75,6937.25,6928,6935,0,0,0,0,0,0,0,0,0
1761762600,6935,6942,6882.5,6886.75,1,1,0,0,0,0,0,0,0
1761763500,6886.75,6923.75,6885.25,6915,0,0,0,0,0,0,0,0,0
1761764400,6914.75,6923.25,6898.75,6914.75,0,0,0,0,0,0,0,0,0
1761765300,6915,6922,6904,6908.75,0,0,0,0,0,0,0,0,0
1761766200,6908.5,6912.25,6894.75,6909.25,0,1,0,0,0,0,0,0,0
1761767100,6909.5,6929.25,6909,6928,0,0,0,0,0,0,0,0,0
1761768000,6928,6946.75,6905.25,6921.5,1,1,0,0,0,0,0,0,0
1761768900,6921.25,6928.5,6911.75,6924.5,0,0,0,0,0,0,0,0,0
1761769800,6924.25,6929,6919.25,6928,0,0,0,0,0,0,0,0,0
1761770700,6928.25,6929.5,6917.5,6918.25,1,0,0,0,0,0,0,0,0
1761775200,6908,6922,6902.25,6914.25,0,1,0,0,0,0,0,0,0
1761776100,6914.75,6916.25,6908,6908,0,0,0,0,0,0,0,0,0
1761777000,6908.25,6916,6908.25,6913.75,0,0,0,0,0,0,0,0,0
1761777900,6913.75,6916,6912,6913,0,0,0,0,0,0,0,0,0
1761778800,6913.25,6915.5,6911,6912.75,0,1,0,0,0,0,0,0,0
1761779700,6912.75,6921.25,6912.5,6919.75,1,0,0,0,0,0,0,0,0
1761780600,6919.75,6920,6908,6911,0,1,0,0,0,0,0,0,0
1761781500,6911.25,6924.75,6910.75,6922.25,0,0,0,0,0,0,0,0,0
1761782400,6922.5,6931.75,6922.25,6930.25,0,0,0,0,0,0,0,0,0
1761783300,6930.25,6936,6928,6934.5,0,0,0,0,0,0,0,0,0
1761784200,6934.75,6940,6932.75,6933,1,0,0,0,0,0,0,0,0
1761785100,6933.25,6935.25,6930.25,6933,0,0,0,0,0,0,0,0,0
1761786000,6933.25,6937.5,6926.25,6933.25,1,1,0,0,0,0,0,0,0
1761786900,6932.75,6935.25,6930.75,6932.5,0,0,0,0,0,0,0,0,0
1761787800,6932.5,6939.25,6928.75,6937.75,1,1,0,0,0,0,0,0,0
1761788700,6937.5,6938.75,6934.5,6936,0,0,0,0,0,0,0,0,0
1761789600,6936,6944.5,6935.25,6944.25,0,0,0,0,0,0,0,0,0
1761790500,6944.25,6948.75,6944,6945.75,0,0,0,0,0,0,0,0,0
1761791400,6945.75,6948.75,6942.75,6945.75,1,0,0,0,0,0,0,0,0
1761792300,6946,6947.25,6941.75,6944.25,0,1,0,0,0,0,0,0,0
1761793200,6944,6949.5,6944,6948.75,0,0,0,0,0,0,0,0,0
1761794100,6949,6952.25,6948,6949.25,0,0,0,0,0,0,0,0,0
1761795000,6949,6952.25,6947.5,6950,0,0,0,0,0,0,0,0,0
1761795900,6949.75,6955,6945.5,6948,1,0,0,0,0,0,0,0,0
1761796800,6948,6948.75,6910,6914.25,0,0,0,0,0,0,1,0,0
1761797700,6914.25,6923.25,6900.75,6905.5,0,1,0,0,0,0,0,0,0
1761798600,6905.75,6938.25,6904,6916,1,0,0,0,0,0,0,0,0
1761799500,6915.75,6924,6912.5,6914.25,0,0,0,0,0,0,0,0,0
1761800400,6914.5,6923,6912.25,6921.75,0,1,0,0,0,0,0,0,0
1761801300,6922,6931,6918,6930.25,0,0,0,0,0,0,0,0,0
1761802200,6930.5,6938.25,6929.5,6931,1,0,0,0,0,0,0,0,0
1761803100,6931.5,6934.5,6926.75,6930,0,0,0,0,0,0,0,0,0
1761804000,6929.5,6930.5,6920.5,6921.75,0,0,0,0,0,0,0,0,0
1761804900,6922.25,6922.75,6916,6917.75,0,1,0,0,0,0,0,0,0
1761805800,6917.5,6922.25,6917,6921.75,0,0,0,0,0,0,0,0,0
1761806700,6921.5,6926.75,6919,6919.5,0,0,0,0,0,0,0,0,0
1761807600,6919.5,6929,6911.75,6928,0,1,0,0,0,0,0,0,0
1761808500,6928,6932.5,6921.5,6922,1,0,0,0,0,0,0,0,0
1761809400,6921.75,6926.25,6920.75,6925.25,0,1,0,0,0,0,0,0,0
1761810300,6925.5,6930,6924,6927,1,0,0,0,0,0,0,0,0
1761811200,6927.25,6929.25,6917.25,6917.75,0,0,0,0,0,0,0,0,0
1761812100,6917.75,6924.25,6916,6921,0,1,0,0,0,0,0,0,0
1761813000,6921,6924.75,6917.75,6924,0,0,0,0,0,0,0,0,0
1761813900,6924,6926.5,6921.25,6922,1,0,0,0,0,0,0,0,0
1761814800,6921.75,6926,6919.5,6922.5,0,0,0,0,0,0,0,0,0
1761815700,6922.5,6923,6912.5,6916.25,0,0,0,0,0,0,0,0,0
1761816600,6916.25,6917.5,6908.25,6911,0,0,0,0,0,0,0,0,0
1761817500,6911.25,6911.25,6905.5,6908.25,0,1,0,0,0,0,0,0,0
1761818400,6908.5,6914,6906.5,6911.5,0,0,0,0,0,0,0,0,0
1761819300,6911.5,6914,6908.75,6912.5,0,0,0,0,0,0,0,0,0
1761820200,6912.25,6916.25,6911,6913.5,0,0,0,0,0,0,0,0,0
1761821100,6913.5,6920,6913.5,6918,0,0,0,0,0,0,0,0,0
1761822000,6918,6922,6916.5,6921.75,0,0,0,0,0,0,0,0,0
1761822900,6921.75,6928.75,6921,6927.75,0,0,0,0,0,0,0,0,0
1761823800,6927.75,6929.75,6924.25,6928.75,1,0,0,0,0,0,0,0,0
1761824700,6929,6929.5,6921,6921.5,0,0,0,0,0,0,0,0,0
1761825600,6921.75,6924.75,6909.75,6910.5,0,0,0,0,0,0,0,0,0
1761826500,6910.5,6914.5,6898,6901.25,0,0,0,0,0,0,0,0,0
1761827400,6901.25,6907,6895.75,6898,0,0,0,0,0,0,0,0,0
1761828300,6898,6901.25,6890.25,6891,0,0,0,0,0,0,0,0,0
1761829200,6891,6899.25,6887.75,6896,0,0,0,0,0,0,0,0,0
1761830100,6896.25,6896.25,6887,6893.25,0,0,0,0,0,0,0,0,0
1761831000,6893,6893.25,6867.75,6878.25,0,1,0,0,0,0,0,0,0
1761831900,6878,6910.75,6875.75,6904.25,0,0,0,0,0,0,0,0,0
1761832800,6904.25,6913.75,6892.25,6902.5,1,0,0,0,0,0,0,0,0
1761833700,6902.25,6903,6886,6888.5,0,1,0,0,0,0,0,0,0
1761834600,6888.5,6911.75,6888,6906.75,1,0,0,0,0,0,0,0,0
1761835500,6906.75,6908.75,6890.25,6898.5,0,0,0,0,0,0,0,0,0
1761836400,6898.25,6907.75,6898.25,6907,0,0,0,0,0,0,0,0,0
1761837300,6907.25,6909.5,6900.75,6902.25,1,0,0,0,0,0,0,0,0
1761838200,6902,6903.5,6885.25,6889.5,0,0,0,0,0,0,0,0,0
1761839100,6889.5,6894.5,6883.25,6887.75,0,1,0,0,0,0,0,0,0
1761840000,6888,6905.5,6886,6904.75,0,0,0,0,0,0,0,0,0
1761840900,6905,6906,6899,6903.5,1,0,0,0,0,0,0,0,0
1761841800,6903.75,6904,6890,6896.5,0,1,0,0,0,0,0,0,0
1761842700,6896.75,6900.5,6893.75,6898.25,0,0,0,0,0,0,0,0,0
1761843600,6898.25,6898.25,6884.25,6887.75,0,1,0,0,0,0,0,0,0
1761844500,6887.5,6900,6886.25,6897.75,1,0,0,0,0,0,0,0,0
1761845400,6898,6898,6889.75,6893.75,0,0,0,0,0,0,0,0,0
1761846300,6894,6900.5,6893.75,6898,1,0,0,0,0,0,0,0,0
1761847200,6898,6898,6882.5,6883.5,0,0,0,0,0,0,0,0,0
1761848100,6883.25,6886.75,6879,6883.25,0,0,0,0,0,0,0,0,0
1761849000,6883.25,6889,6875.25,6878.5,1,1,0,0,0,0,0,0,0
1761849900,6878.5,6885.25,6875.75,6877.5,0,0,0,0,0,0,0,0,0
1761850800,6877.5,6878.25,6870,6870.5,0,0,0,0,0,0,0,0,0
1761851700,6870.75,6872,6856.5,6866.75,0,1,0,0,0,0,0,0,0
1761852600,6866.75,6874,6859.25,6860.5,1,0,0,0,0,0,0,0,0
1761853500,6860.75,6865.75,6852.5,6853.75,0,0,0,0,0,0,0,0,0
1761854400,6854,6877.5,6850.75,6874.5,0,1,0,0,0,0,0,0,0
1761855300,6874.75,6880.75,6873.25,6877.25,0,0,0,0,0,0,0,0,0
1761856200,6877.5,6895.5,6851,6894,0,1,0,0,0,0,0,0,0
1761857100,6894,6896.25,6890,6894.5,0,0,0,0,0,0,0,0,0
1761861600,6896.5,6899.75,6892.75,6893.75,1,0,0,0,0,0,0,0,0
1761862500,6893.75,6896.5,6892.5,6896.25,0,1,0,0,0,0,0,0,0
1761863400,6896.25,6897.5,6893.25,6893.75,1,0,0,0,0,0,0,0,0
1761864300,6893.75,6894.25,6890.75,6893.25,0,1,0,0,0,0,0,0,0
1761865200,6893.5,6896.25,6891.25,6892.5,1,0,0,0,0,0,0,0,0
1761866100,6892.5,6893,6888.5,6891.5,0,0,0,0,0,0,0,0,0
1761867000,6891.75,6894.25,6887.75,6894,0,1,0,0,0,0,0,0,0
1761867900,6894,6899.25,6893,6898.5,1,0,0,0,0,0,0,0,0
1761868800,6898.75,6899,6889.5,6894.25,0,1,0,0,0,0,0,0,0
1761869700,6894,6903,6893.25,6902.25,0,0,0,0,0,0,0,0,0
1761870600,6902,6903,6898.5,6900.25,1,0,0,0,0,0,0,0,0
1761871500,6900.5,6902.25,6899.5,6901.25,0,0,0,0,0,0,0,0,0
1761872400,6901,6902.5,6898.75,6899.25,1,0,0,0,0,0,0,0,0
1761873300,6899.5,6900.5,6895.5,6900.5,0,1,0,0,0,0,0,0,0
1761874200,6900.5,6903.5,6899.25,6902.25,0,0,0,0,0,0,0,0,0
1761875100,6902.25,6904,6900,6903.5,0,0,0,0,0,0,0,0,0
1761876000,6903.5,6904.75,6900.25,6901.5,1,0,0,0,0,0,0,0,0
1761876900,6901.5,6902.25,6898.75,6899.25,0,0,0,0,0,0,0,0,0
1761877800,6899,6899,6894.25,6894.5,0,0,0,0,0,0,0,0,0
1761878700,6894.5,6898.25,6893.25,6897.25,0,1,0,0,0,0,0,0,0
1761879600,6896.75,6900,6896.5,6899,1,0,0,0,0,0,0,0,0
1761880500,6899,6899.5,6892.5,6894.5,0,1,0,0,0,0,0,0,0
1761881400,6894.5,6899.25,6894,6898.75,0,0,0,0,0,0,0,0,0
1761882300,6899,6900.5,6898,6899.75,0,0,0,0,0,0,0,0,0
1761883200,6900,6903,6899.75,6901.75,0,0,0,0,0,0,0,1,0
1761884100,6902,6903,6900,6901.25,0,0,0,0,0,0,0,0,0
1761885000,6901.5,6903,6900.25,6902,0,0,0,0,0,0,0,0,0
1761885900,6902.5,6902.5,6899.5,6901,0,0,0,0,0,0,0,0,0
1761886800,6900.75,6901,6898,6898.75,0,0,0,0,0,0,0,0,0
1761887700,6898.75,6900.5,6896.5,6896.75,0,0,0,0,0,0,0,0,0
1761888600,6897,6897.75,6896,6897.5,0,0,0,0,0,0,0,0,0
1761889500,6897.5,6897.75,6894,6895.25,0,1,0,0,0,0,0,0,0
1761890400,6895,6899,6894.25,6898.5,0,0,0,0,0,0,0,0,0
1761891300,6898.5,6900.75,6895.5,6900.5,0,0,0,0,0,0,0,0,0
1761892200,6900.5,6902.5,6898,6899,1,0,0,0,0,0,0,0,0
1761893100,6899.25,6899.25,6894.75,6896,0,0,0,0,0,0,0,0,0
1761894000,6896,6896.25,6893.25,6894.5,0,1,0,0,0,0,0,0,0
1761894900,6894.5,6898.75,6894.5,6898,0,0,0,0,0,0,0,0,0
1761895800,6898.25,6904.75,6898,6903.25,0,0,0,0,0,0,0,0,0
1761896700,6903,6906.25,6902.5,6906,1,0,0,0,0,0,0,0,0
1761897600,6906,6906,6897.5,6897.5,0,0,0,0,0,0,0,0,0
1761898500,6897.25,6900.5,6896.25,6899.5,0,1,0,0,0,0,0,0,0
1761899400,6899.25,6900.5,6896.5,6900,0,0,0,0,0,0,0,0,0
1761900300,6899.75,6904,6899,6903.5,0,0,0,0,0,0,0,0,0
1761901200,6903.5,6906,6902.25,6906,0,0,0,0,0,0,0,0,0
1761902100,6905.75,6906,6901,6902,1,0,0,0,0,0,0,0,0
1761903000,6902,6903,6899,6899.75,0,0,0,0,0,0,0,0,0
1761903900,6899.5,6901.75,6899,6899.75,0,0,0,0,0,0,0,0,0
1761904800,6900,6900.75,6898.25,6898.5,0,0,0,0,0,0,0,0,0
1761905700,6898.75,6899,6893.25,6895.75,0,1,0,0,0,0,0,0,0
1761906600,6895.5,6899.25,6894.25,6898.5,0,0,0,0,0,0,0,0,0
1761907500,6899,6900.75,6897.5,6897.75,0,0,0,0,0,0,0,0,0
1761908400,6898,6901.5,6894.75,6900.5,0,1,0,0,0,0,0,0,0
1761909300,6900.5,6905,6899.25,6904.75,0,0,0,0,0,0,0,0,0
1761910200,6904.75,6905.25,6902.5,6905,0,0,0,0,0,0,0,0,0
1761911100,6905,6911.5,6904.25,6907.75,0,0,0,0,0,0,0,0,0
1761912000,6907.5,6913.25,6906.75,6913,0,0,0,0,0,0,0,0,0
1761912900,6913,6918.5,6912.75,6915.5,1,0,0,0,0,0,0,0,0
1761913800,6916,6916.75,6901.75,6904.5,0,1,0,0,0,0,0,0,0
1761914700,6904.25,6910,6903.25,6905.75,0,0,0,0,0,0,0,0,0
1761915600,6905.75,6906.25,6900.5,6905,0,0,0,0,0,0,0,0,0
1761916500,6904.75,6905.75,6899.25,6901.75,0,0,0,0,0,0,0,0,0
1761917400,6902.25,6902.5,6882,6884.5,0,0,0,0,0,0,0,0,0
1761918300,6884.25,6892.25,6880,6886.25,0,0,0,0,0,0,0,0,0
1761919200,6886.25,6888.25,6877,6879.25,0,0,0,0,0,0,0,0,0
1761920100,6879.25,6886.75,6873.5,6884.25,0,1,0,0,0,0,0,0,0
1761921000,6884.25,6896.75,6882.75,6895.5,0,0,0,0,0,0,0,0,0
1761921900,6895.5,6899.5,6893.25,6896.5,1,0,0,0,0,0,0,0,0
1761922800,6896.5,6898.75,6891,6894.25,0,0,0,0,0,0,0,0,0
1761923700,6894,6899.5,6887.75,6889,1,0,0,0,0,0,0,0,0
1761924600,6889.25,6893.5,6875,6886,0,0,0,0,0,0,0,0,0
1761925500,6886,6894.5,6872.25,6873.5,1,0,0,0,0,0,0,0,0
1761926400,6873.5,6875.25,6862.25,6866.75,0,0,0,0,0,0,0,0,0
1761927300,6866.75,6872.25,6856.5,6869.25,0,1,0,0,0,0,0,0,0
1761928200,6869.25,6876.25,6861.25,6863.25,1,0,0,0,0,0,0,0,0
1761929100,6863.25,6867.25,6852.5,6855.25,0,0,0,0,0,0,0,0,0
1761930000,6855,6859.25,6848.5,6850.75,0,0,0,0,0,0,0,0,0
1761930900,6850.25,6852.5,6843.5,6849.25,0,1,0,0,0,0,0,0,0
1761931800,6849.5,6859,6845.5,6858.5,0,0,0,0,0,0,0,0,0
1761932700,6858.25,6866.5,6858.25,6860.25,0,0,0,0,0,0,0,0,0
1761933600,6860.25,6873.75,6859.5,6871.5,0,0,0,0,0,0,0,0,0
1761934500,6871.5,6876,6867,6875,0,0,0,0,0,0,0,0,0
1761935400,6875,6877.5,6871.5,6875.5,0,0,0,0,0,0,0,0,0
1761936300,6875.75,6879.5,6868.75,6878,0,1,0,0,0,0,0,0,0
1761937200,6877.75,6882,6874.5,6880.25,0,0,0,0,0,0,0,0,0
1761938100,6880.25,6894.75,6879.25,6893,0,0,0,0,0,0,0,0,0
1761939000,6893,6900,6890.75,6896.25,1,0,0,0,0,0,0,0,0
1761939900,6896,6896.75,6871.75,6872.25,0,0,0,0,0,0,0,0,0
1761940800,6872.25,6875,6867.5,6872,0,0,0,0,0,0,0,0,0
1761941700,6872,6872.75,6866.75,6868,0,1,0,0,0,0,0,0,0
1761942600,6867.75,6871.75,6867.75,6870,0,0,0,0,0,0,0,0,0
1761943500,6869.75,6873.5,6869.5,6872,0,0,0,0,0,0,0,0,0
1762124400,6877.5,6891.25,6876.25,6891.25,0,0,0,0,0,0,0,0,0
1762125300,6891.25,6893.25,6887.25,6888.5,0,0,0,0,0,0,0,0,0
1762126200,6888.25,6894.75,6887.25,6892,0,0,0,0,0,0,0,0,0
1762127100,6892,6895,6892,6892.5,0,0,0,0,0,0,0,0,0
1762128000,6892.75,6896.5,6892,6895.25,0,0,0,0,0,0,0,0,0
1762128900,6895,6897.75,6894.5,6895.75,0,0,0,0,0,0,0,0,0
1762129800,6896,6897.75,6895,6897,0,0,0,0,0,0,0,0,0
1762130700,6897.25,6898.75,6896.75,6898.5,0,0,0,0,0,0,0,0,0
1762131600,6898.25,6899,6895,6897.5,0,0,0,0,0,0,0,0,0
1762132500,6897.75,6899.25,6895,6896,1,0,0,0,0,0,0,0,0
1762133400,6896.25,6896.5,6891.5,6894.25,0,0,0,0,0,0,0,0,0
1762134300,6894.25,6894.5,6891.5,6892,0,0,0,0,0,0,0,0,0
1762135200,6891.5,6893.25,6890.25,6892.75,0,1,0,0,0,0,0,0,0
1762136100,6892.5,6896,6892,6893.75,1,0,0,0,0,0,0,0,0
1762137000,6893.5,6893.75,6887.25,6890,0,1,0,0,0,0,0,0,0
1762137900,6890.25,6891.25,6887.5,6888.5,0,0,0,0,0,0,0,0,0
1762138800,6888.5,6889,6884.25,6884.5,0,0,0,0,0,0,0,0,0
1762139700,6884.75,6887,6881,6884,0,1,0,0,0,0,0,0,0
1762140600,6884,6887.25,6882.75,6885.25,1,0,0,0,0,0,0,0,0
1762141500,6885.25,6886.75,6883.25,6886.5,0,0,0,0,0,0,0,0,0
1762142400,6886,6886.25,6883.75,6885.75,0,0,0,0,0,0,0,0,0
1762143300,6886,6888,6884.25,6886.5,0,0,0,0,0,0,0,0,0
1762144200,6886.75,6888,6884.75,6885.75,1,0,0,0,0,0,0,0,0
1762145100,6885.5,6887.25,6885,6887,0,0,0,0,0,0,0,0,0
1762146000,6887,6888,6886,6886.5,1,0,0,1,0,0,0,0,0
1762146900,6886.75,6886.75,6882,6886.25,0,1,0,0,0,0,0,0,0
1762147800,6886.5,6889,6884.5,6887.75,1,0,0,0,0,0,0,0,0
1762148700,6887.75,6888,6882.5,6884.75,0,1,0,0,0,0,0,0,0
1762149600,6885,6888,6884,6884,0,0,0,0,0,0,0,0,0
1762150500,6884,6884.75,6878.5,6880.5,0,1,0,0,0,0,0,0,0
1762151400,6880.25,6884,6878.75,6879.75,0,0,0,0,0,0,0,0,0
1762152300,6879.75,6883.5,6877.5,6880.5,0,0,0,0,0,0,0,0,0
1762153200,6880.25,6880.75,6874.75,6876.25,0,0,0,0,0,0,0,0,0
1762154100,6876,6879.75,6874.75,6876.75,0,0,0,0,0,0,0,0,0
1762155000,6876.75,6877.5,6874,6874.25,0,0,0,0,0,0,0,0,0
1762155900,6874.25,6877.5,6873.5,6876,0,0,0,0,0,0,0,0,0
1762156800,6876,6881.5,6873.25,6880.75,0,1,0,0,0,0,0,0,0
1762157700,6881,6884.5,6877.75,6882.75,0,0,0,0,0,0,0,0,0
1762158600,6882.75,6886.25,6881.25,6886.25,0,0,0,0,0,0,0,0,0
1762159500,6886.25,6889.75,6885.25,6887.5,0,0,0,0,0,0,0,0,0
1762160400,6887.5,6894.75,6887,6894.5,0,0,0,0,0,0,0,0,0
1762161300,6894.75,6900.75,6893.75,6900.25,0,0,0,0,0,0,0,0,0
1762162200,6900.5,6902.25,6898,6899.5,1,0,0,0,0,0,0,0,0
1762163100,6899.5,6899.75,6894,6895,0,0,0,0,0,0,0,0,0
1762164000,6895,6897,6893.25,6895.75,0,1,0,0,0,0,0,0,0
1762164900,6895.75,6898,6894,6896.5,0,0,0,0,0,0,0,0,0
1762165800,6896.5,6899.25,6894.25,6899,0,0,0,0,0,0,0,0,0
1762166700,6899.25,6901,6894.25,6896,1,0,0,0,0,0,0,0,0
1762167600,6896,6900.75,6896,6899.25,0,0,0,0,0,0,0,0,0
1762168500,6899.25,6903,6898,6898.75,1,0,0,0,0,0,0,0,0
1762169400,6898.5,6900.5,6896.25,6897.75,0,0,0,0,0,0,0,0,0
1762170300,6897.5,6900.25,6895.75,6896.25,0,0,0,0,0,0,0,0,0
1762171200,6896.25,6900.25,6895.75,6899.75,0,0,0,0,0,0,0,0,0
1762172100,6899.5,6899.75,6893,6893,0,0,0,0,0,0,0,0,0
1762173000,6893.25,6896,6891.25,6893.5,0,1,0,0,0,0,0,0,0
1762173900,6893.5,6897.25,6891.5,6891.75,1,0,0,0,0,0,0,0,0
1762174800,6891.5,6892.25,6885.75,6889.75,0,1,0,0,0,0,0,0,0
1762175700,6889.75,6893,6888.25,6888.75,0,0,0,0,0,0,0,0,0
1762176600,6888.75,6895.75,6888.75,6895,0,0,0,0,0,0,0,0,0
1762177500,6895.25,6897.25,6894,6896.5,0,0,0,0,0,0,0,0,0
1762178400,6896.75,6907.25,6896.25,6901.25,0,0,0,0,0,0,0,0,0
1762179300,6901,6909,6900.25,6908.25,0,0,0,0,0,0,0,0,0
1762180200,6908.25,6909.5,6881.25,6882.5,1,0,0,0,0,0,0,0,0
1762181100,6882.5,6886.25,6872.25,6876,0,0,0,0,0,0,0,0,0
1762182000,6875,6880.5,6866.75,6873.5,0,0,0,0,0,0,0,0,0
1762182900,6873.5,6874,6852.5,6855,0,0,0,0,0,0,0,0,0
1762183800,6854.75,6873,6849.5,6869.75,0,1,0,0,0,0,0,0,0
1762184700,6869.75,6878.75,6864.25,6874.25,1,0,0,0,0,0,0,0,0
1762185600,6874.25,6877.25,6869.75,6874.75,0,0,0,0,0,0,0,0,0
1762186500,6875,6879.5,6868.75,6871,0,1,0,0,0,0,0,0,0
1762187400,6871.25,6883,6870,6878.75,0,0,0,0,0,0,0,0,0
1762188300,6878.75,6886.75,6872.75,6884.75,0,0,0,0,0,0,0,0,0
1762189200,6884.75,6886.75,6877.5,6886.75,0,0,0,0,0,0,0,0,0
1762190100,6886.75,6889.75,6874.75,6878,1,1,0,0,0,0,0,0,0
1762191000,6878.25,6886,6878,6884.25,NaN,NaN,0,0,0,0,0,0,0