timestamp_est,symbol,event_type,price,detected_size,estimated_total_size,confidence_score,session_id,cbdr_window,iceberg_subtype
2025-11-12 06:00:04.040404,MNQZ5.CME@RITHMIC,STOP,25798.25,1,1,0.0,MNQZ5.CME@RITHMIC_20251110_ASIAN,OUTSIDE_CBDR,
2025-11-12 06:00:56.664742,MNQZ5.CME@RITHMIC,STOP,25795.75,1,1,0.0,MNQZ5.CME@RITHMIC_20251110_ASIAN,OUTSIDE_CBDR,
2025-11-12 06:01:17.136690,MNQZ5.CME@RITHMIC,STOP,25795.0,1,1,0.0,MNQZ5.CME@RITHMIC_20251110_ASIAN,OUTSIDE_CBDR,
2025-11-12 06:01:23.314154,MNQZ5.CME@RITHMIC,STOP,25796.25,1,1,0.0,MNQZ5.CME@RITHMIC_20251110_ASIAN,OUTSIDE_CBDR,
2025-11-12 06:01:29.467734,MNQZ5.CME@RITHMIC,STOP,25797.75,1,1,0.0,MNQZ5.CME@RITHMIC_20251110_ASIAN,OUTSIDE_CBDR,
2025-11-12 06:01:52.566104,MNQZ5.CME@RITHMIC,STOP,25798.5,1,1,0.0,MNQZ5.CME@RITHMIC_20251110_ASIAN,OUTSIDE_CBDR,
2025-11-12 06:02:03.548522,MNQZ5.CME@RITHMIC,STOP,25800.25,1,1,0.0,MNQZ5.CME@RITHMIC_20251110_ASIAN,OUTSIDE_CBDR,
2025-11-12 06:02:03.548531,MNQZ5.CME@RITHMIC,STOP,25800.25,1,2,0.0,MNQZ5.CME@RITHMIC_20251110_ASIAN,OUTSIDE_CBDR,
2025-11-12 06:02:03.548537,MNQZ5.CME@RITHMIC,STOP,25800.25,1,3,0.0,MNQZ5.CME@RITHMIC_20251110_ASIAN,OUTSIDE_CBDR,
2025-11-12 06:02:03.548546,MNQZ5.CME@RITHMIC,STOP,25800.25,1,4,0.0,MNQZ5.CME@RITHMIC_20251110_ASIAN,OUTSIDE_CBDR,
2025-11-12 06:02:03.548552,MNQZ5.CME@RITHMIC,STOP,25800.5,1,5,0.0,MNQZ5.CME@RITHMIC_20251110_ASIAN,OUTSIDE_CBDR,
2025-11-12 06:02:03.548561,MNQZ5.CME@RITHMIC,STOP,25800.5,1,6,0.0,MNQZ5.CME@RITHMIC_20251110_ASIAN,OUTSIDE_CBDR,
2025-11-12 06:02:03.548567,MNQZ5.CME@RITHMIC,STOP,25800.5,1,7,0.0,MNQZ5.CME@RITHMIC_20251110_ASIAN,OUTSIDE_CBDR,
2025-11-12 06:02:04.658164,MNQZ5.CME@RITHMIC,STOP,25800.75,1,1,0.0,MNQZ5.CME@RITHMIC_20251110_ASIAN,OUTSIDE_CBDR,
2025-11-12 06:02:04.658170,MNQZ5.CME@RITHMIC,STOP,25800.75,1,2,0.0,MNQZ5.CME@RITHMIC_20251110_ASIAN,OUTSIDE_CBDR,
2025-11-12 06:02:04.658189,MNQZ5.CME@RITHMIC,STOP,25800.75,1,3,0.0,MNQZ5.CME@RITHMIC_20251110_ASIAN,OUTSIDE_CBDR,
2025-11-12 06:02:04.658199,MNQZ5.CME@RITHMIC,STOP,25801.0,1,4,0.0,MNQZ5.CME@RITHMIC_20251110_ASIAN,OUTSIDE_CBDR,
2025-11-12 06:02:04.658209,MNQZ5.CME@RITHMIC,STOP,25801.0,2,6,0.0,MNQZ5.CME@RITHMIC_20251110_ASIAN,OUTSIDE_CBDR,
2025-11-12 06:02:04.658213,MNQZ5.CME@RITHMIC,STOP,25801.0,1,7,0.0,MNQZ5.CME@RITHMIC_20251110_ASIAN,OUTSIDE_CBDR,
2025-11-12 06:02:04.658220,MNQZ5.CME@RITHMIC,STOP,25801.0,1,8,0.0,MNQZ5.CME@RITHMIC_20251110_ASIAN,OUTSIDE_CBDR,
2025-11-12 06:02:04.658223,MNQZ5.CME@RITHMIC,STOP,25801.0,1,9,0.0,MNQZ5.CME@RITHMIC_20251110_ASIAN,OUTSIDE_CBDR,
2025-11-12 06:02:04.658230,MNQZ5.CME@RITHMIC,STOP,25801.0,1,10,0.0,MNQZ5.CME@RITHMIC_20251110_ASIAN,OUTSIDE_CBDR,
2025-11-12 06:02:04.658233,MNQZ5.CME@RITHMIC,STOP,25801.25,1,11,0.0,MNQZ5.CME@RITHMIC_20251110_ASIAN,OUTSIDE_CBDR,
2025-11-12 06:02:04.659044,MNQZ5.CME@RITHMIC,STOP,25801.25,1,12,0.0,MNQZ5.CME@RITHMIC_20251110_ASIAN,OUTSIDE_CBDR,
2025-11-12 06:02:06.041197,MNQZ5.CME@RITHMIC,STOP,25801.75,1,1,0.0,MNQZ5.CME@RITHMIC_20251110_ASIAN,OUTSIDE_CBDR,
2025-11-12 06:02:06.041208,MNQZ5.CME@RITHMIC,STOP,25801.75,1,2,0.0,MNQZ5.CME@RITHMIC_20251110_ASIAN,OUTSIDE_CBDR,
2025-11-12 06:02:06.041211,MNQZ5.CME@RITHMIC,STOP,25801.75,3,5,0.0,MNQZ5.CME@RITHMIC_20251110_ASIAN,OUTSIDE_CBDR,
2025-11-12 06:02:06.041542,MNQZ5.CME@RITHMIC,STOP,25801.75,1,6,0.0,MNQZ5.CME@RITHMIC_20251110_ASIAN,OUTSIDE_CBDR,
2025-11-12 06:02:07.474631,MNQZ5.CME@RITHMIC,STOP,25802.0,1,1,0.0,MNQZ5.CME@RITHMIC_20251110_ASIAN,OUTSIDE_CBDR,
2025-11-12 06:02:07.776545,MNQZ5.CME@RITHMIC,STOP,25802.5,1,1,0.0,MNQZ5.CME@RITHMIC_20251110_ASIAN,OUTSIDE_CBDR,
2025-11-12 06:02:07.776551,MNQZ5.CME@RITHMIC,STOP,25802.5,1,2,0.0,MNQZ5.CME@RITHMIC_20251110_ASIAN,OUTSIDE_CBDR,
2025-11-12 06:02:07.776562,MNQZ5.CME@RITHMIC,STOP,25802.5,1,3,0.0,MNQZ5.CME@RITHMIC_20251110_ASIAN,OUTSIDE_CBDR,
2025-11-12 06:02:17.119385,MNQZ5.CME@RITHMIC,STOP,25803.75,1,1,0.0,MNQZ5.CME@RITHMIC_20251110_ASIAN,OUTSIDE_CBDR,
2025-11-12 06:03:04.010033,MNQZ5.CME@RITHMIC,STOP,25802.75,1,1,0.0,MNQZ5.CME@RITHMIC_20251110_ASIAN,OUTSIDE_CBDR,
2025-11-12 06:03:04.010058,MNQZ5.CME@RITHMIC,STOP,25802.75,1,2,0.0,MNQZ5.CME@RITHMIC_20251110_ASIAN,OUTSIDE_CBDR,
2025-11-12 06:03:04.010064,MNQZ5.CME@RITHMIC,STOP,25802.75,1,3,0.0,MNQZ5.CME@RITHMIC_20251110_ASIAN,OUTSIDE_CBDR,
2025-11-12 06:03:04.010077,MNQZ5.CME@RITHMIC,STOP,25803.0,1,4,0.0,MNQZ5.CME@RITHMIC_20251110_ASIAN,OUTSIDE_CBDR,
2025-11-12 06:03:04.010084,MNQZ5.CME@RITHMIC,STOP,25803.0,1,5,0.0,MNQZ5.CME@RITHMIC_20251110_ASIAN,OUTSIDE_CBDR,
2025-11-12 06:03:04.010113,MNQZ5.CME@RITHMIC,STOP,25803.0,1,6,0.0,MNQZ5.CME@RITHMIC_20251110_ASIAN,OUTSIDE_CBDR,
2025-11-12 06:03:04.010119,MNQZ5.CME@RITHMIC,STOP,25803.0,1,7,0.0,MNQZ5.CME@RITHMIC_20251110_ASIAN,OUTSIDE_CBDR,
2025-11-12 06:03:04.010131,MNQZ5.CME@RITHMIC,STOP,25803.0,1,8,0.0,MNQZ5.CME@RITHMIC_20251110_ASIAN,OUTSIDE_CBDR,
2025-11-12 06:03:04.010138,MNQZ5.CME@RITHMIC,STOP,25803.0,1,9,0.0,MNQZ5.CME@RITHMIC_20251110_ASIAN,OUTSIDE_CBDR,
2025-11-12 06:03:04.010148,MNQZ5.CME@RITHMIC,STOP,25803.0,1,10,0.0,MNQZ5.CME@RITHMIC_20251110_ASIAN,OUTSIDE_CBDR,
2025-11-12 06:03:04.010155,MNQZ5.CME@RITHMIC,STOP,25803.0,1,11,0.0,MNQZ5.CME@RITHMIC_20251110_ASIAN,OUTSIDE_CBDR,
2025-11-12 06:03:04.010165,MNQZ5.CME@RITHMIC,STOP,25803.0,1,12,0.0,MNQZ5.CME@RITHMIC_20251110_ASIAN,OUTSIDE_CBDR,
2025-11-12 06:03:32.201717,MNQZ5.CME@RITHMIC,STOP,25798.75,2,2,0.0,MNQZ5.CME@RITHMIC_20251110_ASIAN,OUTSIDE_CBDR,
2025-11-12 06:04:15.276793,MNQZ5.CME@RITHMIC,STOP,25793.25,2,2,0.0,MNQZ5.CME@RITHMIC_20251110_ASIAN,OUTSIDE_CBDR,
2025-11-12 06:04:55.772902,MNQZ5.CME@RITHMIC,STOP,25796.0,1,1,0.0,MNQZ5.CME@RITHMIC_20251110_ASIAN,OUTSIDE_CBDR,
2025-11-12 06:04:55.773821,MNQZ5.CME@RITHMIC,STOP,25796.0,1,2,0.0,MNQZ5.CME@RITHMIC_20251110_ASIAN,OUTSIDE_CBDR,
2025-11-12 06:04:55.773828,MNQZ5.CME@RITHMIC,STOP,25796.0,2,4,0.0,MNQZ5.CME@RITHMIC_20251110_ASIAN,OUTSIDE_CBDR,
2025-11-12 06:05:20.060370,MNQZ5.CME@RITHMIC,STOP,25793.75,1,1,0.0,MNQZ5.CME@RITHMIC_20251110_ASIAN,OUTSIDE_CBDR,
2025-11-12 06:05:22.097350,MNQZ5.CME@RITHMIC,STOP,25793.0,1,1,0.0,MNQZ5.CME@RITHMIC_20251110_ASIAN,OUTSIDE_CBDR,
2025-11-12 06:05:22.097364,MNQZ5.CME@RITHMIC,STOP,25793.0,1,2,0.0,MNQZ5.CME@RITHMIC_20251110_ASIAN,OUTSIDE_CBDR,
2025-11-12 06:05:22.097368,MNQZ5.CME@RITHMIC,STOP,25793.0,1,3,0.0,MNQZ5.CME@RITHMIC_20251110_ASIAN,OUTSIDE_CBDR,
2025-11-12 06:05:22.098337,MNQZ5.CME@RITHMIC,STOP,25793.0,1,4,0.0,MNQZ5.CME@RITHMIC_20251110_ASIAN,OUTSIDE_CBDR,
2025-11-12 06:05:33.641431,MNQZ5.CME@RITHMIC,STOP,25795.5,1,1,0.0,MNQZ5.CME@RITHMIC_20251110_ASIAN,OUTSIDE_CBDR,
2025-11-12 06:05:33.641439,MNQZ5.CME@RITHMIC,STOP,25795.75,1,2,0.0,MNQZ5.CME@RITHMIC_20251110_ASIAN,OUTSIDE_CBDR,
2025-11-12 06:05:33.641459,MNQZ5.CME@RITHMIC,STOP,25795.75,1,3,0.0,MNQZ5.CME@RITHMIC_20251110_ASIAN,OUTSIDE_CBDR,
2025-11-12 06:05:36.312834,MNQZ5.CME@RITHMIC,STOP,25796.0,1,1,0.0,MNQZ5.CME@RITHMIC_20251110_ASIAN,OUTSIDE_CBDR,
2025-11-12 06:05:36.312840,MNQZ5.CME@RITHMIC,STOP,25796.25,1,2,0.0,MNQZ5.CME@RITHMIC_20251110_ASIAN,OUTSIDE_CBDR,
2025-11-12 06:05:36.312869,MNQZ5.CME@RITHMIC,STOP,25796.5,1,3,0.0,MNQZ5.CME@RITHMIC_20251110_ASIAN,OUTSIDE_CBDR,
2025-11-12 06:06:21.532218,MNQZ5.CME@RITHMIC,STOP,25797.0,1,1,0.0,MNQZ5.CME@RITHMIC_20251110_ASIAN,OUTSIDE_CBDR,
2025-11-12 06:06:28.601923,MNQZ5.CME@RITHMIC,STOP,25798.25,1,1,0.0,MNQZ5.CME@RITHMIC_20251110_ASIAN,OUTSIDE_CBDR,
2025-11-12 06:07:22.580389,MNQZ5.CME@RITHMIC,STOP,25796.75,1,1,0.0,MNQZ5.CME@RITHMIC_20251110_ASIAN,OUTSIDE_CBDR,
2025-11-12 06:07:22.580393,MNQZ5.CME@RITHMIC,STOP,25796.75,1,2,0.0,MNQZ5.CME@RITHMIC_20251110_ASIAN,OUTSIDE_CBDR,
2025-11-12 06:07:22.581024,MNQZ5.CME@RITHMIC,STOP,25796.75,1,3,0.0,MNQZ5.CME@RITHMIC_20251110_ASIAN,OUTSIDE_CBDR,
2025-11-12 06:07:22.581030,MNQZ5.CME@RITHMIC,STOP,25796.5,1,4,0.0,MNQZ5.CME@RITHMIC_20251110_ASIAN,OUTSIDE_CBDR,
2025-11-12 06:07:22.581092,MNQZ5.CME@RITHMIC,STOP,25796.5,1,5,0.0,MNQZ5.CME@RITHMIC_20251110_ASIAN,OUTSIDE_CBDR,
2025-11-12 06:07:22.581096,MNQZ5.CME@RITHMIC,STOP,25796.5,1,6,0.0,MNQZ5.CME@RITHMIC_20251110_ASIAN,OUTSIDE_CBDR,
2025-11-12 06:07:22.581103,MNQZ5.CME@RITHMIC,STOP,25796.5,1,7,0.0,MNQZ5.CME@RITHMIC_20251110_ASIAN,OUTSIDE_CBDR,
2025-11-12 06:07:22.581108,MNQZ5.CME@RITHMIC,STOP,25796.5,1,8,0.0,MNQZ5.CME@RITHMIC_20251110_ASIAN,OUTSIDE_CBDR,
2025-11-12 06:07:22.581115,MNQZ5.CME@RITHMIC,STOP,25796.5,2,10,0.0,MNQZ5.CME@RITHMIC_20251110_ASIAN,OUTSIDE_CBDR,
2025-11-12 06:07:22.581120,MNQZ5.CME@RITHMIC,STOP,25796.25,1,11,0.0,MNQZ5.CME@RITHMIC_20251110_ASIAN,OUTSIDE_CBDR,
2025-11-12 06:07:22.581130,MNQZ5.CME@RITHMIC,STOP,25796.25,1,12,0.0,MNQZ5.CME@RITHMIC_20251110_ASIAN,OUTSIDE_CBDR,
2025-11-12 06:07:22.581136,MNQZ5.CME@RITHMIC,STOP,25796.25,1,13,0.0,MNQZ5.CME@RITHMIC_20251110_ASIAN,OUTSIDE_CBDR,
2025-11-12 06:07:22.581145,MNQZ5.CME@RITHMIC,STOP,25796.25,1,14,0.0,MNQZ5.CME@RITHMIC_20251110_ASIAN,OUTSIDE_CBDR,
2025-11-12 06:07:22.581150,MNQZ5.CME@RITHMIC,STOP,25796.25,1,15,0.0,MNQZ5.CME@RITHMIC_20251110_ASIAN,OUTSIDE_CBDR,
2025-11-12 06:07:28.146579,MNQZ5.CME@RITHMIC,STOP,25795.75,1,1,0.0,MNQZ5.CME@RITHMIC_20251110_ASIAN,OUTSIDE_CBDR,
2025-11-12 06:07:28.146591,MNQZ5.CME@RITHMIC,STOP,25795.75,1,2,0.0,MNQZ5.CME@RITHMIC_20251110_ASIAN,OUTSIDE_CBDR,
2025-11-12 06:07:28.146705,MNQZ5.CME@RITHMIC,STOP,25795.75,1,3,0.0,MNQZ5.CME@RITHMIC_20251110_ASIAN,OUTSIDE_CBDR,
2025-11-12 06:07:28.146710,MNQZ5.CME@RITHMIC,STOP,25795.75,1,4,0.0,MNQZ5.CME@RITHMIC_20251110_ASIAN,OUTSIDE_CBDR,
2025-11-12 06:07:28.146722,MNQZ5.CME@RITHMIC,STOP,25795.5,1,5,0.0,MNQZ5.CME@RITHMIC_20251110_ASIAN,OUTSIDE_CBDR,
2025-11-12 06:07:35.825540,MNQZ5.CME@RITHMIC,STOP,25796.25,1,1,0.0,MNQZ5.CME@RITHMIC_20251110_ASIAN,OUTSIDE_CBDR,
2025-11-12 06:08:21.874016,MNQZ5.CME@RITHMIC,STOP,25792.25,1,1,0.0,MNQZ5.CME@RITHMIC_20251110_ASIAN,OUTSIDE_CBDR,
2025-11-12 06:08:24.044506,MNQZ5.CME@RITHMIC,STOP,25792.0,2,2,0.0,MNQZ5.CME@RITHMIC_20251110_ASIAN,OUTSIDE_CBDR,
2025-11-12 06:08:24.044512,MNQZ5.CME@RITHMIC,STOP,25792.0,1,3,0.0,MNQZ5.CME@RITHMIC_20251110_ASIAN,OUTSIDE_CBDR,
2025-11-12 06:08:49.379562,MNQZ5.CME@RITHMIC,STOP,25791.5,1,1,0.0,MNQZ5.CME@RITHMIC_20251110_ASIAN,OUTSIDE_CBDR,
2025-11-12 06:08:49.380546,MNQZ5.CME@RITHMIC,STOP,25791.5,1,2,0.0,MNQZ5.CME@RITHMIC_20251110_ASIAN,OUTSIDE_CBDR,
2025-11-12 06:08:49.380552,MNQZ5.CME@RITHMIC,STOP,25791.5,1,3,0.0,MNQZ5.CME@RITHMIC_20251110_ASIAN,OUTSIDE_CBDR,
2025-11-12 06:08:49.380570,MNQZ5.CME@RITHMIC,STOP,25791.5,1,4,0.0,MNQZ5.CME@RITHMIC_20251110_ASIAN,OUTSIDE_CBDR,
2025-11-12 06:08:49.380573,MNQZ5.CME@RITHMIC,STOP,25791.25,1,5,0.0,MNQZ5.CME@RITHMIC_20251110_ASIAN,OUTSIDE_CBDR,
2025-11-12 06:08:58.379497,MNQZ5.CME@RITHMIC,STOP,25794.75,1,1,0.0,MNQZ5.CME@RITHMIC_20251110_ASIAN,OUTSIDE_CBDR,
2025-11-12 06:08:58.379504,MNQZ5.CME@RITHMIC,STOP,25794.75,1,2,0.0,MNQZ5.CME@RITHMIC_20251110_ASIAN,OUTSIDE_CBDR,
2025-11-12 06:08:58.379508,MNQZ5.CME@RITHMIC,STOP,25794.75,1,3,0.0,MNQZ5.CME@RITHMIC_20251110_ASIAN,OUTSIDE_CBDR,
2025-11-12 06:08:58.379515,MNQZ5.CME@RITHMIC,STOP,25794.75,1,4,0.0,MNQZ5.CME@RITHMIC_20251110_ASIAN,OUTSIDE_CBDR,
2025-11-12 06:08:58.379518,MNQZ5.CME@RITHMIC,STOP,25794.75,1,5,0.0,MNQZ5.CME@RITHMIC_20251110_ASIAN,OUTSIDE_CBDR,
2025-11-12 06:08:58.379524,MNQZ5.CME@RITHMIC,STOP,25794.75,1,6,0.0,MNQZ5.CME@RITHMIC_20251110_ASIAN,OUTSIDE_CBDR,
2025-11-12 06:08:58.379530,MNQZ5.CME@RITHMIC,STOP,25794.75,1,7,0.0,MNQZ5.CME@RITHMIC_20251110_ASIAN,OUTSIDE_CBDR,
2025-11-12 06:08:58.379534,MNQZ5.CME@RITHMIC,STOP,25795.0,1,8,0.0,MNQZ5.CME@RITHMIC_20251110_ASIAN,OUTSIDE_CBDR,
2025-11-12 06:08:58.379540,MNQZ5.CME@RITHMIC,STOP,25795.0,1,9,0.0,MNQZ5.CME@RITHMIC_20251110_ASIAN,OUTSIDE_CBDR,
2025-11-12 06:08:58.379543,MNQZ5.CME@RITHMIC,STOP,25795.0,1,10,0.0,MNQZ5.CME@RITHMIC_20251110_ASIAN,OUTSIDE_CBDR,
2025-11-12 06:09:24.619972,MNQZ5.CME@RITHMIC,STOP,25796.75,1,1,0.0,MNQZ5.CME@RITHMIC_20251110_ASIAN,OUTSIDE_CBDR,
2025-11-12 06:09:24.619981,MNQZ5.CME@RITHMIC,STOP,25796.75,1,2,0.0,MNQZ5.CME@RITHMIC_20251110_ASIAN,OUTSIDE_CBDR,
2025-11-12 06:11:31.448318,MNQZ5.CME@RITHMIC,STOP,25795.75,1,1,0.0,MNQZ5.CME@RITHMIC_20251110_ASIAN,OUTSIDE_CBDR,
2025-11-12 06:11:40.242179,MNQZ5.CME@RITHMIC,STOP,25797.0,2,2,0.0,MNQZ5.CME@RITHMIC_20251110_ASIAN,OUTSIDE_CBDR,
2025-11-12 06:11:40.242186,MNQZ5.CME@RITHMIC,STOP,25797.0,1,3,0.0,MNQZ5.CME@RITHMIC_20251110_ASIAN,OUTSIDE_CBDR,
2025-11-12 06:11:40.242215,MNQZ5.CME@RITHMIC,STOP,25797.0,1,4,0.0,MNQZ5.CME@RITHMIC_20251110_ASIAN,OUTSIDE_CBDR,
2025-11-12 06:11:40.242222,MNQZ5.CME@RITHMIC,STOP,25797.0,1,5,0.0,MNQZ5.CME@RITHMIC_20251110_ASIAN,OUTSIDE_CBDR,
2025-11-12 06:11:40.242234,MNQZ5.CME@RITHMIC,STOP,25797.0,1,6,0.0,MNQZ5.CME@RITHMIC_20251110_ASIAN,OUTSIDE_CBDR,
2025-11-12 06:11:40.242240,MNQZ5.CME@RITHMIC,STOP,25797.0,1,7,0.0,MNQZ5.CME@RITHMIC_20251110_ASIAN,OUTSIDE_CBDR,
2025-11-12 06:11:42.660471,MNQZ5.CME@RITHMIC,STOP,25797.75,1,1,0.0,MNQZ5.CME@RITHMIC_20251110_ASIAN,OUTSIDE_CBDR,
2025-11-12 06:12:39.548088,MNQZ5.CME@RITHMIC,STOP,25789.75,1,1,0.0,MNQZ5.CME@RITHMIC_20251110_ASIAN,OUTSIDE_CBDR,
2025-11-12 06:12:39.548137,MNQZ5.CME@RITHMIC,STOP,25789.5,1,2,0.0,MNQZ5.CME@RITHMIC_20251110_ASIAN,OUTSIDE_CBDR,
2025-11-12 06:12:39.548143,MNQZ5.CME@RITHMIC,STOP,25789.5,1,3,0.0,MNQZ5.CME@RITHMIC_20251110_ASIAN,OUTSIDE_CBDR,
2025-11-12 06:12:39.548154,MNQZ5.CME@RITHMIC,STOP,25789.5,1,4,0.0,MNQZ5.CME@RITHMIC_20251110_ASIAN,OUTSIDE_CBDR,
2025-11-12 06:12:39.548160,MNQZ5.CME@RITHMIC,STOP,25789.5,1,5,0.0,MNQZ5.CME@RITHMIC_20251110_ASIAN,OUTSIDE_CBDR,
2025-11-12 06:12:39.548169,MNQZ5.CME@RITHMIC,STOP,25789.25,1,6,0.0,MNQZ5.CME@RITHMIC_20251110_ASIAN,OUTSIDE_CBDR,
2025-11-12 06:12:39.548178,MNQZ5.CME@RITHMIC,STOP,25789.25,1,7,0.0,MNQZ5.CME@RITHMIC_20251110_ASIAN,OUTSIDE_CBDR,
2025-11-12 06:12:39.548184,MNQZ5.CME@RITHMIC,STOP,25789.25,1,8,0.0,MNQZ5.CME@RITHMIC_20251110_ASIAN,OUTSIDE_CBDR,
2025-11-12 06:12:39.548193,MNQZ5.CME@RITHMIC,STOP,25789.25,1,9,0.0,MNQZ5.CME@RITHMIC_20251110_ASIAN,OUTSIDE_CBDR,
2025-11-12 06:12:39.548199,MNQZ5.CME@RITHMIC,STOP,25789.25,1,10,0.0,MNQZ5.CME@RITHMIC_20251110_ASIAN,OUTSIDE_CBDR,
2025-11-12 06:12:39.548209,MNQZ5.CME@RITHMIC,STOP,25789.25,1,11,0.0,MNQZ5.CME@RITHMIC_20251110_ASIAN,OUTSIDE_CBDR,
2025-11-12 06:12:39.548215,MNQZ5.CME@RITHMIC,STOP,25789.25,1,12,0.0,MNQZ5.CME@RITHMIC_20251110_ASIAN,OUTSIDE_CBDR,
2025-11-12 06:12:39.548224,MNQZ5.CME@RITHMIC,STOP,25789.25,1,13,0.0,MNQZ5.CME@RITHMIC_20251110_ASIAN,OUTSIDE_CBDR,
2025-11-12 06:12:39.548230,MNQZ5.CME@RITHMIC,STOP,25789.0,1,14,0.0,MNQZ5.CME@RITHMIC_20251110_ASIAN,OUTSIDE_CBDR,
2025-11-12 06:12:39.548240,MNQZ5.CME@RITHMIC,STOP,25789.0,1,15,0.0,MNQZ5.CME@RITHMIC_20251110_ASIAN,OUTSIDE_CBDR,
2025-11-12 06:12:39.548246,MNQZ5.CME@RITHMIC,STOP,25789.0,1,16,0.0,MNQZ5.CME@RITHMIC_20251110_ASIAN,OUTSIDE_CBDR,
2025-11-12 06:13:04.324453,MNQZ5.CME@RITHMIC,STOP,25792.25,1,1,0.0,MNQZ5.CME@RITHMIC_20251110_ASIAN,OUTSIDE_CBDR,
2025-11-12 06:13:04.325305,MNQZ5.CME@RITHMIC,STOP,25792.25,1,2,0.0,MNQZ5.CME@RITHMIC_20251110_ASIAN,OUTSIDE_CBDR,
2025-11-12 06:14:11.612110,MNQZ5.CME@RITHMIC,STOP,25786.25,2,2,0.0,MNQZ5.CME@RITHMIC_20251110_ASIAN,OUTSIDE_CBDR,
2025-11-12 06:14:11.612134,MNQZ5.CME@RITHMIC,STOP,25786.0,1,3,0.0,MNQZ5.CME@RITHMIC_20251110_ASIAN,OUTSIDE_CBDR,
2025-11-12 06:14:11.612143,MNQZ5.CME@RITHMIC,STOP,25786.0,1,4,0.0,MNQZ5.CME@RITHMIC_20251110_ASIAN,OUTSIDE_CBDR,
2025-11-12 06:15:10.017675,MNQZ5.CME@RITHMIC,STOP,25783.25,1,1,0.0,MNQZ5.CME@RITHMIC_20251110_ASIAN,OUTSIDE_CBDR,
2025-11-12 06:15:12.880965,MNQZ5.CME@RITHMIC,STOP,25782.25,1,1,0.0,MNQZ5.CME@RITHMIC_20251110_ASIAN,OUTSIDE_CBDR,
2025-11-12 06:15:12.880988,MNQZ5.CME@RITHMIC,STOP,25782.25,1,2,0.0,MNQZ5.CME@RITHMIC_20251110_ASIAN,OUTSIDE_CBDR,
2025-11-12 06:15:14.594212,MNQZ5.CME@RITHMIC,STOP,25781.75,1,1,0.0,MNQZ5.CME@RITHMIC_20251110_ASIAN,OUTSIDE_CBDR,
2025-11-12 06:15:14.594220,MNQZ5.CME@RITHMIC,STOP,25781.75,1,2,0.0,MNQZ5.CME@RITHMIC_20251110_ASIAN,OUTSIDE_CBDR,
2025-11-12 06:15:24.261948,MNQZ5.CME@RITHMIC,STOP,25783.75,1,1,0.0,MNQZ5.CME@RITHMIC_20251110_ASIAN,OUTSIDE_CBDR,
2025-11-12 06:15:24.266124,MNQZ5.CME@RITHMIC,STOP,25784.25,1,1,0.0,MNQZ5.CME@RITHMIC_20251110_ASIAN,OUTSIDE_CBDR,
2025-11-12 06:15:24.266135,MNQZ5.CME@RITHMIC,STOP,25784.25,1,2,0.0,MNQZ5.CME@RITHMIC_20251110_ASIAN,OUTSIDE_CBDR,
2025-11-12 06:15:24.266141,MNQZ5.CME@RITHMIC,STOP,25784.25,1,3,0.0,MNQZ5.CME@RITHMIC_20251110_ASIAN,OUTSIDE_CBDR,
2025-11-12 06:15:24.266151,MNQZ5.CME@RITHMIC,STOP,25784.25,1,4,0.0,MNQZ5.CME@RITHMIC_20251110_ASIAN,OUTSIDE_CBDR,
2025-11-12 06:16:11.047610,MNQZ5.CME@RITHMIC,STOP,25789.5,1,1,0.0,MNQZ5.CME@RITHMIC_20251110_ASIAN,OUTSIDE_CBDR,
2025-11-12 06:16:11.047626,MNQZ5.CME@RITHMIC,STOP,25789.5,1,2,0.0,MNQZ5.CME@RITHMIC_20251110_ASIAN,OUTSIDE_CBDR,
2025-11-12 06:16:13.945860,MNQZ5.CME@RITHMIC,STOP,25790.0,1,1,0.0,MNQZ5.CME@RITHMIC_20251110_ASIAN,OUTSIDE_CBDR,
2025-11-12 06:16:13.945867,MNQZ5.CME@RITHMIC,STOP,25790.0,1,2,0.0,MNQZ5.CME@RITHMIC_20251110_ASIAN,OUTSIDE_CBDR,
2025-11-12 06:16:47.465479,MNQZ5.CME@RITHMIC,STOP,25786.5,1,1,0.0,MNQZ5.CME@RITHMIC_20251110_ASIAN,OUTSIDE_CBDR,
2025-11-12 06:16:47.465491,MNQZ5.CME@RITHMIC,STOP,25786.5,1,2,0.0,MNQZ5.CME@RITHMIC_20251110_ASIAN,OUTSIDE_CBDR,
2025-11-12 06:16:47.465498,MNQZ5.CME@RITHMIC,STOP,25786.25,1,3,0.0,MNQZ5.CME@RITHMIC_20251110_ASIAN,OUTSIDE_CBDR,
2025-11-12 06:17:47.794070,MNQZ5.CME@RITHMIC,STOP,25787.0,1,1,0.0,MNQZ5.CME@RITHMIC_20251110_ASIAN,OUTSIDE_CBDR,
2025-11-12 06:18:32.271350,MNQZ5.CME@RITHMIC,STOP,25789.5,1,1,0.0,MNQZ5.CME@RITHMIC_20251110_ASIAN,OUTSIDE_CBDR,
2025-11-12 06:18:32.271360,MNQZ5.CME@RITHMIC,STOP,25789.5,1,2,0.0,MNQZ5.CME@RITHMIC_20251110_ASIAN,OUTSIDE_CBDR,
2025-11-12 06:18:56.943662,MNQZ5.CME@RITHMIC,STOP,25787.25,1,1,0.0,MNQZ5.CME@RITHMIC_20251110_ASIAN,OUTSIDE_CBDR,
2025-11-12 06:19:26.561557,MNQZ5.CME@RITHMIC,STOP,25786.25,1,1,0.0,MNQZ5.CME@RITHMIC_20251110_ASIAN,OUTSIDE_CBDR,
2025-11-12 06:19:34.866803,MNQZ5.CME@RITHMIC,STOP,25785.25,1,1,0.0,MNQZ5.CME@RITHMIC_20251110_ASIAN,OUTSIDE_CBDR,
2025-11-12 06:19:36.866769,MNQZ5.CME@RITHMIC,STOP,25784.5,1,1,0.0,MNQZ5.CME@RITHMIC_20251110_ASIAN,OUTSIDE_CBDR,
2025-11-12 06:19:36.884710,MNQZ5.CME@RITHMIC,STOP,25784.0,1,1,0.0,MNQZ5.CME@RITHMIC_20251110_ASIAN,OUTSIDE_CBDR,
2025-11-12 06:19:36.884715,MNQZ5.CME@RITHMIC,STOP,25784.0,1,2,0.0,MNQZ5.CME@RITHMIC_20251110_ASIAN,OUTSIDE_CBDR,
2025-11-12 06:21:11.001737,MNQZ5.CME@RITHMIC,STOP,25783.25,1,1,0.0,MNQZ5.CME@RITHMIC_20251110_ASIAN,OUTSIDE_CBDR,
2025-11-12 06:21:11.001741,MNQZ5.CME@RITHMIC,STOP,25783.25,2,3,0.0,MNQZ5.CME@RITHMIC_20251110_ASIAN,OUTSIDE_CBDR,
2025-11-12 06:21:11.001779,MNQZ5.CME@RITHMIC,STOP,25783.0,1,4,0.0,MNQZ5.CME@RITHMIC_20251110_ASIAN,OUTSIDE_CBDR,
2025-11-12 06:21:11.001783,MNQZ5.CME@RITHMIC,STOP,25783.0,1,5,0.0,MNQZ5.CME@RITHMIC_20251110_ASIAN,OUTSIDE_CBDR,
2025-11-12 06:21:11.001792,MNQZ5.CME@RITHMIC,STOP,25783.0,1,6,0.0,MNQZ5.CME@RITHMIC_20251110_ASIAN,OUTSIDE_CBDR,
2025-11-12 06:21:17.448538,MNQZ5.CME@RITHMIC,STOP,25785.75,1,1,0.0,MNQZ5.CME@RITHMIC_20251110_ASIAN,OUTSIDE_CBDR,
2025-11-12 06:21:17.449698,MNQZ5.CME@RITHMIC,STOP,25785.75,2,3,0.0,MNQZ5.CME@RITHMIC_20251110_ASIAN,OUTSIDE_CBDR,
2025-11-12 06:21:17.449706,MNQZ5.CME@RITHMIC,STOP,25785.75,1,4,0.0,MNQZ5.CME@RITHMIC_20251110_ASIAN,OUTSIDE_CBDR,
2025-11-12 06:21:17.449721,MNQZ5.CME@RITHMIC,STOP,25785.75,1,5,0.0,MNQZ5.CME@RITHMIC_20251110_ASIAN,OUTSIDE_CBDR,
2025-11-12 06:22:18.605582,MNQZ5.CME@RITHMIC,STOP,25786.25,1,1,0.0,MNQZ5.CME@RITHMIC_20251110_ASIAN,OUTSIDE_CBDR,
2025-11-12 06:22:19.888475,MNQZ5.CME@RITHMIC,STOP,25785.0,1,1,0.0,MNQZ5.CME@RITHMIC_20251110_ASIAN,OUTSIDE_CBDR,
2025-11-12 06:24:02.643404,MNQZ5.CME@RITHMIC,STOP,25782.5,1,1,0.0,MNQZ5.CME@RITHMIC_20251110_ASIAN,OUTSIDE_CBDR,
2025-11-12 06:24:02.643412,MNQZ5.CME@RITHMIC,STOP,25782.5,1,2,0.0,MNQZ5.CME@RITHMIC_20251110_ASIAN,OUTSIDE_CBDR,
2025-11-12 06:24:02.643423,MNQZ5.CME@RITHMIC,STOP,25782.5,1,3,0.0,MNQZ5.CME@RITHMIC_20251110_ASIAN,OUTSIDE_CBDR,
2025-11-12 06:24:02.643430,MNQZ5.CME@RITHMIC,STOP,25782.5,1,4,0.0,MNQZ5.CME@RITHMIC_20251110_ASIAN,OUTSIDE_CBDR,
2025-11-12 06:24:02.643440,MNQZ5.CME@RITHMIC,STOP,25782.5,1,5,0.0,MNQZ5.CME@RITHMIC_20251110_ASIAN,OUTSIDE_CBDR,
2025-11-12 06:24:02.643446,MNQZ5.CME@RITHMIC,STOP,25782.5,1,6,0.0,MNQZ5.CME@RITHMIC_20251110_ASIAN,OUTSIDE_CBDR,
2025-11-12 06:24:02.643456,MNQZ5.CME@RITHMIC,STOP,25782.5,1,7,0.0,MNQZ5.CME@RITHMIC_20251110_ASIAN,OUTSIDE_CBDR,
2025-11-12 06:24:02.643460,MNQZ5.CME@RITHMIC,STOP,25782.5,1,8,0.0,MNQZ5.CME@RITHMIC_20251110_ASIAN,OUTSIDE_CBDR,
2025-11-12 06:24:02.643470,MNQZ5.CME@RITHMIC,STOP,25782.25,1,9,0.0,MNQZ5.CME@RITHMIC_20251110_ASIAN,OUTSIDE_CBDR,
2025-11-12 06:24:02.643475,MNQZ5.CME@RITHMIC,STOP,25782.25,1,10,0.0,MNQZ5.CME@RITHMIC_20251110_ASIAN,OUTSIDE_CBDR,
2025-11-12 06:24:02.644277,MNQZ5.CME@RITHMIC,STOP,25782.25,1,11,0.0,MNQZ5.CME@RITHMIC_20251110_ASIAN,OUTSIDE_CBDR,
2025-11-12 06:24:02.644284,MNQZ5.CME@RITHMIC,STOP,25782.25,1,12,0.0,MNQZ5.CME@RITHMIC_20251110_ASIAN,OUTSIDE_CBDR,
2025-11-12 06:24:02.644308,MNQZ5.CME@RITHMIC,STOP,25782.25,3,15,0.0,MNQZ5.CME@RITHMIC_20251110_ASIAN,OUTSIDE_CBDR,
2025-11-12 06:24:02.644314,MNQZ5.CME@RITHMIC,STOP,25782.25,2,17,0.0,MNQZ5.CME@RITHMIC_20251110_ASIAN,OUTSIDE_CBDR,
2025-11-12 06:24:46.380594,MNQZ5.CME@RITHMIC,STOP,25782.0,1,1,0.0,MNQZ5.CME@RITHMIC_20251110_ASIAN,OUTSIDE_CBDR,
2025-11-12 06:24:46.380598,MNQZ5.CME@RITHMIC,STOP,25781.75,1,2,0.0,MNQZ5.CME@RITHMIC_20251110_ASIAN,OUTSIDE_CBDR,
2025-11-12 06:24:46.380719,MNQZ5.CME@RITHMIC,STOP,25781.75,1,3,0.0,MNQZ5.CME@RITHMIC_20251110_ASIAN,OUTSIDE_CBDR,
2025-11-12 06:24:46.380728,MNQZ5.CME@RITHMIC,STOP,25781.75,1,4,0.0,MNQZ5.CME@RITHMIC_20251110_ASIAN,OUTSIDE_CBDR,
2025-11-12 06:24:46.380745,MNQZ5.CME@RITHMIC,STOP,25781.75,1,5,0.0,MNQZ5.CME@RITHMIC_20251110_ASIAN,OUTSIDE_CBDR,
2025-11-12 06:24:51.429148,MNQZ5.CME@RITHMIC,STOP,25781.25,1,1,0.0,MNQZ5.CME@RITHMIC_20251110_ASIAN,OUTSIDE_CBDR,
2025-11-12 06:24:51.429179,MNQZ5.CME@RITHMIC,STOP,25781.25,1,2,0.0,MNQZ5.CME@RITHMIC_20251110_ASIAN,OUTSIDE_CBDR,
2025-11-12 06:24:51.429186,MNQZ5.CME@RITHMIC,STOP,25781.25,2,4,0.0,MNQZ5.CME@RITHMIC_20251110_ASIAN,OUTSIDE_CBDR,
2025-11-12 06:24:51.429202,MNQZ5.CME@RITHMIC,STOP,25781.25,1,5,0.0,MNQZ5.CME@RITHMIC_20251110_ASIAN,OUTSIDE_CBDR,
2025-11-12 06:24:51.429213,MNQZ5.CME@RITHMIC,STOP,25781.25,1,6,0.0,MNQZ5.CME@RITHMIC_20251110_ASIAN,OUTSIDE_CBDR,
2025-11-12 06:24:51.429231,MNQZ5.CME@RITHMIC,STOP,25781.25,1,7,0.0,MNQZ5.CME@RITHMIC_20251110_ASIAN,OUTSIDE_CBDR,
2025-11-12 06:24:51.429243,MNQZ5.CME@RITHMIC,STOP,25781.25,1,8,0.0,MNQZ5.CME@RITHMIC_20251110_ASIAN,OUTSIDE_CBDR,
2025-11-12 06:24:51.429283,MNQZ5.CME@RITHMIC,STOP,25781.25,1,9,0.0,MNQZ5.CME@RITHMIC_20251110_ASIAN,OUTSIDE_CBDR,
2025-11-12 06:24:51.429287,MNQZ5.CME@RITHMIC,STOP,25781.25,1,10,0.0,MNQZ5.CME@RITHMIC_20251110_ASIAN,OUTSIDE_CBDR,
2025-11-12 06:24:51.429295,MNQZ5.CME@RITHMIC,STOP,25781.0,1,11,0.0,MNQZ5.CME@RITHMIC_20251110_ASIAN,OUTSIDE_CBDR,
2025-11-12 06:24:51.429299,MNQZ5.CME@RITHMIC,STOP,25781.0,1,12,0.0,MNQZ5.CME@RITHMIC_20251110_ASIAN,OUTSIDE_CBDR,
2025-11-12 06:24:51.430021,MNQZ5.CME@RITHMIC,STOP,25781.0,1,13,0.0,MNQZ5.CME@RITHMIC_20251110_ASIAN,OUTSIDE_CBDR,
2025-11-12 06:24:51.430029,MNQZ5.CME@RITHMIC,STOP,25781.0,2,15,0.0,MNQZ5.CME@RITHMIC_20251110_ASIAN,OUTSIDE_CBDR,
2025-11-12 06:24:51.430044,MNQZ5.CME@RITHMIC,STOP,25781.0,1,16,0.0,MNQZ5.CME@RITHMIC_20251110_ASIAN,OUTSIDE_CBDR,
2025-11-12 06:24:51.430049,MNQZ5.CME@RITHMIC,STOP,25781.0,1,17,0.0,MNQZ5.CME@RITHMIC_20251110_ASIAN,OUTSIDE_CBDR,
2025-11-12 06:24:51.431039,MNQZ5.CME@RITHMIC,STOP,25781.0,1,18,0.0,MNQZ5.CME@RITHMIC_20251110_ASIAN,OUTSIDE_CBDR,
2025-11-12 06:24:51.431046,MNQZ5.CME@RITHMIC,STOP,25781.0,1,19,0.0,MNQZ5.CME@RITHMIC_20251110_ASIAN,OUTSIDE_CBDR,
2025-11-12 06:24:51.431060,MNQZ5.CME@RITHMIC,STOP,25781.0,1,20,0.0,MNQZ5.CME@RITHMIC_20251110_ASIAN,OUTSIDE_CBDR,
2025-11-12 06:24:51.431067,MNQZ5.CME@RITHMIC,STOP,25781.0,2,22,0.0,MNQZ5.CME@RITHMIC_20251110_ASIAN,OUTSIDE_CBDR,
2025-11-12 06:24:51.431076,MNQZ5.CME@RITHMIC,STOP,25781.0,1,23,0.0,MNQZ5.CME@RITHMIC_20251110_ASIAN,OUTSIDE_CBDR,
2025-11-12 06:24:51.431083,MNQZ5.CME@RITHMIC,STOP,25781.0,1,24,0.0,MNQZ5.CME@RITHMIC_20251110_ASIAN,OUTSIDE_CBDR,
2025-11-12 06:24:51.431092,MNQZ5.CME@RITHMIC,STOP,25781.0,1,25,0.0,MNQZ5.CME@RITHMIC_20251110_ASIAN,OUTSIDE_CBDR,
2025-11-12 06:24:51.431098,MNQZ5.CME@RITHMIC,STOP,25780.75,1,26,0.0,MNQZ5.CME@RITHMIC_20251110_ASIAN,OUTSIDE_CBDR,
2025-11-12 06:24:51.432015,MNQZ5.CME@RITHMIC,STOP,25780.75,1,27,0.0,MNQZ5.CME@RITHMIC_20251110_ASIAN,OUTSIDE_CBDR,
2025-11-12 06:24:51.432024,MNQZ5.CME@RITHMIC,STOP,25780.75,1,28,0.0,MNQZ5.CME@RITHMIC_20251110_ASIAN,OUTSIDE_CBDR,
2025-11-12 06:24:51.432067,MNQZ5.CME@RITHMIC,STOP,25780.75,1,29,0.0,MNQZ5.CME@RITHMIC_20251110_ASIAN,OUTSIDE_CBDR,
2025-11-12 06:24:51.432074,MNQZ5.CME@RITHMIC,STOP,25780.75,2,31,0.0,MNQZ5.CME@RITHMIC_20251110_ASIAN,OUTSIDE_CBDR,
2025-11-12 06:24:51.432083,MNQZ5.CME@RITHMIC,STOP,25780.75,1,32,0.0,MNQZ5.CME@RITHMIC_20251110_ASIAN,OUTSIDE_CBDR,
2025-11-12 06:24:51.432089,MNQZ5.CME@RITHMIC,STOP,25780.75,1,33,0.0,MNQZ5.CME@RITHMIC_20251110_ASIAN,OUTSIDE_CBDR,
2025-11-12 06:24:51.432098,MNQZ5.CME@RITHMIC,STOP,25780.75,1,34,0.0,MNQZ5.CME@RITHMIC_20251110_ASIAN,OUTSIDE_CBDR,
2025-11-12 06:24:51.432105,MNQZ5.CME@RITHMIC,STOP,25780.75,2,36,0.0,MNQZ5.CME@RITHMIC_20251110_ASIAN,OUTSIDE_CBDR,
2025-11-12 06:24:51.432114,MNQZ5.CME@RITHMIC,STOP,25780.75,1,37,0.0,MNQZ5.CME@RITHMIC_20251110_ASIAN,OUTSIDE_CBDR,
2025-11-12 06:24:51.432120,MNQZ5.CME@RITHMIC,STOP,25780.75,1,38,0.0,MNQZ5.CME@RITHMIC_20251110_ASIAN,OUTSIDE_CBDR,
2025-11-12 06:24:51.432129,MNQZ5.CME@RITHMIC,STOP,25780.5,1,39,0.0,MNQZ5.CME@RITHMIC_20251110_ASIAN,OUTSIDE_CBDR,
2025-11-12 06:24:51.432136,MNQZ5.CME@RITHMIC,STOP,25780.5,1,40,0.0,MNQZ5.CME@RITHMIC_20251110_ASIAN,OUTSIDE_CBDR,
2025-11-12 06:24:51.433020,MNQZ5.CME@RITHMIC,STOP,25780.5,1,41,0.0,MNQZ5.CME@RITHMIC_20251110_ASIAN,OUTSIDE_CBDR,
2025-11-12 06:25:02.917630,MNQZ5.CME@RITHMIC,STOP,25782.25,1,1,0.0,MNQZ5.CME@RITHMIC_20251110_ASIAN,OUTSIDE_CBDR,
2025-11-12 06:25:44.141312,MNQZ5.CME@RITHMIC,STOP,25785.0,1,1,0.0,MNQZ5.CME@RITHMIC_20251110_ASIAN,OUTSIDE_CBDR,
2025-11-12 06:26:43.372223,MNQZ5.CME@RITHMIC,STOP,25779.75,1,1,0.0,MNQZ5.CME@RITHMIC_20251110_ASIAN,OUTSIDE_CBDR,
2025-11-12 06:26:43.372232,MNQZ5.CME@RITHMIC,STOP,25779.75,1,2,0.0,MNQZ5.CME@RITHMIC_20251110_ASIAN,OUTSIDE_CBDR,
2025-11-12 06:26:43.372236,MNQZ5.CME@RITHMIC,STOP,25779.75,1,3,0.0,MNQZ5.CME@RITHMIC_20251110_ASIAN,OUTSIDE_CBDR,
2025-11-12 06:26:43.372243,MNQZ5.CME@RITHMIC,STOP,25779.75,1,4,0.0,MNQZ5.CME@RITHMIC_20251110_ASIAN,OUTSIDE_CBDR,
2025-11-12 06:26:43.372248,MNQZ5.CME@RITHMIC,STOP,25779.75,1,5,0.0,MNQZ5.CME@RITHMIC_20251110_ASIAN,OUTSIDE_CBDR,
2025-11-12 06:26:43.372255,MNQZ5.CME@RITHMIC,STOP,25779.5,1,6,0.0,MNQZ5.CME@RITHMIC_20251110_ASIAN,OUTSIDE_CBDR,
2025-11-12 06:26:43.372259,MNQZ5.CME@RITHMIC,STOP,25779.5,1,7,0.0,MNQZ5.CME@RITHMIC_20251110_ASIAN,OUTSIDE_CBDR,
2025-11-12 06:26:43.372265,MNQZ5.CME@RITHMIC,STOP,25779.5,1,8,0.0,MNQZ5.CME@RITHMIC_20251110_ASIAN,OUTSIDE_CBDR,
2025-11-12 06:26:43.372269,MNQZ5.CME@RITHMIC,STOP,25779.5,1,9,0.0,MNQZ5.CME@RITHMIC_20251110_ASIAN,OUTSIDE_CBDR,
2025-11-12 06:26:43.372275,MNQZ5.CME@RITHMIC,STOP,25779.5,1,10,0.0,MNQZ5.CME@RITHMIC_20251110_ASIAN,OUTSIDE_CBDR,
2025-11-12 06:26:43.372278,MNQZ5.CME@RITHMIC,STOP,25779.5,1,11,0.0,MNQZ5.CME@RITHMIC_20251110_ASIAN,OUTSIDE_CBDR,
2025-11-12 06:26:43.372287,MNQZ5.CME@RITHMIC,STOP,25779.5,1,12,0.0,MNQZ5.CME@RITHMIC_20251110_ASIAN,OUTSIDE_CBDR,
2025-11-12 06:26:43.373076,MNQZ5.CME@RITHMIC,STOP,25779.25,1,13,0.0,MNQZ5.CME@RITHMIC_20251110_ASIAN,OUTSIDE_CBDR,
2025-11-12 06:26:43.373088,MNQZ5.CME@RITHMIC,STOP,25779.25,2,15,0.0,MNQZ5.CME@RITHMIC_20251110_ASIAN,OUTSIDE_CBDR,
2025-11-12 06:26:43.373163,MNQZ5.CME@RITHMIC,STOP,25779.25,2,17,0.0,MNQZ5.CME@RITHMIC_20251110_ASIAN,OUTSIDE_CBDR,
2025-11-12 06:26:43.373170,MNQZ5.CME@RITHMIC,STOP,25779.25,1,18,0.0,MNQZ5.CME@RITHMIC_20251110_ASIAN,OUTSIDE_CBDR,
2025-11-12 06:26:43.373181,MNQZ5.CME@RITHMIC,STOP,25779.25,1,19,0.0,MNQZ5.CME@RITHMIC_20251110_ASIAN,OUTSIDE_CBDR,
2025-11-12 06:26:43.373185,MNQZ5.CME@RITHMIC,STOP,25779.25,2,21,0.0,MNQZ5.CME@RITHMIC_20251110_ASIAN,OUTSIDE_CBDR,
2025-11-12 06:26:43.373192,MNQZ5.CME@RITHMIC,STOP,25779.25,1,22,0.0,MNQZ5.CME@RITHMIC_20251110_ASIAN,OUTSIDE_CBDR,
2025-11-12 06:26:43.373197,MNQZ5.CME@RITHMIC,STOP,25779.25,1,23,0.0,MNQZ5.CME@RITHMIC_20251110_ASIAN,OUTSIDE_CBDR,
2025-11-12 06:26:43.373208,MNQZ5.CME@RITHMIC,STOP,25779.25,1,24,0.0,MNQZ5.CME@RITHMIC_20251110_ASIAN,OUTSIDE_CBDR,
2025-11-12 06:26:43.373214,MNQZ5.CME@RITHMIC,STOP,25779.0,1,25,0.0,MNQZ5.CME@RITHMIC_20251110_ASIAN,OUTSIDE_CBDR,
2025-11-12 06:26:43.373224,MNQZ5.CME@RITHMIC,STOP,25779.0,1,26,0.0,MNQZ5.CME@RITHMIC_20251110_ASIAN,OUTSIDE_CBDR,
2025-11-12 06:26:43.373227,MNQZ5.CME@RITHMIC,STOP,25779.0,1,27,0.0,MNQZ5.CME@RITHMIC_20251110_ASIAN,OUTSIDE_CBDR,
2025-11-12 06:26:43.384214,MNQZ5.CME@RITHMIC,STOP,25779.0,1,28,0.0,MNQZ5.CME@RITHMIC_20251110_ASIAN,OUTSIDE_CBDR,
2025-11-12 06:26:43.384224,MNQZ5.CME@RITHMIC,STOP,25779.0,2,30,0.0,MNQZ5.CME@RITHMIC_20251110_ASIAN,OUTSIDE_CBDR,
2025-11-12 06:26:43.384247,MNQZ5.CME@RITHMIC,STOP,25779.0,1,31,0.0,MNQZ5.CME@RITHMIC_20251110_ASIAN,OUTSIDE_CBDR,
2025-11-12 06:26:43.384254,MNQZ5.CME@RITHMIC,STOP,25779.0,1,32,0.0,MNQZ5.CME@RITHMIC_20251110_ASIAN,OUTSIDE_CBDR,
2025-11-12 06:26:43.384302,MNQZ5.CME@RITHMIC,STOP,25779.0,1,33,0.0,MNQZ5.CME@RITHMIC_20251110_ASIAN,OUTSIDE_CBDR,
2025-11-12 06:26:43.384308,MNQZ5.CME@RITHMIC,STOP,25779.0,1,34,0.0,MNQZ5.CME@RITHMIC_20251110_ASIAN,OUTSIDE_CBDR,
2025-11-12 06:26:43.384320,MNQZ5.CME@RITHMIC,STOP,25779.0,1,35,0.0,MNQZ5.CME@RITHMIC_20251110_ASIAN,OUTSIDE_CBDR,
2025-11-12 06:26:43.384326,MNQZ5.CME@RITHMIC,STOP,25779.0,1,36,0.0,MNQZ5.CME@RITHMIC_20251110_ASIAN,OUTSIDE_CBDR,
2025-11-12 06:26:43.384339,MNQZ5.CME@RITHMIC,STOP,25779.0,1,37,0.0,MNQZ5.CME@RITHMIC_20251110_ASIAN,OUTSIDE_CBDR,
2025-11-12 06:26:43.384345,MNQZ5.CME@RITHMIC,STOP,25779.0,1,38,0.0,MNQZ5.CME@RITHMIC_20251110_ASIAN,OUTSIDE_CBDR,
2025-11-12 06:26:43.404341,MNQZ5.CME@RITHMIC,STOP,25778.5,1,1,0.0,MNQZ5.CME@RITHMIC_20251110_ASIAN,OUTSIDE_CBDR,
2025-11-12 06:26:43.404348,MNQZ5.CME@RITHMIC,STOP,25778.25,1,2,0.0,MNQZ5.CME@RITHMIC_20251110_ASIAN,OUTSIDE_CBDR,
2025-11-12 06:26:43.404358,MNQZ5.CME@RITHMIC,STOP,25778.25,1,3,0.0,MNQZ5.CME@RITHMIC_20251110_ASIAN,OUTSIDE_CBDR,
2025-11-12 06:26:43.404364,MNQZ5.CME@RITHMIC,STOP,25778.25,1,4,0.0,MNQZ5.CME@RITHMIC_20251110_ASIAN,OUTSIDE_CBDR,
2025-11-12 06:26:43.404374,MNQZ5.CME@RITHMIC,STOP,25778.25,1,5,0.0,MNQZ5.CME@RITHMIC_20251110_ASIAN,OUTSIDE_CBDR,
2025-11-12 06:26:43.404382,MNQZ5.CME@RITHMIC,STOP,25778.25,1,6,0.0,MNQZ5.CME@RITHMIC_20251110_ASIAN,OUTSIDE_CBDR,
2025-11-12 06:26:43.405135,MNQZ5.CME@RITHMIC,STOP,25778.25,1,7,0.0,MNQZ5.CME@RITHMIC_20251110_ASIAN,OUTSIDE_CBDR,
2025-11-12 06:26:43.405145,MNQZ5.CME@RITHMIC,STOP,25778.0,2,9,0.0,MNQZ5.CME@RITHMIC_20251110_ASIAN,OUTSIDE_CBDR,
2025-11-12 06:26:43.405163,MNQZ5.CME@RITHMIC,STOP,25778.0,1,10,0.0,MNQZ5.CME@RITHMIC_20251110_ASIAN,OUTSIDE_CBDR,
2025-11-12 06:26:43.405167,MNQZ5.CME@RITHMIC,STOP,25778.0,1,11,0.0,MNQZ5.CME@RITHMIC_20251110_ASIAN,OUTSIDE_CBDR,
2025-11-12 06:26:43.405295,MNQZ5.CME@RITHMIC,STOP,25778.0,1,12,0.0,MNQZ5.CME@RITHMIC_20251110_ASIAN,OUTSIDE_CBDR,
2025-11-12 06:26:43.405300,MNQZ5.CME@RITHMIC,STOP,25778.0,1,13,0.0,MNQZ5.CME@RITHMIC_20251110_ASIAN,OUTSIDE_CBDR,
2025-11-12 06:26:43.405309,MNQZ5.CME@RITHMIC,STOP,25778.0,1,14,0.0,MNQZ5.CME@RITHMIC_20251110_ASIAN,OUTSIDE_CBDR,
2025-11-12 06:26:43.405313,MNQZ5.CME@RITHMIC,STOP,25778.0,2,16,0.0,MNQZ5.CME@RITHMIC_20251110_ASIAN,OUTSIDE_CBDR,
2025-11-12 06:26:43.405320,MNQZ5.CME@RITHMIC,STOP,25778.0,1,17,0.0,MNQZ5.CME@RITHMIC_20251110_ASIAN,OUTSIDE_CBDR,
2025-11-12 06:26:43.405324,MNQZ5.CME@RITHMIC,STOP,25778.0,1,18,0.0,MNQZ5.CME@RITHMIC_20251110_ASIAN,OUTSIDE_CBDR,
2025-11-12 06:26:43.405330,MNQZ5.CME@RITHMIC,STOP,25778.0,1,19,0.0,MNQZ5.CME@RITHMIC_20251110_ASIAN,OUTSIDE_CBDR,
2025-11-12 06:26:43.405334,MNQZ5.CME@RITHMIC,STOP,25778.0,1,20,0.0,MNQZ5.CME@RITHMIC_20251110_ASIAN,OUTSIDE_CBDR,
2025-11-12 06:26:43.405341,MNQZ5.CME@RITHMIC,STOP,25778.0,1,21,0.0,MNQZ5.CME@RITHMIC_20251110_ASIAN,OUTSIDE_CBDR,
2025-11-12 06:26:43.405344,MNQZ5.CME@RITHMIC,STOP,25778.0,1,22,0.0,MNQZ5.CME@RITHMIC_20251110_ASIAN,OUTSIDE_CBDR,
2025-11-12 06:26:43.405351,MNQZ5.CME@RITHMIC,STOP,25778.0,1,23,0.0,MNQZ5.CME@RITHMIC_20251110_ASIAN,OUTSIDE_CBDR,
2025-11-12 06:26:43.405355,MNQZ5.CME@RITHMIC,STOP,25778.0,1,24,0.0,MNQZ5.CME@RITHMIC_20251110_ASIAN,OUTSIDE_CBDR,
2025-11-12 06:26:43.440113,MNQZ5.CME@RITHMIC,STOP,25777.5,1,1,0.0,MNQZ5.CME@RITHMIC_20251110_ASIAN,OUTSIDE_CBDR,
2025-11-12 06:26:43.440121,MNQZ5.CME@RITHMIC,STOP,25777.5,1,2,0.0,MNQZ5.CME@RITHMIC_20251110_ASIAN,OUTSIDE_CBDR,
2025-11-12 06:26:43.440132,MNQZ5.CME@RITHMIC,STOP,25777.5,1,3,0.0,MNQZ5.CME@RITHMIC_20251110_ASIAN,OUTSIDE_CBDR,
2025-11-12 06:26:43.440137,MNQZ5.CME@RITHMIC,STOP,25777.5,1,4,0.0,MNQZ5.CME@RITHMIC_20251110_ASIAN,OUTSIDE_CBDR,
2025-11-12 06:27:46.738468,MNQZ5.CME@RITHMIC,STOP,25772.75,1,1,0.0,MNQZ5.CME@RITHMIC_20251110_ASIAN,OUTSIDE_CBDR,
2025-11-12 06:27:46.738473,MNQZ5.CME@RITHMIC,STOP,25772.75,1,2,0.0,MNQZ5.CME@RITHMIC_20251110_ASIAN,OUTSIDE_CBDR,
2025-11-12 06:27:46.738482,MNQZ5.CME@RITHMIC,STOP,25772.75,1,3,0.0,MNQZ5.CME@RITHMIC_20251110_ASIAN,OUTSIDE_CBDR,
2025-11-12 06:27:46.738486,MNQZ5.CME@RITHMIC,STOP,25772.5,1,4,0.0,MNQZ5.CME@RITHMIC_20251110_ASIAN,OUTSIDE_CBDR,
2025-11-12 06:27:46.738494,MNQZ5.CME@RITHMIC,STOP,25772.5,1,5,0.0,MNQZ5.CME@RITHMIC_20251110_ASIAN,OUTSIDE_CBDR,
2025-11-12 06:27:46.738499,MNQZ5.CME@RITHMIC,STOP,25772.5,1,6,0.0,MNQZ5.CME@RITHMIC_20251110_ASIAN,OUTSIDE_CBDR,
2025-11-12 06:27:46.738506,MNQZ5.CME@RITHMIC,STOP,25772.5,1,7,0.0,MNQZ5.CME@RITHMIC_20251110_ASIAN,OUTSIDE_CBDR,
2025-11-12 06:27:46.738510,MNQZ5.CME@RITHMIC,STOP,25772.5,1,8,0.0,MNQZ5.CME@RITHMIC_20251110_ASIAN,OUTSIDE_CBDR,
2025-11-12 06:27:46.738519,MNQZ5.CME@RITHMIC,STOP,25772.5,1,9,0.0,MNQZ5.CME@RITHMIC_20251110_ASIAN,OUTSIDE_CBDR,
2025-11-12 06:27:48.073535,MNQZ5.CME@RITHMIC,STOP,25772.25,1,1,0.0,MNQZ5.CME@RITHMIC_20251110_ASIAN,OUTSIDE_CBDR,
2025-11-12 06:28:33.981882,MNQZ5.CME@RITHMIC,STOP,25769.75,1,1,0.0,MNQZ5.CME@RITHMIC_20251110_ASIAN,OUTSIDE_CBDR,
2025-11-12 06:28:33.981888,MNQZ5.CME@RITHMIC,STOP,25770.0,1,2,0.0,MNQZ5.CME@RITHMIC_20251110_ASIAN,OUTSIDE_CBDR,
2025-11-12 06:28:33.981904,MNQZ5.CME@RITHMIC,STOP,25770.0,1,3,0.0,MNQZ5.CME@RITHMIC_20251110_ASIAN,OUTSIDE_CBDR,
2025-11-12 06:29:39.425437,MNQZ5.CME@RITHMIC,STOP,25761.25,1,1,0.0,MNQZ5.CME@RITHMIC_20251110_ASIAN,OUTSIDE_CBDR,
2025-11-12 06:33:05.879486,MNQZ5.CME@RITHMIC,STOP,25756.5,1,1,0.0,MNQZ5.CME@RITHMIC_20251110_ASIAN,OUTSIDE_CBDR,
2025-11-12 06:33:27.350676,MNQZ5.CME@RITHMIC,STOP,25755.25,1,1,0.0,MNQZ5.CME@RITHMIC_20251110_ASIAN,OUTSIDE_CBDR,
2025-11-12 06:33:50.131091,MNQZ5.CME@RITHMIC,STOP,25762.75,1,1,0.0,MNQZ5.CME@RITHMIC_20251110_ASIAN,OUTSIDE_CBDR,
2025-11-12 06:33:50.153314,MNQZ5.CME@RITHMIC,STOP,25763.25,2,2,0.0,MNQZ5.CME@RITHMIC_20251110_ASIAN,OUTSIDE_CBDR,
2025-11-12 06:33:50.153715,MNQZ5.CME@RITHMIC,STOP,25763.25,1,3,0.0,MNQZ5.CME@RITHMIC_20251110_ASIAN,OUTSIDE_CBDR,
2025-11-12 06:33:50.153722,MNQZ5.CME@RITHMIC,STOP,25763.25,1,4,0.0,MNQZ5.CME@RITHMIC_20251110_ASIAN,OUTSIDE_CBDR,
2025-11-12 06:33:50.153734,MNQZ5.CME@RITHMIC,STOP,25763.25,8,12,0.0,MNQZ5.CME@RITHMIC_20251110_ASIAN,OUTSIDE_CBDR,
2025-11-12 06:33:50.392815,MNQZ5.CME@RITHMIC,STOP,25764.5,1,1,0.0,MNQZ5.CME@RITHMIC_20251110_ASIAN,OUTSIDE_CBDR,
2025-11-12 06:33:50.392818,MNQZ5.CME@RITHMIC,STOP,25764.5,1,2,0.0,MNQZ5.CME@RITHMIC_20251110_ASIAN,OUTSIDE_CBDR,
2025-11-12 06:33:50.392989,MNQZ5.CME@RITHMIC,STOP,25764.5,1,3,0.0,MNQZ5.CME@RITHMIC_20251110_ASIAN,OUTSIDE_CBDR,
2025-11-12 06:33:50.392993,MNQZ5.CME@RITHMIC,STOP,25764.5,1,4,0.0,MNQZ5.CME@RITHMIC_20251110_ASIAN,OUTSIDE_CBDR,
2025-11-12 06:33:50.393003,MNQZ5.CME@RITHMIC,STOP,25764.5,1,5,0.0,MNQZ5.CME@RITHMIC_20251110_ASIAN,OUTSIDE_CBDR,
2025-11-12 06:33:50.393007,MNQZ5.CME@RITHMIC,STOP,25764.5,1,6,0.0,MNQZ5.CME@RITHMIC_20251110_ASIAN,OUTSIDE_CBDR,
2025-11-12 06:33:50.393014,MNQZ5.CME@RITHMIC,STOP,25764.5,1,7,0.0,MNQZ5.CME@RITHMIC_20251110_ASIAN,OUTSIDE_CBDR,
2025-11-12 06:33:50.393017,MNQZ5.CME@RITHMIC,STOP,25764.75,1,8,0.0,MNQZ5.CME@RITHMIC_20251110_ASIAN,OUTSIDE_CBDR,
2025-11-12 06:33:50.393024,MNQZ5.CME@RITHMIC,STOP,25764.75,1,9,0.0,MNQZ5.CME@RITHMIC_20251110_ASIAN,OUTSIDE_CBDR,
2025-11-12 06:33:50.393030,MNQZ5.CME@RITHMIC,STOP,25764.75,1,10,0.0,MNQZ5.CME@RITHMIC_20251110_ASIAN,OUTSIDE_CBDR,
2025-11-12 06:35:55.011925,MNQZ5.CME@RITHMIC,STOP,25761.5,1,1,0.0,MNQZ5.CME@RITHMIC_20251110_ASIAN,OUTSIDE_CBDR,
2025-11-12 06:35:55.011931,MNQZ5.CME@RITHMIC,STOP,25761.5,1,2,0.0,MNQZ5.CME@RITHMIC_20251110_ASIAN,OUTSIDE_CBDR,
2025-11-12 06:36:21.175714,MNQZ5.CME@RITHMIC,STOP,25760.75,1,1,0.0,MNQZ5.CME@RITHMIC_20251110_ASIAN,OUTSIDE_CBDR,
2025-11-12 06:36:28.581496,MNQZ5.CME@RITHMIC,STOP,25764.25,1,1,0.0,MNQZ5.CME@RITHMIC_20251110_ASIAN,OUTSIDE_CBDR,
2025-11-12 06:36:36.651118,MNQZ5.CME@RITHMIC,STOP,25765.0,1,1,0.0,MNQZ5.CME@RITHMIC_20251110_ASIAN,OUTSIDE_CBDR,
2025-11-12 06:36:36.651124,MNQZ5.CME@RITHMIC,STOP,25765.0,1,2,0.0,MNQZ5.CME@RITHMIC_20251110_ASIAN,OUTSIDE_CBDR,
2025-11-12 06:36:36.651134,MNQZ5.CME@RITHMIC,STOP,25765.0,1,3,0.0,MNQZ5.CME@RITHMIC_20251110_ASIAN,OUTSIDE_CBDR,
2025-11-12 06:36:36.651140,MNQZ5.CME@RITHMIC,STOP,25765.0,1,4,0.0,MNQZ5.CME@RITHMIC_20251110_ASIAN,OUTSIDE_CBDR,
2025-11-12 06:36:36.651147,MNQZ5.CME@RITHMIC,STOP,25765.0,1,5,0.0,MNQZ5.CME@RITHMIC_20251110_ASIAN,OUTSIDE_CBDR,
2025-11-12 06:36:36.651151,MNQZ5.CME@RITHMIC,STOP,25765.0,1,6,0.0,MNQZ5.CME@RITHMIC_20251110_ASIAN,OUTSIDE_CBDR,
2025-11-12 06:36:36.651157,MNQZ5.CME@RITHMIC,STOP,25765.0,1,7,0.0,MNQZ5.CME@RITHMIC_20251110_ASIAN,OUTSIDE_CBDR,
2025-11-12 06:36:36.651162,MNQZ5.CME@RITHMIC,STOP,25765.0,3,10,0.0,MNQZ5.CME@RITHMIC_20251110_ASIAN,OUTSIDE_CBDR,
2025-11-12 06:36:36.651168,MNQZ5.CME@RITHMIC,STOP,25765.0,1,11,0.0,MNQZ5.CME@RITHMIC_20251110_ASIAN,OUTSIDE_CBDR,
2025-11-12 06:36:36.651172,MNQZ5.CME@RITHMIC,STOP,25765.25,1,12,0.0,MNQZ5.CME@RITHMIC_20251110_ASIAN,OUTSIDE_CBDR,
2025-11-12 06:36:36.651181,MNQZ5.CME@RITHMIC,STOP,25765.25,1,13,0.0,MNQZ5.CME@RITHMIC_20251110_ASIAN,OUTSIDE_CBDR,
2025-11-12 06:36:38.695554,MNQZ5.CME@RITHMIC,STOP,25765.5,1,1,0.0,MNQZ5.CME@RITHMIC_20251110_ASIAN,OUTSIDE_CBDR,
2025-11-12 06:36:40.030676,MNQZ5.CME@RITHMIC,STOP,25765.75,1,1,0.0,MNQZ5.CME@RITHMIC_20251110_ASIAN,OUTSIDE_CBDR,
2025-11-12 06:36:40.030682,MNQZ5.CME@RITHMIC,STOP,25765.75,1,2,0.0,MNQZ5.CME@RITHMIC_20251110_ASIAN,OUTSIDE_CBDR,
2025-11-12 06:36:41.205613,MNQZ5.CME@RITHMIC,STOP,25763.25,1,1,0.0,MNQZ5.CME@RITHMIC_20251110_ASIAN,OUTSIDE_CBDR,
2025-11-12 06:36:41.206378,MNQZ5.CME@RITHMIC,STOP,25763.25,1,2,0.0,MNQZ5.CME@RITHMIC_20251110_ASIAN,OUTSIDE_CBDR,
2025-11-12 06:37:05.581919,MNQZ5.CME@RITHMIC,STOP,25763.0,1,1,0.0,MNQZ5.CME@RITHMIC_20251110_ASIAN,OUTSIDE_CBDR,
2025-11-12 06:38:11.482352,MNQZ5.CME@RITHMIC,STOP,25757.5,1,1,0.0,MNQZ5.CME@RITHMIC_20251110_ASIAN,OUTSIDE_CBDR,
2025-11-12 06:38:15.375722,MNQZ5.CME@RITHMIC,STOP,25758.25,1,1,0.0,MNQZ5.CME@RITHMIC_20251110_ASIAN,OUTSIDE_CBDR,
2025-11-12 06:39:15.637550,MNQZ5.CME@RITHMIC,STOP,25760.75,1,1,0.0,MNQZ5.CME@RITHMIC_20251110_ASIAN,OUTSIDE_CBDR,
2025-11-12 06:39:25.004370,MNQZ5.CME@RITHMIC,STOP,25761.25,1,1,0.0,MNQZ5.CME@RITHMIC_20251110_ASIAN,OUTSIDE_CBDR,
2025-11-12 06:39:25.004378,MNQZ5.CME@RITHMIC,STOP,25761.25,1,2,0.0,MNQZ5.CME@RITHMIC_20251110_ASIAN,OUTSIDE_CBDR,
2025-11-12 06:39:34.998393,MNQZ5.CME@RITHMIC,STOP,25759.75,1,1,0.0,MNQZ5.CME@RITHMIC_20251110_ASIAN,OUTSIDE_CBDR,
2025-11-12 06:39:34.998409,MNQZ5.CME@RITHMIC,STOP,25759.75,1,2,0.0,MNQZ5.CME@RITHMIC_20251110_ASIAN,OUTSIDE_CBDR,
2025-11-12 06:39:34.998415,MNQZ5.CME@RITHMIC,STOP,25759.75,1,3,0.0,MNQZ5.CME@RITHMIC_20251110_ASIAN,OUTSIDE_CBDR,
2025-11-12 06:39:34.998494,MNQZ5.CME@RITHMIC,STOP,25759.5,2,5,0.0,MNQZ5.CME@RITHMIC_20251110_ASIAN,OUTSIDE_CBDR,
2025-11-12 06:39:39.940071,MNQZ5.CME@RITHMIC,STOP,25760.25,1,1,0.0,MNQZ5.CME@RITHMIC_20251110_ASIAN,OUTSIDE_CBDR,
2025-11-12 06:39:39.940078,MNQZ5.CME@RITHMIC,STOP,25760.25,1,2,0.0,MNQZ5.CME@RITHMIC_20251110_ASIAN,OUTSIDE_CBDR,
2025-11-12 06:39:39.940089,MNQZ5.CME@RITHMIC,STOP,25760.25,1,3,0.0,MNQZ5.CME@RITHMIC_20251110_ASIAN,OUTSIDE_CBDR,
2025-11-12 06:39:39.940097,MNQZ5.CME@RITHMIC,STOP,25760.5,1,4,0.0,MNQZ5.CME@RITHMIC_20251110_ASIAN,OUTSIDE_CBDR,
2025-11-12 06:39:39.940108,MNQZ5.CME@RITHMIC,STOP,25760.5,1,5,0.0,MNQZ5.CME@RITHMIC_20251110_ASIAN,OUTSIDE_CBDR,
2025-11-12 06:40:16.573524,MNQZ5.CME@RITHMIC,STOP,25756.25,1,1,0.0,MNQZ5.CME@RITHMIC_20251110_ASIAN,OUTSIDE_CBDR,
2025-11-12 06:40:41.862840,MNQZ5.CME@RITHMIC,STOP,25755.0,1,1,0.0,MNQZ5.CME@RITHMIC_20251110_ASIAN,OUTSIDE_CBDR,
2025-11-12 06:40:41.862851,MNQZ5.CME@RITHMIC,STOP,25755.0,2,3,0.0,MNQZ5.CME@RITHMIC_20251110_ASIAN,OUTSIDE_CBDR,
2025-11-12 06:40:41.862869,MNQZ5.CME@RITHMIC,STOP,25755.0,1,4,0.0,MNQZ5.CME@RITHMIC_20251110_ASIAN,OUTSIDE_CBDR,
2025-11-12 06:40:41.862879,MNQZ5.CME@RITHMIC,STOP,25755.0,1,5,0.0,MNQZ5.CME@RITHMIC_20251110_ASIAN,OUTSIDE_CBDR,
2025-11-12 06:40:41.862895,MNQZ5.CME@RITHMIC,STOP,25755.0,1,6,0.0,MNQZ5.CME@RITHMIC_20251110_ASIAN,OUTSIDE_CBDR,
2025-11-12 06:40:41.862908,MNQZ5.CME@RITHMIC,STOP,25755.0,1,7,0.0,MNQZ5.CME@RITHMIC_20251110_ASIAN,OUTSIDE_CBDR,
2025-11-12 06:40:41.863597,MNQZ5.CME@RITHMIC,STOP,25755.0,1,8,0.0,MNQZ5.CME@RITHMIC_20251110_ASIAN,OUTSIDE_CBDR,
2025-11-12 06:40:41.863605,MNQZ5.CME@RITHMIC,STOP,25755.0,1,9,0.0,MNQZ5.CME@RITHMIC_20251110_ASIAN,OUTSIDE_CBDR,
2025-11-12 06:40:41.863824,MNQZ5.CME@RITHMIC,STOP,25755.0,1,10,0.0,MNQZ5.CME@RITHMIC_20251110_ASIAN,OUTSIDE_CBDR,
2025-11-12 06:40:41.863838,MNQZ5.CME@RITHMIC,STOP,25755.0,1,11,0.0,MNQZ5.CME@RITHMIC_20251110_ASIAN,OUTSIDE_CBDR,
2025-11-12 06:40:41.863856,MNQZ5.CME@RITHMIC,STOP,25755.0,2,13,0.0,MNQZ5.CME@RITHMIC_20251110_ASIAN,OUTSIDE_CBDR,
2025-11-12 06:40:41.863865,MNQZ5.CME@RITHMIC,STOP,25755.0,1,14,0.0,MNQZ5.CME@RITHMIC_20251110_ASIAN,OUTSIDE_CBDR,
2025-11-12 06:40:41.863884,MNQZ5.CME@RITHMIC,STOP,25754.75,1,15,0.0,MNQZ5.CME@RITHMIC_20251110_ASIAN,OUTSIDE_CBDR,
2025-11-12 06:40:41.863895,MNQZ5.CME@RITHMIC,STOP,25754.75,1,16,0.0,MNQZ5.CME@RITHMIC_20251110_ASIAN,OUTSIDE_CBDR,
2025-11-12 06:40:41.863911,MNQZ5.CME@RITHMIC,STOP,25754.75,1,17,0.0,MNQZ5.CME@RITHMIC_20251110_ASIAN,OUTSIDE_CBDR,
2025-11-12 06:40:41.863921,MNQZ5.CME@RITHMIC,STOP,25754.75,1,18,0.0,MNQZ5.CME@RITHMIC_20251110_ASIAN,OUTSIDE_CBDR,
2025-11-12 06:40:41.863933,MNQZ5.CME@RITHMIC,STOP,25754.75,3,21,0.0,MNQZ5.CME@RITHMIC_20251110_ASIAN,OUTSIDE_CBDR,
2025-11-12 06:40:41.863940,MNQZ5.CME@RITHMIC,STOP,25754.75,4,25,0.0,MNQZ5.CME@RITHMIC_20251110_ASIAN,OUTSIDE_CBDR,
2025-11-12 06:41:51.992326,MNQZ5.CME@RITHMIC,STOP,25749.75,1,1,0.0,MNQZ5.CME@RITHMIC_20251110_ASIAN,OUTSIDE_CBDR,
2025-11-12 06:41:51.992330,MNQZ5.CME@RITHMIC,STOP,25749.75,1,2,0.0,MNQZ5.CME@RITHMIC_20251110_ASIAN,OUTSIDE_CBDR,
2025-11-12 06:41:51.992338,MNQZ5.CME@RITHMIC,STOP,25749.75,1,3,0.0,MNQZ5.CME@RITHMIC_20251110_ASIAN,OUTSIDE_CBDR,
2025-11-12 06:41:51.992344,MNQZ5.CME@RITHMIC,STOP,25749.75,1,4,0.0,MNQZ5.CME@RITHMIC_20251110_ASIAN,OUTSIDE_CBDR,
2025-11-12 06:41:51.992355,MNQZ5.CME@RITHMIC,STOP,25749.75,2,6,0.0,MNQZ5.CME@RITHMIC_20251110_ASIAN,OUTSIDE_CBDR,
2025-11-12 06:41:51.992360,MNQZ5.CME@RITHMIC,STOP,25749.5,1,7,0.0,MNQZ5.CME@RITHMIC_20251110_ASIAN,OUTSIDE_CBDR,
2025-11-12 06:41:51.992369,MNQZ5.CME@RITHMIC,STOP,25749.5,1,8,0.0,MNQZ5.CME@RITHMIC_20251110_ASIAN,OUTSIDE_CBDR,
2025-11-12 06:41:51.992374,MNQZ5.CME@RITHMIC,STOP,25749.5,2,10,0.0,MNQZ5.CME@RITHMIC_20251110_ASIAN,OUTSIDE_CBDR,
2025-11-12 06:41:51.992382,MNQZ5.CME@RITHMIC,STOP,25749.5,1,11,0.0,MNQZ5.CME@RITHMIC_20251110_ASIAN,OUTSIDE_CBDR,
2025-11-12 06:41:51.992387,MNQZ5.CME@RITHMIC,STOP,25749.5,3,14,0.0,MNQZ5.CME@RITHMIC_20251110_ASIAN,OUTSIDE_CBDR,
2025-11-12 06:41:51.992396,MNQZ5.CME@RITHMIC,STOP,25749.5,1,15,0.0,MNQZ5.CME@RITHMIC_20251110_ASIAN,OUTSIDE_CBDR,
2025-11-12 06:41:51.992400,MNQZ5.CME@RITHMIC,STOP,25749.5,2,17,0.0,MNQZ5.CME@RITHMIC_20251110_ASIAN,OUTSIDE_CBDR,
2025-11-12 06:41:51.992410,MNQZ5.CME@RITHMIC,STOP,25749.5,2,19,0.0,MNQZ5.CME@RITHMIC_20251110_ASIAN,OUTSIDE_CBDR,
2025-11-12 06:41:51.992415,MNQZ5.CME@RITHMIC,STOP,25749.5,1,20,0.0,MNQZ5.CME@RITHMIC_20251110_ASIAN,OUTSIDE_CBDR,
2025-11-12 06:41:51.992424,MNQZ5.CME@RITHMIC,STOP,25749.25,1,21,0.0,MNQZ5.CME@RITHMIC_20251110_ASIAN,OUTSIDE_CBDR,
2025-11-12 06:41:51.992429,MNQZ5.CME@RITHMIC,STOP,25749.25,1,22,0.0,MNQZ5.CME@RITHMIC_20251110_ASIAN,OUTSIDE_CBDR,
2025-11-12 06:41:51.992437,MNQZ5.CME@RITHMIC,STOP,25749.25,3,25,0.0,MNQZ5.CME@RITHMIC_20251110_ASIAN,OUTSIDE_CBDR,
2025-11-12 06:41:51.992443,MNQZ5.CME@RITHMIC,STOP,25749.25,1,26,0.0,MNQZ5.CME@RITHMIC_20251110_ASIAN,OUTSIDE_CBDR,
2025-11-12 06:41:51.992450,MNQZ5.CME@RITHMIC,STOP,25749.25,1,27,0.0,MNQZ5.CME@RITHMIC_20251110_ASIAN,OUTSIDE_CBDR,
2025-11-12 06:41:51.992456,MNQZ5.CME@RITHMIC,STOP,25749.25,1,28,0.0,MNQZ5.CME@RITHMIC_20251110_ASIAN,OUTSIDE_CBDR,
2025-11-12 06:41:51.992465,MNQZ5.CME@RITHMIC,STOP,25749.25,2,30,0.0,MNQZ5.CME@RITHMIC_20251110_ASIAN,OUTSIDE_CBDR,
2025-11-12 06:41:51.992471,MNQZ5.CME@RITHMIC,STOP,25749.25,1,31,0.0,MNQZ5.CME@RITHMIC_20251110_ASIAN,OUTSIDE_CBDR,
2025-11-12 06:41:51.992480,MNQZ5.CME@RITHMIC,STOP,25749.0,1,32,0.0,MNQZ5.CME@RITHMIC_20251110_ASIAN,OUTSIDE_CBDR,
2025-11-12 06:41:51.992486,MNQZ5.CME@RITHMIC,STOP,25749.0,1,33,0.0,MNQZ5.CME@RITHMIC_20251110_ASIAN,OUTSIDE_CBDR,
2025-11-12 06:41:51.992495,MNQZ5.CME@RITHMIC,STOP,25749.0,1,34,0.0,MNQZ5.CME@RITHMIC_20251110_ASIAN,OUTSIDE_CBDR,
2025-11-12 06:41:51.992500,MNQZ5.CME@RITHMIC,STOP,25749.0,2,36,0.0,MNQZ5.CME@RITHMIC_20251110_ASIAN,OUTSIDE_CBDR,
2025-11-12 06:41:51.992509,MNQZ5.CME@RITHMIC,STOP,25749.0,1,37,0.0,MNQZ5.CME@RITHMIC_20251110_ASIAN,OUTSIDE_CBDR,
2025-11-12 06:41:51.992514,MNQZ5.CME@RITHMIC,STOP,25749.0,1,38,0.0,MNQZ5.CME@RITHMIC_20251110_ASIAN,OUTSIDE_CBDR,
2025-11-12 06:42:37.323984,MNQZ5.CME@RITHMIC,STOP,25756.0,1,1,0.0,MNQZ5.CME@RITHMIC_20251110_ASIAN,OUTSIDE_CBDR,
2025-11-12 06:42:37.324828,MNQZ5.CME@RITHMIC,STOP,25756.25,1,2,0.0,MNQZ5.CME@RITHMIC_20251110_ASIAN,OUTSIDE_CBDR,
2025-11-12 06:43:52.347204,MNQZ5.CME@RITHMIC,STOP,25756.5,1,1,0.0,MNQZ5.CME@RITHMIC_20251110_ASIAN,OUTSIDE_CBDR,
2025-11-12 06:43:52.525317,MNQZ5.CME@RITHMIC,STOP,25757.75,1,1,0.0,MNQZ5.CME@RITHMIC_20251110_ASIAN,OUTSIDE_CBDR,
2025-11-12 06:44:20.774904,MNQZ5.CME@RITHMIC,STOP,25758.5,1,1,0.0,MNQZ5.CME@RITHMIC_20251110_ASIAN,OUTSIDE_CBDR,
2025-11-12 06:44:20.774910,MNQZ5.CME@RITHMIC,STOP,25758.5,1,2,0.0,MNQZ5.CME@RITHMIC_20251110_ASIAN,OUTSIDE_CBDR,
2025-11-12 06:45:37.130693,MNQZ5.CME@RITHMIC,STOP,25761.5,1,1,0.0,MNQZ5.CME@RITHMIC_20251110_ASIAN,OUTSIDE_CBDR,
2025-11-12 06:45:37.130700,MNQZ5.CME@RITHMIC,STOP,25761.5,1,2,0.0,MNQZ5.CME@RITHMIC_20251110_ASIAN,OUTSIDE_CBDR,
2025-11-12 06:45:37.130707,MNQZ5.CME@RITHMIC,STOP,25761.5,1,3,0.0,MNQZ5.CME@RITHMIC_20251110_ASIAN,OUTSIDE_CBDR,
2025-11-12 06:45:37.130712,MNQZ5.CME@RITHMIC,STOP,25761.5,1,4,0.0,MNQZ5.CME@RITHMIC_20251110_ASIAN,OUTSIDE_CBDR,
2025-11-12 06:45:37.130722,MNQZ5.CME@RITHMIC,STOP,25761.5,1,5,0.0,MNQZ5.CME@RITHMIC_20251110_ASIAN,OUTSIDE_CBDR,
2025-11-12 06:47:03.473260,MNQZ5.CME@RITHMIC,STOP,25758.5,1,1,0.0,MNQZ5.CME@RITHMIC_20251110_ASIAN,OUTSIDE_CBDR,
2025-11-12 06:47:03.473266,MNQZ5.CME@RITHMIC,STOP,25758.5,1,2,0.0,MNQZ5.CME@RITHMIC_20251110_ASIAN,OUTSIDE_CBDR,
2025-11-12 06:47:04.254094,MNQZ5.CME@RITHMIC,STOP,25758.25,1,1,0.0,MNQZ5.CME@RITHMIC_20251110_ASIAN,OUTSIDE_CBDR,
2025-11-12 06:47:04.254123,MNQZ5.CME@RITHMIC,STOP,25758.0,1,2,0.0,MNQZ5.CME@RITHMIC_20251110_ASIAN,OUTSIDE_CBDR,
2025-11-12 06:47:04.254129,MNQZ5.CME@RITHMIC,STOP,25758.0,1,3,0.0,MNQZ5.CME@RITHMIC_20251110_ASIAN,OUTSIDE_CBDR,
2025-11-12 06:47:04.254153,MNQZ5.CME@RITHMIC,STOP,25758.0,1,4,0.0,MNQZ5.CME@RITHMIC_20251110_ASIAN,OUTSIDE_CBDR,
2025-11-12 06:47:04.254157,MNQZ5.CME@RITHMIC,STOP,25758.0,1,5,0.0,MNQZ5.CME@RITHMIC_20251110_ASIAN,OUTSIDE_CBDR,
2025-11-12 06:47:47.300337,MNQZ5.CME@RITHMIC,STOP,25759.0,1,1,0.0,MNQZ5.CME@RITHMIC_20251110_ASIAN,OUTSIDE_CBDR,
2025-11-12 06:48:31.325467,MNQZ5.CME@RITHMIC,STOP,25761.25,1,1,0.0,MNQZ5.CME@RITHMIC_20251110_ASIAN,OUTSIDE_CBDR,
2025-11-12 06:48:31.325473,MNQZ5.CME@RITHMIC,STOP,25761.0,1,2,0.0,MNQZ5.CME@RITHMIC_20251110_ASIAN,OUTSIDE_CBDR,
2025-11-12 06:48:31.326393,MNQZ5.CME@RITHMIC,STOP,25761.0,1,3,0.0,MNQZ5.CME@RITHMIC_20251110_ASIAN,OUTSIDE_CBDR,
2025-11-12 06:49:06.341737,MNQZ5.CME@RITHMIC,STOP,25757.0,1,1,0.0,MNQZ5.CME@RITHMIC_20251110_ASIAN,OUTSIDE_CBDR,
2025-11-12 06:49:06.341741,MNQZ5.CME@RITHMIC,STOP,25757.0,1,2,0.0,MNQZ5.CME@RITHMIC_20251110_ASIAN,OUTSIDE_CBDR,
2025-11-12 06:49:06.341778,MNQZ5.CME@RITHMIC,STOP,25757.0,1,3,0.0,MNQZ5.CME@RITHMIC_20251110_ASIAN,OUTSIDE_CBDR,
2025-11-12 06:49:06.341782,MNQZ5.CME@RITHMIC,STOP,25757.0,1,4,0.0,MNQZ5.CME@RITHMIC_20251110_ASIAN,OUTSIDE_CBDR,
2025-11-12 06:49:12.456469,MNQZ5.CME@RITHMIC,STOP,25756.25,1,1,0.0,MNQZ5.CME@RITHMIC_20251110_ASIAN,OUTSIDE_CBDR,
2025-11-12 06:49:21.746356,MNQZ5.CME@RITHMIC,STOP,25755.0,1,1,0.0,MNQZ5.CME@RITHMIC_20251110_ASIAN,OUTSIDE_CBDR,
2025-11-12 06:50:03.020412,MNQZ5.CME@RITHMIC,STOP,25755.75,1,1,0.0,MNQZ5.CME@RITHMIC_20251110_ASIAN,OUTSIDE_CBDR,
2025-11-12 06:50:03.020432,MNQZ5.CME@RITHMIC,STOP,25755.75,1,2,0.0,MNQZ5.CME@RITHMIC_20251110_ASIAN,OUTSIDE_CBDR,
2025-11-12 06:50:50.036125,MNQZ5.CME@RITHMIC,STOP,25750.25,1,1,0.0,MNQZ5.CME@RITHMIC_20251110_ASIAN,OUTSIDE_CBDR,
2025-11-12 06:51:15.690509,MNQZ5.CME@RITHMIC,STOP,25753.75,1,1,0.0,MNQZ5.CME@RITHMIC_20251110_ASIAN,OUTSIDE_CBDR,
2025-11-12 06:51:15.788381,MNQZ5.CME@RITHMIC,STOP,25754.25,1,1,0.0,MNQZ5.CME@RITHMIC_20251110_ASIAN,OUTSIDE_CBDR,
2025-11-12 06:51:15.788393,MNQZ5.CME@RITHMIC,STOP,25754.25,1,2,0.0,MNQZ5.CME@RITHMIC_20251110_ASIAN,OUTSIDE_CBDR,
2025-11-12 06:51:15.796663,MNQZ5.CME@RITHMIC,STOP,25754.75,1,1,0.0,MNQZ5.CME@RITHMIC_20251110_ASIAN,OUTSIDE_CBDR,
2025-11-12 06:51:15.796668,MNQZ5.CME@RITHMIC,STOP,25754.75,1,2,0.0,MNQZ5.CME@RITHMIC_20251110_ASIAN,OUTSIDE_CBDR,
2025-11-12 06:51:15.796680,MNQZ5.CME@RITHMIC,STOP,25755.0,1,3,0.0,MNQZ5.CME@RITHMIC_20251110_ASIAN,OUTSIDE_CBDR,
2025-11-12 06:51:15.796686,MNQZ5.CME@RITHMIC,STOP,25755.0,1,4,0.0,MNQZ5.CME@RITHMIC_20251110_ASIAN,OUTSIDE_CBDR,
2025-11-12 06:51:15.796695,MNQZ5.CME@RITHMIC,STOP,25755.0,2,6,0.0,MNQZ5.CME@RITHMIC_20251110_ASIAN,OUTSIDE_CBDR,
2025-11-12 06:51:15.796700,MNQZ5.CME@RITHMIC,STOP,25755.0,1,7,0.0,MNQZ5.CME@RITHMIC_20251110_ASIAN,OUTSIDE_CBDR,
2025-11-12 06:51:15.796709,MNQZ5.CME@RITHMIC,STOP,25755.0,1,8,0.0,MNQZ5.CME@RITHMIC_20251110_ASIAN,OUTSIDE_CBDR,
2025-11-12 06:52:13.068112,MNQZ5.CME@RITHMIC,STOP,25756.25,1,1,0.0,MNQZ5.CME@RITHMIC_20251110_ASIAN,OUTSIDE_CBDR,
2025-11-12 06:52:13.068118,MNQZ5.CME@RITHMIC,STOP,25756.25,1,2,0.0,MNQZ5.CME@RITHMIC_20251110_ASIAN,OUTSIDE_CBDR,
2025-11-12 06:52:15.884255,MNQZ5.CME@RITHMIC,STOP,25757.0,1,1,0.0,MNQZ5.CME@RITHMIC_20251110_ASIAN,OUTSIDE_CBDR,
2025-11-12 06:52:15.884267,MNQZ5.CME@RITHMIC,STOP,25757.0,1,2,0.0,MNQZ5.CME@RITHMIC_20251110_ASIAN,OUTSIDE_CBDR,
2025-11-12 06:52:15.884271,MNQZ5.CME@RITHMIC,STOP,25757.0,1,3,0.0,MNQZ5.CME@RITHMIC_20251110_ASIAN,OUTSIDE_CBDR,
2025-11-12 06:52:15.884278,MNQZ5.CME@RITHMIC,STOP,25757.0,1,4,0.0,MNQZ5.CME@RITHMIC_20251110_ASIAN,OUTSIDE_CBDR,
2025-11-12 06:52:15.884282,MNQZ5.CME@RITHMIC,STOP,25757.25,1,5,0.0,MNQZ5.CME@RITHMIC_20251110_ASIAN,OUTSIDE_CBDR,
2025-11-12 06:52:25.013157,MNQZ5.CME@RITHMIC,STOP,25757.75,1,1,0.0,MNQZ5.CME@RITHMIC_20251110_ASIAN,OUTSIDE_CBDR,
2025-11-12 06:52:25.078198,MNQZ5.CME@RITHMIC,STOP,25758.0,1,1,0.0,MNQZ5.CME@RITHMIC_20251110_ASIAN,OUTSIDE_CBDR,
2025-11-12 06:52:31.222848,MNQZ5.CME@RITHMIC,STOP,25758.75,1,1,0.0,MNQZ5.CME@RITHMIC_20251110_ASIAN,OUTSIDE_CBDR,
2025-11-12 06:52:38.105438,MNQZ5.CME@RITHMIC,STOP,25755.75,1,1,0.0,MNQZ5.CME@RITHMIC_20251110_ASIAN,OUTSIDE_CBDR,
2025-11-12 06:52:38.105446,MNQZ5.CME@RITHMIC,STOP,25755.75,1,2,0.0,MNQZ5.CME@RITHMIC_20251110_ASIAN,OUTSIDE_CBDR,
2025-11-12 06:52:38.105453,MNQZ5.CME@RITHMIC,STOP,25755.75,1,3,0.0,MNQZ5.CME@RITHMIC_20251110_ASIAN,OUTSIDE_CBDR,
2025-11-12 06:52:58.046868,MNQZ5.CME@RITHMIC,STOP,25758.25,1,1,0.0,MNQZ5.CME@RITHMIC_20251110_ASIAN,OUTSIDE_CBDR,
2025-11-12 06:52:58.046875,MNQZ5.CME@RITHMIC,STOP,25758.25,1,2,0.0,MNQZ5.CME@RITHMIC_20251110_ASIAN,OUTSIDE_CBDR,
2025-11-12 06:52:58.046884,MNQZ5.CME@RITHMIC,STOP,25758.25,1,3,0.0,MNQZ5.CME@RITHMIC_20251110_ASIAN,OUTSIDE_CBDR,
2025-11-12 06:52:58.046890,MNQZ5.CME@RITHMIC,STOP,25758.0,1,4,0.0,MNQZ5.CME@RITHMIC_20251110_ASIAN,OUTSIDE_CBDR,
2025-11-12 06:52:58.046899,MNQZ5.CME@RITHMIC,STOP,25758.0,1,5,0.0,MNQZ5.CME@RITHMIC_20251110_ASIAN,OUTSIDE_CBDR,
2025-11-12 06:52:58.046905,MNQZ5.CME@RITHMIC,STOP,25758.0,1,6,0.0,MNQZ5.CME@RITHMIC_20251110_ASIAN,OUTSIDE_CBDR,
2025-11-12 06:52:58.046915,MNQZ5.CME@RITHMIC,STOP,25758.0,1,7,0.0,MNQZ5.CME@RITHMIC_20251110_ASIAN,OUTSIDE_CBDR,
2025-11-12 06:53:07.274310,MNQZ5.CME@RITHMIC,STOP,25756.0,1,1,0.0,MNQZ5.CME@RITHMIC_20251110_ASIAN,OUTSIDE_CBDR,
2025-11-12 06:53:23.425817,MNQZ5.CME@RITHMIC,STOP,25755.5,1,1,0.0,MNQZ5.CME@RITHMIC_20251110_ASIAN,OUTSIDE_CBDR,
2025-11-12 06:54:35.620827,MNQZ5.CME@RITHMIC,STOP,25754.25,1,1,0.0,MNQZ5.CME@RITHMIC_20251110_ASIAN,OUTSIDE_CBDR,
2025-11-12 06:54:35.620832,MNQZ5.CME@RITHMIC,STOP,25754.25,1,2,0.0,MNQZ5.CME@RITHMIC_20251110_ASIAN,OUTSIDE_CBDR,
2025-11-12 06:54:35.620845,MNQZ5.CME@RITHMIC,STOP,25754.25,1,3,0.0,MNQZ5.CME@RITHMIC_20251110_ASIAN,OUTSIDE_CBDR,
2025-11-12 06:55:31.195383,MNQZ5.CME@RITHMIC,STOP,25748.75,1,1,0.0,MNQZ5.CME@RITHMIC_20251110_ASIAN,OUTSIDE_CBDR,
2025-11-12 06:55:31.195407,MNQZ5.CME@RITHMIC,STOP,25748.75,1,2,0.0,MNQZ5.CME@RITHMIC_20251110_ASIAN,OUTSIDE_CBDR,
2025-11-12 06:55:31.195413,MNQZ5.CME@RITHMIC,STOP,25748.75,1,3,0.0,MNQZ5.CME@RITHMIC_20251110_ASIAN,OUTSIDE_CBDR,
2025-11-12 06:55:38.820110,MNQZ5.CME@RITHMIC,STOP,25745.5,1,1,0.0,MNQZ5.CME@RITHMIC_20251110_ASIAN,OUTSIDE_CBDR,
2025-11-12 06:55:40.267387,MNQZ5.CME@RITHMIC,STOP,25745.0,2,2,0.0,MNQZ5.CME@RITHMIC_20251110_ASIAN,OUTSIDE_CBDR,
2025-11-12 06:55:40.267400,MNQZ5.CME@RITHMIC,STOP,25745.0,1,3,0.0,MNQZ5.CME@RITHMIC_20251110_ASIAN,OUTSIDE_CBDR,
2025-11-12 06:55:40.267407,MNQZ5.CME@RITHMIC,STOP,25745.0,1,4,0.0,MNQZ5.CME@RITHMIC_20251110_ASIAN,OUTSIDE_CBDR,
2025-11-12 06:55:40.267416,MNQZ5.CME@RITHMIC,STOP,25745.0,1,5,0.0,MNQZ5.CME@RITHMIC_20251110_ASIAN,OUTSIDE_CBDR,
2025-11-12 06:55:40.267422,MNQZ5.CME@RITHMIC,STOP,25745.0,1,6,0.0,MNQZ5.CME@RITHMIC_20251110_ASIAN,OUTSIDE_CBDR,
2025-11-12 06:55:40.267432,MNQZ5.CME@RITHMIC,STOP,25745.0,1,7,0.0,MNQZ5.CME@RITHMIC_20251110_ASIAN,OUTSIDE_CBDR,
2025-11-12 06:55:40.267437,MNQZ5.CME@RITHMIC,STOP,25745.0,1,8,0.0,MNQZ5.CME@RITHMIC_20251110_ASIAN,OUTSIDE_CBDR,
2025-11-12 06:55:40.267447,MNQZ5.CME@RITHMIC,STOP,25745.0,1,9,0.0,MNQZ5.CME@RITHMIC_20251110_ASIAN,OUTSIDE_CBDR,
2025-11-12 06:55:40.267453,MNQZ5.CME@RITHMIC,STOP,25745.0,1,10,0.0,MNQZ5.CME@RITHMIC_20251110_ASIAN,OUTSIDE_CBDR,
2025-11-12 06:55:40.267463,MNQZ5.CME@RITHMIC,STOP,25745.0,2,12,0.0,MNQZ5.CME@RITHMIC_20251110_ASIAN,OUTSIDE_CBDR,
2025-11-12 06:55:40.479320,MNQZ5.CME@RITHMIC,STOP,25744.75,1,1,0.0,MNQZ5.CME@RITHMIC_20251110_ASIAN,OUTSIDE_CBDR,
2025-11-12 06:55:40.479331,MNQZ5.CME@RITHMIC,STOP,25744.75,1,2,0.0,MNQZ5.CME@RITHMIC_20251110_ASIAN,OUTSIDE_CBDR,
2025-11-12 06:55:40.480121,MNQZ5.CME@RITHMIC,STOP,25744.5,1,3,0.0,MNQZ5.CME@RITHMIC_20251110_ASIAN,OUTSIDE_CBDR,
2025-11-12 06:55:40.480131,MNQZ5.CME@RITHMIC,STOP,25744.5,1,4,0.0,MNQZ5.CME@RITHMIC_20251110_ASIAN,OUTSIDE_CBDR,
2025-11-12 06:55:40.480145,MNQZ5.CME@RITHMIC,STOP,25744.5,2,6,0.0,MNQZ5.CME@RITHMIC_20251110_ASIAN,OUTSIDE_CBDR,
2025-11-12 06:55:40.480150,MNQZ5.CME@RITHMIC,STOP,25744.5,1,7,0.0,MNQZ5.CME@RITHMIC_20251110_ASIAN,OUTSIDE_CBDR,
2025-11-12 06:55:40.480160,MNQZ5.CME@RITHMIC,STOP,25744.5,2,9,0.0,MNQZ5.CME@RITHMIC_20251110_ASIAN,OUTSIDE_CBDR,
2025-11-12 07:02:37.978987,MNQZ5.CME@RITHMIC,STOP,25742.25,1,1,0.0,MNQZ5.CME@RITHMIC_20251110_ASIAN,OUTSIDE_CBDR,
2025-11-12 07:03:05.675634,MNQZ5.CME@RITHMIC,STOP,25745.25,1,1,0.0,MNQZ5.CME@RITHMIC_20251110_ASIAN,OUTSIDE_CBDR,
2025-11-12 07:03:05.675638,MNQZ5.CME@RITHMIC,STOP,25745.5,1,2,0.0,MNQZ5.CME@RITHMIC_20251110_ASIAN,OUTSIDE_CBDR,
2025-11-12 07:03:08.573934,MNQZ5.CME@RITHMIC,STOP,25745.75,1,1,0.0,MNQZ5.CME@RITHMIC_20251110_ASIAN,OUTSIDE_CBDR,
2025-11-12 07:03:45.624682,MNQZ5.CME@RITHMIC,STOP,25746.75,1,1,0.0,MNQZ5.CME@RITHMIC_20251110_ASIAN,OUTSIDE_CBDR,
2025-11-12 07:04:08.086710,MNQZ5.CME@RITHMIC,STOP,25749.75,1,1,0.0,MNQZ5.CME@RITHMIC_20251110_ASIAN,OUTSIDE_CBDR,
2025-11-12 07:04:42.903254,MNQZ5.CME@RITHMIC,STOP,25755.75,1,1,0.0,MNQZ5.CME@RITHMIC_20251110_ASIAN,OUTSIDE_CBDR,
2025-11-12 07:06:47.644628,MNQZ5.CME@RITHMIC,STOP,25773.0,1,1,0.0,MNQZ5.CME@RITHMIC_20251110_ASIAN,OUTSIDE_CBDR,
2025-11-12 07:06:47.644637,MNQZ5.CME@RITHMIC,STOP,25773.0,1,2,0.0,MNQZ5.CME@RITHMIC_20251110_ASIAN,OUTSIDE_CBDR,
2025-11-12 07:06:48.120446,MNQZ5.CME@RITHMIC,STOP,25774.5,1,1,0.0,MNQZ5.CME@RITHMIC_20251110_ASIAN,OUTSIDE_CBDR,
2025-11-12 07:06:48.120452,MNQZ5.CME@RITHMIC,STOP,25774.5,1,2,0.0,MNQZ5.CME@RITHMIC_20251110_ASIAN,OUTSIDE_CBDR,
2025-11-12 07:06:48.120467,MNQZ5.CME@RITHMIC,STOP,25774.5,1,3,0.0,MNQZ5.CME@RITHMIC_20251110_ASIAN,OUTSIDE_CBDR,
2025-11-12 07:06:48.120478,MNQZ5.CME@RITHMIC,STOP,25774.75,2,5,0.0,MNQZ5.CME@RITHMIC_20251110_ASIAN,OUTSIDE_CBDR,
2025-11-12 07:08:14.505027,MNQZ5.CME@RITHMIC,STOP,25772.5,1,1,0.0,MNQZ5.CME@RITHMIC_20251110_ASIAN,OUTSIDE_CBDR,
2025-11-12 07:10:00.563296,MNQZ5.CME@RITHMIC,STOP,25772.25,1,1,0.0,MNQZ5.CME@RITHMIC_20251110_ASIAN,OUTSIDE_CBDR,
2025-11-12 07:10:00.563321,MNQZ5.CME@RITHMIC,STOP,25772.25,1,2,0.0,MNQZ5.CME@RITHMIC_20251110_ASIAN,OUTSIDE_CBDR,
2025-11-12 07:10:00.563346,MNQZ5.CME@RITHMIC,STOP,25772.25,1,3,0.0,MNQZ5.CME@RITHMIC_20251110_ASIAN,OUTSIDE_CBDR,
2025-11-12 07:10:00.563353,MNQZ5.CME@RITHMIC,STOP,25772.5,1,4,0.0,MNQZ5.CME@RITHMIC_20251110_ASIAN,OUTSIDE_CBDR,
2025-11-12 07:10:00.563368,MNQZ5.CME@RITHMIC,STOP,25772.5,1,5,0.0,MNQZ5.CME@RITHMIC_20251110_ASIAN,OUTSIDE_CBDR,
2025-11-12 07:10:24.922757,MNQZ5.CME@RITHMIC,STOP,25767.25,1,1,0.0,MNQZ5.CME@RITHMIC_20251110_ASIAN,OUTSIDE_CBDR,
2025-11-12 07:10:24.999003,MNQZ5.CME@RITHMIC,STOP,25766.75,1,1,0.0,MNQZ5.CME@RITHMIC_20251110_ASIAN,OUTSIDE_CBDR,
2025-11-12 07:10:24.999013,MNQZ5.CME@RITHMIC,STOP,25766.5,1,2,0.0,MNQZ5.CME@RITHMIC_20251110_ASIAN,OUTSIDE_CBDR,
2025-11-12 07:10:27.728895,MNQZ5.CME@RITHMIC,STOP,25770.0,1,1,0.0,MNQZ5.CME@RITHMIC_20251110_ASIAN,OUTSIDE_CBDR,
2025-11-12 07:10:51.788233,MNQZ5.CME@RITHMIC,STOP,25771.25,1,1,0.0,MNQZ5.CME@RITHMIC_20251110_ASIAN,OUTSIDE_CBDR,
2025-11-12 07:11:09.667031,MNQZ5.CME@RITHMIC,STOP,25773.75,1,1,0.0,MNQZ5.CME@RITHMIC_20251110_ASIAN,OUTSIDE_CBDR,
2025-11-12 07:11:13.996500,MNQZ5.CME@RITHMIC,STOP,25772.25,1,1,0.0,MNQZ5.CME@RITHMIC_20251110_ASIAN,OUTSIDE_CBDR,
2025-11-12 07:11:13.996511,MNQZ5.CME@RITHMIC,STOP,25772.25,1,2,0.0,MNQZ5.CME@RITHMIC_20251110_ASIAN,OUTSIDE_CBDR,
2025-11-12 07:11:13.996514,MNQZ5.CME@RITHMIC,STOP,25772.25,1,3,0.0,MNQZ5.CME@RITHMIC_20251110_ASIAN,OUTSIDE_CBDR,
2025-11-12 07:11:13.996521,MNQZ5.CME@RITHMIC,STOP,25772.25,1,4,0.0,MNQZ5.CME@RITHMIC_20251110_ASIAN,OUTSIDE_CBDR,
2025-11-12 07:11:13.996524,MNQZ5.CME@RITHMIC,STOP,25772.0,1,5,0.0,MNQZ5.CME@RITHMIC_20251110_ASIAN,OUTSIDE_CBDR,
2025-11-12 07:11:40.586070,MNQZ5.CME@RITHMIC,STOP,25778.0,1,1,0.0,MNQZ5.CME@RITHMIC_20251110_ASIAN,OUTSIDE_CBDR,
2025-11-12 07:11:40.586081,MNQZ5.CME@RITHMIC,STOP,25778.25,1,2,0.0,MNQZ5.CME@RITHMIC_20251110_ASIAN,OUTSIDE_CBDR,
2025-11-12 07:11:40.586086,MNQZ5.CME@RITHMIC,STOP,25778.25,1,3,0.0,MNQZ5.CME@RITHMIC_20251110_ASIAN,OUTSIDE_CBDR,
2025-11-12 07:11:40.586095,MNQZ5.CME@RITHMIC,STOP,25778.25,1,4,0.0,MNQZ5.CME@RITHMIC_20251110_ASIAN,OUTSIDE_CBDR,
2025-11-12 07:11:40.586100,MNQZ5.CME@RITHMIC,STOP,25778.25,1,5,0.0,MNQZ5.CME@RITHMIC_20251110_ASIAN,OUTSIDE_CBDR,
2025-11-12 07:12:09.172923,MNQZ5.CME@RITHMIC,STOP,25779.75,1,1,0.0,MNQZ5.CME@RITHMIC_20251110_ASIAN,OUTSIDE_CBDR,
2025-11-12 07:12:09.172933,MNQZ5.CME@RITHMIC,STOP,25779.75,1,2,0.0,MNQZ5.CME@RITHMIC_20251110_ASIAN,OUTSIDE_CBDR,
2025-11-12 07:12:09.180663,MNQZ5.CME@RITHMIC,STOP,25780.0,1,1,0.0,MNQZ5.CME@RITHMIC_20251110_ASIAN,OUTSIDE_CBDR,
2025-11-12 07:12:09.180669,MNQZ5.CME@RITHMIC,STOP,25780.0,1,2,0.0,MNQZ5.CME@RITHMIC_20251110_ASIAN,OUTSIDE_CBDR,
2025-11-12 07:12:09.196388,MNQZ5.CME@RITHMIC,STOP,25780.5,1,1,0.0,MNQZ5.CME@RITHMIC_20251110_ASIAN,OUTSIDE_CBDR,
2025-11-12 07:12:10.320073,MNQZ5.CME@RITHMIC,STOP,25780.75,1,1,0.0,MNQZ5.CME@RITHMIC_20251110_ASIAN,OUTSIDE_CBDR,
2025-11-12 07:12:29.424818,MNQZ5.CME@RITHMIC,STOP,25781.25,1,1,0.0,MNQZ5.CME@RITHMIC_20251110_ASIAN,OUTSIDE_CBDR,
2025-11-12 07:12:58.800659,MNQZ5.CME@RITHMIC,STOP,25780.75,1,1,0.0,MNQZ5.CME@RITHMIC_20251110_ASIAN,OUTSIDE_CBDR,
2025-11-12 07:13:16.277516,MNQZ5.CME@RITHMIC,STOP,25777.5,1,1,0.0,MNQZ5.CME@RITHMIC_20251110_ASIAN,OUTSIDE_CBDR,
2025-11-12 07:13:16.277534,MNQZ5.CME@RITHMIC,STOP,25777.5,1,2,0.0,MNQZ5.CME@RITHMIC_20251110_ASIAN,OUTSIDE_CBDR,
2025-11-12 07:13:16.277541,MNQZ5.CME@RITHMIC,STOP,25777.5,1,3,0.0,MNQZ5.CME@RITHMIC_20251110_ASIAN,OUTSIDE_CBDR,
2025-11-12 07:13:16.277552,MNQZ5.CME@RITHMIC,STOP,25777.25,1,4,0.0,MNQZ5.CME@RITHMIC_20251110_ASIAN,OUTSIDE_CBDR,
2025-11-12 07:13:16.277561,MNQZ5.CME@RITHMIC,STOP,25777.25,1,5,0.0,MNQZ5.CME@RITHMIC_20251110_ASIAN,OUTSIDE_CBDR,
2025-11-12 07:13:19.383522,MNQZ5.CME@RITHMIC,STOP,25777.0,2,2,0.0,MNQZ5.CME@RITHMIC_20251110_ASIAN,OUTSIDE_CBDR,
2025-11-12 07:14:21.989885,MNQZ5.CME@RITHMIC,STOP,25779.5,1,1,0.0,MNQZ5.CME@RITHMIC_20251110_ASIAN,OUTSIDE_CBDR,
2025-11-12 07:14:21.989892,MNQZ5.CME@RITHMIC,STOP,25779.5,1,2,0.0,MNQZ5.CME@RITHMIC_20251110_ASIAN,OUTSIDE_CBDR,
2025-11-12 07:14:21.989895,MNQZ5.CME@RITHMIC,STOP,25779.25,1,3,0.0,MNQZ5.CME@RITHMIC_20251110_ASIAN,OUTSIDE_CBDR,
2025-11-12 07:14:21.989901,MNQZ5.CME@RITHMIC,STOP,25779.25,1,4,0.0,MNQZ5.CME@RITHMIC_20251110_ASIAN,OUTSIDE_CBDR,
2025-11-12 07:14:21.989904,MNQZ5.CME@RITHMIC,STOP,25779.25,1,5,0.0,MNQZ5.CME@RITHMIC_20251110_ASIAN,OUTSIDE_CBDR,
2025-11-12 07:15:09.017670,MNQZ5.CME@RITHMIC,STOP,25781.0,1,1,0.0,MNQZ5.CME@RITHMIC_20251110_ASIAN,OUTSIDE_CBDR,
2025-11-12 07:15:37.707149,MNQZ5.CME@RITHMIC,STOP,25779.25,1,1,0.0,MNQZ5.CME@RITHMIC_20251110_ASIAN,OUTSIDE_CBDR,
2025-11-12 07:15:37.707156,MNQZ5.CME@RITHMIC,STOP,25779.25,1,2,0.0,MNQZ5.CME@RITHMIC_20251110_ASIAN,OUTSIDE_CBDR,
2025-11-12 07:16:20.271321,MNQZ5.CME@RITHMIC,STOP,25781.5,1,1,0.0,MNQZ5.CME@RITHMIC_20251110_ASIAN,OUTSIDE_CBDR,
2025-11-12 07:16:20.272152,MNQZ5.CME@RITHMIC,STOP,25781.5,1,2,0.0,MNQZ5.CME@RITHMIC_20251110_ASIAN,OUTSIDE_CBDR,
2025-11-12 07:16:28.660994,MNQZ5.CME@RITHMIC,STOP,25781.25,1,1,0.0,MNQZ5.CME@RITHMIC_20251110_ASIAN,OUTSIDE_CBDR,
2025-11-12 07:16:28.661056,MNQZ5.CME@RITHMIC,STOP,25781.25,1,2,0.0,MNQZ5.CME@RITHMIC_20251110_ASIAN,OUTSIDE_CBDR,
2025-11-12 07:17:10.690243,MNQZ5.CME@RITHMIC,STOP,25780.5,1,1,0.0,MNQZ5.CME@RITHMIC_20251110_ASIAN,OUTSIDE_CBDR,
2025-11-12 07:17:18.068938,MNQZ5.CME@RITHMIC,STOP,25778.75,1,1,0.0,MNQZ5.CME@RITHMIC_20251110_ASIAN,OUTSIDE_CBDR,
2025-11-12 07:17:18.068947,MNQZ5.CME@RITHMIC,STOP,25778.75,1,2,0.0,MNQZ5.CME@RITHMIC_20251110_ASIAN,OUTSIDE_CBDR,
2025-11-12 07:17:18.068955,MNQZ5.CME@RITHMIC,STOP,25778.75,1,3,0.0,MNQZ5.CME@RITHMIC_20251110_ASIAN,OUTSIDE_CBDR,
2025-11-12 07:17:18.970093,MNQZ5.CME@RITHMIC,STOP,25778.5,1,1,0.0,MNQZ5.CME@RITHMIC_20251110_ASIAN,OUTSIDE_CBDR,
2025-11-12 07:17:18.970102,MNQZ5.CME@RITHMIC,STOP,25778.25,1,2,0.0,MNQZ5.CME@RITHMIC_20251110_ASIAN,OUTSIDE_CBDR,
2025-11-12 07:17:18.970109,MNQZ5.CME@RITHMIC,STOP,25778.25,1,3,0.0,MNQZ5.CME@RITHMIC_20251110_ASIAN,OUTSIDE_CBDR,
2025-11-12 07:17:18.970118,MNQZ5.CME@RITHMIC,STOP,25778.25,1,4,0.0,MNQZ5.CME@RITHMIC_20251110_ASIAN,OUTSIDE_CBDR,
2025-11-12 07:17:56.357771,MNQZ5.CME@RITHMIC,STOP,25778.25,1,1,0.0,MNQZ5.CME@RITHMIC_20251110_ASIAN,OUTSIDE_CBDR,
2025-11-12 07:18:59.238906,MNQZ5.CME@RITHMIC,STOP,25782.5,1,1,0.0,MNQZ5.CME@RITHMIC_20251110_ASIAN,OUTSIDE_CBDR,
2025-11-12 07:19:34.658323,MNQZ5.CME@RITHMIC,STOP,25785.0,3,3,0.0,MNQZ5.CME@RITHMIC_20251110_ASIAN,OUTSIDE_CBDR,
2025-11-12 07:19:35.077218,MNQZ5.CME@RITHMIC,STOP,25786.0,1,1,0.0,MNQZ5.CME@RITHMIC_20251110_ASIAN,OUTSIDE_CBDR,
2025-11-12 07:19:35.077236,MNQZ5.CME@RITHMIC,STOP,25786.0,1,2,0.0,MNQZ5.CME@RITHMIC_20251110_ASIAN,OUTSIDE_CBDR,
2025-11-12 07:19:35.077243,MNQZ5.CME@RITHMIC,STOP,25786.0,1,3,0.0,MNQZ5.CME@RITHMIC_20251110_ASIAN,OUTSIDE_CBDR,
2025-11-12 07:19:35.077263,MNQZ5.CME@RITHMIC,STOP,25786.0,1,4,0.0,MNQZ5.CME@RITHMIC_20251110_ASIAN,OUTSIDE_CBDR,
2025-11-12 07:20:19.331678,MNQZ5.CME@RITHMIC,STOP,25783.0,2,2,0.0,MNQZ5.CME@RITHMIC_20251110_ASIAN,OUTSIDE_CBDR,
2025-11-12 07:20:19.332575,MNQZ5.CME@RITHMIC,STOP,25783.0,1,3,0.0,MNQZ5.CME@RITHMIC_20251110_ASIAN,OUTSIDE_CBDR,
2025-11-12 07:20:19.332583,MNQZ5.CME@RITHMIC,STOP,25782.75,1,4,0.0,MNQZ5.CME@RITHMIC_20251110_ASIAN,OUTSIDE_CBDR,
2025-11-12 07:20:19.332612,MNQZ5.CME@RITHMIC,STOP,25782.75,1,5,0.0,MNQZ5.CME@RITHMIC_20251110_ASIAN,OUTSIDE_CBDR,
2025-11-12 07:20:23.719892,MNQZ5.CME@RITHMIC,STOP,25781.5,2,2,0.0,MNQZ5.CME@RITHMIC_20251110_ASIAN,OUTSIDE_CBDR,
2025-11-12 07:20:23.719900,MNQZ5.CME@RITHMIC,STOP,25781.5,1,3,0.0,MNQZ5.CME@RITHMIC_20251110_ASIAN,OUTSIDE_CBDR,
2025-11-12 07:20:23.719916,MNQZ5.CME@RITHMIC,STOP,25781.5,1,4,0.0,MNQZ5.CME@RITHMIC_20251110_ASIAN,OUTSIDE_CBDR,
2025-11-12 07:20:59.375437,MNQZ5.CME@RITHMIC,STOP,25781.0,1,1,0.0,MNQZ5.CME@RITHMIC_20251110_ASIAN,OUTSIDE_CBDR,
2025-11-12 07:20:59.375448,MNQZ5.CME@RITHMIC,STOP,25781.0,1,2,0.0,MNQZ5.CME@RITHMIC_20251110_ASIAN,OUTSIDE_CBDR,
2025-11-12 07:20:59.375454,MNQZ5.CME@RITHMIC,STOP,25781.0,2,4,0.0,MNQZ5.CME@RITHMIC_20251110_ASIAN,OUTSIDE_CBDR,
2025-11-12 07:21:00.150506,MNQZ5.CME@RITHMIC,STOP,25780.25,1,1,0.0,MNQZ5.CME@RITHMIC_20251110_ASIAN,OUTSIDE_CBDR,
2025-11-12 07:22:50.216225,MNQZ5.CME@RITHMIC,STOP,25786.0,1,1,0.0,MNQZ5.CME@RITHMIC_20251110_ASIAN,OUTSIDE_CBDR,
2025-11-12 07:22:57.317782,MNQZ5.CME@RITHMIC,STOP,25785.5,1,1,0.0,MNQZ5.CME@RITHMIC_20251110_ASIAN,OUTSIDE_CBDR,
2025-11-12 07:22:57.317796,MNQZ5.CME@RITHMIC,STOP,25785.5,1,2,0.0,MNQZ5.CME@RITHMIC_20251110_ASIAN,OUTSIDE_CBDR,
2025-11-12 07:23:37.042764,MNQZ5.CME@RITHMIC,STOP,25782.75,1,1,0.0,MNQZ5.CME@RITHMIC_20251110_ASIAN,OUTSIDE_CBDR,
2025-11-12 07:23:37.042777,MNQZ5.CME@RITHMIC,STOP,25782.75,1,2,0.0,MNQZ5.CME@RITHMIC_20251110_ASIAN,OUTSIDE_CBDR,
2025-11-12 07:23:40.260957,MNQZ5.CME@RITHMIC,STOP,25782.25,1,1,0.0,MNQZ5.CME@RITHMIC_20251110_ASIAN,OUTSIDE_CBDR,
2025-11-12 07:23:40.260979,MNQZ5.CME@RITHMIC,STOP,25782.25,1,2,0.0,MNQZ5.CME@RITHMIC_20251110_ASIAN,OUTSIDE_CBDR,
2025-11-12 07:23:40.260986,MNQZ5.CME@RITHMIC,STOP,25782.25,1,3,0.0,MNQZ5.CME@RITHMIC_20251110_ASIAN,OUTSIDE_CBDR,
2025-11-12 07:23:40.260998,MNQZ5.CME@RITHMIC,STOP,25782.25,1,4,0.0,MNQZ5.CME@RITHMIC_20251110_ASIAN,OUTSIDE_CBDR,
2025-11-12 07:23:40.261004,MNQZ5.CME@RITHMIC,STOP,25782.0,1,5,0.0,MNQZ5.CME@RITHMIC_20251110_ASIAN,OUTSIDE_CBDR,
2025-11-12 07:23:40.261129,MNQZ5.CME@RITHMIC,STOP,25782.0,1,6,0.0,MNQZ5.CME@RITHMIC_20251110_ASIAN,OUTSIDE_CBDR,
2025-11-12 07:23:40.261136,MNQZ5.CME@RITHMIC,STOP,25782.0,1,7,0.0,MNQZ5.CME@RITHMIC_20251110_ASIAN,OUTSIDE_CBDR,
2025-11-12 07:23:40.261149,MNQZ5.CME@RITHMIC,STOP,25782.0,1,8,0.0,MNQZ5.CME@RITHMIC_20251110_ASIAN,OUTSIDE_CBDR,
2025-11-12 07:23:40.261155,MNQZ5.CME@RITHMIC,STOP,25781.75,1,9,0.0,MNQZ5.CME@RITHMIC_20251110_ASIAN,OUTSIDE_CBDR,
2025-11-12 07:23:40.261166,MNQZ5.CME@RITHMIC,STOP,25781.75,1,10,0.0,MNQZ5.CME@RITHMIC_20251110_ASIAN,OUTSIDE_CBDR,
2025-11-12 07:23:40.288098,MNQZ5.CME@RITHMIC,STOP,25781.0,1,1,0.0,MNQZ5.CME@RITHMIC_20251110_ASIAN,OUTSIDE_CBDR,
2025-11-12 07:23:40.299202,MNQZ5.CME@RITHMIC,STOP,25780.5,1,1,0.0,MNQZ5.CME@RITHMIC_20251110_ASIAN,OUTSIDE_CBDR,
2025-11-12 07:23:40.302986,MNQZ5.CME@RITHMIC,STOP,25780.5,1,2,0.0,MNQZ5.CME@RITHMIC_20251110_ASIAN,OUTSIDE_CBDR,
2025-11-12 07:25:30.196744,MNQZ5.CME@RITHMIC,STOP,25788.75,1,1,0.0,MNQZ5.CME@RITHMIC_20251110_ASIAN,OUTSIDE_CBDR,
2025-11-12 07:26:00.659598,MNQZ5.CME@RITHMIC,STOP,25784.5,1,1,0.0,MNQZ5.CME@RITHMIC_20251110_ASIAN,OUTSIDE_CBDR,
2025-11-12 07:26:01.652177,MNQZ5.CME@RITHMIC,STOP,25783.25,1,1,0.0,MNQZ5.CME@RITHMIC_20251110_ASIAN,OUTSIDE_CBDR,
2025-11-12 07:26:01.652182,MNQZ5.CME@RITHMIC,STOP,25783.25,3,4,0.0,MNQZ5.CME@RITHMIC_20251110_ASIAN,OUTSIDE_CBDR,
2025-11-12 07:26:01.652190,MNQZ5.CME@RITHMIC,STOP,25783.25,1,5,0.0,MNQZ5.CME@RITHMIC_20251110_ASIAN,OUTSIDE_CBDR,
2025-11-12 07:26:01.652197,MNQZ5.CME@RITHMIC,STOP,25783.0,1,6,0.0,MNQZ5.CME@RITHMIC_20251110_ASIAN,OUTSIDE_CBDR,
2025-11-12 07:27:42.298698,MNQZ5.CME@RITHMIC,STOP,25785.25,1,1,0.0,MNQZ5.CME@RITHMIC_20251110_ASIAN,OUTSIDE_CBDR,
2025-11-12 07:30:26.581757,MNQZ5.CME@RITHMIC,STOP,25791.75,1,1,0.0,MNQZ5.CME@RITHMIC_20251110_ASIAN,PRE_NY,
2025-11-12 07:31:07.073881,MNQZ5.CME@RITHMIC,STOP,25794.25,1,1,0.0,MNQZ5.CME@RITHMIC_20251110_ASIAN,PRE_NY,
2025-11-12 07:31:59.269681,MNQZ5.CME@RITHMIC,STOP,25792.0,3,3,0.0,MNQZ5.CME@RITHMIC_20251110_ASIAN,PRE_NY,
2025-11-12 07:32:01.048929,MNQZ5.CME@RITHMIC,STOP,25790.75,1,1,0.0,MNQZ5.CME@RITHMIC_20251110_ASIAN,PRE_NY,
2025-11-12 07:32:01.095981,MNQZ5.CME@RITHMIC,STOP,25790.25,1,1,0.0,MNQZ5.CME@RITHMIC_20251110_ASIAN,PRE_NY,
2025-11-12 07:32:01.313835,MNQZ5.CME@RITHMIC,STOP,25790.0,1,1,0.0,MNQZ5.CME@RITHMIC_20251110_ASIAN,PRE_NY,
2025-11-12 07:32:01.313851,MNQZ5.CME@RITHMIC,STOP,25790.0,1,2,0.0,MNQZ5.CME@RITHMIC_20251110_ASIAN,PRE_NY,
2025-11-12 07:32:01.779229,MNQZ5.CME@RITHMIC,STOP,25789.25,1,1,0.0,MNQZ5.CME@RITHMIC_20251110_ASIAN,PRE_NY,
2025-11-12 07:32:01.779237,MNQZ5.CME@RITHMIC,STOP,25789.25,1,2,0.0,MNQZ5.CME@RITHMIC_20251110_ASIAN,PRE_NY,
2025-11-12 07:32:01.779241,MNQZ5.CME@RITHMIC,STOP,25789.25,1,3,0.0,MNQZ5.CME@RITHMIC_20251110_ASIAN,PRE_NY,
2025-11-12 07:32:01.861962,MNQZ5.CME@RITHMIC,STOP,25789.0,1,1,0.0,MNQZ5.CME@RITHMIC_20251110_ASIAN,PRE_NY,
2025-11-12 07:33:03.039780,MNQZ5.CME@RITHMIC,STOP,25796.75,1,1,0.0,MNQZ5.CME@RITHMIC_20251110_ASIAN,PRE_NY,
2025-11-12 07:33:39.842500,MNQZ5.CME@RITHMIC,STOP,25791.0,1,1,0.0,MNQZ5.CME@RITHMIC_20251110_ASIAN,PRE_NY,
2025-11-12 07:33:39.842510,MNQZ5.CME@RITHMIC,STOP,25791.0,1,2,0.0,MNQZ5.CME@RITHMIC_20251110_ASIAN,PRE_NY,
2025-11-12 07:33:39.842517,MNQZ5.CME@RITHMIC,STOP,25791.0,1,3,0.0,MNQZ5.CME@RITHMIC_20251110_ASIAN,PRE_NY,
2025-11-12 07:34:40.088373,MNQZ5.CME@RITHMIC,STOP,25791.25,1,1,0.0,MNQZ5.CME@RITHMIC_20251110_ASIAN,PRE_NY,
2025-11-12 07:34:40.088385,MNQZ5.CME@RITHMIC,STOP,25791.25,1,2,0.0,MNQZ5.CME@RITHMIC_20251110_ASIAN,PRE_NY,
2025-11-12 07:34:46.553021,MNQZ5.CME@RITHMIC,STOP,25793.0,1,1,0.0,MNQZ5.CME@RITHMIC_20251110_ASIAN,PRE_NY,
2025-11-12 07:35:08.465212,MNQZ5.CME@RITHMIC,STOP,25793.0,1,1,0.0,MNQZ5.CME@RITHMIC_20251110_ASIAN,PRE_NY,
2025-11-12 07:35:08.465218,MNQZ5.CME@RITHMIC,STOP,25793.0,1,2,0.0,MNQZ5.CME@RITHMIC_20251110_ASIAN,PRE_NY,
2025-11-12 07:36:22.026545,MNQZ5.CME@RITHMIC,STOP,25803.75,1,1,0.0,MNQZ5.CME@RITHMIC_20251110_ASIAN,PRE_NY,
2025-11-12 07:36:22.026553,MNQZ5.CME@RITHMIC,STOP,25803.75,1,2,0.0,MNQZ5.CME@RITHMIC_20251110_ASIAN,PRE_NY,
2025-11-12 07:36:22.026571,MNQZ5.CME@RITHMIC,STOP,25803.75,1,3,0.0,MNQZ5.CME@RITHMIC_20251110_ASIAN,PRE_NY,
2025-11-12 07:36:22.026576,MNQZ5.CME@RITHMIC,STOP,25803.75,1,4,0.0,MNQZ5.CME@RITHMIC_20251110_ASIAN,PRE_NY,
2025-11-12 07:36:22.026779,MNQZ5.CME@RITHMIC,STOP,25803.75,1,5,0.0,MNQZ5.CME@RITHMIC_20251110_ASIAN,PRE_NY,
2025-11-12 07:36:48.128340,MNQZ5.CME@RITHMIC,STOP,25801.75,1,1,0.0,MNQZ5.CME@RITHMIC_20251110_ASIAN,PRE_NY,
2025-11-12 07:36:48.128350,MNQZ5.CME@RITHMIC,STOP,25801.75,1,2,0.0,MNQZ5.CME@RITHMIC_20251110_ASIAN,PRE_NY,
2025-11-12 07:36:48.128356,MNQZ5.CME@RITHMIC,STOP,25801.75,1,3,0.0,MNQZ5.CME@RITHMIC_20251110_ASIAN,PRE_NY,
2025-11-12 07:37:39.655130,MNQZ5.CME@RITHMIC,STOP,25797.25,1,1,0.0,MNQZ5.CME@RITHMIC_20251110_ASIAN,PRE_NY,
2025-11-12 07:37:47.758791,MNQZ5.CME@RITHMIC,STOP,25796.25,1,1,0.0,MNQZ5.CME@RITHMIC_20251110_ASIAN,PRE_NY,
2025-11-12 07:37:47.961850,MNQZ5.CME@RITHMIC,STOP,25795.75,1,1,0.0,MNQZ5.CME@RITHMIC_20251110_ASIAN,PRE_NY,
2025-11-12 07:37:47.961866,MNQZ5.CME@RITHMIC,STOP,25795.75,1,2,0.0,MNQZ5.CME@RITHMIC_20251110_ASIAN,PRE_NY,
2025-11-12 07:37:47.961872,MNQZ5.CME@RITHMIC,STOP,25795.75,1,3,0.0,MNQZ5.CME@RITHMIC_20251110_ASIAN,PRE_NY,
2025-11-12 07:37:47.961881,MNQZ5.CME@RITHMIC,STOP,25795.75,2,5,0.0,MNQZ5.CME@RITHMIC_20251110_ASIAN,PRE_NY,
2025-11-12 07:37:47.961887,MNQZ5.CME@RITHMIC,STOP,25795.75,1,6,0.0,MNQZ5.CME@RITHMIC_20251110_ASIAN,PRE_NY,
2025-11-12 07:37:47.963803,MNQZ5.CME@RITHMIC,STOP,25795.5,1,7,0.0,MNQZ5.CME@RITHMIC_20251110_ASIAN,PRE_NY,
2025-11-12 07:37:47.963810,MNQZ5.CME@RITHMIC,STOP,25795.5,1,8,0.0,MNQZ5.CME@RITHMIC_20251110_ASIAN,PRE_NY,
2025-11-12 07:37:47.963931,MNQZ5.CME@RITHMIC,STOP,25795.5,1,9,0.0,MNQZ5.CME@RITHMIC_20251110_ASIAN,PRE_NY,
2025-11-12 07:37:47.963939,MNQZ5.CME@RITHMIC,STOP,25795.5,1,10,0.0,MNQZ5.CME@RITHMIC_20251110_ASIAN,PRE_NY,
2025-11-12 07:37:47.963951,MNQZ5.CME@RITHMIC,STOP,25795.5,1,11,0.0,MNQZ5.CME@RITHMIC_20251110_ASIAN,PRE_NY,
2025-11-12 07:37:47.963957,MNQZ5.CME@RITHMIC,STOP,25795.5,1,12,0.0,MNQZ5.CME@RITHMIC_20251110_ASIAN,PRE_NY,
2025-11-12 07:37:47.963967,MNQZ5.CME@RITHMIC,STOP,25795.5,1,13,0.0,MNQZ5.CME@RITHMIC_20251110_ASIAN,PRE_NY,
2025-11-12 07:37:49.331222,MNQZ5.CME@RITHMIC,STOP,25795.25,1,1,0.0,MNQZ5.CME@RITHMIC_20251110_ASIAN,PRE_NY,
2025-11-12 07:37:49.331258,MNQZ5.CME@RITHMIC,STOP,25795.25,1,2,0.0,MNQZ5.CME@RITHMIC_20251110_ASIAN,PRE_NY,
2025-11-12 07:37:49.331265,MNQZ5.CME@RITHMIC,STOP,25795.0,1,3,0.0,MNQZ5.CME@RITHMIC_20251110_ASIAN,PRE_NY,
2025-11-12 07:37:49.331276,MNQZ5.CME@RITHMIC,STOP,25795.0,1,4,0.0,MNQZ5.CME@RITHMIC_20251110_ASIAN,PRE_NY,
2025-11-12 07:37:49.331281,MNQZ5.CME@RITHMIC,STOP,25795.0,1,5,0.0,MNQZ5.CME@RITHMIC_20251110_ASIAN,PRE_NY,
2025-11-12 07:37:49.331291,MNQZ5.CME@RITHMIC,STOP,25795.0,1,6,0.0,MNQZ5.CME@RITHMIC_20251110_ASIAN,PRE_NY,
2025-11-12 07:37:49.331296,MNQZ5.CME@RITHMIC,STOP,25795.0,1,7,0.0,MNQZ5.CME@RITHMIC_20251110_ASIAN,PRE_NY,
2025-11-12 07:37:49.332194,MNQZ5.CME@RITHMIC,STOP,25794.75,1,8,0.0,MNQZ5.CME@RITHMIC_20251110_ASIAN,PRE_NY,
2025-11-12 07:39:19.757555,MNQZ5.CME@RITHMIC,STOP,25793.25,1,1,0.0,MNQZ5.CME@RITHMIC_20251110_ASIAN,PRE_NY,
2025-11-12 07:39:20.286244,MNQZ5.CME@RITHMIC,STOP,25792.5,1,1,0.0,MNQZ5.CME@RITHMIC_20251110_ASIAN,PRE_NY,
2025-11-12 07:39:22.737832,MNQZ5.CME@RITHMIC,STOP,25792.25,1,1,0.0,MNQZ5.CME@RITHMIC_20251110_ASIAN,PRE_NY,
2025-11-12 07:39:22.737857,MNQZ5.CME@RITHMIC,STOP,25792.25,1,2,0.0,MNQZ5.CME@RITHMIC_20251110_ASIAN,PRE_NY,
2025-11-12 07:39:22.737872,MNQZ5.CME@RITHMIC,STOP,25792.25,1,3,0.0,MNQZ5.CME@RITHMIC_20251110_ASIAN,PRE_NY,
2025-11-12 07:39:22.737901,MNQZ5.CME@RITHMIC,STOP,25792.25,1,4,0.0,MNQZ5.CME@RITHMIC_20251110_ASIAN,PRE_NY,
2025-11-12 07:42:14.462985,MNQZ5.CME@RITHMIC,STOP,25779.5,1,1,0.0,MNQZ5.CME@RITHMIC_20251110_ASIAN,PRE_NY,
2025-11-12 07:42:14.462994,MNQZ5.CME@RITHMIC,STOP,25779.5,1,2,0.0,MNQZ5.CME@RITHMIC_20251110_ASIAN,PRE_NY,
2025-11-12 07:42:14.463010,MNQZ5.CME@RITHMIC,STOP,25779.5,1,3,0.0,MNQZ5.CME@RITHMIC_20251110_ASIAN,PRE_NY,
2025-11-12 07:42:14.463019,MNQZ5.CME@RITHMIC,STOP,25779.5,1,4,0.0,MNQZ5.CME@RITHMIC_20251110_ASIAN,PRE_NY,
2025-11-12 07:42:14.463451,MNQZ5.CME@RITHMIC,STOP,25779.5,1,5,0.0,MNQZ5.CME@RITHMIC_20251110_ASIAN,PRE_NY,
2025-11-12 07:43:27.872777,MNQZ5.CME@RITHMIC,STOP,25781.5,1,1,0.0,MNQZ5.CME@RITHMIC_20251110_ASIAN,PRE_NY,
2025-11-12 07:43:35.886654,MNQZ5.CME@RITHMIC,STOP,25782.25,1,1,0.0,MNQZ5.CME@RITHMIC_20251110_ASIAN,PRE_NY,
2025-11-12 07:43:35.995449,MNQZ5.CME@RITHMIC,STOP,25782.5,1,1,0.0,MNQZ5.CME@RITHMIC_20251110_ASIAN,PRE_NY,
2025-11-12 07:44:25.178252,MNQZ5.CME@RITHMIC,STOP,25779.5,1,1,0.0,MNQZ5.CME@RITHMIC_20251110_ASIAN,PRE_NY,
2025-11-12 07:44:44.276145,MNQZ5.CME@RITHMIC,STOP,25777.0,1,1,0.0,MNQZ5.CME@RITHMIC_20251110_ASIAN,PRE_NY,
2025-11-12 07:48:21.693890,MNQZ5.CME@RITHMIC,STOP,25784.0,1,1,0.0,MNQZ5.CME@RITHMIC_20251110_ASIAN,PRE_NY,
2025-11-12 07:48:27.226902,MNQZ5.CME@RITHMIC,STOP,25784.75,1,1,0.0,MNQZ5.CME@RITHMIC_20251110_ASIAN,PRE_NY,
2025-11-12 07:48:27.226914,MNQZ5.CME@RITHMIC,STOP,25784.75,1,2,0.0,MNQZ5.CME@RITHMIC_20251110_ASIAN,PRE_NY,
2025-11-12 07:48:27.226918,MNQZ5.CME@RITHMIC,STOP,25784.75,1,3,0.0,MNQZ5.CME@RITHMIC_20251110_ASIAN,PRE_NY,
2025-11-12 07:51:46.172449,MNQZ5.CME@RITHMIC,STOP,25781.0,1,1,0.0,MNQZ5.CME@RITHMIC_20251110_ASIAN,PRE_NY,
2025-11-12 07:51:49.385720,MNQZ5.CME@RITHMIC,STOP,25781.5,1,1,0.0,MNQZ5.CME@RITHMIC_20251110_ASIAN,PRE_NY,
2025-11-12 07:51:49.385739,MNQZ5.CME@RITHMIC,STOP,25781.5,1,2,0.0,MNQZ5.CME@RITHMIC_20251110_ASIAN,PRE_NY,
2025-11-12 07:51:49.385745,MNQZ5.CME@RITHMIC,STOP,25781.5,2,4,0.0,MNQZ5.CME@RITHMIC_20251110_ASIAN,PRE_NY,
2025-11-12 07:51:49.385758,MNQZ5.CME@RITHMIC,STOP,25781.5,1,5,0.0,MNQZ5.CME@RITHMIC_20251110_ASIAN,PRE_NY,
2025-11-12 07:51:49.385763,MNQZ5.CME@RITHMIC,STOP,25781.75,1,6,0.0,MNQZ5.CME@RITHMIC_20251110_ASIAN,PRE_NY,
2025-11-12 07:51:49.385773,MNQZ5.CME@RITHMIC,STOP,25781.75,1,7,0.0,MNQZ5.CME@RITHMIC_20251110_ASIAN,PRE_NY,
2025-11-12 07:51:49.385779,MNQZ5.CME@RITHMIC,STOP,25781.75,1,8,0.0,MNQZ5.CME@RITHMIC_20251110_ASIAN,PRE_NY,
2025-11-12 07:51:49.385789,MNQZ5.CME@RITHMIC,STOP,25781.75,1,9,0.0,MNQZ5.CME@RITHMIC_20251110_ASIAN,PRE_NY,
2025-11-12 07:51:49.385808,MNQZ5.CME@RITHMIC,STOP,25781.75,1,10,0.0,MNQZ5.CME@RITHMIC_20251110_ASIAN,PRE_NY,
2025-11-12 07:51:49.385818,MNQZ5.CME@RITHMIC,STOP,25781.75,1,11,0.0,MNQZ5.CME@RITHMIC_20251110_ASIAN,PRE_NY,
2025-11-12 07:51:49.385824,MNQZ5.CME@RITHMIC,STOP,25782.0,1,12,0.0,MNQZ5.CME@RITHMIC_20251110_ASIAN,PRE_NY,
2025-11-12 07:51:49.385850,MNQZ5.CME@RITHMIC,STOP,25782.0,1,13,0.0,MNQZ5.CME@RITHMIC_20251110_ASIAN,PRE_NY,
2025-11-12 07:51:49.385855,MNQZ5.CME@RITHMIC,STOP,25782.0,1,14,0.0,MNQZ5.CME@RITHMIC_20251110_ASIAN,PRE_NY,
2025-11-12 07:51:49.385864,MNQZ5.CME@RITHMIC,STOP,25782.0,1,15,0.0,MNQZ5.CME@RITHMIC_20251110_ASIAN,PRE_NY,
2025-11-12 07:51:49.385869,MNQZ5.CME@RITHMIC,STOP,25782.0,1,16,0.0,MNQZ5.CME@RITHMIC_20251110_ASIAN,PRE_NY,
2025-11-12 07:51:49.385877,MNQZ5.CME@RITHMIC,STOP,25782.25,1,17,0.0,MNQZ5.CME@RITHMIC_20251110_ASIAN,PRE_NY,
2025-11-12 07:51:49.385883,MNQZ5.CME@RITHMIC,STOP,25782.25,1,18,0.0,MNQZ5.CME@RITHMIC_20251110_ASIAN,PRE_NY,
2025-11-12 07:51:49.385892,MNQZ5.CME@RITHMIC,STOP,25782.25,1,19,0.0,MNQZ5.CME@RITHMIC_20251110_ASIAN,PRE_NY,
2025-11-12 07:51:49.385897,MNQZ5.CME@RITHMIC,STOP,25782.25,1,20,0.0,MNQZ5.CME@RITHMIC_20251110_ASIAN,PRE_NY,
2025-11-12 07:54:37.196280,MNQZ5.CME@RITHMIC,STOP,25792.0,1,1,0.0,MNQZ5.CME@RITHMIC_20251110_ASIAN,PRE_NY,
2025-11-12 07:54:37.196315,MNQZ5.CME@RITHMIC,STOP,25792.0,1,2,0.0,MNQZ5.CME@RITHMIC_20251110_ASIAN,PRE_NY,
2025-11-12 07:55:48.857436,MNQZ5.CME@RITHMIC,STOP,25791.5,1,1,0.0,MNQZ5.CME@RITHMIC_20251110_ASIAN,PRE_NY,
2025-11-12 07:56:32.719630,MNQZ5.CME@RITHMIC,STOP,25795.0,1,1,0.0,MNQZ5.CME@RITHMIC_20251110_ASIAN,PRE_NY,
2025-11-12 07:56:32.719637,MNQZ5.CME@RITHMIC,STOP,25795.0,1,2,0.0,MNQZ5.CME@RITHMIC_20251110_ASIAN,PRE_NY,
2025-11-12 07:56:32.741112,MNQZ5.CME@RITHMIC,STOP,25796.0,1,1,0.0,MNQZ5.CME@RITHMIC_20251110_ASIAN,PRE_NY,
2025-11-12 07:56:32.741119,MNQZ5.CME@RITHMIC,STOP,25796.0,1,2,0.0,MNQZ5.CME@RITHMIC_20251110_ASIAN,PRE_NY,
2025-11-12 07:57:37.577937,MNQZ5.CME@RITHMIC,STOP,25783.5,1,1,0.0,MNQZ5.CME@RITHMIC_20251110_ASIAN,PRE_NY,
2025-11-12 07:57:37.578877,MNQZ5.CME@RITHMIC,STOP,25783.5,1,2,0.0,MNQZ5.CME@RITHMIC_20251110_ASIAN,PRE_NY,
2025-11-12 07:57:37.687831,MNQZ5.CME@RITHMIC,STOP,25783.25,1,1,0.0,MNQZ5.CME@RITHMIC_20251110_ASIAN,PRE_NY,
2025-11-12 07:57:37.687835,MNQZ5.CME@RITHMIC,STOP,25783.25,2,3,0.0,MNQZ5.CME@RITHMIC_20251110_ASIAN,PRE_NY,
2025-11-12 07:57:38.417074,MNQZ5.CME@RITHMIC,STOP,25785.0,1,1,0.0,MNQZ5.CME@RITHMIC_20251110_ASIAN,PRE_NY,
2025-11-12 07:58:03.012448,MNQZ5.CME@RITHMIC,STOP,25781.0,1,1,0.0,MNQZ5.CME@RITHMIC_20251110_ASIAN,PRE_NY,
2025-11-12 07:58:03.012454,MNQZ5.CME@RITHMIC,STOP,25781.0,1,2,0.0,MNQZ5.CME@RITHMIC_20251110_ASIAN,PRE_NY,
2025-11-12 07:58:03.012463,MNQZ5.CME@RITHMIC,STOP,25781.0,1,3,0.0,MNQZ5.CME@RITHMIC_20251110_ASIAN,PRE_NY,
2025-11-12 07:58:03.012466,MNQZ5.CME@RITHMIC,STOP,25781.0,1,4,0.0,MNQZ5.CME@RITHMIC_20251110_ASIAN,PRE_NY,
2025-11-12 07:58:03.997667,MNQZ5.CME@RITHMIC,STOP,25780.75,2,2,0.0,MNQZ5.CME@RITHMIC_20251110_ASIAN,PRE_NY,
2025-11-12 07:58:57.006886,MNQZ5.CME@RITHMIC,STOP,25786.75,1,1,0.0,MNQZ5.CME@RITHMIC_20251110_ASIAN,PRE_NY,
2025-11-12 07:58:57.011700,MNQZ5.CME@RITHMIC,STOP,25787.0,1,1,0.0,MNQZ5.CME@RITHMIC_20251110_ASIAN,PRE_NY,
2025-11-12 07:58:57.023821,MNQZ5.CME@RITHMIC,STOP,25787.5,1,1,0.0,MNQZ5.CME@RITHMIC_20251110_ASIAN,PRE_NY,
2025-11-12 07:58:58.546957,MNQZ5.CME@RITHMIC,STOP,25785.75,1,1,0.0,MNQZ5.CME@RITHMIC_20251110_ASIAN,PRE_NY,
2025-11-12 07:58:58.546972,MNQZ5.CME@RITHMIC,STOP,25785.75,1,2,0.0,MNQZ5.CME@RITHMIC_20251110_ASIAN,PRE_NY,
2025-11-12 08:00:57.239309,MNQZ5.CME@RITHMIC,STOP,25794.5,1,1,0.0,MNQZ5.CME@RITHMIC_20251110_ASIAN,PRE_NY,
2025-11-12 08:04:17.574894,MNQZ5.CME@RITHMIC,STOP,25797.5,1,1,0.0,MNQZ5.CME@RITHMIC_20251110_ASIAN,PRE_NY,
2025-11-12 08:04:19.726074,MNQZ5.CME@RITHMIC,STOP,25795.5,1,1,0.0,MNQZ5.CME@RITHMIC_20251110_ASIAN,PRE_NY,
2025-11-12 08:04:54.518485,MNQZ5.CME@RITHMIC,STOP,25799.75,1,1,0.0,MNQZ5.CME@RITHMIC_20251110_ASIAN,PRE_NY,
2025-11-12 08:04:54.518490,MNQZ5.CME@RITHMIC,STOP,25800.0,2,3,0.0,MNQZ5.CME@RITHMIC_20251110_ASIAN,PRE_NY,
2025-11-12 08:04:54.518507,MNQZ5.CME@RITHMIC,STOP,25800.0,1,4,0.0,MNQZ5.CME@RITHMIC_20251110_ASIAN,PRE_NY,
2025-11-12 08:04:54.518514,MNQZ5.CME@RITHMIC,STOP,25800.0,1,5,0.0,MNQZ5.CME@RITHMIC_20251110_ASIAN,PRE_NY,
2025-11-12 08:04:54.518524,MNQZ5.CME@RITHMIC,STOP,25800.0,1,6,0.0,MNQZ5.CME@RITHMIC_20251110_ASIAN,PRE_NY,
2025-11-12 08:04:54.518529,MNQZ5.CME@RITHMIC,STOP,25800.0,1,7,0.0,MNQZ5.CME@RITHMIC_20251110_ASIAN,PRE_NY,
2025-11-12 08:04:54.518538,MNQZ5.CME@RITHMIC,STOP,25800.0,1,8,0.0,MNQZ5.CME@RITHMIC_20251110_ASIAN,PRE_NY,
2025-11-12 08:04:54.518544,MNQZ5.CME@RITHMIC,STOP,25800.0,6,14,0.0,MNQZ5.CME@RITHMIC_20251110_ASIAN,PRE_NY,
2025-11-12 08:04:54.519281,MNQZ5.CME@RITHMIC,STOP,25800.0,1,15,0.0,MNQZ5.CME@RITHMIC_20251110_ASIAN,PRE_NY,
2025-11-12 08:05:26.318535,MNQZ5.CME@RITHMIC,STOP,25799.0,1,1,0.0,MNQZ5.CME@RITHMIC_20251110_ASIAN,PRE_NY,
2025-11-12 08:05:59.472707,MNQZ5.CME@RITHMIC,STOP,25798.25,1,1,0.0,MNQZ5.CME@RITHMIC_20251110_ASIAN,PRE_NY,
2025-11-12 08:07:55.069071,MNQZ5.CME@RITHMIC,STOP,25808.0,1,1,0.0,MNQZ5.CME@RITHMIC_20251110_ASIAN,PRE_NY,
2025-11-12 08:07:55.069092,MNQZ5.CME@RITHMIC,STOP,25808.0,3,4,0.0,MNQZ5.CME@RITHMIC_20251110_ASIAN,PRE_NY,
2025-11-12 08:07:55.069096,MNQZ5.CME@RITHMIC,STOP,25808.0,1,5,0.0,MNQZ5.CME@RITHMIC_20251110_ASIAN,PRE_NY,
2025-11-12 08:07:55.398970,MNQZ5.CME@RITHMIC,STOP,25808.25,1,1,0.0,MNQZ5.CME@RITHMIC_20251110_ASIAN,PRE_NY,
2025-11-12 08:07:55.398975,MNQZ5.CME@RITHMIC,STOP,25808.25,1,2,0.0,MNQZ5.CME@RITHMIC_20251110_ASIAN,PRE_NY,
2025-11-12 08:07:55.398986,MNQZ5.CME@RITHMIC,STOP,25808.25,1,3,0.0,MNQZ5.CME@RITHMIC_20251110_ASIAN,PRE_NY,
2025-11-12 08:07:55.398989,MNQZ5.CME@RITHMIC,STOP,25808.25,1,4,0.0,MNQZ5.CME@RITHMIC_20251110_ASIAN,PRE_NY,
2025-11-12 08:07:55.398998,MNQZ5.CME@RITHMIC,STOP,25808.25,1,5,0.0,MNQZ5.CME@RITHMIC_20251110_ASIAN,PRE_NY,
2025-11-12 08:09:57.573050,MNQZ5.CME@RITHMIC,STOP,25809.25,1,1,0.0,MNQZ5.CME@RITHMIC_20251110_ASIAN,PRE_NY,
2025-11-12 08:10:04.872979,MNQZ5.CME@RITHMIC,STOP,25807.5,1,1,0.0,MNQZ5.CME@RITHMIC_20251110_ASIAN,PRE_NY,
2025-11-12 08:10:04.872988,MNQZ5.CME@RITHMIC,STOP,25807.5,1,2,0.0,MNQZ5.CME@RITHMIC_20251110_ASIAN,PRE_NY,
2025-11-12 08:10:04.873002,MNQZ5.CME@RITHMIC,STOP,25807.5,1,3,0.0,MNQZ5.CME@RITHMIC_20251110_ASIAN,PRE_NY,
2025-11-12 08:10:05.741083,MNQZ5.CME@RITHMIC,STOP,25807.0,1,1,0.0,MNQZ5.CME@RITHMIC_20251110_ASIAN,PRE_NY,
2025-11-12 08:10:05.743077,MNQZ5.CME@RITHMIC,STOP,25807.0,1,2,0.0,MNQZ5.CME@RITHMIC_20251110_ASIAN,PRE_NY,
2025-11-12 08:11:35.520669,MNQZ5.CME@RITHMIC,STOP,25804.25,1,1,0.0,MNQZ5.CME@RITHMIC_20251110_ASIAN,PRE_NY,
2025-11-12 08:11:35.520682,MNQZ5.CME@RITHMIC,STOP,25804.25,1,2,0.0,MNQZ5.CME@RITHMIC_20251110_ASIAN,PRE_NY,
2025-11-12 08:11:35.520704,MNQZ5.CME@RITHMIC,STOP,25804.25,1,3,0.0,MNQZ5.CME@RITHMIC_20251110_ASIAN,PRE_NY,
2025-11-12 08:11:35.520709,MNQZ5.CME@RITHMIC,STOP,25804.25,2,5,0.0,MNQZ5.CME@RITHMIC_20251110_ASIAN,PRE_NY,
2025-11-12 08:11:36.234867,MNQZ5.CME@RITHMIC,STOP,25804.0,1,1,0.0,MNQZ5.CME@RITHMIC_20251110_ASIAN,PRE_NY,
2025-11-12 08:11:36.234893,MNQZ5.CME@RITHMIC,STOP,25804.0,1,2,0.0,MNQZ5.CME@RITHMIC_20251110_ASIAN,PRE_NY,
2025-11-12 08:11:36.234899,MNQZ5.CME@RITHMIC,STOP,25804.0,1,3,0.0,MNQZ5.CME@RITHMIC_20251110_ASIAN,PRE_NY,
2025-11-12 08:13:56.296487,MNQZ5.CME@RITHMIC,STOP,25807.75,1,1,0.0,MNQZ5.CME@RITHMIC_20251110_ASIAN,PRE_NY,
2025-11-12 08:13:56.296509,MNQZ5.CME@RITHMIC,STOP,25807.75,1,2,0.0,MNQZ5.CME@RITHMIC_20251110_ASIAN,PRE_NY,
2025-11-12 08:13:57.422714,MNQZ5.CME@RITHMIC,STOP,25808.0,1,1,0.0,MNQZ5.CME@RITHMIC_20251110_ASIAN,PRE_NY,
2025-11-12 08:13:57.422748,MNQZ5.CME@RITHMIC,STOP,25808.0,1,2,0.0,MNQZ5.CME@RITHMIC_20251110_ASIAN,PRE_NY,
2025-11-12 08:13:57.422758,MNQZ5.CME@RITHMIC,STOP,25808.0,2,4,0.0,MNQZ5.CME@RITHMIC_20251110_ASIAN,PRE_NY,
2025-11-12 08:13:57.422774,MNQZ5.CME@RITHMIC,STOP,25808.0,1,5,0.0,MNQZ5.CME@RITHMIC_20251110_ASIAN,PRE_NY,
2025-11-12 08:13:57.422802,MNQZ5.CME@RITHMIC,STOP,25808.0,1,6,0.0,MNQZ5.CME@RITHMIC_20251110_ASIAN,PRE_NY,
2025-11-12 08:13:57.422815,MNQZ5.CME@RITHMIC,STOP,25808.0,1,7,0.0,MNQZ5.CME@RITHMIC_20251110_ASIAN,PRE_NY,
2025-11-12 08:14:02.443368,MNQZ5.CME@RITHMIC,STOP,25807.0,1,1,0.0,MNQZ5.CME@RITHMIC_20251110_ASIAN,PRE_NY,
2025-11-12 08:15:15.757225,MNQZ5.CME@RITHMIC,STOP,25803.0,1,1,0.0,MNQZ5.CME@RITHMIC_20251110_ASIAN,PRE_NY,
2025-11-12 08:15:15.758194,MNQZ5.CME@RITHMIC,STOP,25803.0,1,2,0.0,MNQZ5.CME@RITHMIC_20251110_ASIAN,PRE_NY,
2025-11-12 08:15:15.758201,MNQZ5.CME@RITHMIC,STOP,25803.0,1,3,0.0,MNQZ5.CME@RITHMIC_20251110_ASIAN,PRE_NY,
2025-11-12 08:15:35.966190,MNQZ5.CME@RITHMIC,STOP,25802.0,2,2,0.0,MNQZ5.CME@RITHMIC_20251110_ASIAN,PRE_NY,
2025-11-12 08:15:35.966207,MNQZ5.CME@RITHMIC,STOP,25801.75,1,3,0.0,MNQZ5.CME@RITHMIC_20251110_ASIAN,PRE_NY,
2025-11-12 08:15:35.966213,MNQZ5.CME@RITHMIC,STOP,25801.75,1,4,0.0,MNQZ5.CME@RITHMIC_20251110_ASIAN,PRE_NY,
2025-11-12 08:15:35.966224,MNQZ5.CME@RITHMIC,STOP,25801.75,1,5,0.0,MNQZ5.CME@RITHMIC_20251110_ASIAN,PRE_NY,
2025-11-12 08:15:35.967219,MNQZ5.CME@RITHMIC,STOP,25801.5,1,6,0.0,MNQZ5.CME@RITHMIC_20251110_ASIAN,PRE_NY,
2025-11-12 08:15:35.967234,MNQZ5.CME@RITHMIC,STOP,25801.5,1,7,0.0,MNQZ5.CME@RITHMIC_20251110_ASIAN,PRE_NY,
2025-11-12 08:15:35.967255,MNQZ5.CME@RITHMIC,STOP,25801.5,1,8,0.0,MNQZ5.CME@RITHMIC_20251110_ASIAN,PRE_NY,
2025-11-12 08:15:35.967262,MNQZ5.CME@RITHMIC,STOP,25801.5,2,10,0.0,MNQZ5.CME@RITHMIC_20251110_ASIAN,PRE_NY,
2025-11-12 08:15:35.967363,MNQZ5.CME@RITHMIC,STOP,25801.5,1,11,0.0,MNQZ5.CME@RITHMIC_20251110_ASIAN,PRE_NY,
2025-11-12 08:15:35.967373,MNQZ5.CME@RITHMIC,STOP,25801.5,1,12,0.0,MNQZ5.CME@RITHMIC_20251110_ASIAN,PRE_NY,
2025-11-12 08:15:35.967403,MNQZ5.CME@RITHMIC,STOP,25801.5,1,13,0.0,MNQZ5.CME@RITHMIC_20251110_ASIAN,PRE_NY,
2025-11-12 08:15:35.967412,MNQZ5.CME@RITHMIC,STOP,25801.5,1,14,0.0,MNQZ5.CME@RITHMIC_20251110_ASIAN,PRE_NY,
2025-11-12 08:17:40.097475,MNQZ5.CME@RITHMIC,STOP,25808.25,1,1,0.0,MNQZ5.CME@RITHMIC_20251110_ASIAN,PRE_NY,
2025-11-12 08:17:40.097478,MNQZ5.CME@RITHMIC,STOP,25808.25,1,2,0.0,MNQZ5.CME@RITHMIC_20251110_ASIAN,PRE_NY,
2025-11-12 08:17:40.097486,MNQZ5.CME@RITHMIC,STOP,25808.25,1,3,0.0,MNQZ5.CME@RITHMIC_20251110_ASIAN,PRE_NY,
2025-11-12 08:18:41.164507,MNQZ5.CME@RITHMIC,STOP,25803.75,1,1,0.0,MNQZ5.CME@RITHMIC_20251110_ASIAN,PRE_NY,
2025-11-12 08:18:41.164516,MNQZ5.CME@RITHMIC,STOP,25803.75,1,2,0.0,MNQZ5.CME@RITHMIC_20251110_ASIAN,PRE_NY,
2025-11-12 08:18:41.164522,MNQZ5.CME@RITHMIC,STOP,25803.75,2,4,0.0,MNQZ5.CME@RITHMIC_20251110_ASIAN,PRE_NY,
2025-11-12 08:18:41.164532,MNQZ5.CME@RITHMIC,STOP,25803.75,1,5,0.0,MNQZ5.CME@RITHMIC_20251110_ASIAN,PRE_NY,
2025-11-12 08:18:41.164539,MNQZ5.CME@RITHMIC,STOP,25803.75,1,6,0.0,MNQZ5.CME@RITHMIC_20251110_ASIAN,PRE_NY,
2025-11-12 08:19:08.030108,MNQZ5.CME@RITHMIC,STOP,25801.25,1,1,0.0,MNQZ5.CME@RITHMIC_20251110_ASIAN,PRE_NY,
2025-11-12 08:19:08.030118,MNQZ5.CME@RITHMIC,STOP,25801.25,1,2,0.0,MNQZ5.CME@RITHMIC_20251110_ASIAN,PRE_NY,
2025-11-12 08:19:08.030124,MNQZ5.CME@RITHMIC,STOP,25801.25,2,4,0.0,MNQZ5.CME@RITHMIC_20251110_ASIAN,PRE_NY,
2025-11-12 08:19:08.032969,MNQZ5.CME@RITHMIC,STOP,25801.25,1,5,0.0,MNQZ5.CME@RITHMIC_20251110_ASIAN,PRE_NY,
2025-11-12 08:19:08.032979,MNQZ5.CME@RITHMIC,STOP,25801.25,1,6,0.0,MNQZ5.CME@RITHMIC_20251110_ASIAN,PRE_NY,
2025-11-12 08:19:08.648194,MNQZ5.CME@RITHMIC,STOP,25800.75,1,1,0.0,MNQZ5.CME@RITHMIC_20251110_ASIAN,PRE_NY,
2025-11-12 08:19:08.648204,MNQZ5.CME@RITHMIC,STOP,25800.75,1,2,0.0,MNQZ5.CME@RITHMIC_20251110_ASIAN,PRE_NY,
2025-11-12 08:19:08.648960,MNQZ5.CME@RITHMIC,STOP,25800.75,3,5,0.0,MNQZ5.CME@RITHMIC_20251110_ASIAN,PRE_NY,
2025-11-12 08:19:08.648967,MNQZ5.CME@RITHMIC,STOP,25800.75,1,6,0.0,MNQZ5.CME@RITHMIC_20251110_ASIAN,PRE_NY,
2025-11-12 08:19:08.648983,MNQZ5.CME@RITHMIC,STOP,25800.75,1,7,0.0,MNQZ5.CME@RITHMIC_20251110_ASIAN,PRE_NY,
2025-11-12 08:19:08.648988,MNQZ5.CME@RITHMIC,STOP,25800.5,1,8,0.0,MNQZ5.CME@RITHMIC_20251110_ASIAN,PRE_NY,
2025-11-12 08:19:08.649038,MNQZ5.CME@RITHMIC,STOP,25800.5,1,9,0.0,MNQZ5.CME@RITHMIC_20251110_ASIAN,PRE_NY,
2025-11-12 08:19:08.649044,MNQZ5.CME@RITHMIC,STOP,25800.5,2,11,0.0,MNQZ5.CME@RITHMIC_20251110_ASIAN,PRE_NY,
2025-11-12 08:19:08.649053,MNQZ5.CME@RITHMIC,STOP,25800.5,1,12,0.0,MNQZ5.CME@RITHMIC_20251110_ASIAN,PRE_NY,
2025-11-12 08:19:22.257385,MNQZ5.CME@RITHMIC,STOP,25801.0,1,1,0.0,MNQZ5.CME@RITHMIC_20251110_ASIAN,PRE_NY,
2025-11-12 08:19:28.315942,MNQZ5.CME@RITHMIC,STOP,25800.0,1,1,0.0,MNQZ5.CME@RITHMIC_20251110_ASIAN,PRE_NY,
2025-11-12 08:19:28.315966,MNQZ5.CME@RITHMIC,STOP,25800.0,1,2,0.0,MNQZ5.CME@RITHMIC_20251110_ASIAN,PRE_NY,
2025-11-12 08:20:06.680799,MNQZ5.CME@RITHMIC,STOP,25798.25,1,1,0.0,MNQZ5.CME@RITHMIC_20251110_ASIAN,PRE_NY,
2025-11-12 08:20:06.787893,MNQZ5.CME@RITHMIC,STOP,25798.0,1,1,0.0,MNQZ5.CME@RITHMIC_20251110_ASIAN,PRE_NY,
2025-11-12 08:20:06.787917,MNQZ5.CME@RITHMIC,STOP,25798.0,1,2,0.0,MNQZ5.CME@RITHMIC_20251110_ASIAN,PRE_NY,
2025-11-12 08:20:06.787924,MNQZ5.CME@RITHMIC,STOP,25798.0,1,3,0.0,MNQZ5.CME@RITHMIC_20251110_ASIAN,PRE_NY,
2025-11-12 08:20:06.787939,MNQZ5.CME@RITHMIC,STOP,25797.75,1,4,0.0,MNQZ5.CME@RITHMIC_20251110_ASIAN,PRE_NY,
2025-11-12 08:20:06.787950,MNQZ5.CME@RITHMIC,STOP,25797.75,1,5,0.0,MNQZ5.CME@RITHMIC_20251110_ASIAN,PRE_NY,
2025-11-12 08:20:06.787995,MNQZ5.CME@RITHMIC,STOP,25797.75,1,6,0.0,MNQZ5.CME@RITHMIC_20251110_ASIAN,PRE_NY,
2025-11-12 08:20:06.788013,MNQZ5.CME@RITHMIC,STOP,25797.75,1,7,0.0,MNQZ5.CME@RITHMIC_20251110_ASIAN,PRE_NY,
2025-11-12 08:20:06.788036,MNQZ5.CME@RITHMIC,STOP,25797.75,1,8,0.0,MNQZ5.CME@RITHMIC_20251110_ASIAN,PRE_NY,
2025-11-12 08:20:06.788042,MNQZ5.CME@RITHMIC,STOP,25797.75,1,9,0.0,MNQZ5.CME@RITHMIC_20251110_ASIAN,PRE_NY,
2025-11-12 08:20:09.539915,MNQZ5.CME@RITHMIC,STOP,25797.5,1,1,0.0,MNQZ5.CME@RITHMIC_20251110_ASIAN,PRE_NY,
2025-11-12 08:20:09.539928,MNQZ5.CME@RITHMIC,STOP,25797.5,1,2,0.0,MNQZ5.CME@RITHMIC_20251110_ASIAN,PRE_NY,
2025-11-12 08:20:09.539934,MNQZ5.CME@RITHMIC,STOP,25797.5,1,3,0.0,MNQZ5.CME@RITHMIC_20251110_ASIAN,PRE_NY,
2025-11-12 08:20:09.539944,MNQZ5.CME@RITHMIC,STOP,25797.5,1,4,0.0,MNQZ5.CME@RITHMIC_20251110_ASIAN,PRE_NY,
2025-11-12 08:20:09.539950,MNQZ5.CME@RITHMIC,STOP,25797.5,1,5,0.0,MNQZ5.CME@RITHMIC_20251110_ASIAN,PRE_NY,
2025-11-12 08:20:09.541558,MNQZ5.CME@RITHMIC,STOP,25797.5,1,6,0.0,MNQZ5.CME@RITHMIC_20251110_ASIAN,PRE_NY,
2025-11-12 08:20:09.541567,MNQZ5.CME@RITHMIC,STOP,25797.5,1,7,0.0,MNQZ5.CME@RITHMIC_20251110_ASIAN,PRE_NY,
2025-11-12 08:20:09.541613,MNQZ5.CME@RITHMIC,STOP,25797.5,1,8,0.0,MNQZ5.CME@RITHMIC_20251110_ASIAN,PRE_NY,
2025-11-12 08:20:09.541621,MNQZ5.CME@RITHMIC,STOP,25797.5,1,9,0.0,MNQZ5.CME@RITHMIC_20251110_ASIAN,PRE_NY,
2025-11-12 08:20:09.541637,MNQZ5.CME@RITHMIC,STOP,25797.5,1,10,0.0,MNQZ5.CME@RITHMIC_20251110_ASIAN,PRE_NY,
2025-11-12 08:20:09.541643,MNQZ5.CME@RITHMIC,STOP,25797.5,1,11,0.0,MNQZ5.CME@RITHMIC_20251110_ASIAN,PRE_NY,
2025-11-12 08:20:13.597436,MNQZ5.CME@RITHMIC,STOP,25799.25,1,1,0.0,MNQZ5.CME@RITHMIC_20251110_ASIAN,PRE_NY,
2025-11-12 08:21:10.939085,MNQZ5.CME@RITHMIC,STOP,25797.5,1,1,0.0,MNQZ5.CME@RITHMIC_20251110_ASIAN,PRE_NY,
2025-11-12 08:21:10.939094,MNQZ5.CME@RITHMIC,STOP,25797.25,1,2,0.0,MNQZ5.CME@RITHMIC_20251110_ASIAN,PRE_NY,
2025-11-12 08:21:10.939101,MNQZ5.CME@RITHMIC,STOP,25797.25,1,3,0.0,MNQZ5.CME@RITHMIC_20251110_ASIAN,PRE_NY,
2025-11-12 08:21:10.939110,MNQZ5.CME@RITHMIC,STOP,25797.25,1,4,0.0,MNQZ5.CME@RITHMIC_20251110_ASIAN,PRE_NY,
2025-11-12 08:21:10.939116,MNQZ5.CME@RITHMIC,STOP,25797.25,1,5,0.0,MNQZ5.CME@RITHMIC_20251110_ASIAN,PRE_NY,
2025-11-12 08:21:19.778030,MNQZ5.CME@RITHMIC,STOP,25800.0,1,1,0.0,MNQZ5.CME@RITHMIC_20251110_ASIAN,PRE_NY,
2025-11-12 08:21:19.778060,MNQZ5.CME@RITHMIC,STOP,25800.0,1,2,0.0,MNQZ5.CME@RITHMIC_20251110_ASIAN,PRE_NY,
2025-11-12 08:22:31.567945,MNQZ5.CME@RITHMIC,STOP,25798.0,1,1,0.0,MNQZ5.CME@RITHMIC_20251110_ASIAN,PRE_NY,
2025-11-12 08:22:31.568849,MNQZ5.CME@RITHMIC,STOP,25798.0,1,2,0.0,MNQZ5.CME@RITHMIC_20251110_ASIAN,PRE_NY,
2025-11-12 08:22:33.072022,MNQZ5.CME@RITHMIC,STOP,25798.75,1,1,0.0,MNQZ5.CME@RITHMIC_20251110_ASIAN,PRE_NY,
2025-11-12 08:22:33.072039,MNQZ5.CME@RITHMIC,STOP,25798.75,1,2,0.0,MNQZ5.CME@RITHMIC_20251110_ASIAN,PRE_NY,
2025-11-12 08:23:43.338866,MNQZ5.CME@RITHMIC,STOP,25798.0,1,1,0.0,MNQZ5.CME@RITHMIC_20251110_ASIAN,PRE_NY,
2025-11-12 08:23:44.803144,MNQZ5.CME@RITHMIC,STOP,25796.5,1,1,0.0,MNQZ5.CME@RITHMIC_20251110_ASIAN,PRE_NY,
2025-11-12 08:23:44.803150,MNQZ5.CME@RITHMIC,STOP,25796.5,1,2,0.0,MNQZ5.CME@RITHMIC_20251110_ASIAN,PRE_NY,
2025-11-12 08:23:44.803160,MNQZ5.CME@RITHMIC,STOP,25796.5,2,4,0.0,MNQZ5.CME@RITHMIC_20251110_ASIAN,PRE_NY,
2025-11-12 08:23:44.803165,MNQZ5.CME@RITHMIC,STOP,25796.5,1,5,0.0,MNQZ5.CME@RITHMIC_20251110_ASIAN,PRE_NY,
2025-11-12 08:23:44.803175,MNQZ5.CME@RITHMIC,STOP,25796.5,1,6,0.0,MNQZ5.CME@RITHMIC_20251110_ASIAN,PRE_NY,
2025-11-12 08:23:44.803182,MNQZ5.CME@RITHMIC,STOP,25796.5,1,7,0.0,MNQZ5.CME@RITHMIC_20251110_ASIAN,PRE_NY,
2025-11-12 08:23:44.803192,MNQZ5.CME@RITHMIC,STOP,25796.5,1,8,0.0,MNQZ5.CME@RITHMIC_20251110_ASIAN,PRE_NY,
2025-11-12 08:23:44.803197,MNQZ5.CME@RITHMIC,STOP,25796.5,1,9,0.0,MNQZ5.CME@RITHMIC_20251110_ASIAN,PRE_NY,
2025-11-12 08:23:44.803214,MNQZ5.CME@RITHMIC,STOP,25796.5,1,10,0.0,MNQZ5.CME@RITHMIC_20251110_ASIAN,PRE_NY,
2025-11-12 08:23:44.803220,MNQZ5.CME@RITHMIC,STOP,25796.25,1,11,0.0,MNQZ5.CME@RITHMIC_20251110_ASIAN,PRE_NY,
2025-11-12 08:23:44.803233,MNQZ5.CME@RITHMIC,STOP,25796.25,1,12,0.0,MNQZ5.CME@RITHMIC_20251110_ASIAN,PRE_NY,
2025-11-12 08:23:44.803239,MNQZ5.CME@RITHMIC,STOP,25796.25,1,13,0.0,MNQZ5.CME@RITHMIC_20251110_ASIAN,PRE_NY,
2025-11-12 08:23:44.803249,MNQZ5.CME@RITHMIC,STOP,25796.25,2,15,0.0,MNQZ5.CME@RITHMIC_20251110_ASIAN,PRE_NY,
2025-11-12 08:23:44.803255,MNQZ5.CME@RITHMIC,STOP,25796.25,1,16,0.0,MNQZ5.CME@RITHMIC_20251110_ASIAN,PRE_NY,
2025-11-12 08:23:44.803612,MNQZ5.CME@RITHMIC,STOP,25796.25,1,17,0.0,MNQZ5.CME@RITHMIC_20251110_ASIAN,PRE_NY,
2025-11-12 08:23:44.803621,MNQZ5.CME@RITHMIC,STOP,25796.25,2,19,0.0,MNQZ5.CME@RITHMIC_20251110_ASIAN,PRE_NY,
2025-11-12 08:23:44.803644,MNQZ5.CME@RITHMIC,STOP,25796.25,1,20,0.0,MNQZ5.CME@RITHMIC_20251110_ASIAN,PRE_NY,
2025-11-12 08:23:44.803649,MNQZ5.CME@RITHMIC,STOP,25796.25,1,21,0.0,MNQZ5.CME@RITHMIC_20251110_ASIAN,PRE_NY,
2025-11-12 08:23:44.803661,MNQZ5.CME@RITHMIC,STOP,25796.25,1,22,0.0,MNQZ5.CME@RITHMIC_20251110_ASIAN,PRE_NY,
2025-11-12 08:23:44.803674,MNQZ5.CME@RITHMIC,STOP,25796.25,1,23,0.0,MNQZ5.CME@RITHMIC_20251110_ASIAN,PRE_NY,
2025-11-12 08:23:44.803684,MNQZ5.CME@RITHMIC,STOP,25796.25,1,24,0.0,MNQZ5.CME@RITHMIC_20251110_ASIAN,PRE_NY,
2025-11-12 08:24:08.930441,MNQZ5.CME@RITHMIC,STOP,25794.25,1,1,0.0,MNQZ5.CME@RITHMIC_20251110_ASIAN,PRE_NY,
2025-11-12 08:24:09.434775,MNQZ5.CME@RITHMIC,STOP,25794.0,1,1,0.0,MNQZ5.CME@RITHMIC_20251110_ASIAN,PRE_NY,
2025-11-12 08:24:09.434785,MNQZ5.CME@RITHMIC,STOP,25794.0,1,2,0.0,MNQZ5.CME@RITHMIC_20251110_ASIAN,PRE_NY,
2025-11-12 08:24:09.434791,MNQZ5.CME@RITHMIC,STOP,25794.0,1,3,0.0,MNQZ5.CME@RITHMIC_20251110_ASIAN,PRE_NY,
2025-11-12 08:24:09.434801,MNQZ5.CME@RITHMIC,STOP,25794.0,1,4,0.0,MNQZ5.CME@RITHMIC_20251110_ASIAN,PRE_NY,
2025-11-12 08:24:09.447606,MNQZ5.CME@RITHMIC,STOP,25793.75,1,1,0.0,MNQZ5.CME@RITHMIC_20251110_ASIAN,PRE_NY,
2025-11-12 08:24:10.351623,MNQZ5.CME@RITHMIC,STOP,25793.25,1,1,0.0,MNQZ5.CME@RITHMIC_20251110_ASIAN,PRE_NY,
2025-11-12 08:24:10.351634,MNQZ5.CME@RITHMIC,STOP,25793.25,1,2,0.0,MNQZ5.CME@RITHMIC_20251110_ASIAN,PRE_NY,
2025-11-12 08:24:10.351640,MNQZ5.CME@RITHMIC,STOP,25793.25,1,3,0.0,MNQZ5.CME@RITHMIC_20251110_ASIAN,PRE_NY,
2025-11-12 08:24:10.351650,MNQZ5.CME@RITHMIC,STOP,25793.25,1,4,0.0,MNQZ5.CME@RITHMIC_20251110_ASIAN,PRE_NY,
2025-11-12 08:24:10.351656,MNQZ5.CME@RITHMIC,STOP,25793.25,1,5,0.0,MNQZ5.CME@RITHMIC_20251110_ASIAN,PRE_NY,
2025-11-12 08:24:10.351666,MNQZ5.CME@RITHMIC,STOP,25793.25,5,10,0.0,MNQZ5.CME@RITHMIC_20251110_ASIAN,PRE_NY,
2025-11-12 08:24:10.351672,MNQZ5.CME@RITHMIC,STOP,25793.25,1,11,0.0,MNQZ5.CME@RITHMIC_20251110_ASIAN,PRE_NY,
2025-11-12 08:24:10.352499,MNQZ5.CME@RITHMIC,STOP,25793.25,1,12,0.0,MNQZ5.CME@RITHMIC_20251110_ASIAN,PRE_NY,
2025-11-12 08:24:10.352515,MNQZ5.CME@RITHMIC,STOP,25793.25,1,13,0.0,MNQZ5.CME@RITHMIC_20251110_ASIAN,PRE_NY,
2025-11-12 08:24:10.377497,MNQZ5.CME@RITHMIC,STOP,25792.75,1,1,0.0,MNQZ5.CME@RITHMIC_20251110_ASIAN,PRE_NY,
2025-11-12 08:24:10.377504,MNQZ5.CME@RITHMIC,STOP,25792.75,1,2,0.0,MNQZ5.CME@RITHMIC_20251110_ASIAN,PRE_NY,
2025-11-12 08:24:10.377522,MNQZ5.CME@RITHMIC,STOP,25792.75,2,4,0.0,MNQZ5.CME@RITHMIC_20251110_ASIAN,PRE_NY,
2025-11-12 08:24:10.377528,MNQZ5.CME@RITHMIC,STOP,25792.75,1,5,0.0,MNQZ5.CME@RITHMIC_20251110_ASIAN,PRE_NY,
2025-11-12 08:24:10.377537,MNQZ5.CME@RITHMIC,STOP,25792.75,1,6,0.0,MNQZ5.CME@RITHMIC_20251110_ASIAN,PRE_NY,
2025-11-12 08:24:10.377542,MNQZ5.CME@RITHMIC,STOP,25792.75,1,7,0.0,MNQZ5.CME@RITHMIC_20251110_ASIAN,PRE_NY,
2025-11-12 08:24:10.377550,MNQZ5.CME@RITHMIC,STOP,25792.75,1,8,0.0,MNQZ5.CME@RITHMIC_20251110_ASIAN,PRE_NY,
2025-11-12 08:24:10.890735,MNQZ5.CME@RITHMIC,STOP,25792.5,1,1,0.0,MNQZ5.CME@RITHMIC_20251110_ASIAN,PRE_NY,
2025-11-12 08:24:11.003777,MNQZ5.CME@RITHMIC,STOP,25792.25,2,2,0.0,MNQZ5.CME@RITHMIC_20251110_ASIAN,PRE_NY,
2025-11-12 08:25:11.284461,MNQZ5.CME@RITHMIC,STOP,25797.25,1,1,0.0,MNQZ5.CME@RITHMIC_20251110_ASIAN,PRE_NY,
2025-11-12 08:25:45.403900,MNQZ5.CME@RITHMIC,STOP,25798.5,1,1,0.0,MNQZ5.CME@RITHMIC_20251110_ASIAN,PRE_NY,
2025-11-12 08:26:34.683633,MNQZ5.CME@RITHMIC,STOP,25796.75,1,1,0.0,MNQZ5.CME@RITHMIC_20251110_ASIAN,PRE_NY,
2025-11-12 08:26:34.683645,MNQZ5.CME@RITHMIC,STOP,25796.75,1,2,0.0,MNQZ5.CME@RITHMIC_20251110_ASIAN,PRE_NY,
2025-11-12 08:26:50.531090,MNQZ5.CME@RITHMIC,STOP,25794.75,1,1,0.0,MNQZ5.CME@RITHMIC_20251110_ASIAN,PRE_NY,
2025-11-12 08:27:46.933168,MNQZ5.CME@RITHMIC,STOP,25792.75,1,1,0.0,MNQZ5.CME@RITHMIC_20251110_ASIAN,PRE_NY,
2025-11-12 08:27:46.933182,MNQZ5.CME@RITHMIC,STOP,25792.75,1,2,0.0,MNQZ5.CME@RITHMIC_20251110_ASIAN,PRE_NY,
2025-11-12 08:27:46.933188,MNQZ5.CME@RITHMIC,STOP,25792.5,1,3,0.0,MNQZ5.CME@RITHMIC_20251110_ASIAN,PRE_NY,
2025-11-12 08:27:46.933664,MNQZ5.CME@RITHMIC,STOP,25792.5,1,4,0.0,MNQZ5.CME@RITHMIC_20251110_ASIAN,PRE_NY,
2025-11-12 08:27:46.933673,MNQZ5.CME@RITHMIC,STOP,25792.5,1,5,0.0,MNQZ5.CME@RITHMIC_20251110_ASIAN,PRE_NY,
2025-11-12 08:27:46.933692,MNQZ5.CME@RITHMIC,STOP,25792.25,1,6,0.0,MNQZ5.CME@RITHMIC_20251110_ASIAN,PRE_NY,
2025-11-12 08:27:46.933700,MNQZ5.CME@RITHMIC,STOP,25792.25,1,7,0.0,MNQZ5.CME@RITHMIC_20251110_ASIAN,PRE_NY,
2025-11-12 08:27:46.933722,MNQZ5.CME@RITHMIC,STOP,25792.25,1,8,0.0,MNQZ5.CME@RITHMIC_20251110_ASIAN,PRE_NY,
2025-11-12 08:29:14.215281,MNQZ5.CME@RITHMIC,STOP,25792.25,1,1,0.0,MNQZ5.CME@RITHMIC_20251110_ASIAN,PRE_NY,
2025-11-12 08:30:58.013671,MNQZ5.CME@RITHMIC,STOP,25792.75,1,1,0.0,MNQZ5.CME@RITHMIC_20251110_ASIAN,PRE_NY,
2025-11-12 08:30:58.013678,MNQZ5.CME@RITHMIC,STOP,25792.75,1,2,0.0,MNQZ5.CME@RITHMIC_20251110_ASIAN,PRE_NY,
2025-11-12 08:31:25.150104,MNQZ5.CME@RITHMIC,STOP,25796.0,3,3,0.0,MNQZ5.CME@RITHMIC_20251110_ASIAN,PRE_NY,
2025-11-12 08:31:25.150118,MNQZ5.CME@RITHMIC,STOP,25796.0,1,4,0.0,MNQZ5.CME@RITHMIC_20251110_ASIAN,PRE_NY,
2025-11-12 08:31:25.150130,MNQZ5.CME@RITHMIC,STOP,25796.25,1,5,0.0,MNQZ5.CME@RITHMIC_20251110_ASIAN,PRE_NY,
2025-11-12 08:31:25.150136,MNQZ5.CME@RITHMIC,STOP,25796.25,1,6,0.0,MNQZ5.CME@RITHMIC_20251110_ASIAN,PRE_NY,
2025-11-12 08:31:25.158300,MNQZ5.CME@RITHMIC,STOP,25796.5,1,1,0.0,MNQZ5.CME@RITHMIC_20251110_ASIAN,PRE_NY,
2025-11-12 08:31:25.158310,MNQZ5.CME@RITHMIC,STOP,25796.5,1,2,0.0,MNQZ5.CME@RITHMIC_20251110_ASIAN,PRE_NY,
2025-11-12 08:31:25.158315,MNQZ5.CME@RITHMIC,STOP,25796.5,1,3,0.0,MNQZ5.CME@RITHMIC_20251110_ASIAN,PRE_NY,
2025-11-12 08:31:25.158324,MNQZ5.CME@RITHMIC,STOP,25796.5,1,4,0.0,MNQZ5.CME@RITHMIC_20251110_ASIAN,PRE_NY,
2025-11-12 08:31:25.158330,MNQZ5.CME@RITHMIC,STOP,25796.5,1,5,0.0,MNQZ5.CME@RITHMIC_20251110_ASIAN,PRE_NY,
2025-11-12 08:31:25.158343,MNQZ5.CME@RITHMIC,STOP,25796.75,1,6,0.0,MNQZ5.CME@RITHMIC_20251110_ASIAN,PRE_NY,
2025-11-12 08:33:05.352287,MNQZ5.CME@RITHMIC,STOP,25792.25,1,1,0.0,MNQZ5.CME@RITHMIC_20251110_ASIAN,PRE_NY,
2025-11-12 08:33:11.783515,MNQZ5.CME@RITHMIC,STOP,25791.0,1,1,0.0,MNQZ5.CME@RITHMIC_20251110_ASIAN,PRE_NY,
2025-11-12 08:33:20.165302,MNQZ5.CME@RITHMIC,STOP,25792.25,1,1,0.0,MNQZ5.CME@RITHMIC_20251110_ASIAN,PRE_NY,
2025-11-12 08:33:20.165309,MNQZ5.CME@RITHMIC,STOP,25792.25,1,2,0.0,MNQZ5.CME@RITHMIC_20251110_ASIAN,PRE_NY,
2025-11-12 08:33:21.632590,MNQZ5.CME@RITHMIC,STOP,25793.0,1,1,0.0,MNQZ5.CME@RITHMIC_20251110_ASIAN,PRE_NY,
2025-11-12 08:34:15.964798,MNQZ5.CME@RITHMIC,STOP,25789.75,1,1,0.0,MNQZ5.CME@RITHMIC_20251110_ASIAN,PRE_NY,
2025-11-12 08:35:00.608462,MNQZ5.CME@RITHMIC,STOP,25792.5,1,1,0.0,MNQZ5.CME@RITHMIC_20251110_ASIAN,PRE_NY,
2025-11-12 08:36:27.192657,MNQZ5.CME@RITHMIC,STOP,25803.5,1,1,0.0,MNQZ5.CME@RITHMIC_20251110_ASIAN,PRE_NY,
2025-11-12 08:36:27.666690,MNQZ5.CME@RITHMIC,STOP,25804.0,1,1,0.0,MNQZ5.CME@RITHMIC_20251110_ASIAN,PRE_NY,
2025-11-12 08:36:27.666696,MNQZ5.CME@RITHMIC,STOP,25804.0,1,2,0.0,MNQZ5.CME@RITHMIC_20251110_ASIAN,PRE_NY,
2025-11-12 08:36:27.666705,MNQZ5.CME@RITHMIC,STOP,25804.0,1,3,0.0,MNQZ5.CME@RITHMIC_20251110_ASIAN,PRE_NY,
2025-11-12 08:36:27.666711,MNQZ5.CME@RITHMIC,STOP,25804.0,1,4,0.0,MNQZ5.CME@RITHMIC_20251110_ASIAN,PRE_NY,
2025-11-12 08:36:27.666719,MNQZ5.CME@RITHMIC,STOP,25804.0,1,5,0.0,MNQZ5.CME@RITHMIC_20251110_ASIAN,PRE_NY,
2025-11-12 08:36:27.666725,MNQZ5.CME@RITHMIC,STOP,25804.0,1,6,0.0,MNQZ5.CME@RITHMIC_20251110_ASIAN,PRE_NY,
2025-11-12 08:36:27.666733,MNQZ5.CME@RITHMIC,STOP,25804.0,1,7,0.0,MNQZ5.CME@RITHMIC_20251110_ASIAN,PRE_NY,
2025-11-12 08:36:27.666738,MNQZ5.CME@RITHMIC,STOP,25804.0,1,8,0.0,MNQZ5.CME@RITHMIC_20251110_ASIAN,PRE_NY,
2025-11-12 08:36:27.666747,MNQZ5.CME@RITHMIC,STOP,25804.0,1,9,0.0,MNQZ5.CME@RITHMIC_20251110_ASIAN,PRE_NY,
2025-11-12 08:36:27.666753,MNQZ5.CME@RITHMIC,STOP,25804.0,1,10,0.0,MNQZ5.CME@RITHMIC_20251110_ASIAN,PRE_NY,
2025-11-12 08:36:27.666764,MNQZ5.CME@RITHMIC,STOP,25804.0,2,12,0.0,MNQZ5.CME@RITHMIC_20251110_ASIAN,PRE_NY,
2025-11-12 08:36:27.666770,MNQZ5.CME@RITHMIC,STOP,25804.25,1,13,0.0,MNQZ5.CME@RITHMIC_20251110_ASIAN,PRE_NY,
2025-11-12 08:36:27.666779,MNQZ5.CME@RITHMIC,STOP,25804.25,1,14,0.0,MNQZ5.CME@RITHMIC_20251110_ASIAN,PRE_NY,
2025-11-12 08:36:27.666784,MNQZ5.CME@RITHMIC,STOP,25804.25,3,17,0.0,MNQZ5.CME@RITHMIC_20251110_ASIAN,PRE_NY,
2025-11-12 08:36:27.666793,MNQZ5.CME@RITHMIC,STOP,25804.25,1,18,0.0,MNQZ5.CME@RITHMIC_20251110_ASIAN,PRE_NY,
2025-11-12 08:36:27.666799,MNQZ5.CME@RITHMIC,STOP,25804.25,1,19,0.0,MNQZ5.CME@RITHMIC_20251110_ASIAN,PRE_NY,
2025-11-12 08:36:27.666809,MNQZ5.CME@RITHMIC,STOP,25804.5,1,20,0.0,MNQZ5.CME@RITHMIC_20251110_ASIAN,PRE_NY,
2025-11-12 08:36:27.666814,MNQZ5.CME@RITHMIC,STOP,25804.5,2,22,0.0,MNQZ5.CME@RITHMIC_20251110_ASIAN,PRE_NY,
2025-11-12 08:36:27.666822,MNQZ5.CME@RITHMIC,STOP,25804.5,1,23,0.0,MNQZ5.CME@RITHMIC_20251110_ASIAN,PRE_NY,
2025-11-12 08:37:00.290996,MNQZ5.CME@RITHMIC,STOP,25800.75,1,1,0.0,MNQZ5.CME@RITHMIC_20251110_ASIAN,PRE_NY,
2025-11-12 08:37:00.929776,MNQZ5.CME@RITHMIC,STOP,25800.0,1,1,0.0,MNQZ5.CME@RITHMIC_20251110_ASIAN,PRE_NY,
2025-11-12 08:37:00.929783,MNQZ5.CME@RITHMIC,STOP,25800.0,1,2,0.0,MNQZ5.CME@RITHMIC_20251110_ASIAN,PRE_NY,
2025-11-12 08:37:01.782974,MNQZ5.CME@RITHMIC,STOP,25799.5,1,1,0.0,MNQZ5.CME@RITHMIC_20251110_ASIAN,PRE_NY,
2025-11-12 08:37:01.782993,MNQZ5.CME@RITHMIC,STOP,25799.5,1,2,0.0,MNQZ5.CME@RITHMIC_20251110_ASIAN,PRE_NY,
2025-11-12 08:38:13.909000,MNQZ5.CME@RITHMIC,STOP,25804.25,1,1,0.0,MNQZ5.CME@RITHMIC_20251110_ASIAN,PRE_NY,
2025-11-12 08:38:23.203962,MNQZ5.CME@RITHMIC,STOP,25802.25,1,1,0.0,MNQZ5.CME@RITHMIC_20251110_ASIAN,PRE_NY,
2025-11-12 08:38:23.203988,MNQZ5.CME@RITHMIC,STOP,25802.25,1,2,0.0,MNQZ5.CME@RITHMIC_20251110_ASIAN,PRE_NY,
2025-11-12 08:38:37.232748,MNQZ5.CME@RITHMIC,STOP,25804.0,1,1,0.0,MNQZ5.CME@RITHMIC_20251110_ASIAN,PRE_NY,
2025-11-12 08:41:02.536499,MNQZ5.CME@RITHMIC,STOP,25802.25,1,1,0.0,MNQZ5.CME@RITHMIC_20251110_ASIAN,PRE_NY,
2025-11-12 08:46:30.956609,MNQZ5.CME@RITHMIC,STOP,25797.0,1,1,0.0,MNQZ5.CME@RITHMIC_20251110_ASIAN,PRE_NY,
2025-11-12 08:50:21.242062,MNQZ5.CME@RITHMIC,STOP,25801.0,1,1,0.0,MNQZ5.CME@RITHMIC_20251110_ASIAN,PRE_NY,
2025-11-12 08:50:21.242072,MNQZ5.CME@RITHMIC,STOP,25801.0,1,2,0.0,MNQZ5.CME@RITHMIC_20251110_ASIAN,PRE_NY,
2025-11-12 08:50:21.242092,MNQZ5.CME@RITHMIC,STOP,25801.0,2,4,0.0,MNQZ5.CME@RITHMIC_20251110_ASIAN,PRE_NY,
2025-11-12 08:50:21.242098,MNQZ5.CME@RITHMIC,STOP,25801.25,1,5,0.0,MNQZ5.CME@RITHMIC_20251110_ASIAN,PRE_NY,
2025-11-12 08:51:39.577640,MNQZ5.CME@RITHMIC,STOP,25806.75,1,1,0.0,MNQZ5.CME@RITHMIC_20251110_ASIAN,PRE_NY,
2025-11-12 08:51:42.354914,MNQZ5.CME@RITHMIC,ICEBERG,25806.75,1,1,0.0,MNQZ5.CME@RITHMIC_20251110_ASIAN,PRE_NY,DETECTION
2025-11-12 08:51:42.354988,MNQZ5.CME@RITHMIC,ICEBERG,25806.75,1,2,0.0,MNQZ5.CME@RITHMIC_20251110_ASIAN,PRE_NY,TRADE
2025-11-12 08:51:42.358909,MNQZ5.CME@RITHMIC,ICEBERG,25806.75,1,3,0.0,MNQZ5.CME@RITHMIC_20251110_ASIAN,PRE_NY,TRADE
2025-11-12 08:51:42.358914,MNQZ5.CME@RITHMIC,ICEBERG,25806.75,0,3,0.0,MNQZ5.CME@RITHMIC_20251110_ASIAN,PRE_NY,EXECUTION
2025-11-12 08:52:05.851770,MNQZ5.CME@RITHMIC,STOP,25801.25,1,1,0.0,MNQZ5.CME@RITHMIC_20251110_ASIAN,PRE_NY,
2025-11-12 08:52:05.851795,MNQZ5.CME@RITHMIC,STOP,25801.25,1,2,0.0,MNQZ5.CME@RITHMIC_20251110_ASIAN,PRE_NY,
2025-11-12 08:52:05.851803,MNQZ5.CME@RITHMIC,STOP,25801.25,2,4,0.0,MNQZ5.CME@RITHMIC_20251110_ASIAN,PRE_NY,
2025-11-12 08:52:05.851815,MNQZ5.CME@RITHMIC,STOP,25801.25,3,7,0.0,MNQZ5.CME@RITHMIC_20251110_ASIAN,PRE_NY,
2025-11-12 08:53:00.008161,MNQZ5.CME@RITHMIC,STOP,25806.5,1,1,0.0,MNQZ5.CME@RITHMIC_20251110_ASIAN,PRE_NY,
2025-11-12 08:53:15.781315,MNQZ5.CME@RITHMIC,STOP,25805.0,1,1,0.0,MNQZ5.CME@RITHMIC_20251110_ASIAN,PRE_NY,
2025-11-12 08:53:52.537432,MNQZ5.CME@RITHMIC,STOP,25806.0,1,1,0.0,MNQZ5.CME@RITHMIC_20251110_ASIAN,PRE_NY,
2025-11-12 08:53:53.678893,MNQZ5.CME@RITHMIC,STOP,25807.0,1,1,0.0,MNQZ5.CME@RITHMIC_20251110_ASIAN,PRE_NY,
2025-11-12 08:54:02.627468,MNQZ5.CME@RITHMIC,STOP,25808.25,1,1,0.0,MNQZ5.CME@RITHMIC_20251110_ASIAN,PRE_NY,
2025-11-12 08:54:02.950780,MNQZ5.CME@RITHMIC,STOP,25808.75,1,1,0.0,MNQZ5.CME@RITHMIC_20251110_ASIAN,PRE_NY,
2025-11-12 08:54:02.952942,MNQZ5.CME@RITHMIC,STOP,25808.75,1,2,0.0,MNQZ5.CME@RITHMIC_20251110_ASIAN,PRE_NY,
2025-11-12 08:54:02.952959,MNQZ5.CME@RITHMIC,STOP,25808.75,1,3,0.0,MNQZ5.CME@RITHMIC_20251110_ASIAN,PRE_NY,
2025-11-12 08:54:04.228724,MNQZ5.CME@RITHMIC,STOP,25808.0,1,1,0.0,MNQZ5.CME@RITHMIC_20251110_ASIAN,PRE_NY,
2025-11-12 08:54:58.847098,MNQZ5.CME@RITHMIC,STOP,25805.5,1,1,0.0,MNQZ5.CME@RITHMIC_20251110_ASIAN,PRE_NY,
2025-11-12 08:55:22.981222,MNQZ5.CME@RITHMIC,STOP,25808.25,1,1,0.0,MNQZ5.CME@RITHMIC_20251110_ASIAN,PRE_NY,
2025-11-12 08:55:24.968534,MNQZ5.CME@RITHMIC,STOP,25807.25,1,1,0.0,MNQZ5.CME@RITHMIC_20251110_ASIAN,PRE_NY,
2025-11-12 08:55:46.939972,MNQZ5.CME@RITHMIC,STOP,25807.0,1,1,0.0,MNQZ5.CME@RITHMIC_20251110_ASIAN,PRE_NY,
2025-11-12 08:55:46.940005,MNQZ5.CME@RITHMIC,STOP,25806.75,1,2,0.0,MNQZ5.CME@RITHMIC_20251110_ASIAN,PRE_NY,
2025-11-12 08:55:50.348863,MNQZ5.CME@RITHMIC,STOP,25808.5,1,1,0.0,MNQZ5.CME@RITHMIC_20251110_ASIAN,PRE_NY,
2025-11-12 08:56:15.721902,MNQZ5.CME@RITHMIC,STOP,25808.25,1,1,0.0,MNQZ5.CME@RITHMIC_20251110_ASIAN,PRE_NY,
2025-11-12 08:56:15.721918,MNQZ5.CME@RITHMIC,STOP,25808.25,1,2,0.0,MNQZ5.CME@RITHMIC_20251110_ASIAN,PRE_NY,
2025-11-12 08:56:15.721924,MNQZ5.CME@RITHMIC,STOP,25808.25,1,3,0.0,MNQZ5.CME@RITHMIC_20251110_ASIAN,PRE_NY,
2025-11-12 08:56:15.723548,MNQZ5.CME@RITHMIC,STOP,25808.25,1,4,0.0,MNQZ5.CME@RITHMIC_20251110_ASIAN,PRE_NY,
2025-11-12 08:56:37.922632,MNQZ5.CME@RITHMIC,STOP,25803.75,2,2,0.0,MNQZ5.CME@RITHMIC_20251110_ASIAN,PRE_NY,
2025-11-12 08:56:37.922643,MNQZ5.CME@RITHMIC,STOP,25803.75,1,3,0.0,MNQZ5.CME@RITHMIC_20251110_ASIAN,PRE_NY,
2025-11-12 08:56:37.922649,MNQZ5.CME@RITHMIC,STOP,25803.5,1,4,0.0,MNQZ5.CME@RITHMIC_20251110_ASIAN,PRE_NY,
2025-11-12 08:57:26.145737,MNQZ5.CME@RITHMIC,STOP,25803.0,1,1,0.0,MNQZ5.CME@RITHMIC_20251110_ASIAN,PRE_NY,
2025-11-12 08:57:26.149530,MNQZ5.CME@RITHMIC,STOP,25803.0,1,2,0.0,MNQZ5.CME@RITHMIC_20251110_ASIAN,PRE_NY,
2025-11-12 08:57:26.149619,MNQZ5.CME@RITHMIC,STOP,25803.0,1,3,0.0,MNQZ5.CME@RITHMIC_20251110_ASIAN,PRE_NY,
2025-11-12 08:57:26.149628,MNQZ5.CME@RITHMIC,STOP,25803.0,1,4,0.0,MNQZ5.CME@RITHMIC_20251110_ASIAN,PRE_NY,
2025-11-12 08:59:00.034749,MNQZ5.CME@RITHMIC,STOP,25802.0,1,1,0.0,MNQZ5.CME@RITHMIC_20251110_ASIAN,PRE_NY,
2025-11-12 08:59:07.953633,MNQZ5.CME@RITHMIC,STOP,25801.75,1,1,0.0,MNQZ5.CME@RITHMIC_20251110_ASIAN,PRE_NY,
2025-11-12 08:59:13.780004,MNQZ5.CME@RITHMIC,STOP,25801.5,2,2,0.0,MNQZ5.CME@RITHMIC_20251110_ASIAN,PRE_NY,
2025-11-12 08:59:13.780037,MNQZ5.CME@RITHMIC,STOP,25801.25,1,3,0.0,MNQZ5.CME@RITHMIC_20251110_ASIAN,PRE_NY,
2025-11-12 08:59:15.731157,MNQZ5.CME@RITHMIC,STOP,25800.75,1,1,0.0,MNQZ5.CME@RITHMIC_20251110_ASIAN,PRE_NY,
2025-11-12 08:59:39.468230,MNQZ5.CME@RITHMIC,STOP,25800.25,1,1,0.0,MNQZ5.CME@RITHMIC_20251110_ASIAN,PRE_NY,
2025-11-12 08:59:42.002538,MNQZ5.CME@RITHMIC,STOP,25800.0,1,1,0.0,MNQZ5.CME@RITHMIC_20251110_ASIAN,PRE_NY,
2025-11-12 08:59:47.056516,MNQZ5.CME@RITHMIC,STOP,25801.5,1,1,0.0,MNQZ5.CME@RITHMIC_20251110_ASIAN,PRE_NY,
2025-11-12 08:59:47.056525,MNQZ5.CME@RITHMIC,STOP,25801.75,1,2,0.0,MNQZ5.CME@RITHMIC_20251110_ASIAN,PRE_NY,
